Iteration	Posterior	Likelihood	Prior	rate_log_sd	rate_neo	tree_length
0	-2393.393	-2580.05	186.657	1.315258	0.5583187	5.563214
6	-2408.558	-2594.322	185.7636	1.283743	0.481293	6.136754
12	-2405.064	-2589.396	184.3317	1.260849	0.5455025	6.868317
18	-2397.316	-2584.858	187.5418	1.541582	0.4744698	5.024591
24	-2399.571	-2586.909	187.3385	1.394175	0.6860266	5.043323
30	-2384.661	-2573.641	188.9799	1.580409	0.6860266	4.015518
36	-2386.38	-2573.838	187.4575	1.350361	0.48227	5.169965
42	-2395.864	-2583.532	187.6679	1.468234	0.3608097	5.113724
48	-2397.134	-2584.378	187.2441	1.491583	0.5925791	5.113724
54	-2392.839	-2579.88	187.0407	1.436481	0.3849998	5.450634
60	-2398.942	-2586.288	187.3465	1.393579	0.3849998	5.305737
66	-2395.453	-2582.372	186.9187	1.32862	0.3864773	5.575428
72	-2398.761	-2589.027	190.2667	1.749773	0.8203302	3.070312
78	-2410.779	-2599.489	188.7101	1.721864	0.8221355	3.992894
84	-2413.687	-2600.622	186.935	1.503301	0.6217205	5.255043
90	-2412.141	-2599.852	187.7113	1.63975	0.368644	4.985539
96	-2408.721	-2595.971	187.2502	1.469209	0.5363107	5.170077
102	-2401.758	-2589.288	187.5303	1.283818	0.4784427	5.170077
108	-2406.173	-2594.496	188.3229	1.607173	0.631814	4.414941
114	-2404.016	-2592.795	188.7793	1.54453	0.2887249	4.540356
120	-2410.848	-2600.639	189.7901	1.649422	0.7279215	3.47686
126	-2405.515	-2596.643	191.1278	1.895849	0.8806997	2.411973
132	-2409.46	-2599.988	190.528	1.897455	0.8939579	2.773704
138	-2405.594	-2596.303	190.709	1.865237	0.7646195	2.773704
144	-2411.541	-2602.716	191.1743	2.094973	0.7948799	2.318338
150	-2414.813	-2597.124	182.3119	1.056432	0.4212284	8.172894
156	-2410.621	-2596.113	185.4922	1.296439	0.4699498	6.287981
162	-2395.747	-2587.342	191.5945	2.08504	0.8816854	1.986431
168	-2404.232	-2596.284	192.0519	2.217138	0.7684723	1.670437
174	-2402.394	-2583.948	181.5538	1.151774	0.6351346	8.343053
180	-2400.702	-2592.444	191.7411	2.088964	0.7684723	1.973193
186	-2388.889	-2580.812	191.9236	2.178358	0.8409814	1.728377
192	-2397.913	-2581.523	183.6103	0.9984871	0.4835208	7.451216
198	-2396.133	-2576.43	180.2975	1.154108	0.3168305	9.302554
204	-2388.309	-2568.892	180.5826	1.06755	0.470201	9.038422
210	-2404.731	-2586.148	181.4167	0.8799291	0.3937457	8.770157
216	-2410.247	-2592.802	182.5548	1.266265	0.4538548	7.899931
222	-2416.888	-2599.046	182.1583	1.133566	0.3789194	8.25705
228	-2401.741	-2585.99	184.2485	1.283304	0.4966112	6.943398
234	-2404.815	-2591.1	186.2848	1.379419	0.4966112	5.786063
240	-2393.639	-2579.904	186.2649	1.469913	0.4608588	5.780774
246	-2396.991	-2583.491	186.5001	1.241817	0.4568091	5.780774
252	-2395.033	-2585.456	190.4237	2.099314	1.296995	2.479325
258	-2396.884	-2588.145	191.261	2.077104	1.091897	2.071811
264	-2402.554	-2593.907	191.3522	1.905211	0.8529966	2.283011
270	-2403.391	-2592.999	189.6085	1.825774	0.720965	3.485051
276	-2403.303	-2593.443	190.1403	1.833438	0.8250744	3.092503
282	-2397.759	-2587.26	189.5016	1.833438	0.9269877	3.403494
288	-2394.082	-2583.525	189.4424	1.80359	1.013986	3.403494
294	-2386.173	-2575.506	189.3329	1.80359	1.12931	3.403494
300	-2393.711	-2582.178	188.4668	1.589939	0.7321248	4.268137
306	-2379.174	-2568.254	189.0799	1.631511	0.4743008	4.11029
312	-2398.612	-2586.982	188.3701	1.631511	0.6770083	4.339682
318	-2388.917	-2577.892	188.9743	1.64626	0.510162	4.127864
324	-2405.315	-2593.79	188.475	1.620089	0.7281651	4.249231
330	-2394.264	-2582.427	188.1627	1.346118	0.515931	4.749185
336	-2398.804	-2586.572	187.7675	1.563272	0.8369159	4.606472
342	-2400.316	-2587.97	187.6541	1.453314	0.6743718	4.843447
348	-2402.661	-2584.535	181.8734	1.164967	0.4015629	8.368267
354	-2410.981	-2601.848	190.8673	1.955892	0.8914495	2.530258
360	-2406.66	-2597.718	191.0583	2.069338	1.161368	2.167922
366	-2403.454	-2591.519	188.0648	1.792859	1.205574	4.102377
372	-2394.111	-2582.8	188.689	1.792859	1.137037	3.779697
378	-2410.037	-2600.871	190.8336	1.658217	0.3937667	3.162538
384	-2400.788	-2587.927	187.1396	1.352034	0.7145849	5.156334
390	-2400.162	-2589.428	189.266	1.521707	0.5725744	3.976817
396	-2399.104	-2587.138	188.0344	1.400093	0.3873432	4.918305
402	-2406.618	-2590.816	184.1974	1.21863	0.4912501	7.010584
408	-2411.705	-2594.993	183.2878	1.012289	0.4912501	7.609524
414	-2410.715	-2595.917	185.2023	1.054024	0.4142839	6.630865
420	-2399.571	-2584.758	185.1868	1.148008	0.3391888	6.669986
426	-2400.167	-2583.983	183.8161	1.240533	0.4516681	7.240512
432	-2398.283	-2584.92	186.6376	1.340316	0.3451592	5.769576
438	-2400.278	-2584.426	184.1478	1.3863	0.3391204	7.10179
444	-2400.297	-2586.205	185.9081	1.461444	0.4801277	5.962222
450	-2401.887	-2587.243	185.3561	1.571298	0.3270433	6.363383
456	-2396.357	-2582.645	186.2878	1.555498	0.4332499	5.748346
462	-2394.734	-2578.323	183.5889	1.291395	0.3051458	7.493355
468	-2397.7	-2582.151	184.4517	1.369104	0.4190642	6.861185
474	-2400.774	-2587.835	187.0605	1.684995	0.4451466	5.240237
480	-2399.426	-2585.007	185.581	1.455336	0.7999199	5.898793
486	-2399.062	-2582.905	183.8429	1.141964	0.5986693	7.152414
492	-2409.989	-2593.268	183.2794	1.300227	0.3627843	7.587226
498	-2408.937	-2592.963	184.026	1.236936	0.3627843	7.220801
504	-2399.106	-2584.101	184.9949	1.452097	0.2256407	6.758847
510	-2399.589	-2580.255	180.6658	1.089147	0.4234114	9.027268
516	-2400.833	-2583.956	183.1225	1.125709	0.5281938	7.605078
522	-2390.039	-2573.69	183.6516	1.013262	0.4726538	7.431085
528	-2401.591	-2585.577	183.986	0.9865151	0.5239452	7.220353
534	-2389.498	-2568.743	179.2451	1.031497	0.5239452	9.716791
540	-2403.828	-2589.005	185.177	1.161416	0.5239452	6.483562
546	-2407.426	-2594.645	187.2184	1.23818	0.4797991	5.366339
552	-2417.395	-2600.303	182.9081	1.064161	0.4673495	7.806619
558	-2407.605	-2588.952	181.3468	1.527375	0.2764411	8.599358
564	-2397.032	-2584.117	187.0844	1.502148	0.4366273	5.336484
570	-2396.623	-2583.751	187.1279	1.516996	0.4374451	5.303502
576	-2404.865	-2593.312	188.4475	1.625814	0.6026272	4.357574
582	-2413.751	-2600.467	186.7153	1.271633	0.4634197	5.640129
588	-2402.129	-2585.986	183.8571	1.29875	0.4866093	7.154775
594	-2411.968	-2596.047	184.0799	1.294863	0.7064592	6.862945
600	-2403.092	-2585.576	182.4837	1.153026	0.4406959	8.010835
606	-2391.993	-2573.745	181.7518	1.025616	0.6158733	8.319333
612	-2389.522	-2573.382	183.8599	1.069593	0.4228405	7.336843
618	-2387.034	-2572.114	185.0798	1.062239	0.648537	6.489971
624	-2396.521	-2584.424	187.9026	1.332887	0.3818171	5.034993
630	-2392.701	-2578.587	185.8861	1.260047	0.5991459	5.982098
636	-2391.872	-2577.927	186.0548	1.386586	0.4193576	5.982098
642	-2389.24	-2574.398	185.1578	1.205262	0.4433635	6.54415
648	-2397.359	-2582.366	185.0073	1.367643	0.4433635	6.537728
654	-2388.241	-2574.602	186.3606	1.327156	0.4200165	5.846851
660	-2389.966	-2575.937	185.9718	1.098681	0.3755706	6.230243
666	-2391.851	-2575.473	183.6219	1.258136	0.4439876	7.342661
672	-2395.231	-2583.993	188.7619	1.573142	0.5818629	4.226675
678	-2388.094	-2576.255	188.1606	1.399445	0.4698816	4.763533
684	-2386.278	-2569.311	183.0329	1.300787	0.4698816	7.611011
690	-2378.132	-2563.22	185.0886	1.407088	0.5765171	6.354214
696	-2390.102	-2575.466	185.3637	1.218473	0.5765171	6.30727
702	-2380.533	-2567.959	187.4254	1.440572	0.4101965	5.209241
708	-2390.081	-2573.395	183.3132	1.217158	0.4224784	7.551138
714	-2386.318	-2571.624	185.3057	1.426212	0.4035296	6.384329
720	-2387.004	-2570.829	183.8249	1.186707	0.4035296	7.312347
726	-2387.392	-2573.773	186.3813	1.295299	0.4705795	5.803383
732	-2388.275	-2572.725	184.4496	1.293409	0.4705795	6.853322
738	-2392.303	-2577.92	185.6169	1.627021	0.7365611	5.82745
744	-2393.807	-2580.896	187.0896	1.334286	0.5720407	5.303024
750	-2385.684	-2572.668	186.9836	1.325026	0.4007618	5.526491
756	-2393.435	-2580.28	186.8456	1.36868	0.3728198	5.608569
762	-2390.297	-2575.625	185.3271	1.276465	0.4324342	6.424594
768	-2394.441	-2577.938	183.4967	1.217864	0.3698454	7.507218
774	-2393.045	-2580.932	187.887	1.593516	0.4400816	4.837255
780	-2395.469	-2583.778	188.3091	1.533657	0.3755451	4.703588
786	-2392.703	-2582.104	189.4011	1.595111	0.6215596	3.816236
792	-2391.896	-2579.84	187.9437	1.59662	0.2981131	4.965792
798	-2409.39	-2593.156	183.7654	1.369723	0.2981131	7.365483
804	-2408.045	-2593.081	185.0361	1.350351	0.5259825	6.455782
810	-2404.607	-2590.414	185.8068	1.498851	0.3803868	6.097039
816	-2409.462	-2597.144	187.6818	1.505358	0.6247856	4.836974
822	-2414.373	-2604.581	190.2087	1.739259	0.4591872	3.41206
828	-2405.775	-2595.096	189.3216	1.470447	0.3703951	4.174496
834	-2412.134	-2599.314	187.1804	1.360174	0.3891921	5.411207
840	-2409.725	-2589.394	179.6695	0.9168424	0.4302993	9.637966
846	-2413.835	-2593.539	179.7036	1.000811	0.3690885	9.637966
852	-2401.39	-2585.903	184.513	1.123026	0.5293396	6.858592
858	-2403.581	-2586.464	182.8832	1.127939	0.3120899	7.949548
864	-2409.015	-2591.87	182.8552	1.016103	0.3777201	7.949548
870	-2408.291	-2590.978	182.6863	1.167619	0.5990846	7.758266
876	-2409.163	-2592.742	183.5782	1.381641	0.342166	7.406668
882	-2398.751	-2582.828	184.0772	1.20086	0.4600064	7.113636
888	-2389.172	-2574.086	184.9139	1.200886	0.4965663	6.628754
894	-2394.43	-2580.009	185.5788	1.213151	0.4479892	6.307115
900	-2388.753	-2574.228	185.4751	1.344955	0.3861381	6.354814
906	-2393.556	-2576.728	183.1728	1.169936	0.5423786	7.542481
912	-2391.765	-2573.219	181.4532	0.9289966	0.2618113	8.87965
918	-2394.579	-2574.87	180.291	1.126701	0.5100264	9.126113
924	-2397.46	-2581.902	184.4413	1.198355	0.3115638	7.077796
930	-2391.895	-2572.95	181.0547	0.9641315	0.519953	8.799286
936	-2390.084	-2572.569	182.4853	0.8765831	0.356651	8.243905
942	-2405.76	-2587.949	182.1892	1.099189	0.4077066	8.228994
948	-2390.689	-2573.228	182.5389	1.078116	0.577465	7.901799
954	-2398.89	-2580.247	181.3566	1.122379	0.3953518	8.671809
960	-2385.891	-2571.16	185.2694	1.242771	0.3816228	6.526581
966	-2392.349	-2577.38	185.0316	1.28975	0.3580211	6.655776
972	-2406.757	-2585.764	179.0064	1.228127	0.745784	9.574639
978	-2397.992	-2577.561	179.5698	0.9607815	0.5336969	9.574639
984	-2397.478	-2577.964	180.4853	1.06093	0.3219591	9.246465
990	-2405.915	-2590.128	184.2129	1.340244	0.463253	6.962485
996	-2398.864	-2584.112	185.2482	1.42061	0.3181178	6.514369
1002	-2416.921	-2602.723	185.8022	1.349546	0.4517906	6.107795
1008	-2406.878	-2590.216	183.3376	1.146439	0.5731346	7.441518
1014	-2409.629	-2594.544	184.9153	1.122964	0.4947091	6.671833
1020	-2399.409	-2585.072	185.663	1.498839	0.4772293	6.078205
1026	-2396.369	-2583.022	186.6527	1.668718	0.3194753	5.611992
1032	-2397.332	-2584.872	187.5404	1.561893	0.380975	5.109815
1038	-2396.333	-2584.653	188.3192	1.812833	0.3846558	4.531209
1044	-2397.851	-2584.744	186.8923	1.628112	0.3527177	5.463015
1050	-2402.388	-2589.647	187.2585	1.570021	0.2246875	5.463015
1056	-2401.113	-2590.37	189.2574	2.175976	0.2426842	3.97737
1062	-2410.858	-2599.685	188.8275	1.864147	0.3653962	4.237241
1068	-2414.93	-2598.949	184.0187	1.310614	0.5826613	6.979759
1074	-2412.873	-2598.549	185.6759	1.25495	0.5826613	6.112688
1080	-2403.375	-2591.51	188.1351	1.592001	0.196225	5.011942
1086	-2387.525	-2574.02	186.4954	1.273612	0.2152092	6.057811
1092	-2390.543	-2575.259	184.716	1.264533	0.2742534	6.941825
1098	-2393.578	-2577.366	183.7875	1.15231	0.2742534	7.500946
1104	-2385.446	-2568.986	183.5401	1.268169	0.5357324	7.298509
1110	-2393.066	-2579.953	186.8874	1.300692	0.5250225	5.473157
1116	-2396.454	-2582.856	186.4022	1.36613	0.63232	5.615736
1122	-2394.049	-2580.035	185.9855	1.284489	0.2529897	6.273391
1128	-2384.687	-2572.023	187.3369	1.346214	0.3690747	5.354782
1134	-2395.667	-2581.511	185.8434	1.308267	0.2458642	6.347735
1140	-2409.002	-2596.418	187.4157	1.627682	0.3540273	5.172913
1146	-2404.536	-2592.406	187.8697	1.700581	0.5628187	4.673626
1152	-2408.588	-2595.412	186.8236	1.473492	0.705624	5.270301
1158	-2405.063	-2593.529	188.4657	1.404457	0.7989975	4.32755
1164	-2401.804	-2585.749	183.9448	1.175797	0.390352	7.267549
1170	-2388.946	-2571.971	183.0257	1.248235	0.3661552	7.747033
1176	-2389.633	-2570.405	180.7726	0.9670222	0.3577536	9.103491
1182	-2387.156	-2574.27	187.1139	1.330969	0.5922773	5.274856
1188	-2388.077	-2573.977	185.8997	1.608945	0.3516523	6.018439
1194	-2412.143	-2595.132	182.989	1.164315	0.241213	7.966686
1200	-2410.975	-2594.944	183.9684	1.207503	0.5639852	7.077426
1206	-2420.621	-2604.452	183.8317	1.344185	0.5639852	7.077426
1212	-2415.584	-2601.544	185.96	1.405322	0.5487914	5.903697
1218	-2399.098	-2585.27	186.1716	1.408876	0.4217372	5.903697
1224	-2391.366	-2578.792	187.4264	1.529067	0.5753926	5.005929
1230	-2389.41	-2576.368	186.9581	1.314092	0.5363279	5.417005
1236	-2394.175	-2581.522	187.347	1.39961	0.5363279	5.154995
1242	-2406.541	-2594.431	187.8904	1.388894	0.5363279	4.859067
1248	-2406.787	-2593.57	186.7833	1.227424	0.5608376	5.539975
1254	-2400.344	-2585.889	185.5453	1.279479	0.5608376	6.188291
1260	-2388.211	-2573.23	185.019	1.213369	0.4909927	6.570211
1266	-2387.935	-2573.321	185.3853	1.090973	0.3596093	6.570211
1272	-2384.192	-2568.286	184.0945	1.224218	0.4122529	7.138456
1278	-2393.421	-2581.049	187.6281	1.486153	0.4178793	5.063704
1284	-2401.341	-2587.769	186.4279	1.398632	0.5080997	5.686783
1290	-2386.822	-2574.154	187.3326	1.321813	0.48799	5.249495
1296	-2393.419	-2581.602	188.183	1.768257	0.569471	4.454062
1302	-2395.715	-2584.181	188.4655	1.469427	0.4039053	4.620817
1308	-2392.172	-2580.918	188.746	1.623884	0.4492751	4.328816
1314	-2397.333	-2585.921	188.5886	1.561104	0.5848876	4.329058
1320	-2401.133	-2587.748	186.615	1.438147	0.3946999	5.673169
1326	-2399.346	-2586.379	187.0339	1.466393	0.5141514	5.310722
1332	-2392.329	-2579.497	187.1673	1.392145	0.4860981	5.30372
1338	-2387.897	-2573.192	185.2955	1.227898	0.476686	6.425673
1344	-2392.422	-2575.785	183.3624	1.25255	0.6788184	7.291236
1350	-2392.494	-2577.403	184.9093	1.186378	0.5353479	6.605194
1356	-2408.273	-2593.361	185.0879	1.207796	0.5353479	6.496923
1362	-2422.054	-2610.017	187.9628	1.395107	0.3441423	5.010063
1368	-2434.201	-2621.982	187.7817	1.510614	0.3758366	5.010063
1374	-2415.371	-2599.986	184.6151	1.336635	0.4318676	6.77776
1380	-2414.339	-2598.415	184.0767	1.227167	0.4551796	7.104291
1386	-2409.319	-2594.258	184.9393	1.227167	0.4135562	6.680182
1392	-2406.951	-2591.686	184.7347	1.412961	0.4236133	6.680182
1398	-2404.885	-2589.979	185.0938	1.293426	0.5712794	6.41728
1404	-2413.45	-2599.929	186.4795	1.293426	0.5712794	5.661851
1410	-2410.43	-2595.034	184.6042	1.262436	0.7150324	6.591311
1416	-2420.202	-2606.259	186.057	1.446567	0.4084758	5.959336
1422	-2415.379	-2602.338	186.9589	1.339096	0.5774893	5.367993
1428	-2419.357	-2607.974	188.6167	1.453593	0.4954073	4.4531
1434	-2402.677	-2591.044	188.367	1.468257	0.3515837	4.735324
1440	-2401.327	-2590.747	189.4202	1.74673	0.3515837	3.983003
1446	-2402.965	-2591.623	188.6577	1.762419	0.4309286	4.319161
1452	-2401.056	-2589.979	188.9234	1.725344	0.7372889	3.92726
1458	-2404.423	-2592.862	188.4385	1.583203	0.5152307	4.462109
1464	-2419.904	-2607.492	187.5878	1.325546	0.4189077	5.173944
1470	-2398.771	-2586.739	187.9677	1.371788	0.5623757	4.803039
1476	-2390.73	-2578.862	188.1319	1.293452	0.5079242	4.803039
1482	-2395.568	-2579.048	183.4801	1.28015	0.6408007	7.240962
1488	-2391.945	-2575.908	183.9636	1.330928	0.6408007	6.953557
1494	-2391.313	-2580.582	189.2691	1.638965	0.6976944	3.80741
1500	-2400.941	-2591.815	190.8734	1.689188	0.4445717	3.063844
1506	-2399.04	-2588.822	189.7822	1.62237	0.4565152	3.73072
1512	-2388.675	-2577.219	188.544	1.62237	0.5175362	4.378436
1518	-2399.181	-2588.42	189.2394	1.559928	0.3900212	4.148071
1524	-2395.646	-2583.587	187.941	1.559928	0.541615	4.730756
1530	-2395.208	-2583.649	188.4408	1.56309	0.4758008	4.509081
1536	-2396.546	-2584	187.4537	1.366514	0.2799634	5.388318
1542	-2398.915	-2583.761	184.846	1.223787	0.360993	6.78835
1548	-2387.077	-2571.847	184.7705	1.123826	0.4528733	6.78835
1554	-2392.751	-2578.708	185.9579	1.081545	0.5253203	6.101591
1560	-2393.214	-2576.323	183.1087	1.28016	0.3965651	7.653178
1566	-2394.561	-2580.844	186.2829	1.237272	0.5317166	5.833709
1572	-2400.309	-2585.865	185.5564	1.175801	0.6043329	6.203492
1578	-2409.145	-2596.496	187.3513	1.283046	0.5738889	5.185212
1584	-2402.616	-2589.352	186.736	1.604186	0.4855218	5.425122
1590	-2386.632	-2572.516	185.8835	1.334639	0.4855218	6.039827
1596	-2393.082	-2578.181	185.0986	1.282327	0.769873	6.275432
1602	-2405.344	-2592.02	186.6758	1.434414	0.5664328	5.480564
1608	-2393.076	-2580.322	187.246	1.304772	0.6406459	5.178158
1614	-2382.713	-2567.539	184.8264	1.28941	0.6210509	6.524989
1620	-2397.512	-2582.931	185.4189	1.235276	0.6082658	6.242809
1626	-2394.497	-2581.93	187.4334	1.525192	0.6754233	4.925556
1632	-2385.431	-2574.263	188.8318	1.613106	0.6730701	4.091182
1638	-2392.847	-2581.525	188.6787	1.889069	0.7364909	3.974167
1644	-2399.794	-2586.897	187.1039	1.321615	0.6002679	5.279119
1650	-2394.366	-2581.643	187.2765	1.397549	0.5321492	5.198798
1656	-2398.239	-2580.841	182.6024	1.140819	0.4953285	7.903508
1662	-2398.318	-2586.51	188.1923	1.433262	0.7752197	4.481498
1668	-2405.726	-2593.322	187.5963	1.482716	0.3986435	5.103521
1674	-2405.125	-2589.92	184.7956	1.420845	0.5319884	6.542677
1680	-2417.961	-2603.736	185.775	1.293514	0.6256741	6.00372
1686	-2416.519	-2603.096	186.5765	1.327217	0.6026522	5.564598
1692	-2404.062	-2589.705	185.6428	1.303925	0.5776028	6.108143
1698	-2401.448	-2587.235	185.7869	1.381079	0.4423463	6.108143
1704	-2405.588	-2592.462	186.8741	1.515372	0.5852414	5.311171
1710	-2397.894	-2583.412	185.5178	1.462636	0.3488817	6.309046
1716	-2409.094	-2592.319	183.2243	1.219779	0.4117726	7.608088
1722	-2394.708	-2581.212	186.5044	1.252742	0.5369885	5.699398
1728	-2405.868	-2590.682	184.8134	1.286971	0.4366375	6.692799
1734	-2403.962	-2590.269	186.3079	1.280122	0.5559959	5.775845
1740	-2403.106	-2587.364	184.2582	1.303237	0.6207526	6.824829
1746	-2389.224	-2575.264	186.0399	1.434063	0.6697094	5.748989
1752	-2390.015	-2572.587	182.5721	1.241962	0.6622929	7.732119
1758	-2390.355	-2577.169	186.8137	1.262406	0.6438409	5.437708
1764	-2395.929	-2582.804	186.8747	1.341513	0.548064	5.437708
1770	-2393.621	-2581.15	187.5298	1.341513	0.5887647	5.041587
1776	-2401.859	-2591.147	189.2886	1.656723	0.5859428	3.875117
1782	-2392.287	-2581.398	189.1119	1.609918	0.6288591	3.967741
1788	-2392.739	-2583.137	190.3981	1.546805	0.3359457	3.553664
1794	-2398.759	-2588.723	189.9644	1.640799	0.5329389	3.540553
1800	-2396.852	-2585.491	188.6388	1.72882	0.543259	4.241514
1806	-2392.869	-2581.471	188.6015	1.407581	0.5773068	4.414837
1812	-2393.787	-2582.699	188.912	1.558425	0.5773068	4.153701
1818	-2383.888	-2572.872	188.9841	1.444681	0.4742001	4.270857
1824	-2388.39	-2576.409	188.0194	1.572228	0.8104202	4.477067
1830	-2402.295	-2590.848	188.5532	1.595581	0.670385	4.261442
1836	-2395.044	-2582.871	187.8276	1.590028	0.670385	4.673117
1842	-2409.768	-2597.151	187.383	1.643793	1.187217	4.581001
1848	-2401.552	-2590.508	188.9564	1.622054	0.8772453	3.873333
1854	-2414.428	-2603.456	189.0279	1.429942	0.4553116	4.272988
1860	-2420.255	-2605.613	185.3577	1.405266	0.9177876	5.975876
1866	-2409.221	-2598.923	189.7019	1.578581	0.5094882	3.750529
1872	-2405.548	-2592.855	187.3068	1.41991	0.6497372	5.073715
1878	-2401.918	-2589.919	188.0005	1.459501	0.5994359	4.704907
1884	-2404.363	-2593.538	189.175	1.656871	0.6150631	3.915905
1890	-2397.376	-2586.605	189.2293	1.602577	0.6150631	3.915905
1896	-2399.823	-2589.143	189.3194	1.602577	0.5542615	3.915905
1902	-2414.439	-2605.219	190.7798	1.631945	0.5674792	3.033212
1908	-2412.826	-2599.671	186.8453	1.618075	0.5674792	5.285035
1914	-2408.158	-2595.324	187.1661	1.560751	0.4112275	5.285035
1920	-2404.667	-2594.541	189.8741	1.551142	0.2720482	3.938853
1926	-2383.61	-2571.859	188.2483	1.519018	0.3619302	4.76129
1932	-2389.634	-2573.886	184.2524	1.326476	0.4265544	6.984109
1938	-2386.701	-2573.322	186.6215	1.153922	0.446969	5.771986
1944	-2396.803	-2578.8	181.9962	0.9351659	0.6855201	8.186514
1950	-2399.555	-2583.788	184.2334	1.041529	0.483082	7.093903
1956	-2393.763	-2575.544	181.7814	0.9894321	0.4078772	8.504033
1962	-2397.539	-2579.337	181.7974	1.105586	0.6353327	8.237889
1968	-2397.016	-2581.734	184.7171	1.40356	0.5520502	6.577543
1974	-2394.403	-2580.601	186.1981	1.327465	0.5520502	5.813355
1980	-2392.665	-2577.549	184.8842	1.357142	0.5520502	6.512243
1986	-2393.889	-2578.923	185.0339	1.357142	0.483447	6.491174
1992	-2394.878	-2581.307	186.4295	1.240393	0.4842717	5.794263
1998	-2395.885	-2580.3	184.415	1.2319	0.5135568	6.86638
2004	-2405.937	-2589.158	183.2205	1.096741	0.3252863	7.770301
2010	-2408.988	-2592.18	183.1921	1.091908	0.5669164	7.553718
2016	-2383.056	-2567.901	184.8448	1.097249	0.3926626	6.823003
2022	-2376.092	-2561.287	185.195	1.228807	0.450654	6.504211
2028	-2385.553	-2569.059	183.5059	1.043688	0.450654	7.513464
2034	-2384.878	-2568.396	183.5178	1.168384	0.425058	7.465142
2040	-2390.03	-2574.411	184.3806	1.108785	0.5448541	6.924476
2046	-2386.219	-2571.443	185.2242	1.398051	0.2974984	6.565133
2052	-2394.364	-2578.334	183.9705	1.388418	0.2008705	7.382706
2058	-2387.206	-2571.481	184.2749	1.11885	0.4565723	7.054637
2064	-2376.986	-2558.697	181.7111	1.0022	0.3521394	8.593708
2070	-2388.992	-2572.15	183.1577	1.026222	0.4010997	7.758109
2076	-2394.012	-2577.733	183.7202	1.0606	0.4665554	7.374561
2082	-2388.961	-2575.361	186.3999	1.399218	0.4665554	5.740127
2088	-2380.472	-2566.916	186.4438	1.406481	0.4997081	5.681293
2094	-2381.87	-2569.744	187.8741	1.524682	0.6825716	4.67456
2100	-2386.623	-2573.703	187.0809	1.561028	0.5030585	5.242534
2106	-2394.429	-2581.563	187.1337	1.508212	0.5030585	5.242534
2112	-2396.161	-2583.434	187.2728	1.508212	0.3626202	5.308057
2118	-2390.717	-2577.661	186.9443	1.478403	0.5668044	5.308057
2124	-2397.534	-2582.711	185.1775	1.346011	0.4313218	6.469073
2130	-2407.88	-2597.33	189.4492	1.57518	0.5259563	3.882591
2136	-2399.4	-2588.056	188.6556	1.451915	0.5259563	4.404011
2142	-2397.804	-2582.931	185.1264	1.401552	0.3604151	6.541335
2148	-2396.144	-2579.231	183.0873	0.9502554	0.5513913	7.698309
2154	-2398.097	-2577.615	179.518	0.8952754	0.4896337	9.674354
2160	-2399.5	-2582.564	183.0639	1.228146	0.4597961	7.642685
2166	-2396.841	-2578.733	181.8919	0.9812918	0.533693	8.333951
2172	-2383.056	-2565.95	182.8937	1.236044	0.5585849	7.643068
2178	-2391.224	-2574.134	182.9097	1.139021	0.3561214	7.878373
2184	-2396.848	-2578.605	181.7567	1.130994	0.4529915	8.397961
2190	-2403.225	-2586.135	182.9094	1.164068	0.3632325	7.85731
2196	-2397.553	-2579.362	181.8088	1.05397	0.3632325	8.502103
2202	-2395.064	-2578.866	183.8018	1.15195	0.4520469	7.295393
2208	-2403.222	-2590.177	186.9552	1.24773	0.2968548	5.705366
2214	-2392.887	-2577.795	184.9087	1.227859	0.5253947	6.5916
2220	-2388.236	-2572.444	184.2084	1.178336	0.5422413	6.981953
2226	-2396.64	-2584.34	187.6995	1.413835	0.5698352	4.922775
2232	-2400.788	-2587.879	187.0905	1.62453	0.3725933	5.333259
2238	-2397.158	-2581.263	184.1056	1.412668	0.3361594	7.113776
2244	-2402.366	-2589.139	186.7739	1.42605	0.8610588	5.220842
2250	-2398.335	-2585.356	187.0213	1.450432	0.3483748	5.494871
2256	-2399.93	-2586.327	186.3968	1.404989	0.4543862	5.750308
2262	-2411.813	-2600.051	188.2377	1.72357	0.7584958	4.303606
2268	-2416.012	-2604.2	188.1878	1.650436	0.4957207	4.58324
2274	-2408.313	-2595.497	187.1842	1.692245	0.377655	5.238498
2280	-2402.846	-2587.094	184.2477	1.225856	0.3889718	7.07926
2286	-2389.235	-2573.572	184.3372	1.235933	0.5804971	6.850073
2292	-2383.967	-2571.07	187.1024	1.282349	0.4651566	5.419813
2298	-2385.784	-2572.696	186.9115	1.282349	0.5842686	5.419813
2304	-2395.688	-2583.623	187.9352	1.525834	0.5592303	4.737837
2310	-2398.386	-2583.662	185.2764	1.22477	0.4218049	6.490699
2316	-2405.187	-2589.96	184.7726	1.189601	0.3902286	6.814669
2322	-2388.846	-2572.417	183.5705	1.134125	0.3902286	7.490741
2328	-2393.466	-2578.461	184.9949	1.284105	0.4177785	6.615051
2334	-2405.902	-2591.96	186.0577	1.341603	0.4723756	5.953238
2340	-2395.258	-2580.425	185.1661	1.041473	0.4642258	6.608323
2346	-2388.817	-2576.199	187.3817	1.259362	0.5110923	5.235743
2352	-2402.743	-2589.514	186.7719	1.417522	0.4870886	5.506641
2358	-2387.79	-2573.866	186.0754	1.146138	0.6573609	5.896206
2364	-2393.821	-2576.607	182.7862	1.145617	0.4145971	7.879014
2370	-2402.765	-2585.971	183.2067	1.050357	0.4145971	7.70527
2376	-2398.162	-2580.237	182.0757	0.9431554	0.4574554	8.32405
2382	-2408.903	-2595.793	186.8899	1.586013	0.7540308	5.137565
2388	-2398.064	-2587.04	188.9759	1.615442	0.5272034	4.128895
2394	-2395.653	-2584.087	188.4337	1.384954	0.543429	4.551098
2400	-2405.532	-2592.478	186.9457	1.405788	0.543429	5.367173
2406	-2399.482	-2587.725	188.2428	1.614267	0.6002095	4.481484
2412	-2410.955	-2598.75	187.7955	1.561371	0.5389253	4.813573
2418	-2401.83	-2588.831	187.001	1.4791	0.6392708	5.218317
2424	-2406.848	-2596.933	190.0842	1.720027	0.7449074	3.250151
2430	-2411.132	-2599.772	188.64	1.425408	0.2442182	4.74785
2436	-2417.473	-2602.561	185.0889	1.881581	0.2283203	6.471709
2442	-2395.25	-2583.364	188.1137	1.457208	0.5321352	4.699956
2448	-2389.861	-2578.342	188.4809	1.565218	0.5321352	4.433091
2454	-2389.44	-2577.375	187.9346	1.596057	0.4645659	4.78506
2460	-2395.848	-2584.245	188.3972	1.63755	0.5379351	4.434393
2466	-2387.646	-2575.204	187.5581	1.541307	0.3915318	5.09987
2472	-2389.004	-2576.189	187.1854	1.623302	0.4705766	5.180584
2478	-2394.8	-2581.972	187.1725	1.468023	0.5753265	5.180584
2484	-2389.564	-2573.27	183.7061	1.216499	0.5221042	7.248754
2490	-2393.169	-2578.548	185.3797	1.369522	0.6330256	6.172022
2496	-2390.109	-2580.312	190.2029	1.708378	0.5019829	3.390888
2502	-2398.925	-2581.88	182.9549	1.198776	0.4961785	7.683456
2508	-2388.47	-2572.442	183.972	1.198776	0.4150268	7.215146
2514	-2395.15	-2579.027	183.8769	1.156191	0.4928169	7.215146
2520	-2395.846	-2580.805	184.9599	1.171397	0.4928169	6.623244
2526	-2404.531	-2587.536	183.0056	1.046062	0.5593737	7.68419
2532	-2389.187	-2575.024	185.8373	1.205832	0.3874934	6.232222
2538	-2398.274	-2584.304	186.0296	1.490859	0.3419851	6.023173
2544	-2395.145	-2583.773	188.6283	1.532802	0.555486	4.347705
2550	-2388.987	-2578.556	189.5682	1.633701	0.3538086	3.96032
2556	-2389.85	-2579.301	189.4515	1.708492	0.6741757	3.679939
2562	-2395.364	-2585.872	190.5081	1.807424	0.6664649	3.006269
2568	-2404.118	-2591.367	187.2487	1.610068	0.3806432	5.244945
2574	-2405.875	-2587.825	181.9506	1.137222	0.6657994	8.117168
2580	-2402.891	-2587.562	184.6706	1.169822	0.5116611	6.763601
2586	-2391.052	-2575.806	184.7537	1.169822	0.4623542	6.763601
2592	-2391.539	-2576.22	184.6802	1.136026	0.526736	6.763601
2598	-2400.16	-2584.656	184.4964	1.257805	0.6081406	6.730523
2604	-2410.738	-2595.896	185.1589	1.337381	0.5728986	6.356841
2610	-2394.35	-2580.522	186.1726	1.263282	0.5728986	5.845079
2616	-2397.49	-2583.738	186.2476	1.335589	0.4805718	5.845079
2622	-2382.972	-2570.152	187.18	1.335589	0.4756752	5.337655
2628	-2382.088	-2569.022	186.9334	1.39332	0.4596256	5.45708
2634	-2387.489	-2571.949	184.46	1.347157	0.495248	6.79614
2640	-2387.861	-2572.555	184.6933	1.189205	0.4514202	6.79614
2646	-2392.899	-2577.263	184.3642	1.097955	0.6034361	6.891773
2652	-2385.272	-2570.954	185.6824	1.252743	0.3514144	6.330737
2658	-2387.399	-2572.284	184.8847	1.212449	0.5727571	6.573208
2664	-2388.546	-2573.857	185.3111	1.268149	0.5163765	6.359591
2670	-2386.499	-2572.427	185.928	1.29382	0.5212091	6.005791
2676	-2379.477	-2565.434	185.957	1.228265	0.5442972	6.005791
2682	-2383.306	-2567.213	183.9073	1.199111	0.5442972	7.131099
2688	-2389.319	-2575.153	185.8339	1.18987	0.4406573	6.188276
2694	-2395.695	-2580.072	184.3771	1.154197	0.4418799	6.994685
2700	-2395.007	-2582.039	187.0312	1.111986	0.4195966	5.597741
2706	-2401.041	-2589.354	188.3123	1.333605	0.4321683	4.752964
2712	-2396.756	-2583.965	187.2086	1.444297	0.4549091	5.281792
2718	-2398.391	-2585.368	186.9771	1.406799	0.529361	5.361487
2724	-2397.167	-2583.962	186.7945	1.348353	0.4898219	5.529739
2730	-2387.861	-2572.989	185.1278	1.292273	0.3306266	6.633941
2736	-2385.666	-2572.101	186.4344	1.398719	0.5546005	5.642748
2742	-2394.526	-2581.877	187.3505	1.305395	0.4695043	5.266063
2748	-2380.392	-2567.104	186.7127	1.402434	0.4439566	5.588699
2754	-2379.414	-2566.13	186.7157	1.391159	0.6365446	5.426351
2760	-2384.344	-2570.479	186.1347	1.548392	0.565489	5.715841
2766	-2382.652	-2570.287	187.635	1.782897	0.3713723	4.945273
2772	-2389.878	-2576.337	186.4591	1.425098	0.4873469	5.674014
2778	-2398.802	-2587.452	188.6492	1.825568	0.4873469	4.232153
2784	-2394.046	-2582.564	188.5186	1.769561	0.6073341	4.232153
2790	-2392.81	-2582.845	190.0351	1.661681	0.5611085	3.461597
2796	-2395.162	-2585.047	189.8852	1.662575	0.4455662	3.659152
2802	-2384.533	-2574.224	189.691	1.610518	0.4954378	3.751758
2808	-2395.519	-2581.962	186.4429	1.265838	0.4587749	5.797004
2814	-2390.792	-2578.352	187.5596	1.304467	0.3577229	5.267765
2820	-2389.014	-2572.559	183.5449	1.201279	0.3038805	7.566744
2826	-2383.639	-2568.273	184.6337	1.017624	0.5027933	6.87348
2832	-2391.578	-2575.471	183.8938	1.093086	0.5650677	7.178217
2838	-2396.298	-2579.118	182.8198	1.002079	0.3942246	7.9585
2844	-2392.633	-2575.085	182.4522	0.9782595	0.6330118	7.9585
2850	-2400.837	-2581.858	181.0212	1.03429	0.2873982	9.019293
2856	-2401.721	-2582.383	180.6627	0.8521458	0.5771167	9.019293
2862	-2397.921	-2580.499	182.5784	1.134024	0.3847481	8.026796
2868	-2394.515	-2577.195	182.6796	1.095319	0.4094972	7.967888
2874	-2387.847	-2568.826	180.9794	1.035815	0.4861347	8.830682
2880	-2395.98	-2583.941	187.9615	1.509459	0.6230277	4.679834
2886	-2389.041	-2579.037	189.9961	1.786294	0.6230277	3.358132
2892	-2391.187	-2580.331	189.1442	1.662649	0.6290603	3.91887
2898	-2392.885	-2579.22	186.3355	1.507373	0.4783428	5.705039
2904	-2393.558	-2585.311	191.7533	1.799511	0.4421223	2.461499
2910	-2391.759	-2582.977	191.2181	1.816903	0.5375954	2.683377
2916	-2399.764	-2591.652	191.8886	1.816903	0.4029829	2.411204
2922	-2398.876	-2587.841	188.9649	1.644701	0.7892487	3.91328
2928	-2388.778	-2578.819	190.0416	1.588451	0.542131	3.517615
2934	-2380.262	-2569.558	189.2953	1.572586	0.600137	3.907584
2940	-2384.207	-2571.939	187.7315	1.689053	1.034278	4.439103
2946	-2382.654	-2572.608	189.954	1.58986	0.5197678	3.588447
2952	-2391.555	-2580.983	189.4286	1.862973	0.7186873	3.569904
2958	-2381.719	-2569.637	187.9183	1.573207	0.5074203	4.766547
2964	-2387.012	-2575.869	188.8575	1.573207	0.3365425	4.419086
2970	-2415.463	-2598.914	183.4511	1.206241	0.3170818	7.598194
2976	-2399.433	-2583.718	184.2842	1.047068	0.4301863	7.113742
2982	-2398.112	-2585.82	187.7081	1.389348	0.4523603	5.038174
2988	-2404.126	-2591.769	187.6427	1.631433	0.3599253	5.038174
2994	-2399.169	-2587.574	188.4051	1.67094	0.3618766	4.588452
3000	-2394.744	-2582.854	188.1102	1.70711	0.625383	4.483547
3006	-2396.301	-2582.297	185.9952	1.405911	0.6852382	5.777553
3012	-2392.843	-2578.633	185.7904	1.394766	0.3629218	6.181871
3018	-2384.395	-2566.1	181.7052	1.092361	0.367435	8.532163
3024	-2385.254	-2570.218	184.9641	1.532506	0.615851	6.322525
3030	-2388.424	-2574.294	185.87	1.279632	0.802618	5.8351
3036	-2389.415	-2576.699	187.2848	1.295501	0.4634524	5.313634
3042	-2383.28	-2569.94	186.66	1.308734	0.4170264	5.696081
3048	-2381.174	-2566.202	185.028	1.294712	0.4373409	6.571865
3054	-2383.03	-2567.607	184.5769	1.303328	0.3932081	6.855729
3060	-2396.773	-2580.221	183.4484	1.228866	0.3571829	7.541147
3066	-2384.074	-2569.367	185.2926	1.323702	0.3083723	6.55472
3072	-2392.703	-2581.215	188.5112	1.543975	0.561169	4.402595
3078	-2399.232	-2586.391	187.1588	1.33053	0.561169	5.275979
3084	-2396.663	-2579.102	182.4387	1.137343	0.6133063	7.895695
3090	-2390.412	-2573.767	183.3556	1.190775	0.492115	7.476893
3096	-2398.299	-2581.865	183.5659	1.099327	0.3397386	7.56731
3102	-2402.92	-2584.189	181.2697	1.122866	0.4058184	8.706919
3108	-2407.747	-2593.065	185.3181	1.295497	0.5193427	6.338368
3114	-2410.798	-2594.427	183.6287	1.122796	0.3814076	7.474991
3120	-2395.707	-2579.247	183.5394	1.068066	0.4028559	7.52969
3126	-2391.188	-2574.597	183.4085	1.16536	0.4206137	7.52969
3132	-2391.433	-2575.132	183.6988	1.197194	0.5564735	7.234053
3138	-2392.214	-2574.155	181.9407	1.142077	0.5154573	8.23794
3144	-2389.11	-2572.037	182.9274	1.063973	0.4919642	7.774018
3150	-2387.094	-2570.552	183.4586	1.15139	0.338637	7.598177
3156	-2388.084	-2570.64	182.5565	1.079716	0.3260654	8.132743
3162	-2384.765	-2566.947	182.1816	1.168137	0.3260654	8.285251
3168	-2386.45	-2572.399	185.9485	1.227168	0.3260654	6.22974
3174	-2386.451	-2570.132	183.681	1.040964	0.4033299	7.467867
3180	-2393.335	-2578.715	185.3798	1.129176	0.4445188	6.464022
3186	-2389.196	-2574.11	184.9145	1.283734	0.4388906	6.637685
3192	-2386.013	-2571.796	185.783	1.24425	0.4388906	6.188151
3198	-2396.374	-2580.949	184.5747	1.280305	0.4134605	6.848413
3204	-2391.593	-2574.068	182.4749	1.038569	0.4134605	8.1033
3210	-2397.749	-2583.761	186.012	1.300083	0.3768429	6.097408
3216	-2390.948	-2576.611	185.6625	1.324385	0.5599212	6.100783
3222	-2400.008	-2584.976	184.9681	1.273617	0.3772317	6.677622
3228	-2403.205	-2588.496	185.2907	1.298808	0.7268355	6.191042
3234	-2403.138	-2591.401	188.2638	1.42845	0.8056721	4.423549
3240	-2392.06	-2578.601	186.5418	1.42845	0.5540984	5.567886
3246	-2404.224	-2592.76	188.536	1.562121	0.4953963	4.437432
3252	-2412.385	-2600.314	187.9285	1.59912	0.5478248	4.710428
3258	-2402.342	-2590.364	188.0224	1.429788	0.5980024	4.710428
3264	-2393.93	-2578.462	184.5323	1.042334	0.3291344	7.091655
3270	-2388.136	-2569.265	181.1283	1.112374	0.3291344	8.870534
3276	-2386.901	-2571.606	184.7051	1.34622	0.3291344	6.834907
3282	-2393.826	-2581.173	187.3471	1.450795	0.3749244	5.284921
3288	-2392.524	-2579.272	186.7485	1.450795	0.2997335	5.703699
3294	-2393.063	-2579.576	186.513	1.4539	0.2997335	5.83093
3300	-2394.102	-2580.435	186.3329	1.454526	0.3099931	5.91607
3306	-2384.406	-2572.75	188.3443	1.453697	0.3809136	4.7226
3312	-2390.001	-2576.525	186.5245	1.368821	0.5028282	5.654883
3318	-2396.529	-2580.089	183.5605	1.245963	0.3249232	7.509002
3324	-2385.759	-2568.975	183.2156	1.006721	0.3249232	7.821454
3330	-2386.227	-2567.246	181.0189	0.8881662	0.4104576	8.959558
3336	-2379.574	-2560.542	180.968	1.007876	0.3752341	8.959558
3342	-2386.423	-2572.453	186.0303	1.120301	0.2749716	6.308033
3348	-2377.584	-2564.636	187.0516	1.438832	0.3233115	5.514406
3354	-2392.042	-2578.168	186.1263	1.068771	0.3849859	6.152278
3360	-2397.49	-2583.59	186.1005	1.213126	0.5436656	5.936292
3366	-2387.846	-2574.885	187.0386	1.335289	0.324906	5.576523
3372	-2383.607	-2571.877	188.2707	1.419386	0.4952204	4.666782
3378	-2379.95	-2570.29	190.3408	1.608911	0.6202942	3.261879
3384	-2388.211	-2576.337	188.1259	1.554187	0.2913247	4.89693
3390	-2387.373	-2576.774	189.4011	1.41755	0.3382844	4.197477
3396	-2389.838	-2577.064	187.2267	1.346282	0.5571044	5.233184
3402	-2380.805	-2567.206	186.4007	1.183233	0.3543098	5.974341
3408	-2396.654	-2583.689	187.0351	1.16907	0.43762	5.546067
3414	-2390.309	-2574.887	184.5781	1.137928	0.4488545	6.888419
3420	-2393.244	-2577.852	184.6077	1.279228	0.3596947	6.888419
3426	-2402.052	-2585.827	183.7743	1.040419	0.3684324	7.455104
3432	-2404.262	-2593.615	189.3522	1.533329	0.4230449	4.063157
3438	-2410.292	-2599.281	188.9892	1.528601	0.4397299	4.254826
3444	-2406.096	-2593.421	187.3246	1.553248	0.6440606	4.994176
3450	-2402.722	-2584.847	182.1252	1.124464	0.4822726	8.178345
3456	-2398.05	-2582.101	184.0515	1.454262	0.4595997	6.991466
3462	-2384.966	-2573.004	188.0381	1.405914	0.385783	4.914703
3468	-2383.149	-2570.992	187.8426	1.443303	0.3951158	4.992481
3474	-2383.156	-2570.152	186.9967	1.286479	0.6087336	5.350879
3480	-2375.611	-2563.763	188.1523	1.352077	0.6451403	4.643759
3486	-2391.138	-2575.958	184.8196	1.348002	0.4306301	6.662421
3492	-2386.116	-2572.799	186.6828	1.456794	0.710968	5.353407
3498	-2385.455	-2570.129	184.6741	1.238522	0.5284496	6.710052
3504	-2397.63	-2580.539	182.9086	1.226657	0.5991811	7.60772
3510	-2400.658	-2587.782	187.1242	1.406087	0.367544	5.440734
3516	-2403.198	-2588.139	184.9418	1.264971	0.5198868	6.558374
3522	-2395.421	-2583.79	188.3695	1.536547	0.499179	4.541939
3528	-2398.124	-2585.758	187.6338	1.519192	0.4095021	5.050963
3534	-2400.739	-2588.085	187.3457	1.519192	0.5817267	5.050963
3540	-2398.192	-2583.773	185.5812	1.503768	0.5743819	6.035405
3546	-2413.113	-2599.593	186.4799	1.421004	0.491303	5.661195
3552	-2377.109	-2563.545	186.4358	1.414065	0.3415185	5.843883
3558	-2385.344	-2574.777	189.4332	1.608878	0.4644746	3.931149
3564	-2398.928	-2588.003	189.0748	1.731649	0.6142709	3.931149
3570	-2394.826	-2583.292	188.4659	1.578826	0.66281	4.326117
3576	-2382.551	-2571.507	188.9564	1.602589	0.5055493	4.16715
3582	-2394.681	-2584.149	189.4677	1.508506	0.6939658	3.770966
3588	-2400.922	-2589.125	188.2031	1.735187	0.4361156	4.585206
3594	-2389.118	-2577.512	188.3945	1.424306	0.4589478	4.629387
3600	-2389.631	-2578.515	188.8841	1.477495	0.3542459	4.436792
3606	-2396.258	-2584.777	188.5189	1.501109	0.5504738	4.431652
3612	-2391.83	-2578.903	187.0724	1.370241	0.4386614	5.413787
3618	-2410.465	-2598.804	188.3386	1.342907	0.4386614	4.726471
3624	-2399.745	-2584.226	184.4807	1.176702	0.5136499	6.860628
3630	-2410.605	-2595.892	185.2867	1.118336	0.457135	6.508179
3636	-2412.333	-2598.307	185.9745	1.31938	0.457135	6.025179
3642	-2402.521	-2585.551	183.0305	1.2181	0.5161857	7.615127
3648	-2402.903	-2585.854	182.9508	1.178998	0.4698788	7.720048
3654	-2401.803	-2588.227	186.4236	1.207274	0.2636319	6.062156
3660	-2421.339	-2603.046	181.7071	1.309751	0.5031744	8.283728
3666	-2421.824	-2605.807	183.983	1.17389	0.4025251	7.235356
3672	-2422.059	-2605.722	183.6632	1.133874	0.6220045	7.235356
3678	-2402.073	-2585.881	183.8081	1.257427	0.690145	7.04099
3684	-2402.835	-2587.268	184.4328	1.388228	0.6902286	6.633385
3690	-2408.636	-2595.028	186.3923	1.302972	0.7073985	5.600428
3696	-2406.352	-2593.075	186.7237	1.402764	0.3947212	5.632948
3702	-2398.121	-2582.373	184.2525	0.9113195	0.3145781	7.3298
3708	-2381.222	-2567.32	186.0982	1.253799	0.3145781	6.147778
3714	-2382.008	-2571.469	189.4604	1.513344	0.2643606	4.20719
3720	-2389.436	-2577.816	188.3803	1.508084	0.6699898	4.408906
3726	-2393.476	-2580.402	186.926	1.305414	0.5355009	5.440165
3732	-2396.627	-2583.549	186.9217	1.310477	0.3409319	5.635176
3738	-2390.33	-2573.01	182.6805	1.27557	0.3901367	7.891152
3744	-2407.231	-2588.68	181.4489	1.283715	1.024143	8.087962
3750	-2384.803	-2569.233	184.4295	1.336856	0.3937082	6.916608
3756	-2392.223	-2573.802	181.5792	1.141008	0.4270227	8.511906
3762	-2389.704	-2571.336	181.6317	1.088473	0.4270227	8.511906
3768	-2409.197	-2593.35	184.1531	1.158083	0.5896123	6.983986
3774	-2405.724	-2593.772	188.0476	1.571004	0.7143497	4.528025
3780	-2399.773	-2581.811	182.0374	1.132089	0.8122348	7.975795
3786	-2402.48	-2585.22	182.74	1.02761	0.5916763	7.810152
3792	-2402.559	-2588.153	185.5939	1.43416	0.6148242	6.034201
3798	-2398.187	-2584.273	186.0862	1.136139	0.3972538	6.124387
3804	-2392.504	-2578.558	186.0545	1.213631	0.3196389	6.18725
3810	-2400.14	-2586.471	186.3317	1.356412	0.4035623	5.863636
3816	-2390.351	-2577.777	187.4259	1.364388	0.515295	5.149405
3822	-2392.472	-2575.123	182.6505	1.052412	0.470415	7.94758
3828	-2394.233	-2577.065	182.8322	1.048802	0.3746935	7.94758
3834	-2412.195	-2593.13	180.9352	1.048802	0.4406017	8.889335
3840	-2402.656	-2585.854	183.1981	1.070478	0.447805	7.666555
3846	-2399.948	-2582.914	182.9665	1.264991	0.6132046	7.545376
3852	-2400.17	-2584.495	184.3244	1.216156	0.3070434	7.136652
3858	-2405.722	-2591.621	185.8987	1.225093	0.3114146	6.275788
3864	-2390.144	-2576.471	186.327	1.416853	0.5503756	5.695231
3870	-2403.17	-2587.498	184.3277	1.339641	0.5004741	6.866886
3876	-2392.783	-2577.503	184.7192	1.250811	0.3117513	6.899663
3882	-2394.601	-2576.291	181.6902	1.304904	0.7532223	8.106525
3888	-2414.284	-2592.44	178.1551	0.9779703	0.6789082	10.2
3894	-2407.701	-2587.418	179.7164	1.109598	0.4829051	9.462591
3900	-2403.247	-2586.26	183.0127	0.9967828	0.3996367	7.852779
3906	-2405.533	-2587.392	181.859	1.138029	0.2405202	8.583015
3912	-2395.67	-2581.272	185.6022	1.283317	0.5323451	6.179274
3918	-2399.714	-2587.228	187.514	1.234668	0.3832499	5.302924
3924	-2388.894	-2572.177	183.2829	1.162011	0.4186224	7.600744
3930	-2399.754	-2582.408	182.6534	1.192353	0.2287768	8.148631
3936	-2407.486	-2585.082	177.5957	0.916154	0.3217042	10.84362
3942	-2405.382	-2592.811	187.4289	1.413049	0.5307625	5.107025
3948	-2395.143	-2581.629	186.4858	1.327685	0.4322319	5.765725
3954	-2400.292	-2586.119	185.8265	1.356341	0.3625492	6.183549
3960	-2391.521	-2576.954	185.4331	1.198231	0.3573765	6.488769
3966	-2398.05	-2582.315	184.2658	1.208417	0.49068	6.979782
3972	-2394.651	-2578.836	184.1848	1.007566	0.4584861	7.161102
3978	-2399.991	-2582.571	182.5798	1.129166	0.5306795	7.891185
3984	-2400.742	-2584.358	183.6159	0.9991477	0.4252953	7.502973
3990	-2388.84	-2572.261	183.4215	1.19358	0.4252953	7.502973
3996	-2394.673	-2577.998	183.3246	1.213114	0.4251749	7.544546
4002	-2396.165	-2577.924	181.7593	1.056197	0.3909944	8.497632
4008	-2403.884	-2585.318	181.4344	1.093607	0.5576831	8.497632
4014	-2411.283	-2596.017	184.7339	1.209093	0.4906558	6.726965
4020	-2403.801	-2586.633	182.8316	1.117741	0.5973001	7.708642
4026	-2390.372	-2579.301	188.9291	1.50012	0.5973001	4.160324
4032	-2379.115	-2563.224	184.1082	1.133517	0.4425553	7.149826
4038	-2376.894	-2562.295	185.4016	1.212276	0.413011	6.438549
4044	-2385.645	-2570.027	184.3817	1.30057	0.6144917	6.764407
4050	-2386.778	-2573.74	186.9613	1.467105	0.5775513	5.29601
4056	-2398.108	-2583.653	185.5459	1.435615	0.7729475	5.946345
4062	-2386.471	-2570.152	183.6806	1.233696	0.6569935	7.146224
4068	-2375.654	-2562.651	186.9973	1.480998	0.4005056	5.433405
4074	-2388.91	-2576.641	187.7309	1.429591	0.6604921	4.824306
4080	-2396.406	-2584.778	188.3722	1.58155	0.4979092	4.516339
4086	-2392.907	-2581.6	188.6924	1.603837	0.3078193	4.530755
4092	-2399.771	-2589.147	189.3758	1.774229	0.4130478	3.922683
4098	-2388.476	-2573.694	185.2182	1.770115	0.5598093	6.100132
4104	-2383.345	-2570.065	186.7202	1.515021	0.4054626	5.561878
4110	-2392.574	-2578.824	186.25	1.435074	0.4009992	5.86802
4116	-2392.353	-2576.551	184.1984	1.245294	0.4393631	7.044263
4122	-2386.752	-2574.998	188.246	1.610462	0.361257	4.712221
4128	-2384.867	-2572.989	188.1225	1.306333	0.4629671	4.843422
4134	-2387.761	-2575.081	187.3198	1.366957	0.4730798	5.24564
4140	-2388.21	-2576.972	188.7622	1.596324	0.6725342	4.140736
4146	-2386.001	-2575.536	189.5344	1.694458	0.6725342	3.641324
4152	-2382.465	-2572.994	190.5295	1.722689	0.5111067	3.180998
4158	-2385.986	-2575.612	189.6264	1.722689	0.7411674	3.519915
4164	-2375.204	-2562.993	187.7888	1.756504	0.726151	4.560773
4170	-2381.925	-2567.638	185.7134	1.248824	0.4445555	6.217933
4176	-2392.121	-2575.306	183.1842	1.364394	0.2707435	7.714941
4182	-2395.489	-2578.798	183.309	1.409495	0.5722449	7.316532
4188	-2388.742	-2575.646	186.904	1.344779	0.4004879	5.559658
4194	-2394.886	-2577.705	182.8188	1.107069	0.3658841	7.933204
4200	-2392.381	-2574.988	182.6072	1.088563	0.3489912	8.074644
4206	-2388.434	-2570.65	182.2161	1.220602	0.4412098	8.116992
4212	-2394.244	-2581.609	187.3652	1.414163	0.6430261	5.049647
4218	-2388.691	-2576.723	188.032	1.538412	0.6941938	4.569782
4224	-2399.679	-2580.29	180.6117	1.077303	0.4862953	9.003345
4230	-2398.898	-2587.309	188.4111	1.554301	0.7511482	4.306359
4236	-2390.04	-2578.86	188.8201	1.541233	0.7697252	4.068629
4242	-2382.553	-2571.601	189.0479	1.610543	0.6938338	3.953569
4248	-2387.448	-2575.39	187.9422	1.496794	0.6344853	4.688676
4254	-2393.142	-2579.814	186.6724	1.49722	0.6344853	5.39338
4260	-2391.743	-2576.327	184.5841	1.3425	0.6867904	6.578714
4266	-2380.706	-2568.219	187.5126	1.333796	0.5209187	5.113298
4272	-2382.933	-2569.812	186.8791	1.377001	0.4701003	5.485883
4278	-2378.456	-2566.145	187.6883	1.459805	0.6598342	4.831699
4284	-2386.42	-2573.304	186.8837	1.366633	0.5751244	5.396187
4290	-2390.695	-2575.008	184.3127	1.262488	0.7515068	6.724084
4296	-2388.534	-2576.987	188.4533	1.387777	0.5773579	4.509412
4302	-2400.883	-2588.798	187.9146	1.696955	0.4104754	4.794712
4308	-2389.735	-2578.491	188.7555	1.479283	0.48827	4.367067
4314	-2394.831	-2580.998	186.167	1.489842	0.991166	5.444363
4320	-2385.861	-2572.207	186.3455	1.302036	0.5968462	5.70981
4326	-2386.522	-2573.667	187.1448	1.359778	0.7076715	5.154072
4332	-2381.998	-2565.437	183.4386	1.090596	0.5254877	7.456891
4338	-2381.491	-2566.825	185.3339	1.118928	0.4278724	6.510806
4344	-2385.269	-2569.79	184.5211	1.184189	0.3094666	7.045076
4350	-2390.033	-2573.825	183.792	1.125814	0.3612238	7.407745
4356	-2393.129	-2577.429	184.3005	1.032316	0.5052273	7.042897
4362	-2388.979	-2571.654	182.6754	1.069976	0.4322865	7.961017
4368	-2421.907	-2604.906	182.9989	1.279761	0.5756165	7.549591
4374	-2391.97	-2574.053	182.0825	1.156803	0.38386	8.279787
4380	-2384.963	-2569.059	184.0961	1.105851	0.452377	7.161739
4386	-2378.869	-2563.853	184.984	1.330576	0.6404334	6.402527
4392	-2382.156	-2567.623	185.4669	1.292439	0.3725039	6.402527
4398	-2387.033	-2571.066	184.0337	1.294993	0.4955177	7.053757
4404	-2386.892	-2572.377	185.4855	1.202204	0.3459426	6.471218
4410	-2381.983	-2567.585	185.6016	1.197825	0.3558567	6.399332
4416	-2385.462	-2570.49	185.0278	1.192292	0.3715023	6.695539
4422	-2385.78	-2573.12	187.3395	1.350297	0.4358693	5.280242
4428	-2395.843	-2581.437	185.5932	1.163146	0.4344849	6.33968
4434	-2397.538	-2585.106	187.5681	1.342013	0.5275513	5.07209
4440	-2402.112	-2588.328	186.2165	1.450871	0.3194221	5.96996
4446	-2399.454	-2586.188	186.7339	1.522142	0.5756683	5.392633
4452	-2392.833	-2579.469	186.6361	1.375567	0.5756683	5.527145
4458	-2388.323	-2575.329	187.0052	1.477173	0.425849	5.404793
4464	-2397.78	-2583.124	185.3446	1.346188	0.3553219	6.458823
4470	-2405.725	-2594.533	188.8081	1.645584	0.3877898	4.346463
4476	-2398.499	-2584.814	186.3151	1.542287	0.4490136	5.725076
4482	-2389.519	-2574.258	184.7386	1.306404	0.4382059	6.721179
4488	-2391.763	-2577.895	186.1323	1.23854	0.4382059	6.001634
4494	-2394.799	-2579.481	184.6821	1.249831	0.4220391	6.79823
4500	-2388.532	-2573.624	185.0917	1.31596	0.3448329	6.624119
4506	-2391.725	-2579.34	187.614	1.670997	0.3592625	5.032908
4512	-2383.919	-2571.341	187.4222	1.440628	0.6053197	5.032908
4518	-2386.05	-2566.777	180.7264	1.044665	0.5387497	8.914747
4524	-2380.041	-2561.783	181.742	1.047382	0.4171907	8.48485
4530	-2388.592	-2570.307	181.7154	1.095313	0.405906	8.48485
4536	-2391.938	-2574.45	182.5116	0.9808548	0.3365729	8.197089
4542	-2408.516	-2588.533	180.0166	1.23584	0.5049041	9.217936
4548	-2398.584	-2580.546	181.962	1.172357	0.377	8.342875
4554	-2401.943	-2584.048	182.1051	1.053236	0.3847926	8.321883
4560	-2403.489	-2585.59	182.1005	1.070255	0.3847926	8.315264
4566	-2410.808	-2594.817	184.0088	1.22508	0.3847926	7.212541
4572	-2403.425	-2588.172	184.7461	1.253744	0.4234255	6.760213
4578	-2393.434	-2579.283	185.8486	1.213391	0.3534835	6.259482
4584	-2388.497	-2572.191	183.6947	1.198999	0.3946642	7.384748
4590	-2395.403	-2578.018	182.6154	1.198999	0.4664709	7.891725
4596	-2414.535	-2596.804	182.2688	1.161914	0.4445203	8.117012
4602	-2398.306	-2582.878	184.5722	1.305134	0.3389517	6.917213
4608	-2396.14	-2579.264	183.1242	1.09762	0.3389517	7.805368
4614	-2384.864	-2567.79	182.9257	1.262019	0.3550068	7.805368
4620	-2384.532	-2567.799	183.2671	1.052666	0.3896743	7.69734
4626	-2389.599	-2573.265	183.6654	1.165928	0.3143236	7.508354
4632	-2390.113	-2574.168	184.0547	1.123093	0.4121603	7.214259
4638	-2386.228	-2570.38	184.1515	1.232973	0.4811832	7.036738
4644	-2389.285	-2572.805	183.5203	1.26589	0.4804152	7.358896
4650	-2387.44	-2574.596	187.1551	1.222563	0.4592974	5.429323
4656	-2384.687	-2571.895	187.2082	1.35947	0.4592974	5.324611
4662	-2411.026	-2591.595	180.5694	0.9341519	0.515168	9.076256
4668	-2399.932	-2586.64	186.708	1.166085	0.515168	5.654353
4674	-2405.395	-2594.475	189.0802	1.342603	0.3197132	4.44437
4680	-2412.797	-2598.524	185.7272	1.48841	0.4113131	6.113382
4686	-2399.395	-2587.503	188.108	1.358177	0.4113131	4.874902
4692	-2405.675	-2591.825	186.1494	1.25453	0.3923842	6.030572
4698	-2395.863	-2581.503	185.6397	1.295194	0.3666407	6.313764
4704	-2392.345	-2575.988	183.6426	1.06956	0.403393	7.473072
4710	-2395.349	-2576.84	181.4909	1.055382	0.403393	8.62784
4716	-2406.029	-2587.62	181.5915	1.008689	0.5521266	8.463824
4722	-2400.164	-2582.918	182.7542	1.111321	0.3798573	7.950337
4728	-2394.939	-2577.405	182.4666	1.330033	0.4154477	7.950337
4734	-2386.908	-2569.591	182.6825	1.050187	0.4683955	7.933518
4740	-2394.592	-2577.89	183.2973	1.07132	0.5523902	7.520294
4746	-2390.601	-2572.945	182.3447	1.243288	0.4355663	8.041789
4752	-2390.835	-2569.988	179.1529	0.9310618	0.4355663	9.897598
4758	-2397.047	-2581.955	184.9079	1.107919	0.4884756	6.689582
4764	-2402.315	-2588.188	185.8731	1.292081	0.4488018	6.10339
4770	-2399.483	-2584.254	184.7718	1.122318	0.4612257	6.78053
4776	-2396.665	-2579.349	182.684	0.9647496	0.5385683	7.916679
4782	-2388.947	-2576.996	188.0489	1.300619	0.4464827	4.90387
4788	-2394.858	-2581.824	186.966	1.506658	0.5219662	5.319037
4794	-2385.065	-2569.984	184.9191	1.14973	0.3240949	6.831429
4800	-2379.465	-2565.815	186.3496	1.263512	0.3404888	5.974415
4806	-2381.927	-2567.213	185.2861	1.244432	0.5357349	6.369243
4812	-2383.022	-2569.429	186.4064	1.385172	0.4844899	5.72745
4818	-2374.67	-2561.706	187.0353	1.344639	0.4844899	5.404223
4824	-2374.044	-2560.613	186.5681	1.319895	0.5208519	5.641713
4830	-2392.203	-2578.575	186.372	1.352942	0.6295159	5.641713
4836	-2391.047	-2576.741	185.6936	1.205516	0.5795758	6.132431
4842	-2387.612	-2574.063	186.4509	1.417465	0.3331515	5.843648
4848	-2381.481	-2568.346	186.8644	1.506103	0.3411372	5.558963
4854	-2377.514	-2563.807	186.2929	1.465993	0.3827433	5.847156
4860	-2375.753	-2560.917	185.1642	1.377886	0.5581441	6.344127
4866	-2379.675	-2564.137	184.4618	1.299216	0.4495908	6.863458
4872	-2377.484	-2561.594	184.1097	1.230832	0.3713095	7.169769
4878	-2398.42	-2584.59	186.1698	1.301305	0.612816	5.793771
4884	-2401.366	-2589.471	188.1059	1.607939	0.3999863	4.748769
4890	-2398.166	-2587.662	189.4961	1.642146	0.4666262	3.873889
4896	-2388.808	-2579.51	190.7025	1.637645	0.4082154	3.235943
4902	-2406.75	-2595.874	189.1248	1.614801	0.3303268	4.252144
4908	-2409.435	-2598.009	188.5737	1.505486	0.4924365	4.450857
4914	-2394.826	-2584.11	189.2845	1.489395	0.5367548	4.016181
4920	-2405.979	-2593.906	187.9271	1.38332	0.6949185	4.714923
4926	-2400.619	-2588.817	188.1988	1.371286	0.303308	4.942529
4932	-2405.387	-2596.764	191.3766	2.155622	1.079882	1.95009
4938	-2409.782	-2601.321	191.5391	2.155622	1.079882	1.839716
4944	-2415.456	-2606.929	191.4729	2.221778	1.079882	1.839716
4950	-2407.251	-2591.155	183.9032	0.9876385	0.4284147	7.352076
4956	-2406.236	-2589.787	183.5504	1.280071	0.2659103	7.57062
4962	-2400.381	-2583.808	183.4265	1.169221	0.3700449	7.57062
4968	-2410.93	-2597.376	186.4468	1.378617	0.4856094	5.707823
4974	-2407.937	-2599.653	191.7163	2.122359	0.8316068	1.917241
4980	-2417.483	-2603.003	185.5201	1.275375	0.4985825	6.257974
4986	-2419.125	-2604.455	185.33	1.527621	0.4620421	6.257974
4992	-2408.848	-2600.091	191.2427	2.101289	0.8316068	2.243073
4998	-2422.066	-2612.021	189.9545	1.961425	0.3600558	3.540845
5004	-2399.731	-2586.333	186.602	1.646962	0.3771702	5.584712
5010	-2399.56	-2582.755	183.1942	1.473601	0.5516319	7.360535
5016	-2400.214	-2586.062	185.8485	1.293612	0.4317159	6.132716
5022	-2405.276	-2591.13	185.8541	1.540253	0.4910898	5.938581
5028	-2402.628	-2586.924	184.2953	1.314193	0.4304188	6.963779
5034	-2393.301	-2579.879	186.5773	1.518583	0.4304188	5.612705
5040	-2400.926	-2586.844	185.918	1.368249	0.3867554	6.100731
5046	-2419.026	-2603.005	183.9793	1.934599	1.014509	6.3838
5052	-2402.72	-2586.914	184.1944	1.502173	0.7381114	6.667455
5058	-2389.078	-2574.512	185.434	1.353006	0.5435882	6.223261
5064	-2394.164	-2580.5	186.3364	1.468814	0.4447829	5.757818
5070	-2386.773	-2573.189	186.4166	1.730457	0.3477941	5.673838
5076	-2377.828	-2561.979	184.1511	1.710916	0.6940299	6.608502
5082	-2412.325	-2599.139	186.8141	1.707279	0.3355794	5.482587
5088	-2396.807	-2584.729	187.9223	1.559601	0.586646	4.70314
5094	-2413.858	-2601.714	187.8555	1.410542	0.5122526	4.887953
5100	-2419.063	-2601.836	182.7738	1.035938	0.4470447	7.91246
5106	-2418.052	-2601.33	183.2776	1.016489	0.3563166	7.747082
5112	-2420.674	-2604.916	184.2422	1.237901	0.4263482	7.037483
5118	-2416.173	-2601.236	185.0629	1.061001	0.5155047	6.60704
5124	-2394.937	-2581.08	186.1437	1.367505	0.4245145	5.93872
5130	-2401.172	-2587.435	186.2629	1.24837	0.4245145	5.93872
5136	-2384.281	-2570.693	186.4116	1.542571	0.3954203	5.726624
5142	-2410.239	-2597.717	187.4781	1.565074	0.9454305	4.701275
5148	-2399.11	-2588.036	188.9265	1.625375	0.6936723	4.014631
5154	-2405.582	-2594.782	189.2	1.625375	0.686848	3.863114
5160	-2391.676	-2581.346	189.6693	1.69128	0.6589501	3.575517
5166	-2394.593	-2585.502	190.9095	1.894254	0.5749236	2.78977
5172	-2414.435	-2598.883	184.4477	1.54941	0.7249923	6.513784
5178	-2398.275	-2581.208	182.9334	1.236965	0.4153341	7.750859
5184	-2392.451	-2577.968	185.5169	1.183558	0.4994677	6.308811
5190	-2390.761	-2575.838	185.077	1.119722	0.4063743	6.671147
5196	-2391.343	-2574.246	182.9026	1.119722	0.5184685	7.734201
5202	-2396.678	-2580.371	183.6934	1.009852	0.4398833	7.441432
5208	-2394.034	-2577.326	183.2912	1.087913	0.6462444	7.441432
5214	-2394.48	-2578.298	183.8176	1.059501	0.3506353	7.441432
5220	-2391.977	-2571.982	180.0047	1.130519	0.6136492	9.191886
5226	-2400.052	-2579.468	179.4155	1.145528	0.3814393	9.700481
5232	-2397.698	-2582.327	184.6282	0.9711393	0.4613141	6.939425
5238	-2391.87	-2575.916	184.0459	1.124497	0.2840619	7.364495
5244	-2394.439	-2582.367	187.9281	1.68242	0.4087027	4.797148
5250	-2394.427	-2582.374	187.9475	1.486186	0.4637164	4.840038
5256	-2395.862	-2584.218	188.3567	1.523694	0.3051705	4.767134
5262	-2407.803	-2589.455	181.6522	1.222744	0.4760352	8.383435
5268	-2404.153	-2585.298	181.1451	1.119848	0.4760352	8.707362
5274	-2397.975	-2581.367	183.3925	1.110072	0.4447071	7.544304
5280	-2410.787	-2597.198	186.4116	1.297428	0.4748702	5.781571
5286	-2399.15	-2585.733	186.5833	1.390161	0.4111672	5.699521
5292	-2399.734	-2589.706	189.9719	1.644228	0.4408914	3.624387
5298	-2414.398	-2600.545	186.147	1.434742	0.643144	5.709806
5304	-2400.396	-2584.404	184.008	1.368283	0.2891023	7.247478
5310	-2407.79	-2594.654	186.8643	1.342774	0.4568112	5.525626
5316	-2405.839	-2592.681	186.8418	1.307434	0.5013321	5.515688
5322	-2389.631	-2578.242	188.6103	1.808929	0.3995673	4.352959
5328	-2390.694	-2578.994	188.3	1.674522	0.3753622	4.63001
5334	-2393.894	-2579.79	185.8957	1.266015	0.3677679	6.189231
5340	-2414.275	-2600.944	186.6688	1.284362	0.3891063	5.733976
5346	-2421.949	-2607.286	185.337	1.266074	0.7058884	6.198224
5352	-2403.982	-2590.704	186.7228	1.266713	0.3088663	5.807013
5358	-2397.11	-2582.482	185.3721	1.311954	0.5824433	6.247103
5364	-2389.466	-2576.304	186.8378	1.342434	0.5578063	5.449245
5370	-2390.314	-2576.579	186.2651	1.267574	0.6194965	5.754822
5376	-2394.81	-2581.314	186.5034	1.164102	0.3727719	5.908007
5382	-2399.676	-2588.061	188.3847	1.730302	0.4513058	4.470557
5388	-2395.85	-2584.842	188.9922	1.527751	0.4513058	4.241853
5394	-2409.759	-2596.531	186.7729	1.402613	0.5612968	5.448949
5400	-2401.257	-2590.859	189.6025	1.877909	0.8660859	3.356966
5406	-2406.397	-2595.99	189.5929	1.679744	0.694405	3.599115
5412	-2392.014	-2579.856	187.8422	1.663187	0.3506933	4.920338
5418	-2384.171	-2572.632	188.4611	1.509999	0.3506933	4.66039
5424	-2393.064	-2579.54	186.4761	1.501129	0.3345268	5.782441
5430	-2413.692	-2598.788	185.0959	1.238487	0.5775639	6.440822
5436	-2404.437	-2589.288	184.8507	1.319045	0.6955551	6.440822
5442	-2392.225	-2577.244	185.0194	1.298021	0.4957744	6.519819
5448	-2399.011	-2584.229	185.2179	1.384667	0.3488685	6.513981
5454	-2401.249	-2587.012	185.7631	1.228926	0.5685327	6.090874
5460	-2415.085	-2602.983	187.8973	1.510916	0.6098249	4.725467
5466	-2406.788	-2594.65	187.8617	1.546441	0.6098249	4.725467
5472	-2397.914	-2584.905	186.9909	1.732654	0.6991877	5.038781
5478	-2392.842	-2578.028	185.1859	1.741451	0.8986448	5.897356
5484	-2389.521	-2577.23	187.7091	1.741451	0.9818752	4.451531
5490	-2386.545	-2573.559	187.0135	1.601388	0.5392102	5.225349
5496	-2374.944	-2560.595	185.6503	1.336205	0.4613249	6.188578
5502	-2389.535	-2575.051	185.5158	1.336205	0.5428267	6.188578
5508	-2391.036	-2579.278	188.2425	1.464284	0.5031185	4.650082
5514	-2375.377	-2563.502	188.1257	1.388684	0.4798406	4.779506
5520	-2382.735	-2569.731	186.9961	1.351256	0.4640837	5.441417
5526	-2390.178	-2577.769	187.5909	1.480015	0.6225464	4.903528
5532	-2395.392	-2580.539	185.1466	1.293474	0.3695405	6.578777
5538	-2385.137	-2565.553	180.4164	1.152103	0.3560529	9.195903
5544	-2394.703	-2574.217	179.5143	0.852172	0.5054362	9.685196
5550	-2390.88	-2575.232	184.3514	1.170279	0.4481652	6.993771
5556	-2403.631	-2588.367	184.7356	1.143028	0.5037595	6.749962
5562	-2388.56	-2572.115	183.5547	1.210366	0.3404088	7.513081
5568	-2386.514	-2572.608	186.0935	1.25611	0.4246941	6.026697
5574	-2392.401	-2578.426	186.0249	1.29176	0.5207318	5.954467
5580	-2392.948	-2579.352	186.4041	1.143469	0.4206363	5.922805
5586	-2401.701	-2584.019	182.3174	1.097236	0.4818137	8.090884
5592	-2390.469	-2572.425	181.9565	1.062782	0.509395	8.277009
5598	-2409.357	-2593.427	184.0705	1.135703	0.4572265	7.154875
5604	-2401.388	-2582.91	181.5219	1.125249	0.4897989	8.492095
5610	-2398.229	-2584.044	185.8148	1.368646	0.5939382	5.965922
5616	-2402.643	-2588.281	185.6376	1.323013	0.3606163	6.306524
5622	-2415.284	-2599.515	184.2307	1.396499	0.5918863	6.811803
5628	-2399.054	-2584.588	185.5335	1.311498	0.44162	6.284521
5634	-2396.167	-2582.65	186.4825	1.282549	0.4721919	5.753429
5640	-2395.587	-2582.606	187.0185	1.367476	0.481928	5.403239
5646	-2391.094	-2575.354	184.2594	1.248878	0.4937807	6.958654
5652	-2406.513	-2590.214	183.7009	1.260104	0.374708	7.369834
5658	-2394.158	-2580.337	186.1788	1.455365	0.6152459	5.702573
5664	-2400.527	-2586.5	185.9727	1.499957	0.3984639	5.986679
5670	-2402.195	-2588.551	186.3562	1.660461	0.3193667	5.779132
5676	-2399.011	-2585.386	186.3751	1.410523	0.683316	5.56814
5682	-2382.634	-2570.863	188.2291	1.639797	0.952145	4.232396
5688	-2383.807	-2571.603	187.7963	1.700252	0.8831385	4.484257
5694	-2375.108	-2564.359	189.2508	1.590962	0.4911811	4.019657
5700	-2382.303	-2570.717	188.4144	1.466726	0.6388157	4.437013
5706	-2389.971	-2580.022	190.051	1.683029	0.4787188	3.517312
5712	-2382.705	-2572.886	190.1813	1.841008	0.6829054	3.168099
5718	-2393.079	-2583.374	190.2952	1.668262	0.7284004	3.168099
5724	-2395.608	-2586.519	190.9114	1.880488	0.6427704	2.737425
5730	-2407.85	-2596.23	188.38	1.67553	0.3177746	4.65315
5736	-2407.364	-2597.488	190.1232	1.728971	0.377427	3.557358
5742	-2391.602	-2582.595	190.9938	1.914298	0.7709711	2.563527
5748	-2383.346	-2573.616	190.2701	1.831504	0.5560376	3.228173
5754	-2411.68	-2600.445	188.7655	1.778078	0.4537563	4.225973
5760	-2388.558	-2571.664	183.106	1.470257	0.5143278	7.441266
5766	-2397.654	-2579.639	181.9851	1.252937	0.5119735	8.15831
5772	-2391.013	-2572.744	181.7306	1.20876	0.7201296	8.15831
5778	-2386.649	-2568.772	182.1231	1.166242	0.4811073	8.15831
5784	-2388.621	-2574.418	185.7969	1.343583	0.4811073	6.08619
5790	-2400.456	-2587.73	187.2741	1.487904	0.570914	5.116944
5796	-2381.835	-2569.724	187.889	1.632549	0.8770118	4.473977
5802	-2372.581	-2562.145	189.5643	1.700538	0.7733334	3.545958
5808	-2390.202	-2579.877	189.6749	1.81179	0.8425349	3.368819
5814	-2379.417	-2569.141	189.7244	1.81179	0.7998641	3.368819
5820	-2386.244	-2576.068	189.8239	1.655005	0.7998641	3.402381
5826	-2392.286	-2581.554	189.2678	1.650704	0.6744819	3.819022
5832	-2395.47	-2583.133	187.6632	1.375107	0.4489816	5.074343
5838	-2386.086	-2571.869	185.7835	1.19727	0.4704129	6.183111
5844	-2415.005	-2598.941	183.936	1.169787	0.3476533	7.322113
5850	-2417.662	-2601.029	183.3672	1.291968	0.3440269	7.565652
5856	-2414.128	-2598.68	184.5526	1.278411	0.4369126	6.837959
5862	-2397.485	-2582.132	184.6472	1.430515	0.2446042	6.930298
5868	-2389.245	-2574.479	185.2339	1.396666	0.4145904	6.4279
5874	-2403.78	-2587.887	184.1067	1.359404	0.2887015	7.199737
5880	-2393.013	-2579.68	186.6667	1.34141	0.3704018	5.724289
5886	-2395.118	-2580.994	185.8757	1.36898	0.297592	6.227436
5892	-2396.141	-2583.451	187.3106	1.186813	0.4977096	5.327205
5898	-2382.843	-2570.917	188.0744	1.476388	0.3396951	4.908086
5904	-2396.364	-2581.615	185.2507	1.108424	0.4693545	6.521523
5910	-2388.367	-2577.393	189.0256	1.513507	0.2901496	4.417253
5916	-2401.495	-2589.67	188.1745	1.594881	0.7035381	4.451038
5922	-2398.847	-2586.197	187.3498	1.324379	0.5004444	5.22706
5928	-2380.083	-2564.802	184.7184	1.235686	0.5112549	6.7026
5934	-2391.441	-2579.795	188.3537	1.367042	0.384163	4.762176
5940	-2385.979	-2573.925	187.9459	1.517039	0.365905	4.926418
5946	-2387.489	-2573.328	185.8389	1.304355	0.365905	6.201333
5952	-2385.571	-2573.898	188.3271	1.554723	0.4388555	4.614105
5958	-2387.736	-2575.638	187.9021	1.354053	0.5955445	4.821925
5964	-2394.523	-2581.473	186.9493	1.278173	0.4280775	5.542802
5970	-2391.249	-2577.244	185.9951	1.422688	0.5813789	5.848026
5976	-2396.098	-2580.689	184.5911	1.300461	0.5672224	6.688943
5982	-2386.067	-2570.139	184.0726	1.200831	0.4598423	7.116236
5988	-2393.42	-2580.838	187.4185	1.401193	0.5586798	5.095302
5994	-2403.691	-2590.176	186.4848	1.578182	0.9922127	5.219721
6000	-2396.065	-2582.378	186.3131	1.367428	0.5628139	5.719511
6006	-2402.489	-2588.253	185.7639	1.517555	0.6407053	5.875979
6012	-2388.122	-2575.597	187.4751	1.409029	0.5725843	5.047871
6018	-2379.718	-2567.947	188.2286	1.47631	0.517616	4.637877
6024	-2382.517	-2567.612	185.0952	1.103634	0.3786439	6.699261
6030	-2392.308	-2575.143	182.8353	1.028965	0.4512402	7.879378
6036	-2399.437	-2581.522	182.085	1.028965	0.4804928	8.252235
6042	-2390.961	-2573.321	182.36	1.037327	0.7574551	7.889249
6048	-2403.066	-2584.839	181.773	1.237531	1.124023	7.889249
6054	-2394.118	-2578.956	184.8387	1.338894	0.7349535	6.409198
6060	-2402.817	-2587.919	185.1023	1.219523	0.3343109	6.682744
6066	-2395.172	-2579.772	184.6008	1.426619	0.5417949	6.6366
6072	-2394.274	-2578.882	184.6075	1.199454	0.3824363	6.906676
6078	-2395.152	-2578.754	183.6012	1.190751	0.4952513	7.342392
6084	-2395.049	-2578.668	183.6198	1.042999	0.5772292	7.342392
6090	-2393.181	-2578.689	185.5081	1.388242	0.6637558	6.068898
6096	-2395.6	-2581.499	185.8984	1.2271	0.4705508	6.104232
6102	-2414.549	-2601.302	186.7526	1.556797	0.4653604	5.461096
6108	-2402.259	-2588.95	186.6908	1.372613	0.4010963	5.660743
6114	-2391.237	-2577.538	186.301	1.448614	0.6286792	5.628827
6120	-2393.631	-2581.807	188.1753	1.516458	0.6398676	4.542761
6126	-2400.828	-2590.464	189.6356	1.612146	0.6398676	3.656172
6132	-2399.152	-2586.543	187.3905	1.31973	0.4855894	5.220869
6138	-2402.511	-2587.288	184.7773	1.362999	0.5196932	6.594545
6144	-2404.13	-2592.638	188.5089	1.498966	0.5196932	4.465858
6150	-2409.416	-2596.614	187.1982	1.612833	0.417661	5.231811
6156	-2410.756	-2595.026	184.2697	1.196041	0.5048456	6.971658
6162	-2422.534	-2604.851	182.3169	0.7743797	0.4046617	8.336963
6168	-2405.87	-2582.67	176.8	0.9517548	0.3833446	11.17393
6174	-2382.911	-2568.668	185.7574	1.265328	0.6061761	6.043842
6180	-2402.803	-2585.268	182.4648	1.114208	0.384225	8.098468
6186	-2399.177	-2584.226	185.0496	1.102519	0.4719982	6.631045
6192	-2404.792	-2586.452	181.6601	1.160265	0.4719982	8.416117
6198	-2390.987	-2575.916	184.9295	1.17351	0.4814595	6.648855
6204	-2397.152	-2580.478	183.3259	1.168815	0.3486112	7.648452
6210	-2394.337	-2576.899	182.5618	1.084913	0.3486112	8.101208
6216	-2398.723	-2584.466	185.7437	1.227675	0.3937687	6.264569
6222	-2404.096	-2590.458	186.3613	1.081843	0.3858261	6.016243
6228	-2402.101	-2588.505	186.4048	1.207805	0.4008803	5.907706
6234	-2402.298	-2588.165	185.8664	1.268214	0.3642445	6.207915
6240	-2417.111	-2596.754	179.6431	1.063435	0.3356038	9.673939
6246	-2415.44	-2599.988	184.5474	1.25451	0.3706274	6.922186
6252	-2392.603	-2576.969	184.3654	1.191048	0.5577454	6.877607
6258	-2390.697	-2575.369	184.6715	1.172884	0.6493002	6.650498
6264	-2394.955	-2582.407	187.4518	1.278055	0.3829265	5.313652
6270	-2390.426	-2578.528	188.1019	1.489054	0.6363599	4.602068
6276	-2399.726	-2588.325	188.5994	1.630623	0.6363599	4.24179
6282	-2395.379	-2584.031	188.6525	1.318819	0.5030982	4.50159
6288	-2388.633	-2576.288	187.6556	1.338544	0.4547155	5.093168
6294	-2401.358	-2586.191	184.8337	1.338544	0.7385069	6.40969
6300	-2387.684	-2574.621	186.9368	1.245105	0.467017	5.529638
6306	-2386.465	-2571.679	185.2139	1.328599	0.3541892	6.540471
6312	-2389.712	-2568.525	178.813	0.8502513	0.3541892	10.20241
6318	-2394.663	-2576.233	181.5699	0.9021714	0.4598703	8.612313
6324	-2402.569	-2584.259	181.6896	0.9661831	0.3629392	8.612313
6330	-2398.825	-2580.493	181.6678	1.07153	0.4452169	8.484188
6336	-2394.79	-2577.011	182.2204	0.934024	0.2872858	8.436535
6342	-2398.619	-2578.99	180.3706	0.9869039	0.2872858	9.388454
6348	-2407.888	-2590.083	182.1957	1.082169	0.4429152	8.199959
6354	-2396.627	-2582.595	185.9678	1.349431	0.3691025	6.103117
6360	-2403.622	-2594.552	190.9302	1.740776	0.6122294	2.837287
6366	-2395.069	-2585.982	190.9131	1.75789	0.6122294	2.837287
6372	-2390.969	-2580.337	189.3676	1.549569	0.5231676	3.94661
6378	-2387.72	-2575.243	187.5223	1.309096	0.5231676	5.119606
6384	-2388.394	-2576.24	187.8465	1.376454	0.5231676	4.902119
6390	-2385.88	-2575.962	190.0827	1.451697	0.4370851	3.675753
6396	-2392.532	-2581.918	189.3854	1.519483	0.5182151	3.958184
6402	-2385.451	-2573.369	187.9177	1.451717	0.3689515	4.974959
6408	-2385.439	-2573.674	188.235	1.447579	0.479283	4.68597
6414	-2386.575	-2572.168	185.5928	1.139656	0.4312463	6.355853
6420	-2395.474	-2579.535	184.0612	1.093972	0.4312463	7.207359
6426	-2386.61	-2566.019	179.409	1.118098	0.4043981	9.694769
6432	-2385.72	-2568.36	182.6407	0.9296595	0.2874919	8.215043
6438	-2387.602	-2572.675	185.073	1.264817	0.2675705	6.758069
6444	-2383.366	-2568.348	184.9816	1.080895	0.447781	6.702442
6450	-2375.499	-2561.369	185.8698	1.206669	0.2968218	6.31976
6456	-2375.347	-2560.076	184.7288	1.224985	0.4844344	6.726775
6462	-2392.42	-2577.218	184.7974	1.408491	0.2756686	6.818444
6468	-2399.46	-2582.847	183.3871	1.528158	0.2756686	7.512185
6474	-2391.188	-2576.767	185.5787	1.137834	0.3713245	6.427044
6480	-2403.21	-2587.465	184.2546	1.485564	0.1897444	7.196149
6486	-2406.082	-2589.948	183.8667	1.131296	0.5362225	7.196149
6492	-2403.217	-2589.08	185.8626	1.186363	0.4484966	6.16694
6498	-2385.337	-2572.921	187.5833	1.437438	0.4572447	5.075952
6504	-2393.487	-2581.197	187.7093	1.506873	0.4572447	4.967412
6510	-2391.928	-2577.954	186.0256	1.277434	0.3426302	6.14089
6516	-2392.651	-2579.503	186.852	1.272107	0.3180536	5.721909
6522	-2394.492	-2581.332	186.8406	1.327157	0.526203	5.4833
6528	-2402.44	-2588.511	186.0701	1.321858	0.971234	5.60114
6534	-2389.376	-2574.728	185.3522	1.236705	0.4335855	6.431413
6540	-2390.247	-2575.912	185.6645	1.153566	0.5078675	6.237387
6546	-2388.402	-2572.965	184.5634	1.285574	0.3252667	6.948555
6552	-2389.832	-2572.171	182.3393	0.9806022	0.4887419	8.135159
6558	-2407.509	-2593.443	185.9336	1.24094	0.3382646	6.215873
6564	-2405.604	-2589.666	184.0625	1.178094	0.5453696	7.058035
6570	-2404.837	-2587.069	182.2316	1.113149	0.3612986	8.247942
6576	-2403.779	-2586.242	182.4625	1.13364	0.3616039	8.113734
6582	-2406.32	-2587.673	181.3531	0.9698215	0.2830305	8.883216
6588	-2388.974	-2572.132	183.1576	1.111646	0.4827913	7.633691
6594	-2380.892	-2566.345	185.4537	1.105833	0.3025381	6.592723
6600	-2383.952	-2568.508	184.5556	1.087644	0.4240737	6.951871
6606	-2385.035	-2574.135	189.1001	1.420146	0.4240737	4.269656
6612	-2380.286	-2563.496	183.2103	1.193159	0.4347889	7.606973
6618	-2394.099	-2578.779	184.6801	1.093757	0.4325504	6.87309
6624	-2383.816	-2565.385	181.5695	1.051876	0.4214107	8.569912
6630	-2385.641	-2568.473	182.8317	1.034074	0.5114735	7.823888
6636	-2386.695	-2572.724	186.0286	1.373964	0.5970713	5.843729
6642	-2394.283	-2581.085	186.8022	1.465951	0.5970713	5.368514
6648	-2394.541	-2579.423	184.8821	1.19731	0.2717359	6.891897
6654	-2398.622	-2583.999	185.3765	1.25249	0.4356409	6.407661
6660	-2392.513	-2573.568	181.0547	1.008686	0.420992	8.866276
6666	-2396.405	-2577.253	180.8482	1.10633	0.4823488	8.866276
6672	-2385.171	-2567.416	182.2446	0.9157912	0.5031123	8.207343
6678	-2385.122	-2571.375	186.2534	1.225309	0.2773877	6.126429
6684	-2387.435	-2572.921	185.4862	1.137038	0.577244	6.284355
6690	-2391.044	-2580.78	189.7365	1.55223	0.4282251	3.826797
6696	-2400.714	-2590.035	189.3208	1.53827	0.6703971	3.856334
6702	-2397.312	-2584.659	187.3466	1.749724	0.2822086	5.232907
6708	-2391.179	-2578.888	187.7088	1.505497	0.4979594	4.929822
6714	-2390.043	-2577.712	187.6687	1.346731	0.6283521	4.929822
6720	-2382.588	-2569.915	187.3269	1.332316	0.2995922	5.451233
6726	-2383.563	-2568.992	185.4284	1.128116	0.4355245	6.447049
6732	-2394.497	-2582.11	187.6127	1.379181	0.4043692	5.145664
6738	-2386.665	-2569.091	182.4263	1.04015	0.4373432	8.104867
6744	-2388.897	-2574.859	185.9623	1.101562	0.4373432	6.169751
6750	-2390.921	-2575.779	184.8585	1.231049	0.3088699	6.838727
6756	-2378.113	-2562.325	184.2118	1.207206	0.3465618	7.155158
6762	-2391.943	-2575.337	183.3944	1.148382	0.3603034	7.60969
6768	-2391.739	-2571.669	179.9302	0.9239501	0.3603034	9.568483
6774	-2384.76	-2568.399	183.6396	1.188891	0.3017248	7.525335
6780	-2385.99	-2569.255	183.2655	1.219598	0.5137868	7.490579
6786	-2400.684	-2579.224	178.5394	0.9073803	0.3485977	10.32236
6792	-2396.434	-2577.315	180.881	0.9952627	0.3280441	9.064789
6798	-2395.89	-2584.526	188.6357	1.436257	0.4180267	4.528895
6804	-2392.029	-2579.687	187.6578	1.511635	0.3458312	5.112632
6810	-2404.486	-2590.97	186.484	1.120761	0.4014927	5.911343
6816	-2397.94	-2583.547	185.6072	1.174224	0.383115	6.379021
6822	-2409.409	-2594.466	185.0568	1.177194	0.4410572	6.616247
6828	-2405.779	-2590.385	184.6059	1.234782	0.4961628	6.777248
6834	-2377.423	-2561.824	184.4008	1.254944	0.294868	7.089923
6840	-2375.226	-2560.599	185.3737	1.259406	0.3851439	6.457284
6846	-2371.486	-2556.806	185.3191	1.314059	0.3851439	6.457284
6852	-2387.428	-2572.622	185.1939	1.224026	0.3674805	6.593013
6858	-2369.954	-2553.343	183.3889	1.330298	0.4531244	7.420219
6864	-2371.279	-2556.805	185.527	1.386717	0.3837358	6.30658
6870	-2378.168	-2560.695	182.5267	1.201048	0.3219758	8.088787
6876	-2374.514	-2557.086	182.5719	1.222365	0.2723446	8.115433
6882	-2381.282	-2560.031	178.7485	0.9504642	0.348348	10.19006
6888	-2381.877	-2564.874	182.9972	1.113801	0.3056695	7.904063
6894	-2403.353	-2588.431	185.0788	1.29001	0.531647	6.460446
6900	-2406.319	-2591.336	185.0173	1.396146	0.3488984	6.616314
6906	-2403.447	-2585.745	182.2983	1.186481	0.2553424	8.303066
6912	-2382.478	-2565.941	183.4635	1.260534	0.4703742	7.401474
6918	-2399.496	-2582.999	183.5028	1.13088	0.4709153	7.449374
6924	-2399.313	-2586.366	187.0535	1.38908	0.2950751	5.576205
6930	-2392.095	-2580.803	188.7083	1.509414	0.5944046	4.282675
6936	-2397.461	-2583.916	186.455	1.376315	0.2611817	5.956259
6942	-2392.682	-2577.605	184.923	1.257735	0.5280511	6.565425
6948	-2396.453	-2580.079	183.626	1.255149	0.5070821	7.284082
6954	-2399.682	-2584.541	184.8588	1.188818	0.3051257	6.865974
6960	-2403.045	-2585.586	182.5408	1.115023	0.2946182	8.160517
6966	-2406.42	-2591.128	184.7081	1.171768	0.2946182	6.969613
6972	-2402.287	-2587.91	185.6227	1.234257	0.5495135	6.180235
6978	-2407.443	-2592.977	185.5335	1.232674	0.420696	6.348129
6984	-2417.408	-2605.203	187.7946	1.698125	0.7019486	4.60768
6990	-2404.328	-2590.197	185.8688	1.198486	0.7019486	5.948079
6996	-2416.581	-2597.772	181.1914	1.289338	0.4178345	8.648129
7002	-2407.098	-2591.241	184.1434	1.195039	0.5556863	6.996785
7008	-2392.47	-2575.85	183.3806	1.181587	0.3655257	7.593552
7014	-2397.757	-2579.095	181.3373	1.023902	0.4121853	8.717159
7020	-2384.486	-2566.137	181.6505	1.038234	0.2163832	8.781962
7026	-2389.2	-2572.795	183.5949	1.197947	0.5458399	7.298295
7032	-2392.026	-2577.141	185.115	1.111964	0.3769856	6.685864
7038	-2392.445	-2575.065	182.6198	1.104334	0.3256183	8.086432
7044	-2393.798	-2574.788	180.9903	1.03337	0.4867598	8.825669
7050	-2391.803	-2573.285	181.4826	0.9360915	0.347184	8.755574
7056	-2375.642	-2558.332	182.6902	0.9950076	0.347184	8.082323
7062	-2384.667	-2570.469	185.8017	1.229859	0.512253	6.117347
7068	-2380.195	-2564.654	184.4596	1.033464	0.3804173	7.077895
7074	-2393.857	-2579.181	185.3235	1.388069	0.5099155	6.293433
7080	-2393.504	-2584.177	190.6727	1.59143	0.3900666	3.301524
7086	-2386.35	-2576.559	190.2087	1.610756	0.5052456	3.441549
7092	-2403.044	-2591.178	188.1344	1.517057	0.5998472	4.597282
7098	-2382.524	-2569.902	187.378	1.414449	0.4550232	5.204561
7104	-2371.22	-2558.52	187.2996	1.349806	0.5411755	5.204561
7110	-2373.571	-2559.916	186.3459	1.233702	0.4622876	5.864303
7116	-2379.115	-2563.545	184.4301	1.195096	0.4143413	6.971398
7122	-2377.691	-2562.794	185.1033	1.245791	0.537383	6.466261
7128	-2389.039	-2574.218	185.1798	1.299113	0.6869435	6.279169
7134	-2394.482	-2578.263	183.7807	1.071792	0.4461033	7.355427
7140	-2388.26	-2571.002	182.742	1.08737	0.4167144	7.93159
7146	-2390.675	-2574.512	183.8371	1.175902	0.3954405	7.31997
7152	-2402.56	-2581.765	179.2056	0.855516	0.4715815	9.876081
7158	-2402.177	-2586.863	184.6864	1.02038	0.3889807	6.953699
7164	-2408.774	-2593.116	184.3427	1.28915	0.2640918	7.143145
7170	-2387.226	-2571.645	184.4195	1.221974	0.3059501	7.083736
7176	-2372.326	-2559.579	187.2535	1.269283	0.4689145	5.340121
7182	-2384.076	-2571.21	187.1342	1.269283	0.5415408	5.340121
7188	-2383.014	-2570.435	187.4212	1.415933	0.4510242	5.183747
7194	-2384.694	-2568.783	184.0887	1.277487	0.7031992	6.869837
7200	-2388.056	-2576.552	188.496	1.345506	0.4284122	4.647414
7206	-2391.449	-2579.365	187.9164	1.452954	0.3793922	4.963331
7212	-2381.239	-2569.488	188.2487	1.374977	0.4558971	4.741609
7218	-2396.936	-2585.303	188.3667	1.29432	0.3204521	4.870198
7224	-2399.166	-2583.697	184.5313	1.203024	0.3809359	6.947453
7230	-2389.645	-2572.698	183.0522	1.031598	0.3085498	7.915047
7236	-2395.907	-2576.114	180.2072	1.131994	0.4728086	9.200593
7242	-2383.689	-2571.573	187.8835	1.302957	0.4071167	5.034897
7248	-2378.33	-2563.989	185.6582	1.302957	0.6910243	6.013755
7254	-2384.098	-2568.566	184.4684	1.011266	0.5254551	6.946186
7260	-2386.376	-2572.165	185.7884	1.14967	0.5024096	6.176999
7266	-2377.705	-2564.127	186.4224	1.192626	0.5024096	5.807703
7272	-2390.38	-2575.556	185.1755	1.300191	0.8645481	6.164053
7278	-2386.925	-2573.156	186.2302	1.316613	0.466824	5.877904
7284	-2372.682	-2560.562	187.8799	1.378873	0.4603791	4.940686
7290	-2382.118	-2567.761	185.6432	1.198133	0.4570339	6.271613
7296	-2377.555	-2565.046	187.4904	1.314078	0.3702436	5.286477
7302	-2384.678	-2573.975	189.297	1.374844	0.3564524	4.258947
7308	-2383.563	-2573.861	190.2985	1.715801	0.3564524	3.487851
7314	-2374.224	-2562.772	188.5483	1.411816	0.3564524	4.659769
7320	-2385.511	-2573.524	188.0122	1.691726	0.3388024	4.823846
7326	-2391.049	-2577.541	186.4928	1.311357	0.4517712	5.75156
7332	-2390.549	-2574.955	184.4061	1.317203	0.3488546	6.988814
7338	-2398.281	-2580.167	181.8861	1.117183	0.3376242	8.456117
7344	-2386.785	-2573.571	186.7859	1.455069	0.547562	5.424492
7350	-2383.03	-2573.206	190.1756	1.488402	0.3517239	3.697058
7356	-2384.205	-2572.325	188.1198	1.587487	0.5962422	4.568913
7362	-2373.109	-2561.566	188.4572	1.473022	0.451145	4.574628
7368	-2374.747	-2562.785	188.0382	1.488715	0.3781853	4.876951
7374	-2378.346	-2566.37	188.0238	1.49182	0.5071442	4.75336
7380	-2394.675	-2581.946	187.2716	1.529899	0.3559415	5.304383
7386	-2381.026	-2569.116	188.0906	1.510004	0.4929874	4.718911
7392	-2397.841	-2584.317	186.4758	1.352002	0.3219311	5.879326
7398	-2399.291	-2586.278	186.9872	1.35016	0.4550567	5.45561
7404	-2394.43	-2581.49	187.0595	1.277885	0.4550567	5.45561
7410	-2392.918	-2580.554	187.6361	1.48779	0.5304351	4.950778
7416	-2397.694	-2588.182	190.4878	1.828627	0.3738718	3.289663
7422	-2402.855	-2594.723	191.8682	1.971818	0.3591293	2.381416
7428	-2391.565	-2582.202	190.6378	1.922041	0.631364	2.88818
7434	-2396.374	-2587.434	191.0603	1.978467	0.5726031	2.647921
7440	-2383.772	-2575.733	191.9602	2.016968	0.4429263	2.19021
7446	-2380.34	-2571.833	191.4929	1.905247	0.4808608	2.515898
7452	-2375.791	-2567.106	191.3149	1.858805	0.4801607	2.655752
7458	-2377.07	-2567.895	190.8249	1.850478	0.4893631	2.949645
7464	-2379.957	-2571.682	191.7242	1.899647	0.3734902	2.498856
7470	-2381.838	-2573.785	191.9473	1.898751	0.4055774	2.318883
7476	-2388.331	-2578.993	190.6621	1.537639	0.3215747	3.423307
7482	-2386.438	-2569.99	183.5521	1.371035	0.8476026	7.014458
7488	-2385.583	-2570.998	185.4149	1.292244	0.4524682	6.348837
7494	-2385.502	-2572.073	186.5704	1.199691	0.4978944	5.726887
7500	-2386.715	-2569.348	182.6333	1.085371	0.4978944	7.914348
7506	-2382.5	-2570.222	187.7226	1.594148	0.5975803	4.786457
7512	-2392.296	-2574.62	182.3247	1.202845	0.8057274	7.788734
7518	-2380.862	-2566.775	185.913	1.309114	0.6400746	5.908903
7524	-2383.059	-2567.676	184.6172	1.358842	0.8170358	6.464712
7530	-2395.182	-2582.694	187.5119	1.415949	0.6000141	5.001067
7536	-2388.243	-2575.793	187.5505	1.415949	0.5738466	5.001067
7542	-2385.127	-2573.545	188.4179	1.658319	0.3465378	4.606348
7548	-2393.32	-2580.114	186.7941	1.443282	0.4096743	5.556286
7554	-2393.481	-2582.116	188.6341	1.476637	0.5857055	4.350397
7560	-2397.461	-2584.936	187.475	1.362679	0.3871792	5.249444
7566	-2401.162	-2589.714	188.5525	1.366018	0.4502827	4.582026
7572	-2413.141	-2598.957	185.8166	1.192395	0.555226	6.092664
7578	-2397.663	-2579.344	181.6806	1.205584	0.4517807	8.399905
7584	-2403.842	-2587.08	183.2387	1.234569	0.4517807	7.553262
7590	-2396.34	-2579.321	182.981	1.294017	0.5355614	7.584474
7596	-2394.611	-2579.405	184.7937	1.244185	0.3857222	6.778631
7602	-2388.865	-2573.062	184.1964	1.292973	0.286202	7.190446
7608	-2394.159	-2578.093	183.9336	1.102184	0.3566079	7.349598
7614	-2390.394	-2574.118	183.7236	1.071712	0.4852581	7.349598
7620	-2391.507	-2573.442	181.9352	1.116628	0.4852581	8.28101
7626	-2387.904	-2570.084	182.1804	1.14294	0.336472	8.287221
7632	-2391.508	-2577.62	186.1127	1.243946	0.4539471	5.994009
7638	-2390.953	-2577.861	186.9079	1.251624	0.4539471	5.554543
7644	-2394.67	-2574.533	179.8636	0.9636564	0.3731764	9.568819
7650	-2389.184	-2573.949	184.7651	1.218614	0.6846819	6.549349
7656	-2399.038	-2584.785	185.7465	1.316837	0.471343	6.137344
7662	-2396.002	-2579.29	183.2882	1.115273	0.3100563	7.74248
7668	-2385.736	-2572.931	187.1944	1.469557	0.4237565	5.306807
7674	-2384.624	-2570.55	185.9262	1.279234	0.41588	6.11424
7680	-2384.281	-2572.008	187.7269	1.344693	0.3109089	5.209315
7686	-2390.765	-2576.902	186.1368	1.276789	0.4540326	5.962905
7692	-2394.955	-2582.029	187.0735	1.288814	0.3289707	5.577955
7698	-2399.355	-2588.592	189.2373	1.51466	0.5122232	4.051089
7704	-2388.975	-2577.409	188.4337	1.472722	0.4007899	4.640168
7710	-2401.002	-2589.688	188.6857	1.44406	0.3774322	4.540533
7716	-2396.309	-2584.925	188.6156	1.464995	0.4955661	4.447096
7722	-2392.247	-2580.878	188.6309	1.452521	0.4938875	4.447096
7728	-2397.431	-2586.637	189.2054	1.454982	0.4510469	4.162398
7734	-2412.089	-2594.239	182.1495	1.290686	0.3422424	8.21842
7740	-2388.721	-2574.88	186.1588	1.378233	0.5768691	5.786476
7746	-2396.896	-2581.9	185.004	1.205667	0.5602137	6.522607
7752	-2393.431	-2578.329	184.8985	1.182545	0.266874	6.897574
7758	-2391.847	-2576.241	184.3939	1.087611	0.3623645	7.103771
7764	-2382.886	-2568.531	185.645	1.234039	0.5140617	6.198747
7770	-2390.504	-2576.071	185.5664	1.312673	0.5140617	6.198747
7776	-2392.381	-2577.763	185.3815	1.312673	0.4108751	6.397184
7782	-2385.807	-2570.503	184.6962	1.181354	0.3949178	6.855419
7788	-2392.328	-2578.5	186.1722	1.304201	0.5973652	5.80309
7794	-2387.109	-2569.427	182.3178	1.091413	0.4289884	8.143451
7800	-2398.999	-2584.026	185.0271	1.298305	0.4355908	6.572146
7806	-2388.387	-2575.319	186.9324	1.273944	0.5522198	5.43963
7812	-2393.391	-2581.283	187.8915	1.432292	0.5483821	4.823791
7818	-2382.117	-2570.776	188.6591	1.423719	0.6333367	4.327472
7824	-2398.612	-2587.175	188.5622	1.423719	0.705441	4.327472
7830	-2402.702	-2591.948	189.2469	1.414505	0.4627334	4.150151
7836	-2404.686	-2595.763	191.0767	1.621957	0.5309833	2.894642
7842	-2404.009	-2589.762	185.7539	1.402024	0.3285274	6.237537
7848	-2387.778	-2573.92	186.1421	1.392187	0.5781999	5.786859
7854	-2394.289	-2581.249	186.9606	1.400564	0.4440738	5.453276
7860	-2392.427	-2579.468	187.0412	1.499105	0.7088099	5.133479
7866	-2374.941	-2563.056	188.1147	1.482668	0.5064077	4.7083
7872	-2385.17	-2571.582	186.4125	1.322989	0.5757878	5.678628
7878	-2387.194	-2574.713	187.519	1.419477	0.3440067	5.242647
7884	-2379.818	-2567.781	187.9637	1.313891	0.4937508	4.898487
7890	-2386.145	-2569.289	183.1447	1.089999	0.5993274	7.554369
7896	-2389.369	-2572.676	183.3071	1.076211	0.4867273	7.56909
7902	-2381.823	-2566.342	184.519	1.195139	0.4663399	6.872863
7908	-2384.101	-2570.263	186.1619	1.280406	0.4617724	5.939755
7914	-2392.952	-2577.959	185.0072	1.219701	0.4257675	6.635201
7920	-2393.377	-2581.362	187.9853	1.482651	0.4548061	4.829615
7926	-2398.47	-2583.273	184.8034	1.110167	0.4139812	6.816294
7932	-2411.56	-2602.173	190.613	1.775707	0.6071465	3.011952
7938	-2394.254	-2583.987	189.7331	1.707035	0.6588307	3.529297
7944	-2386.155	-2575.556	189.4017	1.644706	0.6152688	3.792492
7950	-2388.949	-2577.473	188.5242	1.509956	0.7282617	4.283671
7956	-2391.681	-2581.17	189.4891	1.509956	0.4834472	3.93717
7962	-2391.849	-2578.036	186.1871	1.335629	0.5373904	5.827414
7968	-2385.286	-2572.406	187.1197	1.521807	0.4524821	5.290492
7974	-2385.047	-2570.9	185.853	1.389759	0.4524821	6.057556
7980	-2409.521	-2590.25	180.7288	1.062208	0.6075162	8.849416
7986	-2406.827	-2589.538	182.7107	1.112138	0.3388202	8.018471
7992	-2409.892	-2596.431	186.539	1.475608	0.2885357	5.819283
7998	-2396.575	-2583.222	186.647	1.26513	0.3335005	5.819283
8004	-2396.977	-2581.603	184.6256	1.140726	0.4909149	6.822072
8010	-2388.238	-2572.989	184.7507	1.134777	0.4232935	6.822072
8016	-2395.684	-2578.622	182.9383	1.131012	0.4740814	7.748555
8022	-2395.802	-2578.82	183.0181	1.106457	0.609832	7.605231
8028	-2384.574	-2570.623	186.0486	1.239169	0.5121343	5.977786
8034	-2383.694	-2569.751	186.0572	1.280727	0.4819258	5.977786
8040	-2381.498	-2566.537	185.039	1.16678	0.4597448	6.613565
8046	-2375.773	-2558.715	182.9421	1.193957	0.4114187	7.773162
8052	-2376.352	-2562.2	185.8484	1.301398	0.3979609	6.163112
8058	-2380.819	-2567.337	186.5179	1.284758	0.4066386	5.797766
8064	-2381.922	-2568.955	187.0334	1.543296	0.7146219	5.109176
8070	-2383.773	-2570.83	187.0565	1.298797	0.5809977	5.333488
8076	-2375.654	-2561.063	185.4088	1.300202	0.4071443	6.393012
8082	-2387.228	-2567.454	180.2261	0.9666761	0.3436128	9.408294
8088	-2394.784	-2575.666	180.8821	0.9566182	0.4544683	8.953142
8094	-2386.794	-2567.042	180.2477	1.029596	0.4578224	9.247075
8100	-2388.573	-2568.437	179.8638	1.076392	0.4324629	9.449125
8106	-2402.177	-2582.126	179.9488	1.059108	0.5506348	9.308656
8112	-2394.133	-2578.972	184.8386	1.213142	0.4486599	6.707382
8118	-2388.209	-2571.482	183.2734	1.150024	0.4486599	7.582905
8124	-2394.623	-2577.633	183.01	1.295312	0.31721	7.786299
8130	-2401.884	-2585.782	183.8977	1.308775	0.5221222	7.096162
8136	-2402.964	-2590.602	187.6378	1.54669	0.5099881	4.935406
8142	-2385.093	-2568.368	183.275	1.312572	0.4317648	7.511314
8148	-2392.659	-2575.83	183.1711	1.140133	0.5173833	7.58057
8154	-2386.059	-2567.43	181.3711	1.177963	0.4117221	8.617959
8160	-2379.979	-2558.121	178.1418	1.008502	0.5108124	10.32067
8166	-2380.466	-2563.676	183.2093	1.211616	0.3360317	7.702333
8172	-2396.627	-2582.579	185.9513	1.33059	0.6925618	5.837522
8178	-2399.655	-2586.091	186.4356	1.339386	0.5218964	5.702757
8184	-2377.764	-2562.243	184.4788	1.184877	0.412946	6.952101
8190	-2385.785	-2571.437	185.6517	1.341432	0.4537256	6.192265
8196	-2385.329	-2571.019	185.6894	1.299675	0.4537256	6.194474
8202	-2388.645	-2573.95	185.3042	1.301794	0.3980017	6.458358
8208	-2386.076	-2567.303	181.2266	1.045166	0.3980017	8.778941
8214	-2395.981	-2579.075	183.0941	0.972231	0.5982663	7.645307
8220	-2399.287	-2585.348	186.0608	1.293716	0.443892	6.004966
8226	-2394.544	-2579.313	184.7694	1.150495	0.4319686	6.794854
8232	-2403.596	-2587.572	183.976	1.247944	0.5931252	7.028189
8238	-2393.138	-2575.847	182.7085	1.301944	0.4896789	7.765862
8244	-2398.589	-2577.433	178.8433	0.8818053	0.5155289	10.01438
8250	-2391.493	-2573.387	181.8936	1.015087	0.3509207	8.491292
8256	-2402.864	-2585.343	182.4786	1.167936	0.3344886	8.117409
8262	-2415.159	-2600.502	185.3427	1.343587	0.6320746	6.207001
8268	-2404.81	-2590.387	185.5767	1.403355	0.445827	6.207001
8274	-2382.414	-2569.998	187.5834	1.541066	0.4118436	5.064301
8280	-2383.782	-2569.925	186.1427	1.442815	0.3413208	5.988472
8286	-2392.119	-2578.382	186.2629	1.370884	0.3192937	5.988472
8292	-2390.196	-2575.564	185.3675	1.24753	0.3853939	6.466835
8298	-2398.336	-2583.719	185.3831	1.194531	0.3223896	6.55857
8304	-2395.171	-2579.831	184.6601	1.306383	0.4051612	6.796747
8310	-2397.219	-2581.623	184.4038	1.314837	0.4283824	6.906965
8316	-2380.39	-2567.966	187.5754	1.241252	0.4114804	5.235151
8322	-2384.594	-2568.834	184.2398	1.232986	0.4284527	7.039317
8328	-2392.316	-2574.583	182.267	0.9634349	0.558275	8.123465
8334	-2388.19	-2569.765	181.575	1.012213	0.48721	8.526264
8340	-2396.431	-2579.52	183.0888	1.221532	0.48721	7.607711
8346	-2389.405	-2572.797	183.3913	1.212555	0.4957608	7.442811
8352	-2375.716	-2560.741	185.0254	1.277709	0.5996023	6.440179
8358	-2381.74	-2567.753	186.0132	1.421928	0.4892368	5.918012
8364	-2379.851	-2567.58	187.7291	1.452081	0.4288118	5.015282
8370	-2388.672	-2577.425	188.753	1.593979	0.5704128	4.22963
8376	-2392.643	-2582.771	190.1279	1.589058	0.3887858	3.622774
8382	-2404.017	-2592.681	188.6639	1.689048	0.4695895	4.318243
8388	-2413.494	-2598.75	185.2559	1.931059	1.389205	5.5097
8394	-2404.432	-2591.919	187.4869	1.551673	0.6167495	4.926112
8400	-2397.135	-2585.612	188.4777	1.52904	0.5040505	4.480812
8406	-2400.263	-2581.807	181.544	1.032664	0.5622391	8.468102
8412	-2391.532	-2575.771	184.2386	1.386433	0.3580558	7.03132
8418	-2383.768	-2569.587	185.8182	1.309724	0.3655757	6.210043
8424	-2398.652	-2583.153	184.5015	1.174254	0.4370224	6.921558
8430	-2387.502	-2573.489	185.9873	1.278779	0.397081	6.100718
8436	-2389.374	-2573.083	183.7089	1.18791	0.3740833	7.40495
8442	-2391.308	-2576.401	185.0929	1.246782	0.3307419	6.677281
8448	-2394.153	-2578.919	184.7664	1.247143	0.3234742	6.862015
8454	-2408.72	-2594.633	185.9132	1.235336	0.3169021	6.255607
8460	-2398.676	-2580.109	181.4333	1.160585	0.4432156	8.563313
8466	-2398.896	-2587.135	188.2386	1.270574	0.441243	4.82011
8472	-2388.499	-2575.429	186.93	1.288255	0.6389458	5.36312
8478	-2396.004	-2578.815	182.811	1.080419	0.3780145	7.938493
8484	-2392.624	-2577.323	184.6991	1.08028	0.3919156	6.911489
8490	-2399.425	-2581.558	182.1325	1.294139	0.4584459	8.106009
8496	-2405.129	-2593.086	187.9568	1.930448	0.2073874	4.904445
8502	-2406.002	-2590.975	184.973	1.551178	0.6879737	6.253815
8508	-2392.018	-2577.554	185.5357	1.347494	0.4085054	6.297025
8514	-2390.143	-2573.814	183.6707	1.289153	0.4275758	7.315876
8520	-2378.436	-2561.529	183.0923	1.263912	0.3282467	7.745966
8526	-2386.931	-2571.254	184.323	1.283614	0.4216105	6.974084
8532	-2382.59	-2565.621	183.0311	1.142102	0.5360889	7.638527
8538	-2386.651	-2570.22	183.5689	1.286859	0.2994332	7.513591
8544	-2396.114	-2581.212	185.0986	1.37832	0.3771706	6.550478
8550	-2398.132	-2582.504	184.372	1.157382	0.4265345	7.010772
8556	-2407.258	-2592.939	185.681	1.204444	0.4007858	6.303824
8562	-2402.975	-2586.029	183.0545	1.21965	0.3498643	7.76498
8568	-2403.553	-2586.708	183.1548	1.074824	0.3714124	7.76498
8574	-2401.508	-2586.836	185.3285	1.338491	0.4695734	6.354423
8580	-2418.381	-2602.002	183.621	1.03747	0.5578257	7.360429
8586	-2409.395	-2595.218	185.8225	1.269999	0.3660299	6.228787
8592	-2404.199	-2589.917	185.718	1.314689	0.4758653	6.149787
8598	-2396.941	-2586.771	189.8304	1.595472	0.5092486	3.666748
8604	-2395.065	-2584.219	189.1537	1.456575	0.6173844	4.040753
8610	-2386.732	-2572.745	186.0128	1.41167	0.3208983	6.10058
8616	-2391.205	-2577.335	186.1298	1.308569	0.505909	5.901156
8622	-2404.884	-2589.113	184.2294	1.184226	0.6200518	6.905064
8628	-2401.266	-2583.337	182.0708	0.9914819	0.6200518	8.164509
8634	-2395.03	-2579.942	184.9122	1.126072	0.3845326	6.779697
8640	-2397.655	-2585.368	187.7125	1.196642	0.3995099	5.196659
8646	-2401.908	-2582.608	180.6996	0.9620279	0.580714	8.938732
8652	-2397.708	-2584.811	187.1032	1.287041	0.6580487	5.253696
8658	-2399.885	-2587.534	187.6486	1.446272	0.5204878	4.975783
8664	-2399.34	-2587.644	188.3042	1.402017	0.5108037	4.643346
8670	-2390.702	-2579.81	189.108	1.363695	0.4086625	4.313483
8676	-2393.871	-2582.658	188.7864	1.452717	0.4086625	4.444758
8682	-2393.604	-2582.174	188.5694	1.449982	0.5359675	4.444758
8688	-2402.924	-2591.558	188.6348	1.495188	0.3497442	4.572374
8694	-2396.353	-2585.362	189.0087	1.479327	0.4970648	4.215403
8700	-2391.703	-2579.871	188.1678	1.334178	0.4945513	4.772567
8706	-2393.846	-2581.017	187.1714	1.313636	0.4945513	5.336933
8712	-2408.467	-2597.15	188.6837	1.448972	0.439474	4.47254
8718	-2413.427	-2601.33	187.9026	1.496552	0.3269753	5.007848
8724	-2399.695	-2587.524	187.8285	1.569908	0.6165541	4.725526
8730	-2395.091	-2584.358	189.2666	1.557402	0.3988562	4.124313
8736	-2389.91	-2579.647	189.7366	1.631311	0.5105752	3.699022
8742	-2394.923	-2581.786	186.8628	1.52637	0.4813599	5.402007
8748	-2392.949	-2581.294	188.3451	1.364405	0.4621407	4.687449
8754	-2396.168	-2583.791	187.623	1.424	0.3607281	5.163193
8760	-2398.385	-2587.802	189.417	1.556697	0.6396156	3.814591
8766	-2398.893	-2589.984	191.091	1.789894	0.410047	2.910929
8772	-2389.539	-2579.248	189.7086	1.829194	0.475793	3.634282
8778	-2394.55	-2581.943	187.3925	1.639713	0.3829375	5.146494
8784	-2392.015	-2581.635	189.6196	1.808666	0.3863928	3.792394
8790	-2402.442	-2590.586	188.1431	1.652521	0.3061457	4.813205
8796	-2390.174	-2578.199	188.025	1.583238	0.3949574	4.813205
8802	-2383.881	-2568.232	184.3514	1.05331	0.3024012	7.215421
8808	-2390.371	-2571.779	181.408	1.086614	0.3626699	8.69817
8814	-2389.508	-2570.575	181.0675	1.168948	0.4637637	8.733741
8820	-2407.46	-2587.81	180.3507	1.01681	0.3092165	9.356071
8826	-2410.572	-2592.615	182.0433	1.066102	0.4962031	8.240593
8832	-2395.502	-2578.843	183.3416	1.11916	0.4253279	7.58558
8838	-2390.346	-2574.234	183.8888	1.086958	0.4253279	7.30957
8844	-2392.991	-2579.024	186.0329	1.401787	0.5341123	5.878373
8850	-2403.568	-2592.195	188.6274	1.333997	0.4278071	4.580814
8856	-2390.182	-2573.517	183.3349	1.15566	0.5434871	7.462353
8862	-2388.842	-2573.159	184.317	1.101152	0.5434871	6.964014
8868	-2386.868	-2572.186	185.3187	1.194213	0.5472649	6.369058
8874	-2392.093	-2577.105	185.0127	1.293647	0.4723517	6.547292
8880	-2391.138	-2576.453	185.315	1.17089	0.3965417	6.52495
8886	-2390.543	-2576.309	185.7663	1.175891	0.4008707	6.272938
8892	-2380.667	-2565.913	185.246	1.383592	0.3419373	6.50735
8898	-2398.501	-2583.874	185.3725	1.304689	0.4221258	6.394961
8904	-2391.483	-2576.492	185.0094	1.369787	0.4833411	6.497672
8910	-2392.257	-2579.896	187.6388	1.610816	0.3943907	5.013443
8916	-2392.94	-2579.376	186.4359	1.34347	0.7320493	5.536976
8922	-2402.13	-2590.155	188.0251	1.684444	1.244178	4.167752
8928	-2383.815	-2572.083	188.2687	1.597252	0.3967683	4.667181
8934	-2402.333	-2589.682	187.3497	1.627409	0.3807323	5.179413
8940	-2401.072	-2588.485	187.4132	1.574528	0.375404	5.179413
8946	-2395.96	-2583.947	187.9869	1.527567	0.5744432	4.69505
8952	-2397.774	-2586.741	188.9667	1.728844	0.3478217	4.255751
8958	-2390.399	-2577.685	187.2864	1.704765	0.2748609	5.300906
8964	-2397.75	-2584.119	186.369	1.559988	0.3706114	5.76743
8970	-2404.894	-2592.006	187.112	1.276903	0.4099674	5.472628
8976	-2398.337	-2584.657	186.3196	1.54801	0.3779079	5.792965
8982	-2410.342	-2596.447	186.1051	1.505507	0.6700974	5.673873
8988	-2412.048	-2598.478	186.4306	1.365243	0.4016973	5.806684
8994	-2399.06	-2586.532	187.4716	1.350446	0.5668238	5.087129
9000	-2399.297	-2585.239	185.9417	1.322197	0.4886029	6.012034
9006	-2404.565	-2590.796	186.2318	1.340203	0.4080844	5.922387
9012	-2412.502	-2596.997	184.4941	1.391508	0.2644836	7.006077
9018	-2400.439	-2585.457	185.0181	1.271855	0.4094565	6.617567
9024	-2412.523	-2596.948	184.4252	1.305218	0.6172671	6.736298
9030	-2408.04	-2591.213	183.1729	1.221229	0.357981	7.691742
9036	-2412.841	-2595.679	182.8377	1.195037	0.3214752	7.926766
9042	-2402.765	-2586.009	183.244	1.081151	0.5609759	7.536532
9048	-2406.934	-2592.225	185.2907	1.284995	0.4583089	6.414578
9054	-2404.445	-2592.303	187.8583	1.547005	0.3536025	4.972629
9060	-2408.246	-2597.681	189.435	1.65196	0.6179869	3.766871
9066	-2404.338	-2592.817	188.4792	1.417625	0.372407	4.676852
9072	-2419.973	-2607.645	187.6726	1.476108	0.3471806	5.122574
9078	-2424.407	-2610.248	185.8406	1.38121	0.6300988	5.916655
9084	-2413.097	-2596.175	183.0774	1.372979	0.4341694	7.582463
9090	-2408.497	-2595.877	187.3801	1.303171	0.4335146	5.286211
9096	-2403.685	-2587.628	183.9432	1.30444	0.3830963	7.206988
9102	-2401.214	-2586.857	185.6422	1.588096	0.6345926	5.908587
9108	-2404.711	-2593.613	188.9019	1.712838	0.2582009	4.419073
9114	-2414.417	-2602.994	188.5774	1.667049	0.4302083	4.419073
9120	-2407.494	-2595.95	188.4557	1.482945	0.5284219	4.496922
9126	-2404.888	-2593.005	188.1176	1.64111	0.5923806	4.543181
9132	-2409.564	-2598.488	188.9242	1.77472	0.3877291	4.207678
9138	-2414.344	-2603.296	188.9521	1.700681	0.5049182	4.114433
9144	-2418.486	-2605.247	186.7612	1.591013	0.4486948	5.45365
9150	-2411.468	-2602.104	190.6363	1.917793	0.7075518	2.829557
9156	-2405.638	-2595.492	189.8541	1.619062	0.4400198	3.708107
9162	-2402.089	-2585.993	183.9045	1.276365	0.4460778	7.179101
9168	-2396.791	-2580.664	183.8733	1.18468	0.6232531	7.094149
9174	-2405.938	-2589.628	183.6908	1.289976	0.4211094	7.311054
9180	-2389.3	-2572.196	182.8963	1.239665	0.352688	7.835638
9186	-2381.133	-2564.61	183.4765	1.382803	0.6074496	7.213059
9192	-2410.949	-2596.174	185.2249	1.312378	0.5513964	6.35237
9198	-2392.975	-2581.68	188.7051	1.690174	0.453083	4.310665
9204	-2405.776	-2594.403	188.6267	1.652463	0.4781922	4.351638
9210	-2406.771	-2590.999	184.2278	1.223069	0.2799479	7.219305
9216	-2398.621	-2581.877	183.2557	1.120448	0.3420727	7.719323
9222	-2411.107	-2598.21	187.1038	1.363932	0.4022964	5.437303
9228	-2412.326	-2598.638	186.3122	1.16804	0.5197665	5.865957
9234	-2401.111	-2585.43	184.3192	1.147254	0.573522	6.913218
9240	-2400.863	-2585.58	184.7169	1.297257	0.4998693	6.680243
9246	-2405.811	-2590.465	184.6536	1.248325	0.5709937	6.680243
9252	-2401.873	-2587.635	185.7616	1.275376	0.5709937	6.064353
9258	-2391.367	-2575.84	184.4734	1.275376	0.4870792	6.835036
9264	-2405.572	-2591.647	186.0746	1.4835	0.3062913	6.045797
9270	-2405.625	-2591.152	185.5268	1.428934	0.5197213	6.152032
9276	-2396.282	-2581.906	185.6248	1.432343	0.4638568	6.147767
9282	-2384.232	-2571.794	187.5623	1.432343	0.6903248	4.894509
9288	-2393.316	-2581.358	188.0418	1.555978	0.3505352	4.869119
9294	-2378.285	-2565.105	186.8207	1.568642	0.3715876	5.513763
9300	-2381.159	-2569.039	187.8799	1.513674	0.61531	4.729239
9306	-2378.442	-2565.773	187.3315	1.467517	0.8866879	4.872584
9312	-2379.628	-2569.246	189.6176	1.684371	0.672755	3.598715
9318	-2389.683	-2579.445	189.762	1.663163	0.5851942	3.598715
9324	-2388.212	-2578.11	189.8979	1.753685	0.9204738	3.221162
9330	-2390.912	-2581.938	191.0256	1.817375	0.6801309	2.675006
9336	-2387.462	-2578.757	191.2949	1.805946	0.6047178	2.580304
9342	-2389.402	-2580.166	190.7648	1.885466	0.629499	2.835001
9348	-2391.501	-2580.385	188.8839	1.628674	0.6174179	4.096422
9354	-2396.943	-2584.791	187.8485	1.541026	0.6770169	4.68389
9360	-2386.862	-2576.571	189.7083	1.688548	0.6792098	3.538571
9366	-2385.31	-2574.904	189.5949	1.648941	0.4502145	3.829786
9372	-2391.022	-2580.121	189.0991	1.753892	0.4567346	4.046989
9378	-2384.538	-2570.107	185.5685	1.38424	0.4237774	6.243679
9384	-2394.577	-2582.61	188.0322	1.370099	0.4704839	4.850981
9390	-2397.204	-2584.057	186.8522	1.351809	0.378141	5.60834
9396	-2407.115	-2592.79	185.6749	1.364095	0.405739	6.215257
9402	-2415.727	-2603.762	188.0352	1.597679	0.405739	4.787824
9408	-2409.594	-2597.359	187.7654	1.476631	0.3567747	5.059622
9414	-2403.753	-2589.606	185.8528	1.414645	0.802473	5.770744
9420	-2416.115	-2603.564	187.4482	1.548105	0.3643447	5.187124
9426	-2407.407	-2595.057	187.6504	1.687707	0.2416501	5.156161
9432	-2400.675	-2587.894	187.2191	1.625947	0.3282792	5.313038
9438	-2402.442	-2589.935	187.4927	1.559362	0.3898947	5.127891
9444	-2398.333	-2583.729	185.3956	1.291864	0.4029095	6.409068
9450	-2400.127	-2588.457	188.3299	1.563492	0.3843427	4.665404
9456	-2398.486	-2586.797	188.3111	1.595288	0.3041535	4.753953
9462	-2404.107	-2589.873	185.7656	1.395254	0.417818	6.136508
9468	-2389.576	-2573.745	184.1693	1.427938	0.4151333	6.985668
9474	-2396.01	-2579.237	183.2271	1.239146	0.5423109	7.476378
9480	-2394.884	-2578.136	183.2518	1.143223	0.4537954	7.593206
9486	-2412.594	-2596.133	183.5389	1.208989	0.5436133	7.324265
9492	-2414.25	-2599.02	184.77	1.469712	0.6355605	6.446791
9498	-2407.933	-2594.825	186.8919	1.338428	0.4594152	5.510298
9504	-2417.828	-2602.405	184.5768	1.338428	0.284099	6.964057
9510	-2412.54	-2595.975	183.4353	1.349246	0.6121066	7.249641
9516	-2406.614	-2593.124	186.5107	1.219526	0.6467565	5.625644
9522	-2399.47	-2585.211	185.7411	1.435536	0.3996033	6.146783
9528	-2409.294	-2595.595	186.3018	1.672207	0.5205315	5.594811
9534	-2408.597	-2594.768	186.1716	1.52253	0.3597202	5.908055
9540	-2421.238	-2611.692	190.454	1.525784	0.416268	3.438959
9546	-2417.131	-2599.478	182.3473	1.079559	0.3807354	8.18322
9552	-2411.007	-2602.332	191.3255	1.717294	0.3836912	2.84386
9558	-2402.55	-2590.293	187.7434	1.687214	0.3836912	4.924502
9564	-2401.907	-2588.663	186.7566	1.516804	0.3594668	5.59107
9570	-2401.976	-2589.538	187.5617	1.508137	0.3238465	5.1942
9576	-2396.402	-2585.547	189.1446	1.592322	0.5210022	4.051587
9582	-2399.161	-2587.965	188.8033	1.730457	0.4148023	4.271763
9588	-2405.566	-2592.122	186.5562	1.307651	0.2769797	5.916944
9594	-2404.788	-2588.038	183.2504	0.9273982	0.4323728	7.730026
9600	-2392.923	-2576.093	183.1698	1.175332	0.3472042	7.730026
9606	-2396.108	-2582.34	186.2324	1.234322	0.4849176	5.904713
9612	-2396.582	-2579.981	183.3988	1.140857	0.4849176	7.486953
9618	-2399.832	-2581.028	181.1967	1.143964	0.4259995	8.714359
9624	-2393.162	-2572.351	179.1895	1.172581	0.2533273	9.957899
9630	-2399.611	-2584.479	184.8687	1.394444	0.3649602	6.679516
9636	-2393.329	-2576.945	183.6157	1.244328	0.3958645	7.401592
9642	-2404.293	-2589.411	185.1181	1.273779	0.4290332	6.542676
9648	-2400.388	-2584.87	184.482	1.435581	0.3714645	6.858914
9654	-2396.518	-2581.566	185.0483	1.217528	0.3714645	6.670864
9660	-2397.963	-2582.513	184.5503	1.445979	0.3714645	6.816469
9666	-2388.967	-2575.458	186.4909	1.378027	0.3042907	5.878696
9672	-2412.379	-2595.503	183.1243	1.267732	0.3547222	7.696486
9678	-2393.401	-2580.546	187.1449	1.447854	0.3422933	5.435343
9684	-2402.46	-2590.571	188.1109	1.60942	0.3422933	4.810542
9690	-2397.186	-2581.972	184.7856	1.473877	1.32425	6.045663
9696	-2398.817	-2584.231	185.4141	1.323141	0.7964022	6.064238
9702	-2391.23	-2576.953	185.7225	1.276261	0.5969517	6.064238
9708	-2390.504	-2576.415	185.9105	1.427927	0.3240498	6.143613
9714	-2396.968	-2582.596	185.628	1.526697	0.4229633	6.134654
9720	-2402.496	-2591.396	188.8996	1.50205	0.6217038	4.156078
9726	-2393.088	-2579.929	186.8409	1.650156	0.491431	5.336475
9732	-2400.979	-2590.254	189.275	1.779558	0.5072351	3.882657
9738	-2409.651	-2600.429	190.7778	1.950252	0.2566153	3.203633
9744	-2395.544	-2587.511	191.9672	1.980552	0.3290449	2.353764
9750	-2394.039	-2585.705	191.6658	1.980552	0.4864661	2.353764
9756	-2403.1	-2594.236	191.1357	1.998419	0.693109	2.483778
9762	-2401.348	-2586.207	184.8593	1.216726	0.4343947	6.708191
9768	-2399.014	-2585.881	186.8669	1.317738	0.3475051	5.653545
9774	-2405.288	-2590.642	185.3544	1.212348	0.3766262	6.502437
9780	-2412.515	-2594.869	182.3537	1.116723	0.4493618	8.091224
9786	-2411.836	-2594.219	182.3834	1.065452	0.4616102	8.091224
9792	-2407.284	-2593.543	186.2588	1.584318	0.7192245	5.51085
9798	-2401.002	-2589.545	188.5423	1.534298	0.7442075	4.248282
9804	-2395.503	-2583.492	187.9885	1.47955	0.5523402	4.739796
9810	-2404.899	-2593.2	188.3019	1.467427	0.4705317	4.645795
9816	-2396.626	-2584.59	187.9637	1.417393	0.50622	4.829299
9822	-2406.042	-2592.753	186.7102	1.378764	0.6079604	5.458523
9828	-2409.49	-2595.4	185.9099	1.170181	0.3881617	6.211443
9834	-2400.125	-2587.167	187.042	1.354159	0.4849419	5.394813
9840	-2388.077	-2574.991	186.9144	1.377542	0.427985	5.50746
9846	-2396.127	-2581.736	185.609	1.458146	0.5525206	6.063237
9852	-2397.845	-2580.367	182.522	1.120449	0.5724455	7.892238
9858	-2401.263	-2586.104	184.8405	1.080739	0.3246123	6.910402
9864	-2392.175	-2580.631	188.4561	1.535981	0.3071243	4.70222
9870	-2407.77	-2595.411	187.6407	1.387788	0.4701802	5.059136
9876	-2402.719	-2588.468	185.749	1.279799	0.6778891	5.986329
9882	-2402.98	-2588.165	185.1846	1.194595	0.4855047	6.495706
9888	-2397.734	-2585.142	187.4071	1.287992	0.4897884	5.225329
9894	-2390.961	-2576.318	185.3569	1.290764	0.5185869	6.320522
9900	-2381.499	-2567.535	186.0358	1.282467	0.3836868	6.086598
9906	-2390.326	-2577.955	187.6285	1.487889	0.3836868	5.099011
9912	-2381.928	-2569.465	187.5368	1.45593	0.4495556	5.099011
9918	-2390.501	-2579.076	188.5755	1.526927	0.5223858	4.41013
9924	-2398.29	-2586.598	188.3076	1.512237	0.5223858	4.569116
9930	-2391.967	-2581.342	189.375	1.668539	0.5303222	3.867631
9936	-2400.556	-2590.113	189.557	1.660294	0.5570332	3.743622
9942	-2396.584	-2587.075	190.4911	1.650452	0.5570332	3.203609
9948	-2404.643	-2592.961	188.3183	1.512115	0.3261766	4.768593
9954	-2401.119	-2589.096	187.9774	1.480894	0.4780178	4.812535
9960	-2407.697	-2594.551	186.8544	1.593543	0.4024455	5.44802
9966	-2406.985	-2591.105	184.1192	1.337443	0.5514569	6.936608
9972	-2411.865	-2600.676	188.8113	1.501816	0.4689612	4.341363
9978	-2422.018	-2611.503	189.4849	1.500637	0.4689612	3.9591
9984	-2408.566	-2596.736	188.1698	1.415438	0.5238878	4.699272
9990	-2402.111	-2588.116	186.0041	1.302902	0.6511988	5.8541
9996	-2399.608	-2585.175	185.5665	1.276495	0.4559999	6.271685
10002	-2405.398	-2592.221	186.8232	1.659132	0.3443782	5.493687
10008	-2402.064	-2590.307	188.2439	1.663475	0.3081928	4.748201
10014	-2400.533	-2589.457	188.9236	1.578235	0.3081928	4.414523
10020	-2400.573	-2589.377	188.8047	1.529386	0.5038093	4.296283
10026	-2399.859	-2587.575	187.716	1.405728	0.5038093	4.975896
10032	-2394.091	-2582.795	188.7041	1.370692	0.5022198	4.444177
10038	-2391.339	-2576.743	185.4034	1.441555	0.4255386	6.300458
10044	-2396.924	-2584.403	187.479	1.507288	0.3131457	5.253654
10050	-2393.957	-2581.28	187.3231	1.459618	0.4117022	5.253654
10056	-2399.662	-2585.6	185.9374	1.461762	0.3206673	6.114656
10062	-2397.201	-2583.177	185.9764	1.341053	0.314285	6.16694
10068	-2389.968	-2577.109	187.141	1.300029	0.3316881	5.53144
10074	-2399.915	-2584.068	184.153	1.246397	0.3316881	7.182891
10080	-2389.637	-2570.799	181.1622	1.036823	0.468719	8.749012
10086	-2404.612	-2591.091	186.4794	1.204245	0.3349904	5.942348
10092	-2376.847	-2566.623	189.7768	1.587679	0.5630788	3.653171
10098	-2386.111	-2575.42	189.3085	1.60023	0.5123171	3.961445
10104	-2375.226	-2560.352	185.1261	1.303409	0.4217713	6.529536
10110	-2380.856	-2567.255	186.3993	1.207623	0.3741852	5.93955
10116	-2393.213	-2580.4	187.1873	1.399453	1.051279	4.896833
10122	-2388.271	-2577.618	189.3476	1.535003	0.4270747	4.060571
10128	-2391.03	-2578.922	187.8927	1.413143	0.6207345	4.773973
10134	-2385.858	-2572.5	186.6418	1.325671	0.3855348	5.729988
10140	-2396.693	-2582.096	185.4028	1.314421	0.5841993	6.227642
10146	-2389.212	-2574.813	185.6007	1.292171	0.4739171	6.227642
10152	-2404.023	-2586.399	182.376	1.648925	0.2830312	7.978524
10158	-2399.598	-2588.06	188.4623	1.631693	0.4130291	4.521757
10164	-2401.46	-2583.906	182.4458	1.077248	0.2761134	8.254931
10170	-2395.625	-2577.525	181.8996	1.048937	0.6076611	8.234537
10176	-2392.513	-2580.393	187.8795	1.444078	0.3359076	5.038977
10182	-2387.515	-2575.529	188.0139	1.49969	0.4833574	4.776607
10188	-2389.347	-2577.278	187.9304	1.521045	0.5016788	4.794192
10194	-2382.59	-2571.594	189.0036	1.350232	0.4626088	4.324591
10200	-2383.56	-2568.296	184.7356	1.173782	0.4209255	6.811553
10206	-2397.923	-2585.899	187.9763	1.443365	0.4227207	4.888894
10212	-2390.32	-2577.857	187.5362	1.515549	0.4165633	5.09972
10218	-2383.304	-2570.87	187.5657	1.537569	0.3843437	5.10558
10224	-2380.096	-2570.366	190.27	1.702121	0.4019035	3.459404
10230	-2384.358	-2573.666	189.3076	1.575319	0.5061353	3.982011
10236	-2385.401	-2574.727	189.3253	1.491919	0.5472994	3.982011
10242	-2390.64	-2578.759	188.1189	1.521593	0.4486135	4.73939
10248	-2396.044	-2584.326	188.2821	1.416243	0.4786573	4.677792
10254	-2394.135	-2582.91	188.775	1.610152	0.3631252	4.41317
10260	-2397.376	-2585.711	188.3353	1.568472	0.4544933	4.586129
10266	-2400.634	-2588.253	187.6188	1.468067	0.768808	4.78779
10272	-2401.968	-2589.121	187.154	1.509814	0.5331312	5.20363
10278	-2389.713	-2576.323	186.6106	1.467526	0.5331312	5.526581
10284	-2393.537	-2578.648	185.1112	1.315047	0.6950134	6.302046
10290	-2395.822	-2583.714	187.892	1.513889	0.378771	4.943704
10296	-2393.923	-2580.737	186.8146	1.570153	0.3499823	5.540823
10302	-2382.901	-2568.896	185.9946	1.537762	0.3410917	6.01776
10308	-2390.878	-2574.3	183.4217	1.652098	0.1955289	7.544089
10314	-2396.993	-2583.663	186.6706	1.386011	0.3019642	5.778967
10320	-2404.344	-2585.905	181.5612	1.551796	0.2597908	8.494698
10326	-2402.408	-2588.684	186.276	1.406201	0.5605822	5.72042
10332	-2398.758	-2585.76	187.002	1.412802	0.5655738	5.31345
10338	-2393.382	-2581.906	188.5238	1.504312	0.6908536	4.314374
10344	-2394.918	-2581.887	186.9692	1.467187	0.6383664	5.24315
10350	-2401.82	-2584.759	182.9392	1.255747	0.6046513	7.571543
10356	-2388.991	-2573.769	184.7784	1.341682	0.4860852	6.63538
10362	-2390.185	-2577.519	187.3339	1.506062	0.3278285	5.316392
10368	-2388.467	-2576.434	187.9666	1.506062	0.4068505	4.876
10374	-2400.887	-2581.197	180.3096	1.182483	0.6342965	8.987617
10380	-2395.005	-2582.005	187.0005	1.320974	0.3914582	5.529337
10386	-2385.252	-2566.404	181.152	0.9898107	0.5037966	8.747994
10392	-2389.94	-2572.009	182.069	1.037421	0.3774272	8.357289
10398	-2383.166	-2564.554	181.3878	1.224359	0.3376759	8.663704
10404	-2394.39	-2580.61	186.2199	1.3972	0.2715661	6.058854
10410	-2405.054	-2587.85	182.7958	1.375995	0.3914327	7.774585
10416	-2409.849	-2596.584	186.7347	1.738283	0.3547792	5.486756
10422	-2387.487	-2570.348	182.8609	1.428735	0.2612578	7.866053
10428	-2376.211	-2558.452	182.2408	1.081243	0.2612578	8.381597
10434	-2375.212	-2559.549	184.3371	1.104927	0.3074418	7.189124
10440	-2373.143	-2558.617	185.4745	1.12675	0.4179172	6.440423
10446	-2375.156	-2560.684	185.5284	1.175414	0.3714028	6.433876
10452	-2372.877	-2558.755	185.8777	1.222999	0.3714028	6.218392
10458	-2369.379	-2553.634	184.2552	1.193363	0.4222582	7.058497
10464	-2378.106	-2562.897	184.7913	1.209596	0.4381887	6.745038
10470	-2376.624	-2561.941	185.3176	1.165205	0.4971541	6.428992
10476	-2384.26	-2567.315	183.0549	1.223584	0.525277	7.59133
10482	-2369.034	-2557.664	188.6304	1.510016	0.4629625	4.444687
10488	-2379.173	-2564.666	185.4934	1.306224	0.4044557	6.346594
10494	-2377.8	-2564.961	187.1611	1.318388	0.5820189	5.264096
10500	-2386.078	-2572.63	186.5523	1.257072	0.5031189	5.700645
10506	-2375.288	-2559.873	184.5848	1.297377	0.4056767	6.841751
10512	-2375.501	-2559.848	184.3469	1.222314	0.3082993	7.1197
10518	-2382.311	-2568.214	185.9032	1.327467	0.3318699	6.192882
10524	-2382.265	-2568.003	185.7379	1.239031	0.303289	6.365632
10530	-2384.311	-2565.6	181.2889	1.13108	0.303289	8.806362
10536	-2383.073	-2563.306	180.2332	1.118783	0.303289	9.371503
10542	-2396.186	-2579.35	183.1636	1.05946	0.5139543	7.630764
10548	-2397.359	-2580.34	182.9813	1.181243	0.382522	7.788916
10554	-2392.777	-2577.315	184.5384	1.379426	0.2812205	6.966425
10560	-2383.382	-2569.161	185.7798	1.257308	0.319752	6.312619
10566	-2386.073	-2570.415	184.3425	1.128828	0.3649509	7.106397
10572	-2389.469	-2574.744	185.2748	1.374839	0.3420124	6.496397
10578	-2384.627	-2570.229	185.6022	1.422239	0.4662895	6.163263
10584	-2372.849	-2559.325	186.4765	1.31485	0.370365	5.842961
10590	-2383.468	-2569.11	185.6425	1.59124	0.5069085	6.011959
10596	-2383.569	-2572.631	189.0623	1.493321	0.3053635	4.387836
10602	-2385.479	-2573.151	187.6721	1.267428	0.4873784	5.09223
10608	-2389.591	-2575.007	185.4164	1.38225	0.4399822	6.311316
10614	-2389.969	-2576.413	186.4439	1.389273	0.3888806	5.799899
10620	-2395.993	-2580.464	184.4714	1.336811	0.3005768	7.000665
10626	-2388.202	-2574.601	186.399	1.411051	0.6575213	5.573712
10632	-2401.032	-2590.263	189.2304	1.65365	0.492005	3.994724
10638	-2404.091	-2594.435	190.3434	1.695857	0.4784258	3.338923
10644	-2406.328	-2594.118	187.7895	1.495251	0.3621839	5.029732
10650	-2408.649	-2595.83	187.181	1.527982	0.3588995	5.352022
10656	-2403.063	-2590.899	187.8363	1.40166	0.6239012	4.809318
10662	-2410.066	-2595.427	185.3617	1.565668	0.3347168	6.354315
10668	-2411.003	-2599.376	188.3723	1.759601	0.4014208	4.512863
10674	-2393.797	-2584.75	190.9532	2.000905	0.5810256	2.692238
10680	-2395.756	-2587.139	191.3828	1.97663	0.3502908	2.692238
10686	-2411.954	-2598.811	186.857	1.776504	0.1844313	5.635485
10692	-2405.403	-2592.901	187.4973	1.430335	0.2019872	5.444408
10698	-2397.281	-2582.918	185.6365	1.554988	0.5730217	5.978453
10704	-2400.741	-2582.039	181.2979	1.106261	0.5730217	8.551052
10710	-2392.204	-2577.224	185.0202	1.577155	0.3353399	6.532503
10716	-2401.704	-2579.333	177.6293	1.003312	0.418747	10.67667
10722	-2393.646	-2577.51	183.8646	1.120736	0.4791653	7.253165
10728	-2387.241	-2571.271	184.0304	1.10701	0.3954417	7.253165
10734	-2393.791	-2583.589	189.7978	1.580542	0.4767043	3.72564
10740	-2401.966	-2591.433	189.4667	1.683487	0.4767043	3.857073
10746	-2417.053	-2605.901	188.8475	1.713635	0.8256954	3.916559
10752	-2400.216	-2591.046	190.8296	1.689118	0.3600214	3.186779
10758	-2404.497	-2596.427	191.9302	1.802066	0.5690397	2.21451
10764	-2396.854	-2586.555	189.7013	1.696204	0.5690397	3.628831
10770	-2406.479	-2590.9	184.4213	1.204131	0.5914118	6.81317
10776	-2402.207	-2585.929	183.7225	1.126211	0.3453426	7.462617
10782	-2416.216	-2599.53	183.3143	1.296848	0.3803739	7.551237
10788	-2405.13	-2593.307	188.1773	1.388083	0.5014955	4.730738
10794	-2409.797	-2595.132	185.3348	1.293785	0.5074916	6.340654
10800	-2392.813	-2578.429	185.6161	1.397721	0.338942	6.302409
10806	-2397.449	-2587.714	190.2649	1.586458	0.4815991	3.445974
10812	-2405.009	-2594.07	189.0614	1.630699	0.3193304	4.292837
10818	-2392.411	-2577.686	185.275	1.56607	0.2825742	6.465882
10824	-2397.847	-2580.929	183.0825	1.233203	0.2935065	7.809899
10830	-2383.562	-2567.504	183.9421	1.261652	0.3138274	7.309283
10836	-2388.197	-2570.909	182.7125	1.187632	0.5112277	7.805786
10842	-2383.871	-2566.774	182.9023	1.112975	0.4438001	7.805786
10848	-2390.094	-2576.164	186.0695	1.161536	0.455763	6.060755
10854	-2406.474	-2591.426	184.9525	1.14404	0.3101902	6.833339
10860	-2391.37	-2573.808	182.438	1.145886	0.3079677	8.182302
10866	-2406.237	-2588.333	182.0964	1.004659	0.5707409	8.182302
10872	-2393.131	-2574.819	181.6883	0.9519973	0.3701171	8.612755
10878	-2395.733	-2576.63	180.8975	0.9398486	0.3593939	9.050001
10884	-2394.713	-2579.556	184.8427	1.179619	0.3593939	6.815764
10890	-2414.219	-2601.062	186.8427	1.435432	0.3703674	5.576243
10896	-2407.574	-2595.334	187.7596	1.435432	0.4078007	5.029406
10902	-2413.922	-2592.144	178.2221	0.9182184	0.3246435	10.5105
10908	-2410.788	-2590.247	179.4594	1.016266	0.3036464	9.833296
10914	-2418.96	-2597.828	178.8676	0.9927035	0.4345743	10.01631
10920	-2399.004	-2579.653	180.6488	1.185793	0.2967518	9.12443
10926	-2389.634	-2575.046	185.412	1.150223	0.3743623	6.50736
10932	-2388.319	-2574.571	186.2513	1.406891	0.3893415	5.895074
10938	-2382.926	-2568.893	185.9671	1.250147	0.4871828	6.038779
10944	-2401.922	-2588.505	186.5827	1.232093	0.4530531	5.744475
10950	-2401.028	-2588.853	187.8247	1.426328	0.5464096	4.866084
10956	-2407.607	-2594.874	187.2673	1.436672	0.5360802	5.178799
10962	-2411.941	-2598.377	186.4355	1.481841	0.3729266	5.771215
10968	-2413.196	-2599.142	185.9462	1.456374	0.4675207	5.956025
10974	-2408.969	-2594.499	185.5299	1.548731	0.5524732	6.057045
10980	-2415.363	-2598.993	183.6303	1.007678	0.5524732	7.375863
10986	-2403.48	-2584.429	180.9486	1.06556	0.425825	8.887621
10992	-2398.843	-2577.835	178.992	1.11814	0.425825	9.893251
10998	-2405.853	-2587.448	181.5951	0.8801835	0.4012578	8.667674
11004	-2404.554	-2593.814	189.2598	1.593222	0.3284941	4.190091
11010	-2396.728	-2586.215	189.4866	1.642649	0.382056	3.968951
11016	-2405.344	-2595.425	190.081	1.855339	0.3968546	3.485976
11022	-2393.666	-2581.988	188.3222	1.529511	0.3757098	4.698399
11028	-2395.508	-2583.117	187.6085	1.632559	0.3260501	5.096703
11034	-2411.907	-2599.718	187.8117	1.830348	0.4881469	4.700288
11040	-2410.499	-2598.534	188.0358	1.505496	0.4448593	4.798545
11046	-2396.837	-2584.983	188.1462	1.395183	0.4448593	4.798545
11052	-2386.219	-2572.902	186.6822	1.470348	0.5783017	5.447472
11058	-2394.347	-2579.62	185.2728	1.327211	0.7325766	6.181362
11064	-2403.25	-2585.749	182.4983	1.296491	0.5783303	7.806207
11070	-2389.969	-2575.715	185.7456	1.542085	0.5161331	5.974294
11076	-2397.294	-2586.594	189.2998	1.684681	0.322276	4.123175
11082	-2398.099	-2587.984	189.8849	1.751686	0.4112984	3.644254
11088	-2394.155	-2583.74	189.5843	2.012095	0.2835184	3.824532
11094	-2390.119	-2576.604	186.4851	1.375176	0.3046706	5.882927
11100	-2393.449	-2578.512	185.0624	1.279638	0.6530006	6.378213
11106	-2394.189	-2580.109	185.9201	1.373277	0.5926858	5.906898
11112	-2391.665	-2578.71	187.0453	1.31388	0.4322523	5.466147
11118	-2406.545	-2591.461	184.9161	1.484773	0.5132346	6.459086
11124	-2404.499	-2591.671	187.1727	1.484773	0.4925317	5.243614
11130	-2409.199	-2596.97	187.771	1.67488	0.5534463	4.751232
11136	-2411.219	-2599.213	187.9936	1.609895	0.3642979	4.849948
11142	-2412.673	-2600.533	187.8598	1.408335	0.5011382	4.896931
11148	-2411.85	-2596.028	184.1779	1.333688	0.7230007	6.777706
11154	-2401.902	-2591.512	189.6103	1.719699	0.4812548	3.749045
11160	-2402.888	-2592.296	189.4086	1.769031	0.5024533	3.816414
11166	-2394.688	-2583.412	188.7232	1.632947	0.5122546	4.276002
11172	-2391.24	-2579.424	188.1848	1.467681	0.4214467	4.760345
11178	-2384.475	-2571.456	186.9811	1.424331	0.515116	5.362197
11184	-2390.621	-2578.14	187.5184	1.339527	0.3669496	5.260687
11190	-2375.851	-2563.059	187.2082	1.485305	0.424541	5.289702
11196	-2379.21	-2567.664	188.4546	1.49733	0.5796863	4.44506
11202	-2386.09	-2571.846	185.7564	1.358653	0.4294364	6.149728
11208	-2385.306	-2570.541	185.2346	1.222695	0.4775174	6.460742
11214	-2394.812	-2583.077	188.2652	1.404009	0.3563644	4.822494
11220	-2397.527	-2584.999	187.4721	1.444087	0.4170941	5.174251
11226	-2392.259	-2579.206	186.9469	1.268127	0.3236216	5.665254
11232	-2381.881	-2568.577	186.6962	1.417444	0.3813135	5.654433
11238	-2390.407	-2572.974	182.5668	1.401128	0.2874328	8.003282
11244	-2396.523	-2579.617	183.0937	1.20731	0.372137	7.726025
11250	-2397.778	-2584.273	186.4949	1.386479	0.3300047	5.840258
11256	-2402.766	-2587.172	184.406	1.19262	0.2524389	7.17706
11262	-2396.847	-2584.195	187.3476	1.399798	0.2844002	5.422539
11268	-2410.101	-2597.625	187.524	1.380801	0.2236786	5.422539
11274	-2400.913	-2587.828	186.9143	1.504339	0.2783624	5.611348
11280	-2424.022	-2609.951	185.9297	1.539368	0.2813183	6.126421
11286	-2405.875	-2591.505	185.6298	1.453089	0.494457	6.105365
11292	-2410.346	-2598.432	188.0866	1.539145	0.4493218	4.746951
11298	-2405.965	-2594.113	188.1483	1.610077	0.5063181	4.61824
11304	-2399.106	-2584.479	185.3722	1.272967	0.4276839	6.406769
11310	-2400.675	-2585.979	185.3044	1.318227	0.4008349	6.44639
11316	-2399.588	-2584.484	184.8964	1.305633	0.4095001	6.665101
11322	-2400.832	-2586.02	185.1883	1.353062	0.3122466	6.590516
11328	-2404.199	-2589.103	184.9034	1.415508	0.4844235	6.529357
11334	-2406.03	-2593.067	187.0371	1.29322	0.431645	5.482661
11340	-2399.254	-2586.964	187.7095	1.504344	0.431645	4.994257
11346	-2397.851	-2583.754	185.9023	1.372129	0.5689324	5.936539
11352	-2397.869	-2585.694	187.825	1.683773	1.231952	4.287514
11358	-2391.43	-2576.252	184.8218	1.423154	0.579843	6.487472
11364	-2396.391	-2582.842	186.4507	1.352358	0.4460704	5.757702
11370	-2400.922	-2590.745	189.8226	1.734864	0.503747	3.595647
11376	-2394.078	-2580.401	186.3236	1.413857	0.503747	5.73949
11382	-2378.899	-2564.665	185.7665	1.409595	0.5395378	6.014876
11388	-2383.085	-2567.132	184.0469	1.295274	0.4384828	7.099729
11394	-2391.366	-2572.911	181.5451	1.130923	0.376473	8.586981
11400	-2387.539	-2569.019	181.4798	1.215071	0.3671454	8.586981
11406	-2393.216	-2573.833	180.6175	1.19755	0.4855718	8.937244
11412	-2385.354	-2566.133	180.7786	1.107578	0.4402225	8.941513
11418	-2373.836	-2556.235	182.399	1.076556	0.2530202	8.311191
11424	-2391.25	-2573.364	182.1135	1.202303	0.3194165	8.311191
11430	-2405.757	-2594.453	188.6964	1.637918	0.2199297	4.634552
11436	-2399.438	-2587.384	187.9459	1.485605	0.6102921	4.712052
11442	-2404.962	-2592.759	187.797	1.975623	2.03107	3.819093
11448	-2405.66	-2595.521	189.8615	1.975623	1.28212	2.908135
11454	-2405.362	-2591.651	186.2889	1.901344	0.4475286	5.543878
11460	-2400.209	-2586.981	186.7717	1.431038	0.3299099	5.664424
11466	-2394.429	-2582.625	188.1957	1.590961	0.4147139	4.692368
11472	-2394.857	-2582.803	187.946	1.48941	0.7677249	4.593481
11478	-2405.399	-2591.994	186.5948	1.419706	0.3997462	5.688996
11484	-2402.92	-2590.033	187.1127	1.550691	0.4985261	5.234811
11490	-2403.885	-2589.789	185.9041	1.499143	0.3447252	6.083882
11496	-2399.627	-2581.673	182.0456	1.245595	0.3941013	8.241435
11502	-2404.838	-2589.701	184.8627	1.238195	0.3842441	6.746183
11508	-2395.182	-2581.198	186.0167	1.244975	0.3200596	6.190243
11514	-2390.609	-2577.673	187.0641	1.457393	0.3101051	5.513662
11520	-2382.432	-2570	187.5675	1.54785	0.359242	5.127013
11526	-2395.46	-2585.343	189.883	1.63918	0.2570389	3.905008
11532	-2403.588	-2587.101	183.5132	1.341507	0.3632093	7.439385
11538	-2396.519	-2579.222	182.7025	1.319315	0.5092208	7.742468
11544	-2385.059	-2568.348	183.2888	1.121523	0.343216	7.699715
11550	-2387.412	-2570.426	183.0147	1.225556	0.4292093	7.699715
11556	-2382.759	-2566.184	183.4252	1.267274	0.3863413	7.501363
11562	-2378.984	-2565.749	186.765	1.299778	0.5062487	5.557697
11568	-2391.693	-2577.983	186.29	1.259735	0.3922161	5.951206
11574	-2393.313	-2572.721	179.4085	1.065221	0.5830513	9.564778
11580	-2390.462	-2571.554	181.0926	1.065221	0.336617	8.9058
11586	-2397.747	-2573.948	176.2018	0.9659148	0.3104613	11.56033
11592	-2386.275	-2569.806	183.5308	1.339036	0.5020587	7.294543
11598	-2390.692	-2574.898	184.2062	1.162198	0.4491094	7.075384
11604	-2397.444	-2581.394	183.95	1.27169	0.7527913	6.913912
11610	-2381.576	-2568.528	186.9521	1.493465	0.3203601	5.542674
11616	-2390.189	-2576.351	186.1628	1.394737	0.4619934	5.876624
11622	-2408.365	-2591.059	182.6938	1.236289	0.3323867	7.968667
11628	-2408.979	-2590.146	181.1675	0.9896571	0.5229837	8.723309
11634	-2404.356	-2581.27	176.9143	0.9624678	0.3195268	11.17881
11640	-2397.712	-2580.496	182.7849	0.9900321	0.3802703	7.998237
11646	-2390.553	-2570.656	180.1031	1.059395	0.4058414	9.358001
11652	-2397.183	-2579.065	181.8813	1.233282	0.4374766	8.292055
11658	-2405.503	-2591.729	186.2261	1.425201	0.6292211	5.682335
11664	-2404.45	-2590.729	186.2782	1.402275	0.762696	5.570409
11670	-2391.536	-2579.428	187.8913	1.540797	0.4556452	4.848784
11676	-2383.185	-2569.291	186.1061	1.246317	0.4766133	5.974861
11682	-2392.203	-2577.556	185.3532	1.246317	0.5684595	6.304433
11688	-2389.741	-2571.361	181.6201	1.001218	0.3911133	8.600642
11694	-2399.414	-2580.608	181.1935	1.093087	0.589262	8.600642
11700	-2400.768	-2580.848	180.0798	1.009643	0.5010029	9.307497
11706	-2393.292	-2577.107	183.8143	1.146872	0.480026	7.265355
11712	-2388.553	-2573.057	184.5034	1.140126	0.320967	7.064305
11718	-2383.422	-2567.256	183.8346	1.299861	0.4685757	7.182815
11724	-2391.346	-2575.678	184.332	1.315056	0.3158216	7.068652
11730	-2398.808	-2584.162	185.3538	1.306812	0.3994089	6.427284
11736	-2395.611	-2581.812	186.201	1.327322	0.7282248	5.67742
11742	-2378.49	-2563.251	184.7604	1.418906	0.4638699	6.623966
11748	-2377.626	-2565.544	187.9184	1.503511	0.3915223	4.920733
11754	-2377.697	-2566.991	189.2942	1.452347	0.4794103	4.085337
11760	-2389.135	-2575.882	186.7471	1.454573	0.3375011	5.655935
11766	-2395.383	-2583.415	188.0315	1.548682	0.4377101	4.784073
11772	-2385.357	-2573.59	188.2325	1.570154	0.4478036	4.649496
11778	-2391.173	-2578.291	187.1175	1.423415	0.6782956	5.155297
11784	-2381.65	-2567.554	185.9035	1.34807	0.2722802	6.256792
11790	-2402.595	-2586.095	183.5007	1.176012	0.3320879	7.570015
11796	-2405.668	-2588.112	182.4434	0.9671537	0.4324851	8.139354
11802	-2399.261	-2579.512	180.2514	1.077801	0.3986931	9.277182
11808	-2391.305	-2576.029	184.7243	1.174688	0.3986931	6.839885
11814	-2396.583	-2583.653	187.0699	1.315801	0.4851705	5.400398
11820	-2406.43	-2594.328	187.8973	1.515031	0.4503131	4.865051
11826	-2394.796	-2583.119	188.3228	1.532984	0.5494893	4.524949
11832	-2392.044	-2578.125	186.0809	1.470643	0.3309143	6.019277
11838	-2395.086	-2582.075	186.9893	1.580052	0.2701687	5.539687
11844	-2401.474	-2586.579	185.1043	1.224837	0.4772272	6.53044
11850	-2391.24	-2578.59	187.3498	1.333071	0.4020839	5.318946
11856	-2397.768	-2582.457	184.6889	1.365137	0.4020839	6.752699
11862	-2388.497	-2575.086	186.589	1.293138	0.4175647	5.742987
11868	-2389.461	-2573.266	183.8051	1.289685	0.5633373	7.121595
11874	-2388.646	-2573.382	184.7365	1.168683	0.4910903	6.746978
11880	-2387.941	-2571.976	184.035	1.210295	0.3453114	7.249886
11886	-2379.754	-2564.907	185.1524	1.360295	0.4090415	6.497423
11892	-2384.663	-2568.599	183.9356	1.281025	0.4909745	7.118147
11898	-2396.02	-2578.358	182.3382	1.124938	0.6164731	7.953544
11904	-2390.076	-2575.953	185.8771	1.32909	0.4113731	6.118466
11910	-2389.118	-2572.65	183.532	1.157661	0.5956928	7.313325
11916	-2384.593	-2568.003	183.4099	1.150211	0.3190421	7.647877
11922	-2383.231	-2564.664	181.4333	1.042377	0.371488	8.698654
11928	-2385.652	-2570.547	184.8954	1.276594	0.3147425	6.787035
11934	-2381.876	-2565.616	183.7399	1.224076	0.5268002	7.222467
11940	-2377.794	-2562.274	184.4792	1.191868	0.7207208	6.693111
11946	-2394.399	-2578.754	184.3544	1.276174	0.4311013	6.951742
11952	-2384.565	-2565.601	181.0358	1.269789	0.5065474	8.658689
11958	-2375.422	-2559.112	183.6901	1.198955	0.4165197	7.364887
11964	-2387.109	-2568.957	181.8488	1.144543	0.5675802	8.242159
11970	-2385.109	-2568.358	183.2487	1.107263	0.4234146	7.643565
11976	-2381.418	-2563.514	182.0958	1.107256	0.4343407	8.248019
11982	-2387.026	-2569.089	182.0634	1.129186	0.4401099	8.248019
11988	-2381.077	-2563.858	182.7808	1.155387	0.5886443	7.722461
11994	-2385.755	-2570.454	184.6984	1.16585	0.5565048	6.712527
12000	-2389.567	-2575.198	185.6313	1.414494	0.6587506	5.991113
12006	-2387.035	-2570.008	182.9732	1.411102	0.634073	7.447705
12012	-2380.808	-2566.803	185.995	1.228416	0.4549505	6.065728
12018	-2389.751	-2577.737	187.9859	1.382919	0.4701498	4.869928
12024	-2390.954	-2578.676	187.7212	1.505884	0.4805641	4.938955
12030	-2393.858	-2582.239	188.3802	1.410529	0.5763167	4.538578
12036	-2388.171	-2577.14	188.969	1.475339	0.537433	4.203183
12042	-2392.443	-2579.918	187.4745	1.497766	0.6746695	4.918507
12048	-2383.673	-2572.238	188.5647	1.590423	0.9163675	4.091104
12054	-2373.679	-2562.284	188.6049	1.635702	0.8388947	4.091104
12060	-2378.397	-2568.745	190.3477	1.755352	0.5375062	3.244311
12066	-2383.397	-2574.341	190.9444	1.755352	0.5475954	2.878201
12072	-2382.514	-2572.734	190.2203	1.684988	0.7134419	3.213858
12078	-2386.89	-2577.459	190.5684	1.678085	0.4951851	3.199935
12084	-2394.661	-2585.433	190.7715	1.824072	0.5860149	2.906048
12090	-2401.392	-2592.209	190.8176	1.777991	0.5860149	2.906048
12096	-2402.089	-2589.878	187.7893	1.688158	0.4404109	4.838662
12102	-2406.746	-2593.31	186.5638	1.551908	1.070571	5.148174
12108	-2409.877	-2596.759	186.8814	1.427638	0.524758	5.406802
12114	-2407.692	-2593.843	186.151	1.381745	0.388166	5.96481
12120	-2395.937	-2578.957	183.0201	1.456792	0.2593146	7.768671
12126	-2403.779	-2588.341	184.5612	1.665341	0.1835082	6.944878
12132	-2414.748	-2598.777	184.0294	1.873073	0.1835082	7.119338
12138	-2400.564	-2587.54	186.9759	1.716055	0.3385577	5.385153
12144	-2400.535	-2589.555	189.0197	1.449746	0.3578941	4.371721
12150	-2407.648	-2596.052	188.4038	1.535571	0.7223988	4.341462
12156	-2399.933	-2588.521	188.5879	1.654938	0.3784458	4.475835
12162	-2408.325	-2590.956	182.631	1.12984	0.3295614	8.062227
12168	-2392.194	-2575.609	183.4149	1.381935	0.3530336	7.481727
12174	-2402.093	-2586.926	184.8329	1.38772	0.5216435	6.549359
12180	-2392.513	-2576.697	184.1838	1.355953	0.696763	6.780744
12186	-2385.157	-2569.551	184.3937	1.407074	0.4526062	6.839113
12192	-2384.99	-2571.796	186.8055	1.346386	0.4470436	5.565451
12198	-2401.809	-2588.615	186.8055	1.346386	0.4470436	5.565451
12204	-2384.012	-2570.304	186.2924	1.415404	0.3683918	5.890864
12210	-2396.394	-2582.563	186.1691	1.3691	0.4581754	5.890864
12216	-2398.536	-2582.061	183.5248	1.190338	0.4581754	7.417591
12222	-2401.098	-2587.413	186.3149	1.337941	0.4026959	5.883814
12228	-2398.388	-2586.659	188.2703	1.308984	0.4284645	4.793975
12234	-2398.93	-2584.462	185.5324	1.270453	0.3644569	6.38784
12240	-2388.678	-2575.388	186.7101	1.291488	0.4409105	5.653979
12246	-2390.375	-2576.995	186.6201	1.381534	0.4409105	5.653979
12252	-2400.916	-2584.495	183.5788	1.130757	0.4858639	7.395056
12258	-2383.114	-2567.809	184.6943	1.277947	0.4858639	6.715487
12264	-2391.161	-2575.054	183.8931	1.202786	0.4921851	7.181969
12270	-2389.127	-2575.223	186.0957	1.319147	0.4774284	5.939993
12276	-2393.978	-2582.347	188.3692	1.434115	0.390001	4.70958
12282	-2408.742	-2595.791	187.0499	1.537009	0.4218415	5.35129
12288	-2403.521	-2588.218	184.6964	1.203197	0.6686065	6.606423
12294	-2401.716	-2586.077	184.3614	1.343335	0.7174211	6.677215
12300	-2396.836	-2580.155	183.319	1.243199	0.6283086	7.35665
12306	-2395.116	-2579.298	184.1823	1.180128	0.5240991	7.010484
12312	-2402.068	-2585.656	183.5876	1.171047	0.3931968	7.458716
12318	-2397.109	-2577.021	179.911	0.9362691	0.4244639	9.505942
12324	-2394.968	-2575.144	180.176	0.9944648	0.4244639	9.335331
12330	-2400.661	-2583.583	182.9215	1.145301	0.3861152	7.836235
12336	-2402.965	-2587.07	184.1057	1.149508	0.384358	7.201538
12342	-2404.909	-2587.382	182.473	1.224629	0.4479585	7.971391
12348	-2387.87	-2573.131	185.2608	1.324598	0.3940692	6.473635
12354	-2387.086	-2569.831	182.7451	1.074443	0.3914509	7.962643
12360	-2387.211	-2568.113	180.9014	1.167588	0.4738573	8.813269
12366	-2383.177	-2570.047	186.8696	1.232786	0.53379	5.512622
12372	-2386.515	-2572.39	185.875	1.199282	0.4080746	6.193628
12378	-2390.608	-2575.539	184.9312	1.097246	0.3223645	6.855278
12384	-2390.641	-2575.149	184.5075	1.002782	0.4111906	7.036455
12390	-2396.093	-2575.856	179.7622	1.020568	0.340671	9.627947
12396	-2387.95	-2569.426	181.4755	1.132882	0.5089822	8.495841
12402	-2385.59	-2567.191	181.6012	1.015723	0.4290338	8.564793
12408	-2392.709	-2575.332	182.623	1.208189	0.5645163	7.79788
12414	-2382.749	-2570.887	188.1376	1.65781	0.4188034	4.683204
12420	-2385.811	-2572.665	186.8535	1.462771	0.4212331	5.500972
12426	-2396.386	-2583.636	187.2501	1.671527	0.4769358	5.111999
12432	-2400.587	-2586.77	186.1837	1.668843	0.5476041	5.638022
12438	-2393.137	-2579.12	185.9827	1.44526	0.3838028	6.026686
12444	-2389.496	-2576.067	186.5714	1.365008	0.3838028	5.748859
12450	-2402.136	-2587.91	185.7747	1.616565	0.7037954	5.769678
12456	-2386.026	-2571.209	185.1823	1.356579	0.5359259	6.364579
12462	-2396.016	-2579.442	183.4257	1.332561	0.5027179	7.353867
12468	-2378.816	-2562.51	183.6939	1.247016	0.5250474	7.236341
12474	-2382.475	-2566.403	183.9275	1.251252	0.6138329	7.036393
12480	-2381.609	-2570.162	188.5531	1.466525	0.3474403	4.637015
12486	-2386.65	-2574.67	188.02	1.576989	0.2869286	4.948978
12492	-2396.558	-2585.602	189.0448	1.807211	0.2869286	4.244752
12498	-2393.665	-2579.684	186.0191	1.39447	0.3168953	6.11141
12504	-2400.892	-2590.118	189.2254	1.664396	0.3243937	4.174308
12510	-2393.311	-2578.263	184.9513	1.356086	0.3353736	6.689309
12516	-2395.482	-2578.617	183.1343	1.142704	0.4251209	7.684094
12522	-2394.68	-2580.841	186.1616	1.349426	0.501583	5.86531
12528	-2391.027	-2576.544	185.5165	1.362076	0.3737563	6.336489
12534	-2396.335	-2579.68	183.3448	1.451977	0.3752762	7.457285
12540	-2386.639	-2570.586	183.9475	1.27345	0.5290947	7.082382
12546	-2389.422	-2573.117	183.695	1.252457	0.3615133	7.391553
12552	-2393.655	-2578.4	184.7447	1.419232	0.2928633	6.818696
12558	-2389.139	-2573.403	184.2642	1.405911	0.2878395	7.09119
12564	-2375.64	-2562.86	187.2197	1.562885	0.4572814	5.207806
12570	-2379.525	-2566.844	187.3194	1.426454	0.4785033	5.207806
12576	-2384.337	-2570.882	186.5451	1.276848	0.4772208	5.717543
12582	-2389.565	-2576.453	186.8886	1.31877	0.3747596	5.610208
12588	-2382.306	-2569.779	187.4725	1.342704	0.5174153	5.133716
12594	-2383.924	-2572.385	188.4607	1.444292	0.5704314	4.479298
12600	-2404.955	-2591.755	186.7998	1.470681	0.4442562	5.50301
12606	-2406.606	-2595.466	188.8603	1.788009	0.3120536	4.326839
12612	-2392.945	-2582.519	189.5743	1.719296	0.4420988	3.80951
12618	-2388.713	-2577.258	188.5451	1.487639	0.5872448	4.393199
12624	-2401.615	-2590.603	188.988	1.523338	0.4601655	4.23788
12630	-2400.224	-2588.223	187.9995	1.492928	0.6023737	4.684329
12636	-2397.597	-2584.552	186.9546	1.475182	0.5007041	5.361809
12642	-2401.988	-2588.543	186.5543	1.423593	0.8857	5.328435
12648	-2403.869	-2591.397	187.5274	1.532215	0.6422266	4.89446
12654	-2406.97	-2590.965	183.9952	1.478983	0.3154237	7.162077
12660	-2400.923	-2589.567	188.6442	2.085833	0.2458072	4.372209
12666	-2397.652	-2581.782	184.1301	1.732893	0.3350252	6.929482
12672	-2389.155	-2573.928	184.7724	1.33345	0.3352344	6.798298
12678	-2389.939	-2575.012	185.0724	1.260355	0.3468456	6.662281
12684	-2388.616	-2574.402	185.7868	1.336342	0.4689319	6.107027
12690	-2390.049	-2575.923	185.8742	1.336916	0.4199268	6.107027
12696	-2387.716	-2573.87	186.154	1.312849	0.2972094	6.107027
12702	-2395.875	-2577.166	181.291	1.151895	0.4733454	8.615388
12708	-2390.603	-2574.501	183.8982	1.242809	0.3808394	7.26668
12714	-2399.951	-2581.982	182.0307	1.077872	0.4393051	8.293511
12720	-2406.66	-2597.884	191.2232	2.167051	1.229809	1.955074
12726	-2394.499	-2586.195	191.6959	2.065423	0.9960909	1.849966
12732	-2395.242	-2579.702	184.4601	1.160942	0.3926284	6.996027
12738	-2383.557	-2567.681	184.1236	1.233392	0.4363725	7.093832
12744	-2380.697	-2564.774	184.0774	1.246134	0.455067	7.093832
12750	-2396.469	-2587.835	191.3661	2.065423	1.099967	2.004901
12756	-2387.7	-2579.107	191.4069	2.072134	1.099967	1.973185
12762	-2393.983	-2579.089	185.1055	1.415864	0.293761	6.624458
12768	-2391.467	-2575.105	183.6382	1.137276	0.293761	7.563693
12774	-2393.692	-2584.767	191.0751	2.072134	1.269486	2.094141
12780	-2391.486	-2582.475	190.9894	2.072134	1.393255	2.085004
12786	-2381.114	-2572.274	191.1602	2.110748	1.393255	1.945714
12792	-2400.363	-2591.401	191.0379	2.183217	1.393255	1.979122
12798	-2392.042	-2582.945	190.9036	2.207512	1.513378	1.992242
12804	-2394.245	-2585.605	191.3604	2.207512	1.21087	1.845561
12810	-2384.328	-2576.16	191.8318	2.207512	1.013213	1.643116
12816	-2395.746	-2587.731	191.9847	2.279881	1.013213	1.477326
12822	-2407.687	-2597.162	189.475	1.866627	0.430917	3.793508
12828	-2405.966	-2594.016	188.0496	1.776034	0.3540918	4.73776
12834	-2406.172	-2590.779	184.6072	1.201522	0.4018635	6.885279
12840	-2394.376	-2583.519	189.1429	1.690508	0.4752617	4.039837
12846	-2396.379	-2585.495	189.1164	1.728915	0.5091546	4.000669
12852	-2404.306	-2596.052	191.7466	2.45305	1.475354	1.214553
12858	-2419.205	-2610.925	191.7193	2.480344	1.475354	1.214553
12864	-2398.358	-2587.75	189.3919	1.697845	0.5130187	3.857042
12870	-2391.06	-2579.595	188.535	1.749493	0.3384446	4.49911
12876	-2388.214	-2576.729	188.5153	1.738683	0.4888763	4.355602
12882	-2390.511	-2580.004	189.4933	1.602201	0.3974002	3.970994
12888	-2380.187	-2567.162	186.9747	1.42789	0.3974002	5.478364
12894	-2388.926	-2575.333	186.4065	1.414148	0.2729707	5.945913
12900	-2396.738	-2585.415	188.6772	1.464497	0.5198675	4.390262
12906	-2382.587	-2566.872	184.2846	1.350224	0.4475366	6.933442
12912	-2391.187	-2576.035	184.8479	1.258297	0.287227	6.857081
12918	-2394.716	-2580.022	185.306	1.289697	0.3687826	6.495336
12924	-2405.887	-2591.046	185.1581	1.167006	0.2905449	6.734674
12930	-2405.455	-2588.096	182.641	1.095298	0.3197189	8.086945
12936	-2399.404	-2585.067	185.663	1.126218	0.4142979	6.342133
12942	-2392.451	-2577.262	184.8108	1.170325	0.4039212	6.790145
12948	-2396.418	-2584.576	188.1582	1.465767	0.6600268	4.565297
12954	-2396.398	-2585.017	188.6191	1.554575	0.4032674	4.487422
12960	-2399.555	-2591.315	191.7594	2.124232	0.9830339	1.774554
12966	-2391.962	-2583.493	191.5306	2.043378	0.8934357	2.0481
12972	-2386.256	-2573.926	187.67	1.518039	0.283992	5.179791
12978	-2396.136	-2580.227	184.0912	1.347858	0.5702413	6.930652
12984	-2393.065	-2575.089	182.0238	1.216921	0.3670897	8.296969
12990	-2387.077	-2569.236	182.1594	1.092027	0.3618774	8.296969
12996	-2379.594	-2562.502	182.9078	1.222578	0.5634109	7.638781
13002	-2383.12	-2565.051	181.9307	0.9357988	0.4114126	8.449678
13008	-2398.131	-2578.175	180.0437	1.004809	0.269125	9.574993
13014	-2390.14	-2575.308	185.168	0.9970646	0.4271183	6.667269
13020	-2383.295	-2566.659	183.3641	0.9850599	0.5364624	7.544024
13026	-2391.781	-2576.209	184.4279	1.155526	0.6251973	6.809601
13032	-2384.47	-2566.998	182.5283	1.17019	0.5035502	7.920152
13038	-2386.129	-2568.985	182.8558	1.246643	0.2963931	7.920152
13044	-2386.513	-2569.83	183.3176	1.128495	0.4269468	7.591809
13050	-2383.021	-2565.951	182.9302	1.261999	0.5806598	7.591809
13056	-2388.761	-2571.811	183.05	1.223391	0.6071751	7.527581
13062	-2387.435	-2571.098	183.663	1.320204	0.4071277	7.323856
13068	-2386.145	-2570.288	184.1429	0.943984	0.3551064	7.323856
13074	-2392.764	-2577.852	185.0881	1.247136	0.3734799	6.631144
13080	-2400.608	-2587.022	186.4139	1.087232	0.3153191	6.065645
13086	-2384.469	-2571.453	186.9837	1.41994	0.5961745	5.294454
13092	-2389.479	-2578.153	188.6735	1.496536	0.5093875	4.383846
13098	-2398.331	-2587.181	188.8504	1.465588	0.4472916	4.361288
13104	-2398.922	-2588.364	189.4427	1.539428	0.6009588	3.841307
13110	-2393.116	-2583.862	190.7453	1.764286	0.7174002	2.848896
13116	-2402.749	-2593.311	190.5619	1.766707	0.7285488	2.949676
13122	-2400.35	-2591.136	190.7858	1.760564	0.8901856	2.702273
13128	-2402.36	-2592.912	190.5524	1.842079	0.958794	2.750695
13134	-2395.283	-2586.768	191.4855	1.842079	0.795403	2.280723
13140	-2390.373	-2580.147	189.7739	1.598111	0.5834611	3.631087
13146	-2397.047	-2587.146	190.0998	1.642583	0.6291523	3.376592
13152	-2391.657	-2578.958	187.3012	1.557781	0.7685482	4.915015
13158	-2386.356	-2574.636	188.2809	1.650367	1.238181	4.044452
13164	-2387.257	-2575.561	188.3035	1.677442	1.414781	3.934489
13170	-2415.653	-2606.301	190.6478	1.743969	0.588801	3.026105
13176	-2411.887	-2601.018	189.1313	1.655285	1.091942	3.627599
13182	-2400.044	-2585.749	185.7044	1.423761	1.459704	5.512425
13188	-2395.421	-2580.938	185.5175	1.574413	0.4107045	6.181326
13194	-2400.061	-2583.52	183.4588	1.153216	0.4483196	7.482204
13200	-2408.283	-2594.62	186.3371	1.362677	0.6375498	5.649336
13206	-2392.93	-2576.093	183.1636	1.141295	0.6220906	7.499269
13212	-2386.111	-2569.422	183.3113	1.269571	0.4479436	7.499269
13218	-2381.718	-2567.212	185.4945	1.217783	0.4956391	6.305835
13224	-2380.882	-2565.692	184.8102	1.233917	0.4956391	6.667805
13230	-2386.306	-2570.977	184.671	1.343303	0.513792	6.667805
13236	-2384.01	-2571.582	187.572	1.480154	0.5821256	4.946585
13242	-2376.799	-2564.874	188.0752	1.545862	0.5821256	4.628945
13248	-2389.398	-2576.586	187.1889	1.425382	0.5531519	5.213726
13254	-2385.75	-2568.366	182.6157	1.179575	0.4933931	7.877472
13260	-2391.924	-2576.213	184.2888	1.179575	0.4102599	7.059968
13266	-2391.842	-2574.232	182.3907	1.140834	0.4102599	8.096894
13272	-2387.382	-2571.692	184.3104	1.051495	0.4520054	7.076128
13278	-2390.443	-2574.812	184.3687	1.243141	0.3407369	7.058124
13284	-2394.754	-2574.321	179.5669	1.07823	0.3386018	9.702877
13290	-2386.501	-2570.697	184.1957	1.263582	0.3048573	7.183055
13296	-2386.293	-2568.361	182.0682	1.045281	0.5679272	8.177921
13302	-2387.123	-2571.809	184.6865	1.197422	0.6029615	6.66448
13308	-2393.072	-2578.866	185.7942	1.274579	0.4701281	6.1355
13314	-2385.402	-2566.828	181.4265	1.110063	0.522767	8.522119
13320	-2383.138	-2567.102	183.9644	1.085703	0.4012805	7.293999
13326	-2397.703	-2581.516	183.813	1.067518	0.4962355	7.293999
13332	-2388.756	-2574.46	185.7045	1.186234	0.5027795	6.20243
13338	-2386.547	-2570.906	184.3591	1.25159	0.5244876	6.876431
13344	-2384.476	-2567.532	183.0566	1.177501	0.4128877	7.719261
13350	-2390.338	-2571.687	181.3497	0.8979792	0.4875877	8.706162
13356	-2395.072	-2579.691	184.6193	1.162339	0.4168528	6.884524
13362	-2386.152	-2570.557	184.405	1.146296	0.50273	6.927472
13368	-2391.474	-2576.469	184.9952	1.053317	0.3487677	6.813599
13374	-2388.992	-2568.092	179.0995	1.043677	0.5012175	9.80653
13380	-2382.819	-2566.296	183.4771	1.215556	0.5393834	7.357458
13386	-2381.432	-2566.231	184.7987	1.215556	0.5466061	6.639708
13392	-2399.727	-2576.532	176.8048	0.9107425	0.4416938	11.13521
13398	-2402.947	-2584.729	181.7816	1.150279	0.3471607	8.483227
13404	-2383.002	-2567.273	184.2708	1.394559	0.4069452	6.957312
13410	-2377.696	-2560.58	182.8846	1.158307	0.456898	7.778626
13416	-2380.943	-2563.276	182.3327	1.25448	0.2995173	8.190942
13422	-2389.965	-2575.317	185.3517	1.391275	0.3933016	6.389025
13428	-2403.292	-2588.605	185.3131	1.423628	0.3965172	6.389025
13434	-2402.107	-2586.736	184.6292	1.093026	0.4027299	6.931001
13440	-2398.864	-2580.7	181.8355	1.030459	0.3602599	8.503645
13446	-2395.307	-2578.921	183.6137	1.096061	0.3278337	7.557341
13452	-2396.954	-2579.503	182.5484	1.003012	0.329436	8.173994
13458	-2385.522	-2568.588	183.0662	1.020889	0.4301388	7.780681
13464	-2392.976	-2575.568	182.5918	0.8833184	0.4301388	8.107201
13470	-2381.978	-2562.52	180.5427	0.9137612	0.4301388	9.178592
13476	-2385.372	-2564.702	179.33	0.8462109	0.4282229	9.856113
13482	-2385.14	-2566.611	181.4704	1.041367	0.6042214	8.469483
13488	-2390.305	-2574.784	184.4782	1.120123	0.5215073	6.885649
13494	-2393.022	-2579.054	186.0321	1.313183	0.4671518	5.987621
13500	-2394.467	-2578.835	184.3681	1.10977	0.4843344	6.983561
13506	-2404.29	-2588.293	184.003	1.434657	0.3658789	7.123485
13512	-2382.949	-2571.746	188.7974	1.411571	0.5158775	4.355913
13518	-2377.776	-2564.314	186.5383	1.572653	0.4355984	5.599289
13524	-2400.549	-2587.52	186.971	1.522999	0.6340609	5.214638
13530	-2400	-2585.383	185.383	1.90207	0.437632	6.048963
13536	-2404.261	-2592.482	188.2211	1.885562	0.5604618	4.374147
13542	-2396.871	-2580.112	183.2405	1.162914	0.4511125	7.59127
13548	-2397.749	-2580.92	183.1709	1.232572	0.4511125	7.59127
13554	-2399.207	-2581.091	181.8841	1.057169	0.4947445	8.331346
13560	-2404.874	-2591.261	186.3871	1.503164	0.2948021	5.87914
13566	-2395.681	-2582.61	186.9293	1.741344	0.3601397	5.371784
13572	-2398.552	-2583.983	185.4307	1.752679	0.2741722	6.2913
13578	-2405.851	-2591.047	185.1962	1.697606	0.3003677	6.414401
13584	-2404.906	-2592.148	187.2412	1.781171	0.3005972	5.249674
13590	-2413.499	-2598.751	185.2516	1.556359	1.021935	5.893105
13596	-2402.649	-2586.815	184.1661	1.284802	0.4628051	7.017957
13602	-2403.204	-2589.414	186.2103	1.446474	0.5096782	5.778362
13608	-2413.544	-2597.365	183.8215	1.482954	0.425519	7.1328
13614	-2407.684	-2595.348	187.6639	1.370219	0.439228	5.086365
13620	-2406.496	-2590.524	184.0285	1.26541	0.360546	7.206643
13626	-2411.37	-2596.193	184.8233	1.181412	0.4793034	6.703965
13632	-2399.585	-2585.644	186.0592	1.192757	0.3554311	6.15399
13638	-2399.346	-2583.221	183.8753	1.156063	0.3426494	7.367799
13644	-2396.236	-2579.889	183.6523	1.242474	0.4105881	7.367799
13650	-2400.754	-2588.437	187.6822	1.41613	0.4105881	5.080157
13656	-2396.636	-2580.729	184.0927	1.281565	0.2856283	7.253064
13662	-2389.397	-2572.692	183.2951	1.180934	0.289864	7.72884
13668	-2384.925	-2567.043	182.1176	1.071382	0.2833854	8.42319
13674	-2387.989	-2576.09	188.1013	1.437098	0.4007234	4.8459
13680	-2396.868	-2579.458	182.5892	1.1545	0.3798669	8.015329
13686	-2388.874	-2572.655	183.7817	1.06426	0.582793	7.239612
13692	-2380.414	-2565.997	185.5832	1.253658	0.4657489	6.26574
13698	-2384.927	-2573.08	188.1526	1.414024	0.4394602	4.789858
13704	-2390.486	-2577.572	187.0858	1.231963	0.4312856	5.489913
13710	-2407.267	-2587.888	180.621	0.9535721	0.2969834	9.261641
13716	-2398.343	-2582.807	184.4641	1.151661	0.3516125	7.043574
13722	-2417.173	-2603.132	185.9586	1.405236	0.5449973	5.907737
13728	-2415.861	-2599.42	183.5588	1.320312	0.5449973	7.252638
13734	-2399.99	-2584.008	184.018	1.216217	0.4766809	7.121687
13740	-2391.534	-2573.045	181.5113	1.257865	0.7459341	8.231659
13746	-2390.402	-2572.084	181.6815	1.173069	0.3630456	8.506644
13752	-2400.19	-2583.163	182.9725	1.068726	0.5109303	7.730608
13758	-2394.208	-2578.142	183.9345	1.21086	0.4109406	7.232913
13764	-2390.574	-2573.361	182.7874	1.030188	0.4066323	7.948033
13770	-2402.011	-2580.973	178.9619	1.294731	0.1838871	10.11736
13776	-2402.085	-2585.433	183.3475	1.351266	0.4848535	7.40172
13782	-2418.919	-2605.748	186.8294	1.738106	0.8512009	5.023317
13788	-2403.979	-2592.522	188.5427	1.67599	0.9826589	4.015515
13794	-2406.992	-2591.898	184.9054	1.4165	0.436296	6.573355
13800	-2396.74	-2579.614	182.874	1.096053	0.490752	7.786478
13806	-2392.619	-2580.56	187.9412	1.468915	0.4827007	4.834967
13812	-2391.059	-2577.638	186.579	1.338804	0.3864196	5.756223
13818	-2396.927	-2582.578	185.651	1.278219	0.6880938	6.033298
13824	-2406.951	-2594.629	187.6778	1.505826	0.49526	4.949357
13830	-2399.548	-2586.309	186.7605	1.293242	0.4521426	5.614383
13836	-2396.114	-2584.133	188.0189	1.36986	0.3469941	4.989545
13842	-2394.778	-2584.683	189.9057	1.641784	0.5657038	3.544604
13848	-2394.847	-2584.745	189.8982	1.947476	0.425928	3.506804
13854	-2396.425	-2586.431	190.0068	1.662152	0.4318838	3.603257
13860	-2399.404	-2589.606	190.2019	2.101584	0.3304773	3.350962
13866	-2385.769	-2574.297	188.5278	1.666425	0.3304773	4.559537
13872	-2387.135	-2575.907	188.7718	1.795381	0.4762774	4.190366
13878	-2390.446	-2576.203	185.7568	1.671265	0.3533725	6.060394
13884	-2391.408	-2580.712	189.3042	1.884715	0.3766024	3.941019
13890	-2398.909	-2587.575	188.6666	2.057973	0.35708	4.228312
13896	-2399.628	-2589.159	189.5314	1.780111	0.403945	3.839947
13902	-2394.605	-2581.672	187.0666	1.657853	0.398279	5.300034
13908	-2396.638	-2584.76	188.1216	1.553555	0.3682549	4.80547
13914	-2403.648	-2587.621	183.9735	1.218656	0.4743681	7.146422
13920	-2400.068	-2587.577	187.5085	1.488317	0.5583459	4.99729
13926	-2401.124	-2587.054	185.9298	1.180526	0.3564369	6.229894
13932	-2398.401	-2585.876	187.4747	1.418882	0.3341666	5.279132
13938	-2413.331	-2599.005	185.6739	1.330955	0.40937	6.230054
13944	-2394.327	-2579.954	185.6268	1.635959	0.2878839	6.230054
13950	-2404.653	-2587.899	183.2457	1.403555	0.3914843	7.519099
13956	-2389.828	-2577.067	187.2394	1.403555	0.4097077	5.332959
13962	-2396.032	-2577.531	181.4991	1.225704	0.4152317	8.52114
13968	-2391.74	-2575.992	184.2516	1.278237	0.4121639	7.024959
13974	-2397.586	-2584.935	187.3489	1.412977	0.2157807	5.513477
13980	-2388.856	-2575.986	187.1295	1.658456	0.3345243	5.336977
13986	-2397.571	-2584.481	186.9093	1.492164	0.293516	5.600798
13992	-2407.28	-2590.878	183.5978	1.222266	0.3924336	7.426581
13998	-2404.891	-2592.221	187.3304	1.508203	0.5577003	5.08563
14004	-2397.368	-2581.981	184.6128	1.436285	0.8009348	6.435331
14010	-2407.344	-2592.701	185.3568	1.205887	0.4888288	6.393185
14016	-2403.362	-2587.892	184.5302	1.209392	0.5074699	6.821741
14022	-2403.297	-2592.64	189.3425	1.689349	0.4193451	3.983538
14028	-2390.642	-2578.968	188.326	1.560278	0.4892737	4.5623
14034	-2391.761	-2580.204	188.4431	1.504081	0.4539279	4.5623
14040	-2396.066	-2583.111	187.0449	1.386374	0.8640525	5.090906
14046	-2399.859	-2583.885	184.0256	1.142226	0.6036157	7.050152
14052	-2392.572	-2579.706	187.1338	1.482326	0.4792353	5.2788
14058	-2386.885	-2572.363	185.4783	1.339096	0.4820556	6.261097
14064	-2385.779	-2572.365	186.5855	1.285155	0.4024905	5.764892
14070	-2391.026	-2579.677	188.6508	1.423956	0.5002209	4.446051
14076	-2388.231	-2574.864	186.6333	1.198861	0.5220683	5.671263
14082	-2396.201	-2586.346	190.1455	1.765612	0.6913995	3.227357
14088	-2389.006	-2578.21	189.2037	1.532738	0.4098815	4.162099
14094	-2396.221	-2583.599	187.3787	1.588243	0.4584029	5.104653
14100	-2380.626	-2567.326	186.7004	1.17606	0.3783124	5.787649
14106	-2399.341	-2585.873	186.5318	1.276442	0.4134882	5.787649
14112	-2403.581	-2589.583	186.0016	1.340841	0.3930932	6.06333
14118	-2399.146	-2582.065	182.9188	1.147338	0.4570391	7.766051
14124	-2402.639	-2588.358	185.7192	1.469782	0.4838077	6.057279
14130	-2390.373	-2577.08	186.7075	1.395362	0.5232687	5.521572
14136	-2385.694	-2572.409	186.7144	1.451047	0.4730448	5.532945
14142	-2404.137	-2588.253	184.116	1.260484	0.3752939	7.146129
14148	-2401.087	-2586.629	185.5425	1.109563	0.4014696	6.429751
14154	-2405.834	-2592.812	186.9777	1.634951	0.6529567	5.134524
14160	-2404.33	-2593.202	188.8721	1.757837	0.6116303	4.034219
14166	-2408.545	-2590.671	182.1259	1.157498	0.5867478	8.072423
14172	-2386.721	-2570.301	183.58	1.177699	0.4299155	7.421976
14178	-2384.609	-2568.978	184.369	1.200265	0.4155513	7.000279
14184	-2383.979	-2567.15	183.1706	1.325279	0.4678352	7.526055
14190	-2395.383	-2577.044	181.6602	0.9430582	0.4984424	8.507748
14196	-2388.867	-2572.43	183.5627	1.019668	0.3735481	7.573976
14202	-2384.1	-2565.513	181.413	0.9706287	0.5095331	8.614729
14208	-2376.773	-2558.062	181.2888	1.047215	0.6170165	8.553061
14214	-2375.882	-2560.404	184.5219	1.234014	0.6304173	6.712496
14220	-2381.152	-2565.988	184.8359	1.350314	0.3727778	6.712496
14226	-2376.097	-2560.933	184.8361	1.197633	0.4535042	6.712496
14232	-2387.683	-2572.141	184.4587	1.19708	0.3427257	7.032193
14238	-2377.489	-2563.307	185.8186	1.173492	0.4146483	6.231586
14244	-2385.133	-2570.418	185.2851	1.222096	0.5252177	6.390985
14250	-2390.495	-2574.06	183.5651	1.227383	0.8087087	7.10882
14256	-2392.823	-2573.543	180.72	1.210992	0.7132125	8.699051
14262	-2381.383	-2563.084	181.7016	1.070106	0.4820315	8.432861
14268	-2388.189	-2570.161	181.9718	0.9253084	0.4119192	8.432861
14274	-2389.277	-2571.946	182.6694	1.115588	0.3938339	7.978579
14280	-2383.554	-2567.107	183.5531	1.115093	0.4222742	7.477528
14286	-2394.792	-2579.96	185.1677	1.281747	0.4277747	6.512712
14292	-2376.101	-2564.578	188.4769	1.674203	0.3677078	4.53962
14298	-2391.067	-2579.268	188.2006	1.672321	0.3677078	4.695592
14304	-2391.228	-2579.005	187.7766	1.419591	0.3635985	5.077257
14310	-2390.975	-2578.858	187.8834	1.414684	0.3161986	5.077257
14316	-2389.103	-2574.356	185.2532	1.231002	0.4412195	6.480643
14322	-2389.755	-2573.516	183.7607	1.049471	0.4835647	7.343157
14328	-2404.28	-2587.991	183.7107	1.180415	0.2804662	7.518853
14334	-2402.943	-2586.807	183.8638	1.189957	0.4480523	7.245519
14340	-2398.529	-2582.309	183.7803	1.156015	0.545222	7.221746
14346	-2412.062	-2598.584	186.5226	1.24733	0.545222	5.685361
14352	-2435.563	-2618.045	182.4826	0.9724361	0.385586	8.163104
14358	-2422.208	-2608.57	186.3621	1.429493	0.385586	5.826193
14364	-2413.999	-2598.477	184.4787	1.285554	0.437908	6.873015
14370	-2408.976	-2595.023	186.0476	1.468273	0.4863454	5.876585
14376	-2402.991	-2590.196	187.2044	1.439637	0.4863454	5.256751
14382	-2406.194	-2590.715	184.5213	1.333118	0.4863454	6.778689
14388	-2403.516	-2592.505	188.9883	1.479158	0.4863454	4.237237
14394	-2393.157	-2582.071	188.914	1.479158	0.5679566	4.205545
14400	-2402.542	-2591.63	189.0877	1.580612	0.5679566	4.048977
14406	-2414.09	-2602.605	188.5142	1.768758	0.8669037	4.048977
14412	-2381.253	-2565.886	184.6336	1.373693	0.6384584	6.570505
14418	-2385.481	-2570.828	185.3466	1.373693	0.4808682	6.314975
14424	-2390.267	-2577.315	187.048	1.569947	0.3937102	5.363697
14430	-2393.31	-2581.34	188.0303	1.569947	0.4242573	4.786625
14436	-2397.862	-2583.265	185.4033	1.380149	0.4593238	6.30083
14442	-2387.38	-2574.566	187.1866	1.516478	0.4790021	5.230982
14448	-2383.91	-2571.369	187.4592	1.36785	0.4099558	5.230982
14454	-2387.483	-2571.852	184.3692	1.362543	0.7884292	6.615209
14460	-2393.308	-2578.073	184.7646	1.392377	0.4712485	6.629138
14466	-2383.169	-2568.972	185.8025	1.470145	0.4712485	6.023378
14472	-2388.392	-2573.242	184.8504	1.245435	0.6129121	6.542055
14478	-2391.64	-2576.524	184.8843	1.476005	0.2940386	6.711175
14484	-2402.12	-2586.576	184.456	1.219793	0.3255169	7.041505
14490	-2411.111	-2596.412	185.301	1.24583	0.3756766	6.514248
14496	-2415.474	-2596.714	181.2401	1.268655	0.2728162	8.797977
14502	-2401.421	-2585.413	183.9913	1.34012	0.5954329	6.968491
14508	-2389.904	-2576.023	186.119	1.462596	0.5954329	5.747045
14514	-2395.652	-2577.334	181.6818	1.036027	0.5312403	8.418665
14520	-2385.397	-2568.688	183.2911	1.100198	0.3747464	7.67494
14526	-2388.01	-2572.453	184.4437	1.27014	0.3809775	6.958428
14532	-2392.317	-2577.987	185.67	1.241258	0.3398895	6.357014
14538	-2383.567	-2567.494	183.9265	1.21666	0.4798854	7.167714
14544	-2387.072	-2573.971	186.8985	1.305522	0.3410018	5.650495
14550	-2413.06	-2598.871	185.8108	1.38084	0.3951408	6.143285
14556	-2399.729	-2587.485	187.7566	1.577674	0.3125409	5.061784
14562	-2398.616	-2585.768	187.1523	1.457431	0.4827994	5.278995
14568	-2392.365	-2575.669	183.3042	1.225257	0.5814095	7.410583
14574	-2394.029	-2580.759	186.7301	1.430967	0.3153722	5.704966
14580	-2401.896	-2586.097	184.2008	1.125189	0.5594563	7.000346
14586	-2394.105	-2577.969	183.8644	1.163839	0.6280821	7.106498
14592	-2390.822	-2574.138	183.3161	1.279566	0.6465087	7.325068
14598	-2393.85	-2575.634	181.7842	1.254315	0.4550141	8.315876
14604	-2394.381	-2577.241	182.8596	1.360631	0.4550141	7.685608
14610	-2401.046	-2587.017	185.9715	1.226139	0.3861126	6.149687
14616	-2385.901	-2570.917	185.0162	1.328581	0.3861126	6.612349
14622	-2387.654	-2572.628	184.9742	1.348777	0.3972756	6.612349
14628	-2377.451	-2562.411	184.9602	1.443108	0.3572435	6.612349
14634	-2381.683	-2565.111	183.4282	1.175446	0.3945256	7.540354
14640	-2383.356	-2565.719	182.3626	1.096808	0.3906179	8.155472
14646	-2396.428	-2577.185	180.7573	0.9011046	0.3618224	9.142041
14652	-2390.916	-2570.259	179.3426	0.8509851	0.5083714	9.77379
14658	-2392.122	-2571.489	179.367	1.0665	0.3756705	9.77379
14664	-2385.991	-2567.566	181.5744	1.169165	0.4922933	8.43864
14670	-2380.224	-2564.671	184.4477	1.077277	0.5639687	6.889432
14676	-2384.992	-2569.935	184.9423	1.305104	0.499266	6.554593
14682	-2386.155	-2574.053	187.898	1.424768	0.3844929	4.983579
14688	-2393.544	-2580.947	187.4029	1.515334	0.6287425	4.983579
14694	-2389.888	-2578.246	188.3581	1.518112	0.3552716	4.708101
14700	-2391.767	-2579.446	187.6785	1.453573	0.3757863	5.099067
14706	-2381.339	-2567.963	186.6236	1.33468	0.392728	5.727273
14712	-2387.262	-2573.786	186.5235	1.328631	0.4834336	5.695206
14718	-2391.762	-2576.254	184.4916	1.303787	0.4094968	6.884611
14724	-2391.749	-2577.296	185.5471	1.20856	0.4633132	6.312168
14730	-2376.763	-2562.915	186.1514	1.259854	0.3370365	6.088506
14736	-2378.672	-2562.909	184.237	1.209355	0.3640636	7.120805
14742	-2380.332	-2568.018	187.6857	1.420932	0.4257147	5.059846
14748	-2387.193	-2574.919	187.726	1.448025	0.3902995	5.059846
14754	-2379.266	-2568.029	188.7628	1.520428	0.5233461	4.307163
14760	-2393.021	-2581.399	188.3772	1.437913	0.5233461	4.570895
14766	-2388.458	-2574.383	185.9245	1.530103	0.4262669	5.967847
14772	-2378.687	-2566.092	187.4052	1.540265	0.3905331	5.186226
14778	-2375.248	-2561.932	186.6842	1.281302	0.3905331	5.725658
14784	-2382.074	-2567.465	185.3911	1.267428	0.3905331	6.437738
14790	-2385.184	-2568.59	183.4063	1.218991	0.4478508	7.475558
14796	-2380.769	-2564.149	183.3797	1.271611	0.4574654	7.452507
14802	-2384.57	-2570.378	185.8088	1.222865	0.3389332	6.292771
14808	-2381.674	-2567.363	185.6888	1.232056	0.2702881	6.439009
14814	-2370.099	-2555.696	185.5964	1.388195	0.3255222	6.334163
14820	-2373.907	-2562.29	188.3826	1.618828	0.2644577	4.75435
14826	-2378.557	-2565.173	186.6154	1.738862	0.2544243	5.679652
14832	-2415.977	-2598.013	182.0367	1.136906	0.403925	8.293943
14838	-2422.382	-2603.927	181.5455	1.248406	0.6380619	8.293943
14844	-2391.179	-2576.22	185.0411	1.204613	0.3303311	6.72855
14850	-2385.267	-2572.022	186.7549	1.204012	0.486734	5.633593
14856	-2386.449	-2571.867	185.4178	1.229894	0.3670386	6.469109
14862	-2386.578	-2568.005	181.4273	1.165473	0.3840016	8.623222
14868	-2415.086	-2598.677	183.5918	1.496338	0.191532	7.542938
14874	-2399.128	-2582.38	183.2521	1.09195	0.389234	7.684821
14880	-2400.629	-2583.882	183.2523	1.272175	0.3043268	7.684821
14886	-2391.253	-2572.337	181.0842	1.018847	0.4081099	8.858144
14892	-2392.445	-2573.494	181.0488	0.8938012	0.3424414	9.013174
14898	-2391.144	-2573.692	182.5481	1.200902	0.3600972	8.03388
14904	-2395.817	-2581.192	185.3746	1.438835	0.2795402	6.484873
14910	-2395.569	-2580.404	184.8355	1.224918	0.2628904	6.914116
14916	-2398.64	-2580.81	182.1698	1.123057	0.3577894	8.279399
14922	-2391.013	-2574.49	183.4774	1.221336	0.3790257	7.505773
14928	-2399.936	-2582.163	182.2272	1.028368	0.2984852	8.36869
14934	-2396.611	-2578.869	182.2587	1.083474	0.2530943	8.382055
14940	-2392.577	-2577.687	185.11	1.065462	0.3804516	6.70996
14946	-2382.471	-2568.392	185.9207	1.302865	0.3556592	6.169147
14952	-2385.995	-2571.34	185.3444	1.308559	0.4930568	6.340353
14958	-2386.683	-2570.463	183.7799	1.156567	0.430222	7.325781
14964	-2382.539	-2571.319	188.7793	1.584231	0.3924227	4.392236
14970	-2396.384	-2587.549	191.1641	1.638027	0.4254899	2.941002
14976	-2394.817	-2583.068	188.2514	1.328996	0.483754	4.738894
14982	-2394.533	-2582.687	188.154	1.670373	0.3283761	4.769261
14988	-2397.662	-2583.308	185.646	1.261868	0.3339449	6.365825
14994	-2406.731	-2591.563	184.832	1.289836	0.3302876	6.795456
15000	-2415.902	-2600.615	184.7128	1.156554	0.4595727	6.795456
15006	-2399.385	-2582.909	183.5236	1.201118	0.4562395	7.41428
15012	-2392.238	-2578.372	186.1339	1.298144	0.4345432	5.971873
15018	-2389.213	-2573.631	184.418	1.426361	0.4345432	6.833102
15024	-2380.859	-2567.716	186.8564	1.488085	0.3059187	5.616173
15030	-2386.139	-2570.264	184.1253	1.251708	0.5346024	6.993696
15036	-2380.358	-2562.998	182.6399	1.201406	0.3708334	7.972955
15042	-2381.35	-2560.309	178.9594	0.9776	0.4331607	9.977293
15048	-2391.524	-2571.037	179.5131	1.139434	0.3726808	9.661508
15054	-2390.837	-2570.523	179.6863	0.9607602	0.3753981	9.661508
15060	-2408.249	-2594.187	185.9385	1.348254	0.3873535	6.099806
15066	-2392.957	-2579.219	186.2618	1.401913	0.4908973	5.791522
15072	-2397.318	-2583.03	185.7111	1.428051	0.3500297	6.22147
15078	-2398.391	-2586.94	188.5484	1.578489	0.3774626	4.542159
15084	-2406.995	-2593.383	186.3878	1.623356	0.5625498	5.538313
15090	-2398.742	-2588.636	189.8944	1.481256	0.4450546	3.759153
15096	-2406.001	-2593.797	187.7955	1.390618	0.4584615	4.982959
15102	-2395.842	-2577.734	181.8925	1.0079	0.4584615	8.386106
15108	-2388.098	-2571.317	183.2189	1.125002	0.3466381	7.731319
15114	-2387.212	-2567.03	179.8175	1.041012	0.4993966	9.430834
15120	-2398.296	-2581.396	183.0993	1.067885	0.2568911	7.937397
15126	-2403.932	-2586.57	182.6376	1.053739	0.335651	8.092202
15132	-2398.71	-2581.812	183.1024	1.123142	0.4143254	7.722365
15138	-2404.601	-2590.751	186.1492	1.25083	0.3556016	6.073153
15144	-2420.298	-2605.584	185.2864	1.57611	0.4260515	6.290457
15150	-2397.876	-2584.772	186.8952	1.405508	0.3980335	5.533739
15156	-2398.397	-2583.668	185.2713	1.270903	0.3493558	6.54613
15162	-2402.232	-2588.752	186.5196	1.521497	0.3500314	5.729302
15168	-2409.944	-2594.491	184.5472	1.350265	0.3531414	6.890108
15174	-2395.964	-2580.619	184.6545	1.315744	0.3531414	6.850867
15180	-2414.661	-2600.713	186.0524	1.188703	0.3850979	6.127096
15186	-2403.022	-2584.438	181.4158	1.077856	0.3850979	8.674682
15192	-2399.791	-2581.618	181.8265	0.9625	0.3926968	8.509958
15198	-2401.083	-2584.502	183.4192	1.268089	0.4449424	7.445136
15204	-2399.857	-2585.673	185.8157	1.343228	0.5277489	6.034398
15210	-2403.19	-2588.584	185.3941	1.203887	0.376227	6.485969
15216	-2400.984	-2586.16	185.1761	1.180933	0.3506689	6.644817
15222	-2397.913	-2583.724	185.8114	1.257155	0.3308285	6.282275
15228	-2376.965	-2562.652	185.6864	1.275443	0.3820121	6.282275
15234	-2384.708	-2568.378	183.6702	1.258749	0.2559425	7.531473
15240	-2395.833	-2581.063	185.2299	1.174437	0.2535057	6.741491
15246	-2402.599	-2589.224	186.6248	1.283369	0.4140883	5.732269
15252	-2393.811	-2577.569	183.7572	1.192519	0.4535887	7.2961
15258	-2390.591	-2573.93	183.3395	1.13306	0.2050811	7.850339
15264	-2398.134	-2580.696	182.5617	1.223512	0.4257094	7.946202
15270	-2405.486	-2591.527	186.0411	1.320168	0.4377768	6.007282
15276	-2392.884	-2578.216	185.3315	1.20806	0.4526767	6.43953
15282	-2401.497	-2588.706	187.209	1.400487	0.3015575	5.476074
15288	-2396.685	-2583.787	187.1017	1.334824	0.3015575	5.571204
15294	-2400.44	-2583.981	183.5405	1.106176	0.3291298	7.589566
15300	-2385.612	-2568.427	182.8156	1.155295	0.4305574	7.842358
15306	-2400.293	-2587.239	186.946	1.463695	0.4329001	5.437718
15312	-2407.265	-2594.638	187.3723	1.4815	0.42494	5.200699
15318	-2405.505	-2592.975	187.4703	1.383492	0.42494	5.200699
15324	-2408.668	-2591.581	182.9129	1.043853	0.4969952	7.787998
15330	-2397.293	-2584.003	186.7104	1.382973	0.3726967	5.675033
15336	-2407.318	-2594.907	187.5888	1.466476	0.5070324	5.00992
15342	-2402.179	-2589.494	187.3154	1.456411	0.3600097	5.316099
15348	-2401.962	-2589.246	187.2839	1.55407	0.3289603	5.316099
15354	-2422.326	-2607.015	184.6892	1.395905	0.2415125	6.930757
15360	-2402.905	-2587.736	184.83	1.268704	0.300222	6.84455
15366	-2408.201	-2589.068	180.8661	1.135434	0.300222	9.031832
15372	-2407.191	-2586.506	179.3151	0.9704623	0.4470614	9.780496
15378	-2400.001	-2582.632	182.631	0.9988096	0.3907868	8.064512
15384	-2414.916	-2594.74	179.8238	0.9838009	0.555426	9.410561
15390	-2408.719	-2591.057	182.3374	1.037836	0.555426	8.048588
15396	-2399.895	-2584.012	184.1171	1.187701	0.4432517	7.115223
15402	-2399.693	-2582.212	182.5182	1.187701	0.420589	7.993618
15408	-2404.275	-2586.872	182.5974	1.105653	0.4220926	7.993618
15414	-2396.621	-2579.132	182.5107	1.237967	0.3980361	7.993618
15420	-2397.692	-2580.189	182.4965	1.411239	0.6230914	7.711098
15426	-2403.461	-2587.077	183.6156	1.163632	0.5560546	7.297094
15432	-2392.686	-2578.533	185.8463	1.495316	0.3064216	6.163563
15438	-2398.37	-2580.789	182.4188	1.380027	0.229489	8.172587
15444	-2404.01	-2591.431	187.421	2.179433	0.3520919	4.865791
15450	-2394.325	-2583.105	188.78	1.667436	0.3520919	4.390951
15456	-2402.311	-2588.573	186.2614	1.487378	0.3105628	5.936477
15462	-2408.079	-2594.276	186.1963	1.588838	0.3464209	5.873518
15468	-2404.298	-2589.533	185.2344	1.323274	0.4364734	6.445493
15474	-2395.177	-2580.873	185.6963	1.20824	0.4358969	6.257802
15480	-2383.585	-2569.377	185.7916	1.424572	0.4795695	6.046401
15486	-2402.603	-2590.272	187.6692	1.682588	0.3570056	4.998427
15492	-2392.567	-2574.327	181.7597	1.015358	0.4304497	8.479401
15498	-2395.36	-2578.316	182.956	0.993881	0.5451453	7.750366
15504	-2400.915	-2586.927	186.0118	1.335757	0.5695209	5.896083
15510	-2395.84	-2583.446	187.6058	1.565328	0.298323	5.170331
15516	-2389.16	-2577.563	188.4031	1.504714	0.4013989	4.638719
15522	-2400.48	-2586.803	186.3231	1.883988	0.2948192	5.70571
15528	-2403.108	-2591.202	188.0935	1.812759	0.6054222	4.449488
15534	-2405.256	-2590.827	185.5701	1.520971	0.4358386	6.156391
15540	-2414.068	-2598.683	184.6149	1.279815	0.4632238	6.77835
15546	-2413.372	-2593.072	179.6998	1.07884	0.3243902	9.64887
15552	-2412.733	-2598.208	185.4754	1.28336	0.3053055	6.481384
15558	-2399.042	-2584	184.9576	1.42026	0.4954223	6.487396
15564	-2403.557	-2593.165	189.6083	1.557334	0.5074901	3.818597
15570	-2391.335	-2578.804	187.4686	1.44657	0.5477802	5.051615
15576	-2388.298	-2576.942	188.6434	1.770204	0.3970526	4.358921
15582	-2394.967	-2580.432	185.4653	1.266474	0.3744465	6.415374
15588	-2407.208	-2589.852	182.6439	1.260487	0.288928	8.035255
15594	-2401.547	-2586.806	185.2594	1.42388	0.5002914	6.317383
15600	-2394.822	-2577.38	182.558	1.263149	0.5093282	7.849589
15606	-2404.088	-2588.776	184.6881	1.388698	0.5093282	6.637946
15612	-2412.922	-2602.927	190.0057	1.701812	0.4369737	3.575478
15618	-2415.548	-2605.896	190.3486	1.685733	0.6498931	3.187346
15624	-2408.652	-2598.244	189.5923	1.480972	0.6225168	3.771043
15630	-2408.477	-2596.271	187.7938	1.482581	0.6656213	4.755714
15636	-2396.162	-2584.436	188.2742	1.581353	0.5781228	4.500605
15642	-2408.276	-2591.748	183.4722	1.22278	0.3719287	7.515441
15648	-2402.678	-2586.043	183.3652	1.311481	0.3810743	7.515441
15654	-2413.409	-2598.006	184.5972	1.198082	0.3318311	6.969724
15660	-2406.506	-2592.676	186.1701	1.508154	0.4361765	5.835756
15666	-2414.299	-2602.613	188.3143	1.818999	0.5412671	4.37582
15672	-2427.736	-2613.822	186.0863	1.757702	0.3039539	5.892722
15678	-2407.564	-2595.173	187.6084	1.737848	0.6189028	4.752814
15684	-2415.001	-2603.254	188.2528	1.544681	0.5370373	4.568613
15690	-2405.621	-2590.573	184.9523	1.211067	0.3876582	6.70881
15696	-2407.356	-2589.981	182.6245	1.333093	0.6506068	7.66392
15702	-2397.838	-2581.715	183.8773	1.191646	0.4624338	7.223741
15708	-2394.936	-2579.154	184.2182	1.151046	0.3545382	7.172862
15714	-2410.731	-2594.5	183.7688	1.174775	0.6009251	7.172862
15720	-2397.136	-2582.144	185.008	1.30466	0.5012068	6.517558
15726	-2422.286	-2605.741	183.4547	1.249116	0.3259154	7.56279
15732	-2409.723	-2593.745	184.0214	1.339448	0.4120501	7.116013
15738	-2416.083	-2604.102	188.0189	1.948105	0.2706752	4.764874
15744	-2426.6	-2613.716	187.1161	1.552012	1.097745	4.82696
15750	-2413.65	-2598.037	184.3863	1.285048	0.3338556	7.034073
15756	-2403.527	-2587.149	183.622	1.240899	0.5059451	7.294832
15762	-2404.464	-2592.033	187.5687	1.272225	0.3910273	5.24349
15768	-2413.865	-2594.603	180.7386	1.2225	0.3020506	9.050943
15774	-2407.656	-2597.362	189.7062	1.564955	0.6288686	3.651555
15780	-2406.762	-2594.929	188.1674	1.465377	0.3864033	4.808836
15786	-2410.418	-2597.957	187.5391	1.306076	0.4417179	5.1885
15792	-2404.999	-2590.65	185.651	1.357882	0.4417179	6.195324
15798	-2407.528	-2591.243	183.7151	1.632175	0.2282406	7.34685
15804	-2416.628	-2600.704	184.0754	1.280046	0.2896548	7.257984
15810	-2408.443	-2597.602	189.1598	1.713766	0.8107276	3.746927
15816	-2416.148	-2605.608	189.4599	1.549541	0.7004599	3.746927
15822	-2405.452	-2595.596	190.1441	1.530359	0.4651795	3.565568
15828	-2406.538	-2597.372	190.8342	1.740711	0.7341646	2.796304
15834	-2401.968	-2592.074	190.1054	1.789972	0.2880839	3.645571
15840	-2393.008	-2580.855	187.8475	1.623716	0.5642047	4.727901
15846	-2395.218	-2584.769	189.5514	1.693448	0.4225229	3.858117
15852	-2411.049	-2601.074	190.0252	1.852332	0.4225229	3.491919
15858	-2409.166	-2596.784	187.6181	1.492768	0.5254343	4.962466
15864	-2402.562	-2590.214	187.6525	1.417454	0.4964163	5.011473
15870	-2402.862	-2588.739	185.8767	1.279465	0.4338209	6.122963
15876	-2396.498	-2582.729	186.231	1.510563	0.6349751	5.628414
15882	-2402.703	-2590.782	188.0798	1.652463	0.3826017	4.757497
15888	-2408.728	-2598.798	190.0697	2.032709	0.5327466	3.249107
15894	-2405.415	-2589.945	184.53	1.396168	0.4726509	6.752552
15900	-2403.696	-2588.034	184.3381	1.401853	0.692527	6.675578
15906	-2390.037	-2577.242	187.2056	1.579064	0.4349744	5.228764
15912	-2391.124	-2578.572	187.4484	1.493332	0.2828036	5.317512
15918	-2386.776	-2574.094	187.3172	1.315777	0.3445996	5.410488
15924	-2389.694	-2576.47	186.7756	1.371418	0.5208534	5.499436
15930	-2391.632	-2577.928	186.2955	1.306876	0.5208534	5.798187
15936	-2395.137	-2580.514	185.3775	1.289995	0.8835643	6.048143
15942	-2402.51	-2584.291	181.7804	1.184378	0.8101903	8.086242
15948	-2405.539	-2588.914	183.3759	1.220531	0.8101903	7.21327
15954	-2397.085	-2584.08	186.9955	1.390033	0.6982508	5.226742
15960	-2396.332	-2586.367	190.0357	1.761248	0.5012305	3.458549
15966	-2388.562	-2578.451	189.8885	1.663198	0.6424856	3.477316
15972	-2380.119	-2570.615	190.4962	1.687538	0.6717736	3.080807
15978	-2388.915	-2579.447	190.5323	1.835166	0.9394011	2.779465
15984	-2392.119	-2583.087	190.9679	1.772592	0.6301986	2.779465
15990	-2388.264	-2577.44	189.1765	1.733404	0.986894	3.615273
15996	-2395.212	-2580.894	185.6812	1.398292	0.3633964	6.238831
16002	-2393.429	-2578.063	184.634	1.364166	0.4729588	6.713383
16008	-2403.977	-2588.74	184.7631	1.268542	0.4537419	6.713383
16014	-2401.313	-2589.149	187.8359	1.63355	0.5818094	4.714102
16020	-2397.046	-2585.891	188.8451	1.731366	0.5167855	4.146835
16026	-2410.379	-2598.849	188.4705	1.563277	0.5306779	4.441379
16032	-2408.503	-2597.261	188.7584	1.476347	0.587979	4.278377
16038	-2383.865	-2571.987	188.1228	1.506151	0.3714062	4.827676
16044	-2386.962	-2576.639	189.6765	1.88564	0.5135569	3.583621
16050	-2393.951	-2579.828	185.8773	1.610554	0.7975746	5.653151
16056	-2384.122	-2572.058	187.9359	1.610554	0.9602022	4.409956
16062	-2385.826	-2572.023	186.1977	1.241021	0.4342723	5.968526
16068	-2393.849	-2580.338	186.4885	1.31713	0.9250748	5.399997
16074	-2378.077	-2565.423	187.3458	1.214385	0.4263462	5.361443
16080	-2391.92	-2578.272	186.352	1.545148	0.4123223	5.740163
16086	-2386.48	-2573.546	187.0662	1.377624	0.4736256	5.379165
16092	-2387.957	-2576.606	188.6499	1.530567	0.8275975	4.132692
16098	-2394.206	-2582.718	188.5119	1.530567	1.155686	4.022073
16104	-2387.913	-2577.01	189.0969	1.697758	1.016841	3.664742
16110	-2391.362	-2580.503	189.1415	1.517114	0.7959849	3.880563
16116	-2397.399	-2586.836	189.4367	1.463065	0.6827289	3.823486
16122	-2385.615	-2573.549	187.9345	1.429115	0.628544	4.735511
16128	-2397.561	-2585.665	188.104	1.34531	0.6668118	4.658075
16134	-2393.623	-2579.411	185.7877	1.311046	0.6255793	5.987314
16140	-2382.774	-2571.169	188.3941	1.389547	0.7583687	4.404003
16146	-2395.073	-2583.753	188.6802	1.70047	0.4427659	4.329335
16152	-2397.101	-2582.931	185.8298	1.429902	1.010675	5.651878
16158	-2381.1	-2570.172	189.0725	1.615371	0.4089762	4.190657
16164	-2385.979	-2569.299	183.3205	1.246601	0.8308191	7.216203
16170	-2376.762	-2558.104	181.3418	1.006197	0.6286972	8.537904
16176	-2382.076	-2566.124	184.0471	1.185623	0.4701349	7.12853
16182	-2385.227	-2568.154	182.9273	1.094923	0.4967692	7.753258
16188	-2398.399	-2584.806	186.4076	1.171306	0.7541644	5.631935
16194	-2397.365	-2582.713	185.348	1.337146	0.839321	6.065443
16200	-2393.959	-2578.038	184.0792	1.203686	0.631008	6.967198
16206	-2399.948	-2583.127	183.1786	1.151528	0.4548291	7.626969
16212	-2411.628	-2590.988	179.3598	1.151528	0.4548291	9.654227
16218	-2404.351	-2589.449	185.0984	1.282849	0.3891164	6.589408
16224	-2393.801	-2576.464	182.663	1.022826	0.4596302	7.966687
16230	-2392.043	-2574.536	182.4935	1.051021	0.442822	8.057935
16236	-2399.245	-2583.751	184.5057	1.194068	0.6155085	6.754189
16242	-2387.789	-2571.674	183.8851	1.116393	0.4753012	7.247986
16248	-2397.738	-2581.645	183.9063	0.942744	0.4753012	7.329862
16254	-2396.631	-2579.592	182.9612	1.163932	0.4044963	7.786002
16260	-2391.381	-2574.33	182.949	1.057029	0.4701	7.786002
16266	-2381.194	-2565.142	183.9481	1.168392	0.4768526	7.184803
16272	-2389.369	-2571.787	182.4176	1.17919	0.4854206	7.990544
16278	-2385.884	-2570.059	184.1751	1.116393	0.464936	7.101779
16284	-2389.623	-2576.972	187.3491	1.546674	0.4285421	5.173779
16290	-2383.868	-2572.166	188.298	1.56569	0.6373194	4.448026
16296	-2384.116	-2572.872	188.7568	1.401958	0.4491963	4.448026
16302	-2380.505	-2567.439	186.934	1.354677	0.4491963	5.488134
16308	-2383.111	-2569.529	186.4184	1.619907	0.5054158	5.572956
16314	-2381.471	-2569.607	188.1365	1.612052	0.4124368	4.716084
16320	-2386.69	-2575.78	189.0896	1.708427	0.4124368	4.12434
16326	-2391.52	-2580.046	188.5266	1.490755	0.4070688	4.571173
16332	-2391.554	-2580.051	188.4974	1.572857	0.3799392	4.571173
16338	-2402.893	-2590.292	187.3998	1.626323	0.3639426	5.171052
16344	-2388.633	-2576.057	187.4236	1.371735	0.5143167	5.147492
16350	-2394.603	-2577.623	183.0199	1.388771	0.3876629	7.651918
16356	-2405.172	-2588.306	183.1345	1.306462	0.3744017	7.648749
16362	-2412.78	-2596.06	183.2805	1.258685	0.3947785	7.574624
16368	-2420.892	-2600.577	179.6854	1.233386	0.2839612	9.624216
16374	-2401.234	-2581.682	180.4485	0.8529155	0.2937805	9.409951
16380	-2390.19	-2572.538	182.3484	0.9161879	0.4433288	8.206624
16386	-2401.344	-2583.455	182.1109	1.125852	0.4590001	8.206624
16392	-2410.354	-2593.494	183.1407	1.366807	0.6267865	7.387136
16398	-2408.411	-2591.564	183.1531	1.200901	0.6564877	7.447374
16404	-2401.791	-2586.614	184.8236	1.204539	0.4484037	6.72038
16410	-2403.256	-2588.008	184.7522	1.402631	0.3171923	6.793359
16416	-2383.965	-2571.278	187.3136	1.459026	0.3236261	5.358661
16422	-2387.901	-2575.053	187.152	1.612829	0.3271458	5.358661
16428	-2396.897	-2584.511	187.6143	1.707501	0.4063283	4.960513
16434	-2379.664	-2566.922	187.2575	1.359569	0.5019633	5.25724
16440	-2380.357	-2568.425	188.0671	1.664437	0.3420057	4.804588
16446	-2383.813	-2572.526	188.7127	1.567361	0.6733964	4.184718
16452	-2383.31	-2571.632	188.3215	1.566357	0.6018494	4.462807
16458	-2382.227	-2570.699	188.4722	1.448374	0.5795793	4.462807
16464	-2386.052	-2574.448	188.396	1.417591	0.5245817	4.57065
16470	-2393.072	-2581.539	188.4669	1.26279	0.578976	4.57065
16476	-2386.961	-2572.899	185.9376	1.411759	0.3316115	6.128622
16482	-2392.127	-2576.194	184.0674	1.464762	0.2866463	7.166888
16488	-2389.728	-2572.011	182.2833	1.473771	0.2866463	8.116645
16494	-2397.527	-2578.864	181.3372	1.232946	0.5102261	8.515057
16500	-2388.948	-2575.715	186.7666	1.413083	0.4830814	5.51574
16506	-2397.483	-2583.573	186.0901	1.250736	0.5564104	5.91068
16512	-2383.676	-2567.17	183.4934	1.080767	0.5101301	7.446051
16518	-2386.802	-2569.747	182.9451	1.169561	0.2950412	7.915319
16524	-2384.912	-2567.77	182.8586	1.059101	0.3866244	7.915319
16530	-2388.699	-2569.815	181.1164	1.145543	0.4323429	8.749938
16536	-2384.839	-2569.982	185.1429	1.392606	0.5326971	6.369141
16542	-2384.364	-2567.046	182.6817	1.332333	0.3753595	7.875858
16548	-2383.667	-2567.886	184.219	1.118027	0.5737747	6.982733
16554	-2388.412	-2573.18	184.7687	1.185312	0.5265628	6.689284
16560	-2392.521	-2577.46	184.939	1.246613	0.4415836	6.641872
16566	-2394.637	-2580.238	185.6005	1.29299	0.2871971	6.43146
16572	-2402.119	-2585.345	183.2262	1.043774	0.4155009	7.697469
16578	-2388.495	-2573.596	185.1004	1.463479	0.4297515	6.448776
16584	-2383.215	-2569.902	186.6869	1.171572	0.4598339	5.714004
16590	-2385.772	-2572.389	186.6168	1.241664	0.4598339	5.714004
16596	-2394.427	-2583.054	188.627	1.455475	0.5266579	4.417511
16602	-2393.147	-2581.202	188.0546	1.488493	0.5134315	4.732253
16608	-2386.857	-2575.046	188.189	1.399052	0.486239	4.732253
16614	-2385.562	-2572.765	187.2028	1.302063	0.4729139	5.346177
16620	-2392.764	-2580.13	187.3658	1.443459	0.3619747	5.293194
16626	-2397.22	-2584.756	187.5361	1.358064	0.6152171	5.007595
16632	-2399.714	-2588.643	188.9287	1.514194	0.434457	4.302647
16638	-2396.412	-2583.851	187.4397	1.319258	0.2396767	5.478711
16644	-2385.995	-2571.912	185.9163	1.360446	0.3498859	6.146812
16650	-2399.91	-2585.701	185.7907	1.514535	0.5498619	5.935604
16656	-2400.576	-2584.638	184.062	1.173867	0.6563943	6.973627
16662	-2400.295	-2584.695	184.3997	1.312797	0.3676214	6.973627
16668	-2396.771	-2583.739	186.9675	1.45233	0.3676214	5.501422
16674	-2402.34	-2590.235	187.895	1.605756	0.3676214	4.903448
16680	-2391.132	-2579.175	188.0435	1.591283	0.5774607	4.625127
16686	-2395.135	-2582.955	187.8205	1.542381	0.3743196	4.972567
16692	-2404.022	-2590.436	186.4147	1.122463	0.3497075	6.005125
16698	-2415.784	-2603.144	187.3597	1.463196	0.4547574	5.187975
16704	-2396.654	-2583.916	187.2612	1.608217	0.3620973	5.259827
16710	-2391.333	-2580.292	188.9598	1.794926	0.3620973	4.205305
16716	-2404.484	-2593.408	188.9241	1.610501	0.4508595	4.233988
16722	-2401.953	-2589.957	188.0036	1.402168	0.4551294	4.863983
16728	-2403.044	-2588.23	185.1869	1.211931	0.5994891	6.388393
16734	-2404.989	-2593.694	188.7056	1.392114	0.5380389	4.398775
16740	-2403.853	-2592.216	188.3621	1.592993	0.6278987	4.403926
16746	-2396.266	-2582.84	186.5739	1.532607	0.4774924	5.561167
16752	-2397.414	-2580.523	183.1088	1.336876	0.6397166	7.410592
16758	-2391.054	-2573.904	182.8494	1.194265	0.4831498	7.753993
16764	-2400.154	-2586.779	186.6251	1.393199	0.3623443	5.727766
16770	-2398.033	-2587.867	189.8336	1.656506	0.7047934	3.464599
16776	-2415.985	-2606.833	190.8483	1.688592	0.5052749	3.016951
16782	-2399.425	-2583.224	183.7992	1.130266	0.5685581	7.206206
16788	-2401.935	-2586.312	184.3766	1.127523	0.3992484	7.052055
16794	-2409.322	-2593.927	184.6048	1.199154	0.3969044	6.892988
16800	-2398.989	-2584.738	185.749	1.266258	0.3969044	6.237367
16806	-2396.266	-2582.516	186.25	1.339294	0.60738	5.733308
16812	-2407.894	-2593.242	185.3475	1.326392	0.2146285	6.653074
16818	-2394.882	-2580.202	185.3202	1.624776	0.236967	6.472739
16824	-2382.544	-2569.607	187.0628	1.339586	0.3466951	5.534944
16830	-2383.358	-2571.287	187.9297	1.535559	0.3067724	4.996366
16836	-2385.694	-2573.159	187.4643	1.601438	0.3515051	5.163453
16842	-2387.609	-2575.031	187.4222	1.437274	0.4163734	5.206365
16848	-2401.583	-2588.814	187.2304	1.40572	0.4163734	5.329782
16854	-2418.126	-2605.608	187.4825	1.413042	0.4163734	5.186451
16860	-2399.953	-2587.965	188.0119	1.464253	0.4887585	4.792418
16866	-2405.644	-2593.55	187.9065	1.433241	0.3824021	4.976442
16872	-2391.36	-2579.723	188.363	1.504651	0.8182074	4.316212
16878	-2388.304	-2576.693	188.3893	1.500438	0.8182074	4.30376
16884	-2402.084	-2590.456	188.3721	1.41739	0.7119007	4.433643
16890	-2396.974	-2585.164	188.1897	1.629574	0.7011222	4.424711
16896	-2408.83	-2592.187	183.3571	1.287714	0.4062894	7.50616
16902	-2389.886	-2576.472	186.5857	1.333142	0.5030096	5.640738
16908	-2396.728	-2583.661	186.9328	1.321161	0.4085022	5.548354
16914	-2391.876	-2576.1	184.2241	1.081819	0.4879331	7.07285
16920	-2404.398	-2591.133	186.7349	1.437793	0.3815037	5.621813
16926	-2395.319	-2580.694	185.3752	1.291492	0.6406757	6.211141
16932	-2403.168	-2590.279	187.1109	1.534612	0.4109586	5.330205
16938	-2406.182	-2594.869	188.6874	1.559249	0.5070616	4.342727
16944	-2397.535	-2583.899	186.3636	1.46013	0.4236558	5.768762
16950	-2392.626	-2580.23	187.6038	1.539482	0.482521	4.983714
16956	-2397.101	-2583.915	186.8131	1.48107	0.6823293	5.288785
16962	-2390.466	-2578.328	187.8616	1.348879	0.7786236	4.71212
16968	-2387.136	-2571.523	184.3873	1.195199	0.8949293	6.630389
16974	-2388.709	-2576.163	187.4542	1.324503	0.6497977	5.044857
16980	-2394.53	-2578.485	183.9551	1.114038	0.4304351	7.254373
16986	-2389.467	-2570.236	180.7685	0.8334731	0.3549219	9.179434
16992	-2386.785	-2567.515	180.7299	0.7943246	0.3934781	9.179434
16998	-2381.314	-2564.261	182.9466	1.049398	0.5237583	7.743755
17004	-2394.458	-2577.226	182.7679	0.8875373	0.4450646	7.996691
17010	-2385.41	-2565.76	180.3496	0.947371	0.4450646	9.248645
17016	-2395.173	-2576.994	181.8207	0.9244113	0.3795106	8.547056
17022	-2395.838	-2581.017	185.1785	1.148149	0.4801612	6.52904
17028	-2392.068	-2580.247	188.1791	1.371925	0.4801612	4.758701
17034	-2396.937	-2585.105	188.1676	1.362245	0.4927751	4.758701
17040	-2399.41	-2587.449	188.0382	1.505488	0.4612645	4.781
17046	-2400.686	-2589.656	188.9699	1.558667	0.4523155	4.235954
17052	-2403.808	-2593.16	189.3529	1.737387	0.6008885	3.779158
17058	-2415.563	-2601.812	186.2487	1.437178	0.5242502	5.749537
17064	-2404.723	-2594.688	189.9648	1.633564	0.4031699	3.675318
17070	-2388.17	-2577.562	189.3925	1.46929	0.4031699	4.098065
17076	-2392.518	-2578.275	185.7564	1.14375	0.4031699	6.293374
17082	-2403.864	-2587.765	183.9015	1.295397	0.4123254	7.203817
17088	-2392.345	-2577.036	184.6905	1.032903	0.386172	6.947704
17094	-2396.819	-2581.27	184.4504	1.046098	0.5132889	6.947704
17100	-2393.888	-2579.363	185.4748	1.323512	0.5154385	6.241451
17106	-2390.538	-2577.17	186.6323	1.155405	0.5154385	5.701507
17112	-2396.734	-2580.406	183.6714	1.090417	0.324047	7.533949
17118	-2388.457	-2571.86	183.4026	1.037486	0.3764131	7.647049
17124	-2403.698	-2584.445	180.7468	0.9941374	0.2688472	9.209691
17130	-2414.764	-2597.702	182.9388	1.364759	0.2019534	7.945518
17136	-2420.942	-2606.904	185.9618	1.203691	0.4116784	6.140273
17142	-2406.508	-2593.014	186.5056	1.414774	0.3900019	5.750957
17148	-2402.614	-2586.827	184.2125	1.246035	0.3826064	7.094124
17154	-2402.486	-2585.849	183.3627	1.444251	0.3826064	7.444
17160	-2385.026	-2568.431	183.4042	1.290678	0.4419038	7.444
17166	-2392.478	-2577.269	184.7906	1.191136	0.4695833	6.725396
17172	-2401.43	-2586.455	185.0256	1.330352	0.2848266	6.725396
17178	-2403.93	-2591.474	187.544	1.473617	0.2817436	5.277045
17184	-2395.774	-2580.065	184.2908	1.200357	0.5291968	6.936812
17190	-2392.08	-2576.295	184.2144	1.071813	0.4491649	7.119508
17196	-2394.373	-2579.937	185.5638	1.211633	0.4491649	6.314936
17202	-2398.028	-2582.056	184.0283	1.209993	0.4170128	7.176847
17208	-2396.258	-2582.515	186.2571	1.209993	0.6079702	5.799792
17214	-2392.012	-2580.81	188.7977	1.486318	0.527141	4.303256
17220	-2401.438	-2590.63	189.1915	1.478982	0.3702778	4.243604
17226	-2403.135	-2593.069	189.934	1.628599	0.4077532	3.690953
17232	-2406.025	-2594.759	188.734	1.598267	0.4937836	4.306714
17238	-2408.261	-2596.901	188.6403	1.422005	0.6752486	4.306714
17244	-2416.548	-2605.118	188.5706	2.273327	0.3194763	4.206615
17250	-2394.616	-2579.186	184.5702	1.000058	0.3643711	7.053808
17256	-2389.372	-2575.256	185.8838	1.355387	0.3643711	6.150858
17262	-2387.413	-2576.689	189.2752	1.569553	0.5321647	3.979864
17268	-2387.291	-2575.989	188.6977	1.63718	0.5022903	4.297254
17274	-2398.079	-2587.248	189.1688	1.424558	0.3616623	4.297254
17280	-2388.544	-2576.915	188.3719	1.520503	0.4533306	4.593643
17286	-2394.207	-2582.551	188.3441	1.509709	0.4604347	4.608274
17292	-2385.938	-2573.402	187.4646	1.302984	0.3449336	5.335921
17298	-2403.567	-2588.923	185.3556	1.365603	0.2816548	6.532018
17304	-2401.958	-2588.365	186.4068	1.433929	0.4739522	5.71033
17310	-2384.434	-2571.639	187.2046	1.391695	0.4321441	5.335614
17316	-2398.307	-2585.916	187.6092	1.620365	0.4897771	4.928904
17322	-2399.941	-2585.443	185.502	1.225277	0.6180019	6.195483
17328	-2415.412	-2598.373	182.9617	1.451452	0.2283407	7.846644
17334	-2394.482	-2581.28	186.7977	1.298456	0.6565416	5.41709
17340	-2397.928	-2586.271	188.3426	1.406142	0.2979149	4.850033
17346	-2406.68	-2598.198	191.5177	1.735316	0.2979149	2.828203
17352	-2396.83	-2588.29	191.4597	1.936701	0.4078967	2.598464
17358	-2399.368	-2590.39	191.0224	1.993988	0.6308515	2.609535
17364	-2394.54	-2585.542	191.0016	1.995748	0.6445307	2.609535
17370	-2383.083	-2574.285	191.2022	1.973222	0.4728699	2.662355
17376	-2395.787	-2587.624	191.8374	1.929711	0.5257382	2.235326
17382	-2403.106	-2588.518	185.412	1.434747	0.5096751	6.220172
17388	-2400.21	-2587.807	187.5968	1.392862	0.3917779	5.160389
17394	-2394.445	-2579.751	185.306	1.132516	0.3917779	6.555636
17400	-2392.542	-2577.693	185.1509	1.35191	0.2581757	6.681802
17406	-2400.815	-2586.239	185.4235	1.297731	0.5821973	6.227082
17412	-2391.469	-2579.248	187.7786	1.585611	0.3676014	4.979405
17418	-2393.037	-2578.578	185.5411	1.160979	0.3676014	6.438988
17424	-2395.638	-2585.588	189.95	1.64719	0.4930574	3.582881
17430	-2401.028	-2591.539	190.5117	1.651848	0.5399451	3.206234
17436	-2394.088	-2586.232	192.1439	1.833168	0.3132219	2.357532
17442	-2394.706	-2585.884	191.178	1.987736	0.7028153	2.456053
17448	-2399.222	-2590.219	190.998	1.914878	0.7073979	2.609899
17454	-2397.635	-2588.719	191.0838	1.718219	0.6252775	2.74615
17460	-2399.447	-2590.163	190.7159	1.67188	0.5641461	3.050579
17466	-2393.38	-2582.882	189.5019	1.62694	0.6306992	3.732374
17472	-2391.206	-2580.761	189.5549	1.569088	0.5093258	3.840798
17478	-2395.83	-2584.462	188.632	1.562293	0.4813162	4.396507
17484	-2406.232	-2594.864	188.632	1.562293	0.4813162	4.396507
17490	-2403.777	-2590.713	186.9355	1.396235	0.4813162	5.433696
17496	-2408.623	-2596.05	187.4271	1.45231	0.6302825	5.003933
17502	-2390.905	-2579.035	188.1297	1.563294	0.3252398	4.84644
17508	-2380.549	-2570.448	189.8991	1.854456	0.4802474	3.504421
17514	-2384.885	-2575.094	190.209	1.728244	0.4309151	3.447981
17520	-2397.989	-2586.796	188.8065	1.639243	0.3920345	4.346282
17526	-2384.307	-2573.307	188.9993	1.4771	0.5661407	4.159861
17532	-2387.501	-2571.12	183.6187	1.081198	0.4290159	7.45385
17538	-2384.244	-2568.35	184.106	1.267596	0.4644447	7.058055
17544	-2377.719	-2565.688	187.9686	1.459769	0.486065	4.821593
17550	-2381.232	-2569.581	188.3483	1.695443	0.3381488	4.634638
17556	-2392.725	-2580.748	188.0234	1.511879	0.6346568	4.634638
17562	-2390.192	-2576.543	186.3512	1.279303	0.5261594	5.778143
17568	-2404.409	-2591.526	187.1166	1.384357	0.7007509	5.161085
17574	-2386.441	-2573.767	187.3258	1.311011	0.4278865	5.317572
17580	-2393.244	-2581.494	188.2509	1.56278	0.5807934	4.521931
17586	-2385.595	-2575.695	190.1004	1.727301	0.6135135	3.339493
17592	-2395.614	-2587.665	192.0511	1.781905	0.3787401	2.360533
17598	-2397.263	-2588.817	191.5539	1.781231	0.433811	2.606483
17604	-2388.771	-2579.013	190.2422	1.685105	0.7528616	3.171432
17610	-2395.211	-2584.855	189.6436	1.605077	0.8155202	3.526186
17616	-2398.6	-2586.484	187.8847	1.538529	0.8225714	4.563815
17622	-2399.77	-2586.748	186.9784	1.495369	0.5618147	5.284061
17628	-2395.574	-2581.188	185.6143	1.295723	0.3355566	6.362734
17634	-2389.821	-2575.264	185.4429	1.311239	0.4127419	6.362734
17640	-2395.926	-2582.387	186.4609	1.38863	0.4332413	5.744981
17646	-2400.683	-2588.632	187.9494	1.449817	0.3986634	4.925652
17652	-2407.109	-2597.227	190.1177	1.658635	0.6672189	3.325835
17658	-2399.069	-2589.816	190.7462	1.841894	0.4746523	3.017057
17664	-2409.026	-2599.377	190.3506	1.949806	0.5830499	3.085799
17670	-2408.627	-2595.585	186.9581	1.592745	0.3897561	5.404919
17676	-2410.233	-2597.935	187.7016	1.587551	0.7173089	4.710629
17682	-2414.235	-2601.748	187.5133	1.479914	0.4894887	5.060489
17688	-2403.441	-2587.579	184.1384	1.261978	0.5030805	7.008453
17694	-2395.12	-2583.62	188.4999	1.495591	0.4288437	4.560569
17700	-2392.557	-2581.846	189.289	1.619772	0.6375107	3.853588
17706	-2396.869	-2583.932	187.0629	1.34236	0.5726275	5.312829
17712	-2386.343	-2569.241	182.8983	1.250059	0.3670281	7.813143
17718	-2399.093	-2585.843	186.7496	1.478906	0.3962019	5.575324
17724	-2395.193	-2579.776	184.5826	1.291585	0.3986016	6.853341
17730	-2381.483	-2570.355	188.872	1.499849	0.3986016	4.380754
17736	-2383.633	-2572.543	188.9103	1.687934	0.2925136	4.380754
17742	-2384.3	-2573.566	189.2661	1.608637	0.3137658	4.19641
17748	-2390.134	-2577.438	187.3034	1.509192	0.2502567	5.433762
17754	-2396.814	-2585.084	188.2697	1.6567	0.2545353	4.810378
17760	-2390.123	-2577.481	187.3576	1.621283	0.4581751	5.098263
17766	-2391.262	-2577.512	186.25	1.272635	0.5512467	5.815668
17772	-2400.977	-2587.159	186.1821	1.182591	0.4154263	6.027939
17778	-2407.608	-2591.812	184.2035	1.338629	0.6555971	6.809117
17784	-2393.199	-2577.824	184.6252	1.15019	0.4383877	6.86651
17790	-2392.083	-2574.573	182.4894	1.15019	0.5496303	7.912377
17796	-2388.791	-2575.111	186.3207	1.253905	0.5496303	5.788597
17802	-2383.552	-2572.787	189.2348	1.527402	0.4681485	4.087399
17808	-2393.586	-2579.474	185.888	1.442641	0.3312402	6.139233
17814	-2386.985	-2572.164	185.1791	1.347096	0.3104544	6.600929
17820	-2385.562	-2570.197	184.6348	1.336756	0.441017	6.758128
17826	-2387.137	-2569.126	181.9892	1.187565	0.3178839	8.386966
17832	-2395.105	-2579.401	184.296	1.289911	0.3938388	7.013676
17838	-2392.501	-2578.969	186.4683	1.451522	0.2764093	5.887123
17844	-2405.077	-2586.391	181.314	1.198483	0.3914126	8.658086
17850	-2396.657	-2584.155	187.4984	1.463973	0.3662576	5.203703
17856	-2388.686	-2576.906	188.2197	1.613927	0.6643799	4.444061
17862	-2401.23	-2588.653	187.4237	1.713371	0.7157117	4.796766
17868	-2399.898	-2588.477	188.5784	1.688922	0.609579	4.242097
17874	-2390.774	-2578.892	188.1181	1.593721	0.609579	4.555514
17880	-2386.136	-2574.268	188.1318	1.5048	0.663551	4.555514
17886	-2383.442	-2567.612	184.17	1.151172	0.3820532	7.168582
17892	-2390.43	-2578.179	187.7498	1.320615	0.5221899	4.987822
17898	-2385.367	-2573.471	188.1037	1.409338	0.486311	4.77411
17904	-2379.351	-2567.711	188.3606	1.409338	0.5191973	4.600023
17910	-2389.435	-2575.775	186.3407	1.285433	0.5191973	5.786678
17916	-2398.288	-2582.807	184.5188	1.495545	0.240832	6.969862
17922	-2416.908	-2607.691	190.7829	1.745568	0.5975254	2.936314
17928	-2412.589	-2602.889	190.2997	1.75213	0.5824197	3.234018
17934	-2421.316	-2611.586	190.2695	1.731455	0.5555097	3.288092
17940	-2416.504	-2603.087	186.5831	1.471072	0.6850751	5.419119
17946	-2422.965	-2612.045	189.0794	1.471072	0.6375119	4.058688
17952	-2413.511	-2603.741	190.2303	1.653916	0.4699191	3.438435
17958	-2401.443	-2588.713	187.2693	1.335399	0.4160914	5.347371
17964	-2410.44	-2599.703	189.2633	1.477439	0.5146308	4.055281
17970	-2393.407	-2580.601	187.1939	1.452689	0.3538533	5.392255
17976	-2396.692	-2583.984	187.292	1.260507	0.400761	5.392255
17982	-2382.339	-2570.317	187.9777	1.283299	0.400761	5.00024
17988	-2387.524	-2574.374	186.8501	1.354957	0.3499022	5.639603
17994	-2398.285	-2583.766	185.4812	1.32522	0.4243089	6.322648
18000	-2402.909	-2589.014	186.1049	1.249349	0.4249146	6.023982
18006	-2394.64	-2580.016	185.3762	1.47742	0.4892345	6.234865
18012	-2403.711	-2588.356	184.6451	1.298976	0.4146264	6.799192
18018	-2390.538	-2571.731	181.1932	1.050114	0.3418048	8.854597
18024	-2389.021	-2571.023	182.0027	1.142773	0.3898051	8.323437
18030	-2387.041	-2571.75	184.7087	1.143946	0.5915608	6.690339
18036	-2395.025	-2580.656	185.6306	1.37928	0.4178781	6.21861
18042	-2385.958	-2569.168	183.2101	1.285513	0.3567212	7.638858
18048	-2401.287	-2586.326	185.0391	1.268383	0.3561364	6.665371
18054	-2394.35	-2582.872	188.5219	1.43952	0.3561364	4.659421
18060	-2390.137	-2580.588	190.4506	1.52819	0.4516954	3.401701
18066	-2390.482	-2578.184	187.7015	1.352349	0.4516954	5.063015
18072	-2394.542	-2580.761	186.2188	1.188123	0.5087697	5.91574
18078	-2397.567	-2581.744	184.1766	1.242368	0.3848933	7.112948
18084	-2407.573	-2591.912	184.339	1.101728	0.4727987	7.014153
18090	-2400.359	-2585.208	184.8497	1.177516	0.6865081	6.524484
18096	-2399.291	-2583.999	184.7083	1.318851	0.6865081	6.524484
18102	-2404.226	-2586.27	182.0439	1.164824	0.6743269	8.046633
18108	-2404.704	-2589.138	184.4344	1.240086	0.509435	6.85511
18114	-2395.452	-2580.052	184.6001	1.289005	0.3892636	6.85511
18120	-2381.101	-2567.866	186.7652	1.303572	0.4185793	5.639611
18126	-2379.578	-2566.528	186.9507	1.343113	0.4723316	5.463016
18132	-2389.088	-2576.85	187.7622	1.343113	0.5691696	4.927776
18138	-2396.844	-2583.093	186.2495	1.409886	0.5691696	5.725795
18144	-2410.373	-2597.686	187.3139	1.582541	0.4059468	5.196835
18150	-2392.607	-2580.018	187.4105	1.487004	0.3987065	5.203955
18156	-2402.153	-2590.154	188.0019	1.491292	0.5330919	4.742566
18162	-2404.948	-2590.365	185.4168	1.677882	0.5330919	6.064784
18168	-2407.858	-2595.771	187.9135	1.677882	0.793122	4.488681
18174	-2407.721	-2595.046	187.3248	1.459521	0.7812059	4.948074
18180	-2405.841	-2594.959	189.1181	1.735498	0.6010329	3.915056
18186	-2401.569	-2591.612	190.0426	1.7323	0.5724732	3.405783
18192	-2392.743	-2579.587	186.8443	1.361845	0.44502	5.537654
18198	-2399.92	-2583.484	183.5631	1.358464	0.5366822	7.236867
18204	-2385.014	-2573.996	188.9817	1.667003	0.6241008	4.013352
18210	-2400.917	-2589.77	188.8525	1.612294	0.4831471	4.241836
18216	-2397.183	-2579.304	182.1213	1.009353	0.465943	8.256646
18222	-2389.618	-2573.472	183.8547	1.29222	0.2750065	7.388895
18228	-2407.409	-2592.563	185.1539	1.326013	0.4758368	6.450029
18234	-2397.353	-2582.541	185.1881	1.326013	0.4561358	6.450029
18240	-2399.257	-2583.922	184.6658	1.39239	0.7406568	6.470042
18246	-2403.51	-2588.382	184.8717	1.183421	0.7431276	6.470042
18252	-2406.672	-2590.034	183.3618	1.323702	0.4615956	7.430303
18258	-2412.614	-2596.433	183.8192	1.105566	0.5425575	7.230199
18264	-2419.599	-2607.015	187.4159	1.427891	0.5036839	5.130285
18270	-2403.779	-2589.321	185.5426	1.376065	0.6374476	6.076387
18276	-2392.839	-2578.169	185.3297	1.291134	0.4576453	6.390718
18282	-2392.603	-2578.787	186.1846	1.307848	0.4377407	5.935764
18288	-2402.56	-2586.485	183.9257	1.435557	0.3000088	7.241748
18294	-2397.535	-2582.869	185.3346	1.307754	0.4700405	6.367312
18300	-2401.604	-2586.669	185.065	1.284687	0.4048141	6.590063
18306	-2401.747	-2585.634	183.8872	1.124071	0.5224104	7.200842
18312	-2407.67	-2592.403	184.7336	1.257802	0.3845531	6.804952
18318	-2402.578	-2587.732	185.1538	1.144697	0.4320256	6.590226
18324	-2401.865	-2587.885	186.02	1.322304	0.4859338	5.971719
18330	-2399.217	-2585.178	185.9613	1.233724	0.4859338	6.052056
18336	-2402.836	-2586.945	184.1092	1.233724	0.4859338	7.05475
18342	-2400.418	-2584.425	184.0069	1.227364	0.5680665	7.042702
18348	-2403.562	-2585.313	181.7511	1.196663	0.5395415	8.289403
18354	-2399.974	-2586.367	186.3922	1.594591	0.5528766	5.559826
18360	-2394.08	-2578.083	184.0033	1.293461	0.4781198	7.086709
18366	-2389.636	-2574.024	184.3873	1.28148	0.379366	6.984444
18372	-2398.799	-2586.092	187.2931	1.383607	0.4366603	5.286702
18378	-2389.564	-2573.059	183.4951	1.17008	0.4366603	7.464968
18384	-2395.268	-2580.943	185.6755	1.494076	0.4623365	6.087997
18390	-2397.636	-2580.638	183.0017	1.238986	0.4227149	7.70589
18396	-2393.179	-2578.202	185.0231	1.29373	0.2737375	6.76111
18402	-2398.457	-2585.255	186.7977	1.333942	0.354311	5.674792
18408	-2381.987	-2568.318	186.33	1.317556	0.5431598	5.754128
18414	-2381.658	-2565.005	183.3476	1.091629	0.405652	7.616909
18420	-2382.722	-2562.4	179.6777	1.104201	0.460482	9.506253
18426	-2388.026	-2568.079	180.0527	0.9950601	0.4580706	9.368116
18432	-2392.625	-2573.017	180.3928	0.9406388	0.314198	9.368116
18438	-2392.086	-2572.552	180.4661	0.9562165	0.420694	9.205891
18444	-2399.331	-2580.317	180.9851	1.036133	0.4916839	8.822573
18450	-2403.255	-2586.124	182.8698	1.080547	0.4639011	7.8215
18456	-2403.118	-2585.8	182.6814	1.05437	0.5989448	7.8215
18462	-2409.731	-2594.415	184.6841	1.077393	0.5989448	6.733743
18468	-2396.434	-2579.597	183.1629	1.380814	0.3823934	7.585209
18474	-2404.324	-2591.572	187.2477	1.39923	0.5033658	5.239507
18480	-2401.105	-2589.242	188.1376	1.312464	0.4375127	4.856841
18486	-2406.528	-2593.56	187.0321	1.326059	0.4902708	5.410853
18492	-2409.185	-2596.225	187.0403	1.333652	0.4808789	5.410853
18498	-2407.009	-2592.231	185.2223	1.472854	0.3488363	6.463837
18504	-2406.175	-2595.555	189.3797	1.657312	0.3431897	4.067285
18510	-2411.67	-2601.038	189.3679	1.636174	0.3588612	4.067285
18516	-2408.192	-2597.226	189.0341	1.692633	0.5103076	4.067285
18522	-2399.017	-2587.976	188.959	1.651093	0.4879744	4.154739
18528	-2397.902	-2585.166	187.2638	1.350395	0.5077939	5.253557
18534	-2396.353	-2582	185.6474	1.222229	0.6141599	6.121013
18540	-2392.562	-2577.957	185.3957	1.487247	0.6049173	6.121013
18546	-2395.342	-2581.917	186.5751	1.614693	0.6049173	5.405436
18552	-2416.684	-2604.277	187.5924	1.443675	0.3869596	5.139924
18558	-2403.945	-2587.884	183.9392	1.141509	0.4400706	7.238738
18564	-2395.469	-2580.64	185.1717	1.243702	0.447035	6.512266
18570	-2398.124	-2582.966	184.8424	1.227331	0.5447263	6.611236
18576	-2412.862	-2597.511	184.6496	1.21484	0.6883447	6.611236
18582	-2409.599	-2594.744	185.1441	1.29687	0.34037	6.611236
18588	-2405.258	-2590.356	185.0976	1.329064	0.3470819	6.611236
18594	-2406.836	-2593.389	186.5532	1.137944	0.426501	5.838416
18600	-2406.484	-2593.577	187.0931	1.200632	0.3338411	5.609776
18606	-2403.971	-2588.791	184.8195	1.370866	0.341685	6.745143
18612	-2383.469	-2568.702	185.233	1.225475	0.3718152	6.566332
18618	-2391.376	-2573.636	182.2606	1.223257	0.5519934	7.993521
18624	-2394.554	-2577.317	182.7632	0.9884124	0.3966053	7.993521
18630	-2399.664	-2580.062	180.398	0.9171932	0.3283408	9.361092
18636	-2387.551	-2570.982	183.4311	1.00993	0.4860758	7.538754
18642	-2388.199	-2571.556	183.3564	1.245742	0.4860758	7.452414
18648	-2372.357	-2555.009	182.6516	1.178247	0.4818855	7.869367
18654	-2383.835	-2568.414	184.5792	1.512981	0.6033473	6.551508
18660	-2379.521	-2563.619	184.0979	1.253823	0.3342889	7.205461
18666	-2380.138	-2568.164	188.0258	1.480757	0.5864954	4.689439
18672	-2385.147	-2569.001	183.8531	1.3841	0.57853	7.032667
18678	-2380.756	-2565.368	184.6125	1.33292	0.5057388	6.712164
18684	-2391.984	-2576.674	184.6902	1.382141	0.4323711	6.712164
18690	-2379.097	-2569.44	190.3435	1.713472	0.7136494	3.123652
18696	-2385.1	-2575.749	190.6487	1.659107	0.5366328	3.123652
18702	-2394.791	-2585.674	190.8829	1.791731	0.7092279	2.75486
18708	-2386.464	-2575.765	189.3015	1.75285	1.183915	3.422922
18714	-2384.046	-2573.177	189.1309	1.75285	0.9298308	3.664601
18720	-2390.269	-2576.804	186.5354	1.298605	0.4335051	5.753199
18726	-2383.57	-2570.342	186.7714	1.276844	0.4335051	5.635751
18732	-2385.982	-2572.351	186.3694	1.462094	0.7147241	5.52044
18738	-2377.779	-2564.326	186.5472	1.398063	0.757744	5.428142
18744	-2382.395	-2568.284	185.889	1.37179	0.5849979	5.930867
18750	-2389.351	-2571.918	182.5672	1.311242	0.8570235	7.569591
18756	-2395.892	-2583.281	187.3889	1.374314	0.6989706	5.01695
18762	-2400.016	-2586.522	186.5057	1.415716	0.7152963	5.470559
18768	-2389.937	-2575.924	185.9872	1.24116	0.4301856	6.087279
18774	-2383.057	-2569.058	186.0015	1.478087	0.8644753	5.615558
18780	-2384.052	-2569.594	185.5422	1.377773	0.7365868	6.004346
18786	-2382.649	-2570.188	187.5388	1.364541	0.5841993	5.027561
18792	-2387.795	-2572.571	184.7753	1.207217	0.5841993	6.626003
18798	-2375.169	-2561.195	186.0259	1.259494	0.6211192	5.888824
18804	-2372.391	-2557.839	185.4487	1.312073	0.5599696	6.223811
18810	-2384.032	-2568.587	184.5558	1.417339	0.3794407	6.820286
18816	-2380.234	-2565.098	184.8631	1.30519	0.4680178	6.626018
18822	-2389.956	-2577.953	187.997	1.397662	0.5106791	4.817661
18828	-2392.245	-2582.173	189.9278	1.688567	0.7501841	3.356946
18834	-2387.965	-2577.974	190.0099	1.765105	0.5516597	3.424342
18840	-2390.422	-2581.286	190.8638	1.69566	0.7090683	2.825128
18846	-2385.178	-2573.58	188.4023	1.382883	0.4595533	4.647642
18852	-2376.945	-2564.899	187.9542	1.326967	0.6153306	4.792003
18858	-2383.893	-2570.171	186.2779	1.29928	0.4353853	5.891802
18864	-2403.505	-2589.421	185.9168	1.362784	0.3510768	6.14392
18870	-2403.233	-2588.521	185.2874	1.430346	0.694496	6.14392
18876	-2402.988	-2588.322	185.3342	1.288976	0.5710473	6.289418
18882	-2410.944	-2593.427	182.4837	1.086467	0.4075165	8.079104
18888	-2410.49	-2594.117	183.6272	1.178916	0.3841452	7.442815
18894	-2394.448	-2579.994	185.5461	1.196166	0.4541732	6.328164
18900	-2388.359	-2574.481	186.1214	1.312644	0.4541732	5.951555
18906	-2393.075	-2578.324	185.2486	1.276164	0.4541732	6.446133
18912	-2381.465	-2567.301	185.8365	1.416596	0.4541732	6.050275
18918	-2387.447	-2576.717	189.2703	1.502524	0.4541732	4.095301
18924	-2387.971	-2576.633	188.662	1.39698	0.4541732	4.499231
18930	-2382.846	-2567.682	184.8357	1.110127	0.455563	6.758005
18936	-2379.203	-2565.023	185.8199	1.326785	0.3642971	6.201245
18942	-2387.327	-2573.907	186.5805	1.283208	0.4872779	5.685316
18948	-2394.685	-2579.11	184.4251	1.323717	0.6208579	6.723591
18954	-2408.009	-2594.57	186.5617	1.322693	0.4801532	5.680578
18960	-2404.495	-2593.482	188.9873	1.678339	0.6456564	3.986485
18966	-2407.478	-2597.389	189.9106	1.686731	0.5633388	3.517669
18972	-2410.613	-2601.343	190.7296	1.640897	0.3315551	3.310105
18978	-2413.279	-2603.813	190.5338	1.805325	0.6808015	2.980577
18984	-2392.893	-2579.058	186.1645	1.385961	0.3120996	6.042762
18990	-2396.824	-2576.356	179.532	0.9347263	0.3120996	9.827811
18996	-2395.255	-2581.534	186.2787	1.365733	0.4203257	5.870209
19002	-2398.2	-2584.718	186.518	1.1409	0.412633	5.870209
19008	-2399.421	-2582.664	183.2432	1.046727	0.4428219	7.659946
19014	-2392.548	-2580.326	187.7785	1.488569	0.4727691	4.924128
19020	-2393.091	-2580.059	186.9678	1.362183	0.4505896	5.464055
19026	-2388.127	-2575.632	187.5054	1.355261	0.4505896	5.171147
19032	-2388.556	-2576.333	187.7776	1.389828	0.4306545	5.021033
19038	-2392.582	-2576.955	184.3726	1.246825	0.4987144	6.894298
19044	-2391.109	-2575.638	184.5292	1.190292	0.3559026	6.982906
19050	-2381.423	-2566.846	185.423	1.311859	0.3537616	6.436752
19056	-2397.561	-2580.224	182.6633	1.249279	0.6884235	7.660775
19062	-2389.342	-2578.264	188.9215	1.41195	0.5588038	4.247321
19068	-2384.56	-2568.21	183.6498	1.284592	0.5500664	7.218745
19074	-2391.963	-2575.997	184.0346	1.037005	0.4662638	7.218745
19080	-2400.897	-2583.585	182.6877	0.930407	0.4786897	7.98523
19086	-2390.698	-2575.756	185.0583	1.168009	0.4065976	6.654932
19092	-2398.377	-2580.119	181.7412	1.216097	0.4640052	8.350679
19098	-2398.623	-2580.573	181.9496	1.093265	0.4109529	8.356351
19104	-2398.136	-2579.912	181.7756	1.062308	0.4109529	8.465323
19110	-2397.039	-2577.473	180.4333	0.8936749	0.4704336	9.209207
19116	-2393.778	-2574.055	180.2766	1.013387	0.4921819	9.209207
19122	-2389.205	-2571.988	182.7832	1.120683	0.6989456	7.658065
19128	-2383.342	-2564.989	181.6468	1.070805	0.4245323	8.515739
19134	-2394.222	-2579.693	185.4708	1.29386	0.5835463	6.202393
19140	-2404.704	-2592.986	188.2824	1.54135	0.499173	4.588168
19146	-2400.11	-2591.088	190.9787	1.777487	0.499173	2.891023
19152	-2391.19	-2580.407	189.2171	1.658989	0.499173	3.992471
19158	-2394.496	-2583.436	188.9399	1.531058	0.4992409	4.223045
19164	-2398.825	-2587.908	189.0824	1.531058	0.4992409	4.142126
19170	-2403.17	-2589.184	186.0138	1.267691	0.2541308	6.265521
19176	-2403.736	-2589.752	186.0166	1.246886	0.4501552	6.048519
19182	-2405.11	-2590.916	185.8053	1.664205	0.3440747	6.048519
19188	-2397.567	-2584.747	187.1799	1.388427	0.2646576	5.547809
19194	-2395.677	-2582.638	186.9606	1.44823	0.2832932	5.610152
19200	-2399.592	-2588.325	188.7325	1.456071	0.4453507	4.435114
19206	-2395.579	-2584.136	188.5571	1.430676	0.4476164	4.545797
19212	-2400.621	-2588.935	188.3136	1.542499	0.4302381	4.637366
19218	-2386.303	-2572.162	185.8587	1.294312	0.4302381	6.128292
19224	-2398.655	-2584.961	186.3064	1.269893	0.4075204	5.920593
19230	-2401.097	-2587.664	186.5667	1.345715	0.4195946	5.724316
19236	-2402.547	-2588.919	186.3719	1.254386	0.4456576	5.854833
19242	-2382.414	-2566.311	183.8975	1.327635	0.4209304	7.179984
19248	-2386.421	-2571.552	185.1309	1.219779	0.469853	6.525617
19254	-2391.285	-2574.561	183.2763	1.101152	0.3046084	7.763101
19260	-2389.336	-2570.672	181.3361	1.17185	0.2966801	8.767924
19266	-2382.247	-2565.373	183.1255	1.127216	0.2744793	7.86806
19272	-2408.554	-2592.948	184.3941	1.381062	0.2512155	7.083825
19278	-2400.667	-2586.325	185.6578	1.35301	0.4389144	6.197026
19284	-2401.987	-2591.445	189.4584	1.571296	0.7829008	3.675745
19290	-2394.923	-2582.868	187.9449	1.250975	0.4346454	5.001165
19296	-2406.143	-2591.338	185.1947	1.414673	0.4947653	6.362496
19302	-2400.054	-2587.836	187.7828	1.377937	0.439184	5.016122
19308	-2404.518	-2585.141	180.6221	1.012524	0.4378275	9.076982
19314	-2398.42	-2582.099	183.6789	1.179843	0.4378275	7.360073
19320	-2406.889	-2596.649	189.7595	2.002522	0.2434605	3.78758
19326	-2397.357	-2588.417	191.0594	1.631163	0.2434605	3.246174
19332	-2387.289	-2573.775	186.4859	1.410928	0.7566809	5.455541
19338	-2396.466	-2582.527	186.0608	1.960368	0.660321	5.455541
19344	-2397.168	-2583.006	185.8379	1.666723	1.128886	5.455541
19350	-2389.109	-2573.796	184.6872	1.131629	0.5017602	6.78401
19356	-2394.464	-2578.617	184.1533	1.053921	0.4408277	7.170012
19362	-2395.875	-2583.124	187.2488	1.400367	0.3679428	5.374779
19368	-2392.753	-2574.691	181.9378	1.100099	0.4268575	8.343189
19374	-2394.411	-2580.949	186.5388	1.175454	0.5092497	5.747254
19380	-2418.091	-2599.315	181.2245	1.191994	1.160119	8.188544
19386	-2393.353	-2574.056	180.7022	1.110618	0.3564	9.066289
19392	-2394.134	-2574.883	180.7496	0.9909071	0.3922557	9.066289
19398	-2384.377	-2569.159	184.782	1.181582	0.2986915	6.919329
19404	-2380.95	-2564.608	183.658	1.172922	0.5814256	7.248799
19410	-2384.711	-2568.734	184.0229	1.328574	0.2985619	7.248799
19416	-2381.669	-2565.599	183.9309	1.23847	0.3833014	7.248799
19422	-2391.121	-2574.874	183.7528	1.176261	0.5809622	7.196417
19428	-2388.241	-2570.69	182.4497	1.034482	0.3769578	8.156746
19434	-2404.832	-2586.593	181.7614	1.307785	0.9042006	7.974311
19440	-2394.51	-2575.727	181.2165	1.022858	0.4531894	8.74203
19446	-2398.459	-2581.377	182.9189	1.094884	0.5157346	7.741141
19452	-2397.147	-2584.897	187.7503	1.3915	0.5011632	4.967158
19458	-2389.565	-2577.128	187.5624	1.459219	0.4671506	5.065888
19464	-2393.982	-2581.567	187.5849	1.270286	0.3402377	5.293095
19470	-2401.371	-2588.728	187.3569	1.610432	0.4058606	5.15771
19476	-2396.968	-2583.293	186.3254	1.41225	0.4058606	5.834161
19482	-2404.977	-2589.234	184.2566	1.172418	0.4059976	7.08549
19488	-2409.343	-2593.627	184.284	1.261292	0.4691065	6.961279
19494	-2400.289	-2585.431	185.1427	1.224585	0.4060981	6.579235
19500	-2395.308	-2579.795	184.487	1.346089	0.4729386	6.802508
19506	-2398.812	-2583.367	184.5555	1.312087	0.2423752	7.046629
19512	-2411.393	-2597.406	186.0125	1.750846	0.2259142	6.044452
19518	-2408.972	-2596.082	187.1102	1.362183	0.3957001	5.441754
19524	-2405.139	-2589.572	184.4332	1.249298	0.3758062	6.980906
19530	-2402.822	-2587.025	184.2028	1.301308	0.4718374	6.980906
19536	-2407.467	-2596.218	188.7512	1.485634	0.3565095	4.504364
19542	-2399.09	-2585.907	186.817	1.653166	0.6216315	5.237469
19548	-2392.619	-2577.349	184.7301	1.519799	0.4903071	6.561306
19554	-2399.515	-2587.221	187.7061	1.546808	0.4835041	4.921778
19560	-2401.694	-2589.983	188.2888	1.581661	0.3914643	4.670419
19566	-2397.926	-2586.438	188.5123	1.781716	0.433179	4.388087
19572	-2384.456	-2571.969	187.5136	1.509684	0.4032766	5.129439
19578	-2393.332	-2580.653	187.321	1.395912	0.4032766	5.298896
19584	-2397.022	-2583.506	186.4837	1.343964	0.5968832	5.610981
19590	-2400.211	-2586.888	186.6775	1.358942	0.5968832	5.496264
19596	-2389.457	-2575.134	185.6773	1.140992	0.3037709	6.451046
19602	-2394.901	-2578.173	183.2712	1.052358	0.4376951	7.646886
19608	-2400.308	-2583.568	183.2601	1.024771	0.4593835	7.646886
19614	-2386.616	-2571.9	185.2838	1.370953	0.4593835	6.370649
19620	-2380.04	-2567.351	187.3108	1.478824	0.6629449	5.028814
19626	-2377.117	-2562.939	185.8229	1.461621	0.8618357	5.724122
19632	-2393.748	-2582.084	188.3364	1.518592	0.6133968	4.471902
19638	-2391.025	-2576.135	185.1109	1.276675	0.7502197	6.284892
19644	-2402.825	-2586.27	183.4452	1.212476	0.6163978	7.314455
19650	-2386.793	-2573.716	186.9229	1.450195	0.4082326	5.483176
19656	-2388.548	-2576.226	187.6787	1.57243	0.5982425	4.822554
19662	-2399.655	-2580.142	180.4866	1.01673	0.5315027	9.062549
19668	-2410.043	-2595.494	185.4506	1.260972	0.4083314	6.390395
19674	-2400.281	-2584.801	184.5202	1.138865	0.431735	6.935747
19680	-2386.445	-2572.167	185.7212	1.25979	0.3627298	6.293097
19686	-2397.046	-2584.521	187.475	1.385685	0.3447293	5.284774
19692	-2396.295	-2581.635	185.3406	1.404611	0.4633701	6.317804
19698	-2388.521	-2572.296	183.7748	1.339733	0.5105172	7.155659
19704	-2395.065	-2580.871	185.8061	1.454909	0.5282718	5.978229
19710	-2393.989	-2581.88	187.8906	1.589122	0.4133488	4.865203
19716	-2398.181	-2586.066	187.8852	1.584566	0.6926578	4.627381
19722	-2409.22	-2597.494	188.2741	1.463228	0.4696634	4.664598
19728	-2394.214	-2579.035	184.8206	1.430692	0.3721367	6.677992
19734	-2398.034	-2585.138	187.1042	1.572131	0.6297179	5.117076
19740	-2390.847	-2578.679	187.8326	1.512445	0.6079877	4.76221
19746	-2399.683	-2589.037	189.3548	1.563646	0.3601283	4.114548
19752	-2390.449	-2579.439	188.9894	1.534204	0.307102	4.403659
19758	-2385.602	-2571.376	185.7744	1.611668	0.284005	6.16809
19764	-2378.761	-2560.89	182.1295	1.278675	0.5006405	8.077518
19770	-2389.913	-2574.302	184.3888	1.322681	0.3014878	7.051614
19776	-2385.924	-2570.253	184.3289	1.382631	0.3014878	7.051614
19782	-2379.713	-2564.148	184.4354	1.195926	0.3372961	7.051614
19788	-2378.799	-2565.047	186.2478	1.366125	0.3372961	5.977726
19794	-2375.415	-2562.874	187.4593	1.347121	0.607771	5.062238
19800	-2376.258	-2563.818	187.5597	1.360176	0.5325814	5.062238
19806	-2373.749	-2561.48	187.7301	1.320494	0.403543	5.114039
19812	-2389.782	-2577.425	187.6433	1.407249	0.403543	5.114039
19818	-2380.678	-2564.849	184.171	1.345601	0.3917091	7.05323
19824	-2370.681	-2555.443	184.7625	1.280273	0.5702936	6.60466
19830	-2375.708	-2561.596	185.8882	1.424931	0.3253685	6.155817
19836	-2385.638	-2573.141	187.5035	1.400844	0.3932641	5.206023
19842	-2392.649	-2581.799	189.1496	1.555099	0.4874252	4.101431
19848	-2398.727	-2584.896	186.1688	1.431108	0.5612709	5.76493
19854	-2397.967	-2586.592	188.6244	1.559995	0.5537253	4.336045
19860	-2397.537	-2584.045	186.5081	1.363904	0.408476	5.757918
19866	-2399.914	-2586.373	186.4593	1.448457	0.408476	5.738324
19872	-2402.254	-2589.399	187.1458	1.526199	0.4727954	5.25404
19878	-2400.916	-2587.527	186.6115	1.721532	0.592199	5.336655
19884	-2402.121	-2589.54	187.4184	1.622869	0.395316	5.128021
19890	-2405.024	-2593.159	188.1343	1.867013	0.2559008	4.766596
19896	-2411.949	-2600.033	188.0842	1.663802	0.7757006	4.41224
19902	-2403.364	-2591.109	187.7446	1.498727	0.5343296	4.880902
19908	-2408.736	-2592.75	184.0139	1.103622	0.5343296	7.133539
19914	-2404.747	-2585.409	180.662	1.097955	0.5293094	8.928499
19920	-2410.784	-2598.288	187.5044	1.528555	0.4454063	5.080845
19926	-2407.192	-2595.056	187.8646	1.607535	0.5328879	4.754522
19932	-2411.036	-2595.282	184.2464	1.399334	0.6362676	6.76756
19938	-2420.106	-2606.782	186.6767	1.72367	0.4795924	5.397494
19944	-2402.186	-2587.597	185.4107	1.385031	0.5571832	6.207109
19950	-2414.115	-2594.998	180.8832	1.184417	0.3818857	8.903931
19956	-2406.863	-2593.779	186.9156	1.224582	0.4988765	5.522897
19962	-2406.294	-2589.719	183.4256	1.217293	0.4927467	7.424615
19968	-2418.049	-2602.934	184.8851	1.370142	0.5596588	6.498399
19974	-2411.077	-2598.469	187.3916	1.446022	0.4626554	5.172132
19980	-2407.267	-2594.201	186.934	1.45271	0.4185376	5.464974
19986	-2421.195	-2606.371	185.1756	1.361142	0.7513575	6.203035
19992	-2410.106	-2597.297	187.1915	1.348974	0.5239554	5.279857
19998	-2404.346	-2593.518	189.1716	1.539427	0.3646034	4.227188
20004	-2400.793	-2588.592	187.7993	1.693504	0.660674	4.63835
20010	-2401.614	-2590.043	188.4291	1.45161	0.4160031	4.63835
20016	-2400.861	-2585.857	184.9962	1.497576	0.4160031	6.500594
20022	-2408.863	-2594.371	185.5078	1.280107	0.5837522	6.18957
20028	-2407.174	-2593.292	186.118	1.447463	0.4738563	5.861056
20034	-2414.091	-2600.414	186.3231	1.415487	0.3801671	5.861056
20040	-2400.874	-2584.903	184.0297	1.292669	0.5984626	6.970999
20046	-2417.392	-2601.259	183.8666	1.34153	0.6805983	6.970999
20052	-2404.478	-2591.248	186.7704	1.365525	0.6112629	5.430038
20058	-2408.914	-2591.313	182.3992	1.178943	0.3755615	8.108134
20064	-2396.937	-2583.376	186.439	1.444391	0.4623531	5.697935
20070	-2391.962	-2578.422	186.4593	1.548665	0.3947254	5.697935
20076	-2384.589	-2574.478	189.8887	1.577649	0.4405937	3.711452
20082	-2393.434	-2579.975	186.541	1.697811	0.3643869	5.604509
20088	-2394.533	-2579.172	184.6386	1.409955	0.3471444	6.815428
20094	-2398.541	-2579.792	181.2512	1.194548	0.4506322	8.634953
20100	-2392.199	-2575.804	183.6055	1.194548	0.4506322	7.379223
20106	-2390.759	-2576.794	186.0347	1.514712	0.5318111	5.817642
20112	-2384.291	-2572.322	188.0301	1.524816	0.7541443	4.535719
20118	-2390.168	-2577.54	187.3726	1.524129	0.4277353	5.174098
20124	-2402.269	-2591.944	189.6753	1.684044	0.5828348	3.638965
20130	-2386.001	-2572.911	186.9106	1.638943	0.6802661	5.149063
20136	-2398.49	-2586.006	187.5168	1.475898	0.4007669	5.149063
20142	-2392.747	-2579.363	186.6162	1.473707	0.6700838	5.410449
20148	-2392.039	-2579.918	187.8786	1.541076	0.7503061	4.614313
20154	-2392.247	-2577.614	185.3673	1.538035	0.6353596	6.085245
20160	-2384.365	-2570.97	186.6045	1.485395	0.6353596	5.436599
20166	-2399.981	-2586.788	186.8064	1.490877	0.4308497	5.50165
20172	-2395.952	-2582.223	186.2711	1.759724	0.5940322	5.50165
20178	-2401.815	-2587.691	185.8757	2.150803	0.327197	5.764261
20184	-2394.506	-2577.018	182.5123	1.133225	0.4054598	8.041003
20190	-2387.931	-2573.809	185.8782	1.25766	0.5635978	6.016536
20196	-2390.778	-2574.271	183.4923	1.34977	0.3065662	7.512059
20202	-2394.565	-2579.012	184.4471	1.143175	0.3684757	7.038511
20208	-2394.993	-2576.937	181.944	1.256967	0.9433293	7.881846
20214	-2401.546	-2588.17	186.6235	1.444796	0.3441801	5.721203
20220	-2392.291	-2578.187	185.8963	1.272755	0.6730212	5.913331
20226	-2380.726	-2567.906	187.1801	1.404175	0.5367616	5.244431
20232	-2370.941	-2557.431	186.4896	1.404175	0.5024865	5.654937
20238	-2380.839	-2565.779	184.9402	1.679389	0.7242056	6.17646
20244	-2390.042	-2575.855	185.8134	1.405759	0.5167161	6.011166
20250	-2382.077	-2570.014	187.9368	1.439705	0.5772239	4.769861
20256	-2392.455	-2581.013	188.5584	1.603313	0.6100333	4.301541
20262	-2400.766	-2588.713	187.9474	1.603313	0.6100333	4.645509
20268	-2399.329	-2586.591	187.2622	1.528939	0.4167711	5.243775
20274	-2402.875	-2589.599	186.724	1.553755	0.7591399	5.243775
20280	-2414.441	-2603.246	188.8044	1.675354	0.6679371	4.075239
20286	-2410.962	-2599.146	188.1836	1.653578	0.9865413	4.230379
20292	-2400.549	-2586.319	185.7698	1.578801	0.5488314	5.912832
20298	-2402.282	-2583.991	181.7087	1.251768	0.5847869	8.245973
20304	-2408.292	-2590.714	182.4221	1.339209	0.4780569	7.909393
20310	-2401.689	-2586.878	185.1893	1.482113	0.3829417	6.438898
20316	-2391.744	-2578.549	186.8047	1.427303	0.5106695	5.461766
20322	-2389.715	-2576.67	186.9549	1.497611	0.3298856	5.527298
20328	-2392.682	-2575.624	182.9418	1.637764	0.4385924	7.508965
20334	-2392.209	-2581.093	188.884	1.615589	0.8026692	3.967196
20340	-2386.64	-2575.027	188.3875	1.663834	0.9862606	4.108892
20346	-2399.282	-2588.049	188.7665	1.718995	0.9862606	3.860625
20352	-2396.861	-2585.902	189.0407	1.6239	0.5083169	4.104535
20358	-2393.562	-2580.73	187.1679	1.531563	0.5651076	5.156474
20364	-2394.009	-2583.978	189.9694	1.70025	0.556855	3.481232
20370	-2398.331	-2585.635	187.3037	1.435968	0.8264661	4.943259
20376	-2391.154	-2579.08	187.9265	1.472021	0.8488593	4.560812
20382	-2392.703	-2581.289	188.5855	1.477054	0.5168255	4.437641
20388	-2393.041	-2581.93	188.8898	1.678474	0.7974704	3.931393
20394	-2409.917	-2598.477	188.5604	2.0037	0.1256496	4.67876
20400	-2404.276	-2592.269	187.993	1.824399	0.3176678	4.786425
20406	-2405.785	-2593.442	187.6567	1.875794	0.1935442	5.124395
20412	-2406.049	-2590.755	184.7063	1.573643	0.2370139	6.832228
20418	-2402.034	-2588.605	186.5712	1.574478	0.2432212	5.809998
20424	-2405.433	-2591.682	186.2488	1.465063	0.3226491	5.940685
20430	-2400.177	-2587.136	186.9594	1.385446	0.4473963	5.459024
20436	-2403.942	-2587.329	183.3869	1.304121	0.308657	7.590404
20442	-2403.942	-2586.676	182.7344	1.21375	0.3078512	7.988286
20448	-2412.263	-2599.752	187.4887	1.472414	0.3870571	5.181301
20454	-2399.58	-2587.94	188.3592	1.463979	0.4338948	4.652047
20460	-2393.96	-2581.908	187.9488	1.461134	0.3248873	5.004402
20466	-2406.448	-2596.077	189.6298	1.603445	0.4580927	3.827829
20472	-2397.786	-2589.087	191.3011	1.7723	0.4975693	2.699473
20478	-2390.505	-2581.182	190.677	1.881293	0.8038046	2.754806
20484	-2395.608	-2585.922	190.3137	1.789326	0.4408178	3.340205
20490	-2393.143	-2583.468	190.3253	1.768195	0.5293067	3.257629
20496	-2394.971	-2586.659	191.6883	2.023954	0.5096062	2.287279
20502	-2395.725	-2585.742	190.0163	1.583844	0.5096062	3.565288
20508	-2393.526	-2582.866	189.3396	1.704508	0.5096062	3.886412
20514	-2384.553	-2572.284	187.7306	1.488101	0.6960097	4.765373
20520	-2401.065	-2588.5	187.4358	1.689541	1.053831	4.594413
20526	-2393.705	-2581.596	187.8911	1.712283	0.6372063	4.594413
20532	-2394.263	-2581.875	187.6126	1.5237	0.5914204	4.892075
20538	-2393.49	-2582.248	188.7574	1.501602	0.4877706	4.353853
20544	-2388.414	-2574.966	186.5525	1.323628	0.2992059	5.881224
20550	-2391.324	-2577.803	186.4791	1.391143	0.3140548	5.865767
20556	-2390.222	-2577.903	187.6813	1.520164	0.3914541	5.043322
20562	-2387.233	-2574.585	187.3518	1.261232	0.3785711	5.38289
20568	-2385.737	-2569.466	183.7288	1.304069	0.3539921	7.354078
20574	-2386.269	-2568.015	181.7468	1.193423	0.3539921	8.4711
20580	-2409.253	-2594.292	185.0386	1.158964	0.5103306	6.571719
20586	-2398.53	-2585.497	186.967	1.407914	0.4317007	5.458087
20592	-2399.042	-2586.25	187.2086	1.364749	0.3321561	5.458087
20598	-2392.761	-2577	184.2381	1.199649	0.384504	7.103269
20604	-2387.286	-2575.516	188.2298	1.674114	0.3036479	4.755954
20610	-2391.133	-2576.143	185.0102	1.147288	0.567683	6.544704
20616	-2392.241	-2574.796	182.5549	1.037542	0.5311388	7.952983
20622	-2401.74	-2583.302	181.5617	1.3414	0.3153307	8.535438
20628	-2400.791	-2577.17	176.3795	1.232974	0.305031	11.33433
20634	-2384.554	-2569.972	185.4172	1.297115	0.6227741	6.19887
20640	-2385.865	-2570.729	184.8642	1.158226	0.420157	6.751286
20646	-2403.531	-2588.399	184.868	1.179635	0.5026377	6.659636
20652	-2381.925	-2568.386	186.4612	1.437666	0.4322931	5.71887
20658	-2376.907	-2560.282	183.3757	1.201146	0.4739393	7.477056
20664	-2382.266	-2567.133	184.8674	1.16625	0.536413	6.637833
20670	-2377.427	-2562.319	184.8916	1.28127	0.3549158	6.739508
20676	-2372.242	-2554.702	182.4601	1.011388	0.4320952	8.107266
20682	-2373.407	-2555.366	181.9591	1.032633	0.5004436	8.299463
20688	-2373.377	-2558.682	185.3048	1.311883	0.4769527	6.374804
20694	-2383.411	-2567.359	183.9474	1.23923	0.4384194	7.18345
20700	-2391.079	-2573.687	182.6079	1.19671	0.7875065	7.65215
20706	-2371.005	-2557.052	186.0479	1.205786	0.4957642	6.01109
20712	-2388.65	-2573.189	184.5386	1.207117	0.691332	6.6733
20718	-2377.058	-2561.763	184.7053	1.207432	0.4454475	6.785559
20724	-2391.647	-2576.294	184.6475	1.202856	0.3910252	6.874164
20730	-2384.077	-2569.575	185.4982	1.16826	0.4150223	6.40797
20736	-2387.999	-2571.756	183.7566	1.118355	0.4166839	7.372277
20742	-2387.258	-2573.211	185.9534	1.189075	0.4120545	6.152438
20748	-2386.61	-2569.925	183.3144	1.188476	0.379942	7.609651
20754	-2378.194	-2562.002	183.8088	1.151788	0.3957865	7.347694
20760	-2389.623	-2571.57	181.9471	1.118988	0.4381804	8.317216
20766	-2398.382	-2585.135	186.753	1.506539	0.5247585	5.434088
20772	-2392.664	-2581.099	188.4353	1.793141	0.3849466	4.47664
20778	-2401.41	-2591.589	190.1791	1.886522	0.4913345	3.31058
20784	-2407.923	-2592.663	184.7399	1.368798	0.4012449	6.724033
20790	-2398.313	-2582.838	184.5252	1.464204	0.4260786	6.763173
20796	-2402.202	-2587.701	185.4987	1.464204	0.5070999	6.159298
20802	-2405.444	-2592.883	187.4395	1.509634	0.3081178	5.280545
20808	-2388.39	-2572.926	184.5362	1.147234	0.3781634	6.977838
20814	-2402.442	-2582.921	180.4793	1.197624	0.5696931	8.939388
20820	-2404.117	-2586.318	182.201	1.258699	0.4034272	8.142129
20826	-2394.409	-2575.597	181.1879	1.087792	0.3724128	8.803721
20832	-2387.956	-2570.465	182.5085	1.093019	0.3724128	8.099077
20838	-2391.282	-2575.596	184.3144	1.251987	0.3724128	7.047088
20844	-2403.814	-2587.563	183.7491	1.326891	0.503401	7.182671
20850	-2402.802	-2589.819	187.0166	1.480421	0.5283306	5.299968
20856	-2425.658	-2606.192	180.534	1.221472	0.6014214	8.872926
20862	-2405.731	-2585.548	179.8168	1.120826	0.3818308	9.501435
20868	-2411.968	-2595.545	183.5771	1.204053	0.5668283	7.287256
20874	-2399.776	-2583.774	183.9985	1.101275	0.2663754	7.425727
20880	-2397.693	-2580.432	182.739	1.203167	0.3122206	7.986195
20886	-2392.986	-2574.413	181.4276	1.130459	0.4822121	8.54624
20892	-2384.802	-2569.55	184.7474	1.17993	0.4822121	6.743098
20898	-2398.481	-2583.69	185.2087	1.261189	0.3545316	6.579378
20904	-2399.993	-2581.464	181.4703	1.420399	0.3093573	8.549234
20910	-2378.357	-2563.655	185.2987	1.278674	0.4951028	6.379526
20916	-2387.303	-2573.05	185.7469	1.36802	0.3401419	6.246113
20922	-2401.455	-2589.451	187.996	1.2626	0.3037965	5.114809
20928	-2393.278	-2578.917	185.6387	1.195413	0.4332865	6.298645
20934	-2395.111	-2580.781	185.6703	1.286309	0.3932045	6.273139
20940	-2402.741	-2585.114	182.3733	1.158009	0.5374456	7.980264
20946	-2396.203	-2581.027	184.8237	1.189833	0.5608965	6.62819
20952	-2395.551	-2582.273	186.7211	1.365238	0.5210711	5.532621
20958	-2396.583	-2583.548	186.965	1.433725	0.6060595	5.289244
20964	-2393.995	-2583.549	189.5541	1.503213	0.4045216	3.985022
20970	-2405.178	-2591.64	186.4614	1.592047	0.3100824	5.770488
20976	-2397.484	-2585.7	188.2155	1.46117	0.4216819	4.746609
20982	-2402.206	-2589.046	186.84	1.542971	0.5410879	5.351808
20988	-2400.674	-2588.117	187.443	1.386217	0.4239364	5.215325
20994	-2389.253	-2574.395	185.1419	1.281821	0.4263885	6.528078
21000	-2378.982	-2565.468	186.4863	1.243479	0.4263885	5.817392
21006	-2384.711	-2567.738	183.0272	1.265656	0.3771033	7.725064
21012	-2400.33	-2583.794	183.4641	1.180427	0.2517483	7.689498
21018	-2386.142	-2570.21	184.0685	1.206311	0.2868971	7.304798
21024	-2397.955	-2586.046	188.0917	1.380454	0.5923344	4.703906
21030	-2404.609	-2590.823	186.2139	1.294001	0.3829631	5.983968
21036	-2401.814	-2587.858	186.0439	1.418037	0.4066196	5.983968
21042	-2407.962	-2590.494	182.532	1.366072	0.5185796	7.800509
21048	-2401.719	-2587.008	185.2888	1.342397	0.3288095	6.521879
21054	-2399.69	-2582.567	182.8767	1.223305	0.5875295	7.635725
21060	-2411.504	-2595.031	183.5267	1.133264	0.4605114	7.444973
21066	-2413.869	-2597.558	183.6893	0.9805652	0.2554928	7.670748
21072	-2399.08	-2581.554	182.4735	1.051793	0.324773	8.19333
21078	-2401.14	-2585.668	184.5284	1.053233	0.5092613	6.90533
21084	-2391.145	-2573.614	182.4691	1.020679	0.3888515	8.141164
21090	-2404.004	-2589.934	185.9302	1.17707	0.5867016	6.013291
21096	-2410.68	-2594.876	184.1963	1.097213	0.4785918	7.088037
21102	-2408.472	-2590.229	181.7571	0.9871984	0.3942668	8.532042
21108	-2399.838	-2583.128	183.2902	1.152277	0.3765966	7.645557
21114	-2395.904	-2584.728	188.8242	1.526239	0.4635832	4.325562
21120	-2382.66	-2568.21	185.5494	1.224545	0.3576767	6.411136
21102	-2499.455	-2680.406	180.9509	1.261449	0.4465755	8.762603
21108	-2461.276	-2642.827	181.5501	1.141253	0.3864937	8.568272
21114	-2403.109	-2591.194	188.0849	1.599057	0.3150788	4.864151
21120	-2406.861	-2592.27	185.4088	1.334379	0.3563784	6.42927
21126	-2406.863	-2591.771	184.9079	1.316265	0.6705388	6.42927
21132	-2395.381	-2581.967	186.5857	1.352984	0.2544593	5.907044
21138	-2386.221	-2572.59	186.3687	1.494496	0.3028295	5.883644
21144	-2397.708	-2582.567	184.8596	1.454637	0.2497996	6.795377
21150	-2406.734	-2594.037	187.3022	1.303416	0.472764	5.290768
21156	-2387.192	-2571.328	184.1367	1.205518	0.4248447	7.113148
21162	-2377.878	-2564.265	186.3874	1.328868	0.380843	5.872518
21168	-2380.655	-2567.462	186.8069	1.220368	0.4428096	5.638045
21174	-2393.629	-2578.693	185.0634	1.220368	0.4512321	6.579481
21180	-2395.373	-2580.298	184.9251	1.221622	0.5331096	6.579481
21186	-2413.207	-2596.97	183.7631	1.270913	0.3399155	7.369494
21192	-2396.5	-2582.302	185.8016	1.765822	0.2417191	6.127732
21198	-2404.762	-2590.433	185.6703	1.293377	0.2417191	6.455676
21204	-2399.753	-2585.501	185.7483	1.606613	0.235318	6.252694
21210	-2390.416	-2574.649	184.2332	1.379113	0.5333535	6.867913
21216	-2392.576	-2580.401	187.8249	1.553212	0.414797	4.920283
21222	-2389.588	-2576.812	187.2241	1.314922	0.3390305	5.46878
21228	-2397.644	-2583.527	185.8828	1.53669	0.547562	5.875149
21234	-2385.706	-2568.048	182.3421	1.25536	0.4247392	8.047348
21240	-2379.15	-2563.598	184.4487	1.208093	0.4290869	6.939596
21246	-2386.739	-2571.253	184.514	1.14284	0.4290869	6.939596
21252	-2399.458	-2584.295	184.837	1.084199	0.3007688	6.939596
21258	-2402.923	-2587.658	184.7343	1.186866	0.3007688	6.939596
21264	-2403.395	-2589.365	185.9704	1.448847	0.5985689	5.833395
21270	-2398.613	-2584.835	186.2213	1.37525	0.48535	5.833395
21276	-2410.387	-2596.238	185.8511	1.325354	0.4457282	6.100197
21282	-2416.897	-2602.702	185.805	1.377302	0.4424705	6.100197
21288	-2410.351	-2595.617	185.266	1.377302	0.4424705	6.393197
21294	-2407.487	-2593.643	186.1562	1.393424	0.3608204	5.98571
21300	-2426.322	-2613.002	186.6808	1.218971	0.3868156	5.76569
21306	-2404.394	-2592.394	188.0004	1.423365	0.3868156	4.924855
21312	-2398.96	-2586.417	187.4571	1.492691	0.4647359	5.108012
21318	-2392.964	-2580.052	187.0876	1.504839	0.4647359	5.30566
21324	-2394.262	-2581.949	187.6871	1.257316	0.4647359	5.110994
21330	-2394.666	-2580.265	185.5988	1.334358	0.4647359	6.214383
21336	-2393.407	-2579.084	185.6769	1.264259	0.4601305	6.214383
21342	-2397.78	-2583.954	186.1734	1.191129	0.3472383	6.102069
21348	-2394.869	-2580.67	185.8002	1.330939	0.4695477	6.102069
21354	-2394.6	-2577.39	182.7904	0.9981398	0.5187644	7.858833
21360	-2399.397	-2581.939	182.5422	1.246416	0.5187644	7.858833
21366	-2429.401	-2611.908	182.5071	1.281474	0.5187644	7.858833
21372	-2392.809	-2580.909	188.1006	1.628095	0.3880234	4.753469
21378	-2392.491	-2581.461	188.97	1.550616	0.3553969	4.345735
21384	-2406.056	-2594.545	188.4891	1.660278	0.3553969	4.554859
21390	-2398.674	-2583.736	185.062	1.567313	0.5514863	6.302323
21396	-2395.291	-2580	184.7093	1.118559	0.3443651	6.937621
21402	-2382.786	-2566.098	183.3125	1.118559	0.3443651	7.687301
21408	-2385.783	-2573.454	187.6712	1.382692	0.3443651	5.178387
21414	-2388.337	-2575.84	187.5035	1.500799	0.3681379	5.178387
21420	-2384.67	-2570.209	185.5383	1.500799	0.3150049	6.317364
21426	-2394.608	-2579.812	185.2034	1.500799	0.4008451	6.40213
21432	-2397.058	-2582.336	185.2777	1.252472	0.4008451	6.496462
21438	-2386.418	-2571.706	185.2884	1.368624	0.3384994	6.496462
21444	-2385.773	-2571.767	185.9941	1.368624	0.4300254	6.014227
21450	-2394.845	-2581.228	186.3835	1.123768	0.3559905	6.014227
21456	-2403.871	-2590.066	186.1949	1.428881	0.2500694	6.085059
21462	-2408.761	-2593.699	184.9378	1.290367	0.4627692	6.598583
21468	-2409.932	-2596.145	186.2136	1.290367	0.338123	6.036724
21474	-2399.099	-2582.99	183.8912	1.116046	0.4182637	7.29968
21480	-2394.806	-2578.653	183.8469	1.160419	0.4182637	7.29968
21486	-2394.791	-2578.125	183.3341	1.271192	0.5047958	7.434071
21492	-2399.852	-2585.964	186.1119	1.178801	0.5047958	5.982749
21498	-2407.997	-2594.156	186.1584	1.099844	0.5248241	5.982749
21504	-2398.576	-2587.232	188.6565	1.444077	0.6780631	4.282913
21510	-2393.754	-2582.46	188.7061	1.602127	0.6067875	4.22119
21516	-2386.647	-2576.012	189.3651	1.479776	0.6067875	3.915263
21522	-2380.455	-2568.641	188.186	1.669359	0.3301631	4.749788
21528	-2386.59	-2577.045	190.4559	1.694645	0.5396668	3.21424
21534	-2380.831	-2569.998	189.1677	1.694645	0.8463193	3.729749
21540	-2405.109	-2592.172	187.0628	1.318145	0.5092543	5.380956
21546	-2400.115	-2587.452	187.337	1.294591	0.5092543	5.242613
21552	-2397.345	-2584.898	187.5529	1.322579	0.3744134	5.242613
21558	-2406.134	-2593.001	186.8673	1.213407	0.3068333	5.759634
21564	-2398.767	-2585.95	187.1823	1.490323	0.1926672	5.600045
21570	-2403.976	-2594.13	190.154	1.485202	0.535422	3.518425
21576	-2394.659	-2584.861	190.2015	1.526219	0.4813098	3.518425
21582	-2400.897	-2589.765	188.8682	1.451799	0.4626641	4.343666
21588	-2396.639	-2585.43	188.7909	1.45958	0.5037464	4.343666
21594	-2387.376	-2574.704	187.3282	1.432798	0.5037464	5.176069
21600	-2398.757	-2585.755	186.9977	1.247124	0.5037464	5.460899
21606	-2391.927	-2577.66	185.7331	1.448528	0.392467	6.151586
21612	-2383.826	-2569.911	186.0848	1.448528	0.392467	5.959913
21618	-2391.451	-2575.653	184.2024	1.229323	0.392467	7.098074
21624	-2383.459	-2567.863	184.4047	1.384391	0.392467	6.905668
21630	-2384.4	-2570.633	186.2331	1.232287	0.5501118	5.847896
21636	-2395.005	-2579.714	184.7092	1.399647	0.5989678	6.545934
21642	-2398.865	-2587.025	188.1599	1.365779	0.5989678	4.668521
21648	-2406.34	-2594.535	188.1948	1.61232	0.8064454	4.358227
21654	-2403.337	-2590.49	187.1531	1.425497	0.5450039	5.240414
21660	-2401.131	-2586.978	185.8478	1.32595	0.4196029	6.127692
21666	-2393.624	-2579.637	186.0129	1.292032	0.3531927	6.127692
21606	-2420.382	-2613.051	192.6683	2.153254	0.5322811	1.505188
21612	-2402.095	-2592.152	190.0567	1.419951	0.3550204	3.80114
21618	-2405.425	-2592.262	186.8365	1.419951	0.3328395	5.631433
21624	-2399.754	-2588.235	188.4808	1.686599	0.3482121	4.553226
21630	-2399.464	-2585.385	185.9207	1.313709	0.4231167	6.091113
21636	-2399.934	-2585.148	185.2139	1.13064	0.5236738	6.480486
21642	-2396.759	-2579.969	183.2099	1.038838	0.5005397	7.62876
21648	-2398.353	-2582.833	184.4806	1.140119	0.525848	6.869833
21654	-2415.768	-2602.893	187.1249	1.362105	0.4689205	5.359823
21660	-2399.272	-2586.17	186.898	1.62289	0.2530789	5.590159
21666	-2404.08	-2591.166	187.0864	1.434468	0.2530789	5.590159
21672	-2402.805	-2588.621	185.8162	2.024578	0.2172554	6.015507
21678	-2405.368	-2591.666	186.2984	1.437871	0.5746518	5.679141
21684	-2413.016	-2604.166	191.1503	2.07712	1.24509	2.054882
21690	-2413.932	-2604.636	190.704	2.07712	1.24509	2.343755
21696	-2421.256	-2612.453	191.1972	2.165849	0.8652924	2.206196
21702	-2391.138	-2583.025	191.8861	2.088595	0.8175875	1.835581
21708	-2394.864	-2585.449	190.5848	2.088595	1.546837	2.262639
21714	-2393.028	-2584.803	191.7752	1.997183	0.7720077	2.008889
21720	-2393.294	-2585.063	191.7687	1.958695	0.6848235	2.111399
21726	-2387.605	-2579.534	191.9285	1.958695	0.5714284	2.111399
21732	-2396.455	-2588.606	192.1514	1.958695	0.5714284	1.963674
21738	-2405.673	-2597.733	192.061	1.958695	0.6337678	1.963674
21744	-2391.001	-2583.023	192.0223	1.958695	0.8019305	1.84382
21750	-2411.959	-2603.228	191.2691	1.958695	1.084681	2.148506
21756	-2413.679	-2604.842	191.163	1.968392	1.078322	2.214926
21762	-2413.24	-2599.448	186.2085	1.323703	0.5145465	5.842146
21768	-2403.211	-2591.178	187.9668	1.514733	0.524806	4.756437
21774	-2399.119	-2582.833	183.714	1.489719	0.5117165	7.106671
21780	-2385.659	-2567.877	182.218	0.9091164	0.4441853	8.278944
21786	-2404.107	-2586.592	182.4849	0.9773791	0.3748029	8.170718
21792	-2395.744	-2587.589	191.8448	1.97532	0.626966	2.102339
21798	-2402.401	-2593.8	191.3982	2.005087	0.8854237	2.165715
21804	-2408.378	-2600.229	191.8509	2.005087	0.8854237	1.864481
21810	-2403.822	-2596.179	192.3564	2.025762	0.5959627	1.752562
21816	-2403.934	-2596.088	192.1544	2.025762	0.5959627	1.8918
21822	-2404.033	-2596.324	192.2906	2.025762	0.6299088	1.7646
21828	-2402.964	-2594.643	191.6789	2.116432	0.8831606	1.907461
21834	-2426.211	-2618.117	191.9063	2.058033	0.7387714	1.907461
21840	-2397.581	-2585.388	187.8068	1.629865	0.3160186	5.000535
21846	-2397.085	-2584.841	187.7562	1.408411	0.5590825	4.903337
21852	-2401.297	-2589.133	187.8364	1.508795	0.5294664	4.828378
21858	-2396.226	-2583.356	187.1292	1.373916	0.5294664	5.295648
21864	-2396.699	-2583.959	187.2594	1.399866	0.485652	5.248969
21870	-2405.027	-2592.302	187.2743	1.405192	0.4737996	5.248969
21876	-2408.341	-2597.666	189.3254	1.318644	0.4737996	4.149081
21882	-2398.397	-2586.535	188.1376	1.500925	0.518122	4.674658
21888	-2402.091	-2589.072	186.9813	1.419231	0.4982359	5.380148
21894	-2401.329	-2588.657	187.3283	1.349985	0.3593671	5.368447
21900	-2381.793	-2567.974	186.1805	1.168486	0.4748175	5.978404
21906	-2395.908	-2583.962	188.0545	1.478241	0.408523	4.840775
21912	-2391.697	-2578.647	186.9491	1.313647	0.5177179	5.438522
21918	-2386.403	-2575.621	189.2176	1.489587	0.6117877	3.989955
21924	-2395.153	-2582.842	187.6894	1.354748	0.5050267	5.017884
21930	-2400.537	-2585.667	185.1299	1.241058	0.5050267	6.482575
21936	-2400.166	-2586.221	186.0555	1.333748	0.5050267	5.928776
21942	-2396.643	-2582.492	185.8495	1.539707	0.5050267	5.928776
21948	-2404.102	-2592.575	188.4722	1.459618	0.4618428	4.563144
21954	-2417.07	-2606.231	189.1603	1.672592	0.387629	4.131706
21960	-2402.983	-2587.407	184.4245	1.35513	0.5049881	6.802307
21966	-2380.792	-2567.648	186.8561	1.479635	0.5049881	5.409724
21972	-2382.13	-2570.686	188.556	1.661636	0.4446962	4.4194
21978	-2395.162	-2583.469	188.3075	1.547374	0.681161	4.4194
21984	-2387.488	-2575.461	187.973	1.330722	0.4928989	4.884703
21990	-2393.677	-2578.632	184.9548	1.290834	0.7445011	6.365824
21996	-2395.294	-2579.64	184.3461	1.270644	0.3901413	7.000972
22002	-2403.641	-2587.048	183.4061	1.11038	0.4053136	7.575885
22008	-2396.361	-2581.149	184.7881	1.194074	0.4727667	6.722186
22014	-2393.841	-2577.611	183.7702	1.149118	0.4727667	7.294479
22020	-2390.593	-2578.364	187.7716	1.2929	0.4727667	5.036699
22026	-2405.831	-2592.485	186.6537	1.44216	0.4094296	5.634212
22032	-2405.212	-2590.652	185.4399	1.290074	0.3214193	6.477211
22038	-2395.719	-2579.376	183.6578	1.093833	0.3804066	7.475961
22044	-2385.391	-2569.443	184.0523	1.287321	0.2970038	7.257145
22050	-2392.943	-2577.845	184.9015	1.412012	0.4022908	6.612246
22056	-2393.392	-2580.924	187.5312	1.554621	0.6515842	4.87267
22062	-2392.225	-2579.403	187.178	1.270394	0.3799882	5.471989
22068	-2396.962	-2581.714	184.7515	1.27476	0.3538821	6.819809
22074	-2395.806	-2580.681	184.8748	1.210599	0.2846951	6.871608
22080	-2404.939	-2589.01	184.0707	1.218824	0.5521927	7.026014
22086	-2396.643	-2580.856	184.2135	1.244457	0.6182998	6.882518
22092	-2393.928	-2580.873	186.9447	1.334478	0.4637068	5.479299
22098	-2389.295	-2576.169	186.8742	1.405787	0.4632688	5.479299
22104	-2391.289	-2577.552	186.2628	1.405787	0.425059	5.852181
22110	-2393.658	-2579.304	185.6468	1.480976	0.7193464	5.902828
22116	-2396.266	-2581.157	184.8911	1.281313	0.5662098	6.537827
22122	-2389.373	-2573.595	184.2219	1.095426	0.4912068	7.063763
22128	-2383.753	-2567.994	184.2406	1.035176	0.3412862	7.238141
22134	-2382.698	-2568.684	185.9864	1.317444	0.6423373	5.862537
22140	-2382.78	-2570.759	187.9789	1.414856	0.6423373	4.707886
22146	-2385.905	-2574.198	188.2925	1.414856	0.4427695	4.707886
22152	-2386.025	-2575.005	188.9802	1.600252	0.4473338	4.211559
22158	-2393.935	-2583.082	189.1467	1.444421	0.681469	4.001369
22164	-2396.38	-2583.898	187.5182	1.299451	0.3840568	5.263937
22170	-2426.974	-2611.115	184.1415	1.054425	0.2659743	7.374669
22176	-2396.193	-2581.74	185.5467	1.224471	0.4079948	6.358402
22182	-2402.554	-2584.05	181.4954	1.030947	0.6487101	8.428351
22188	-2403.857	-2588.602	184.7449	1.085749	0.4628409	6.813253
22194	-2389.714	-2575.301	185.5862	1.236676	0.5153188	6.228181
22200	-2391.576	-2578.338	186.7614	1.270226	0.4003031	5.679017
22206	-2388.168	-2574.374	186.206	1.564628	0.4937789	5.730367
22212	-2394.338	-2578.743	184.4045	1.372275	0.4258613	6.878113
22218	-2399.898	-2585.743	185.845	1.505821	0.7106832	5.786955
22224	-2404.41	-2592.661	188.2512	1.459722	0.4660848	4.682836
22230	-2402.261	-2590.579	188.3176	1.313077	0.5770733	4.627764
22236	-2385.496	-2575.863	190.3675	1.540806	0.3608561	3.544305
22242	-2399.178	-2588.571	189.3935	1.540806	0.5298149	3.930719
22248	-2399.919	-2589.058	189.1384	1.451991	0.5298149	4.127058
22254	-2407.05	-2592.085	185.0344	0.9810843	0.3842574	6.792275
22260	-2394.611	-2575.169	180.5577	1.021108	0.2450906	9.327638
22266	-2412.213	-2596.702	184.4887	1.135987	0.2540356	7.160817
22272	-2395.448	-2577.825	182.3773	1.041063	0.3055261	8.273395
22278	-2387.554	-2567.957	180.4022	0.9737795	0.3365943	9.319482
22284	-2402.464	-2587.241	184.7764	1.060971	0.3448027	6.932011
22290	-2389.246	-2571.881	182.6348	1.084405	0.369918	8.039032
22296	-2389.035	-2570.032	180.9974	1.084405	0.3985092	8.879135
22302	-2395.473	-2578.928	183.4547	1.047445	0.3985092	7.590551
22308	-2399.725	-2587.105	187.3802	1.535229	0.3400318	5.260038
22314	-2409.141	-2596.956	187.8158	1.381787	0.4688021	4.96655
22320	-2401.223	-2588.336	187.1121	1.289356	0.5776826	5.31077
22326	-2398.35	-2585.902	187.5523	1.397199	0.6311751	4.964302
22332	-2395.264	-2582.634	187.3701	1.371919	0.5431228	5.151632
22338	-2385.095	-2571.853	186.758	1.272056	0.341561	5.745209
22344	-2399.246	-2583.86	184.6144	0.9344329	0.341561	7.091066
22350	-2387.27	-2572.146	184.8763	1.138134	0.341561	6.840234
22356	-2386.225	-2569.735	183.51	1.038348	0.3078393	7.66773
22362	-2403.653	-2583.828	180.1745	1.125308	0.6758278	9.059398
22368	-2393.879	-2574.083	180.2039	1.074823	0.712022	9.045464
22374	-2398.734	-2580.356	181.6221	1.133843	0.5313238	8.398284
22380	-2394.806	-2580.125	185.3188	1.108346	0.5313238	6.429099
22386	-2386.105	-2574.625	188.5197	1.343995	0.5654028	4.506814
22392	-2410.192	-2595.196	185.004	1.278227	0.431436	6.59962
22398	-2411.544	-2596.467	184.9226	1.262326	0.4868846	6.59962
22404	-2392.119	-2580.445	188.3262	1.370001	0.383556	4.776588
22410	-2394.475	-2582.335	187.8602	1.459938	0.4035386	4.964407
22416	-2407.524	-2592.256	184.7322	1.364821	0.4035386	6.727959
22422	-2390.315	-2574.182	183.8668	1.286598	0.5415747	7.108108
22428	-2381.56	-2565.486	183.9251	1.286598	0.505193	7.108108
22434	-2383.763	-2567.923	184.1601	1.165672	0.438947	7.108108
22440	-2380.246	-2566.633	186.3868	1.430996	0.5591549	5.6473
22446	-2378.733	-2564.561	185.8276	1.326045	0.5591549	6.010548
22452	-2389.714	-2575.605	185.8912	1.279615	0.4590679	6.090428
22458	-2387.883	-2574.701	186.8175	1.210031	0.396937	5.684809
22464	-2403.224	-2586.762	183.5371	1.21723	0.304707	7.561349
22470	-2407.898	-2589.315	181.417	0.9743222	0.6092085	8.529644
22476	-2401.278	-2588.853	187.5747	1.471699	0.4075509	5.112089
22482	-2392.62	-2580.405	187.7842	1.312617	0.4850958	5.007092
22488	-2384.543	-2571.373	186.8307	1.276896	0.4909207	5.548105
22494	-2387.761	-2573.43	185.6691	1.42737	0.4236175	6.165659
22500	-2401.237	-2586.505	185.2676	1.516632	0.4419732	6.317197
22506	-2390.988	-2578.284	187.2969	1.214231	0.4190327	5.395957
22512	-2387.837	-2573.901	186.0641	1.317123	0.5795115	5.869509
22518	-2384.009	-2571.966	187.9573	1.418297	0.6367337	4.722416
22524	-2399.922	-2582.341	182.4191	1.060374	0.5715917	7.979919
22530	-2394.485	-2585.018	190.5325	1.853366	0.5873741	3.030928
22536	-2396.648	-2587.077	190.429	1.956811	0.5873741	3.030928
22542	-2392.444	-2581.249	188.8055	1.726466	0.2923298	4.418384
22548	-2397.916	-2583.921	186.0046	1.422417	0.4451459	5.964188
22554	-2398.636	-2581.857	183.2212	0.9821533	0.4623281	7.68774
22560	-2403.98	-2589.274	185.2941	1.103099	0.5413187	6.436821
22566	-2399.25	-2584.37	185.1206	1.190765	0.5413187	6.483345
22572	-2395.162	-2580.131	184.969	1.248617	0.6036267	6.483345
22578	-2400.927	-2584.842	183.9152	1.224931	0.6036267	7.065034
22584	-2394.795	-2578.95	184.1549	1.119623	0.6966632	6.923841
22590	-2390.981	-2575.775	184.7941	1.192578	0.4121267	6.778749
22596	-2394.841	-2580.437	185.5952	1.192578	0.4297171	6.327353
22602	-2397.061	-2581.513	184.4518	1.229154	0.4297171	6.925944
22608	-2400.1	-2585.417	185.3168	1.129065	0.4067106	6.53606
22614	-2404.997	-2590.447	185.4494	1.368891	1.031868	5.882159
22620	-2406.463	-2592.358	185.8957	1.139437	0.4702162	6.153701
22626	-2404.362	-2590.08	185.7179	1.36759	0.4416529	6.153701
22632	-2393.472	-2581.199	187.7268	1.643816	0.3379616	5.010399
22638	-2396.176	-2582.139	185.9635	1.506256	0.2405238	6.182654
22644	-2408.378	-2596.878	188.4999	1.640758	0.4287948	4.479022
22650	-2419.791	-2608.081	188.2899	1.653168	0.5056232	4.515183
22656	-2397.178	-2586.701	189.5235	1.490842	0.6828651	3.757422
22662	-2394.944	-2582.412	187.4685	1.255456	0.2871672	5.431774
22668	-2393.419	-2581.197	187.7782	1.402076	0.2871672	5.179849
22674	-2388.435	-2575.901	187.4662	1.355134	0.4640198	5.179849
22680	-2397.926	-2585.308	187.3827	1.414351	0.4781134	5.179849
22686	-2420.408	-2607.85	187.4421	1.407132	0.4481885	5.179849
22692	-2411.382	-2596.619	185.2367	1.240179	0.3467289	6.58446
22698	-2400.974	-2589.883	188.9093	1.612053	0.3467289	4.355614
22704	-2392.75	-2581.44	188.6905	1.443924	0.5637504	4.355614
22710	-2394.23	-2582.231	188.0011	1.482555	0.4828445	4.793832
22716	-2398.114	-2583.62	185.5056	1.448363	0.4347791	6.232059
22722	-2398.164	-2583.67	185.5062	1.372323	0.3074332	6.413815
22728	-2400.057	-2583.794	183.7368	1.227039	0.435171	7.306264
22734	-2385.743	-2573.338	187.5947	1.440986	0.5480175	4.984521
22740	-2406.171	-2591.977	185.806	1.440986	0.5408363	5.975095
22746	-2396.678	-2581.112	184.4339	1.28485	0.4398657	6.89562
22752	-2400.761	-2586.274	185.5134	1.30158	0.3992586	6.343676
22758	-2393.35	-2578.715	185.3653	1.241043	0.3593705	6.500037
22764	-2396.531	-2581.231	184.7005	1.394625	0.3593705	6.776467
22770	-2390.378	-2577.258	186.88	1.483773	0.7476128	5.204027
22776	-2383.814	-2569.683	185.8687	1.261918	0.5050285	6.06982
22782	-2388.219	-2574.636	186.4168	1.436806	0.6260485	5.573739
22788	-2390.651	-2576.101	185.4497	1.367154	0.5789339	6.17772
22794	-2390.53	-2577.865	187.3357	1.569019	0.5457701	5.059169
22800	-2391.625	-2578.32	186.695	1.446461	0.5457701	5.480843
22806	-2402.931	-2589.716	186.7843	1.384051	0.5286665	5.480843
22812	-2394.536	-2581.923	187.3877	1.547431	0.5847117	5.009507
22818	-2394.17	-2580.822	186.6511	1.315567	0.4415584	5.672506
22824	-2386.798	-2573.382	186.5836	1.394385	0.4353181	5.672506
22830	-2382.45	-2566.4	183.9494	1.073664	0.4248057	7.284668
22836	-2373.478	-2557.672	184.1944	1.050235	0.4248057	7.165653
22842	-2384.938	-2566.906	181.9683	0.9803353	0.3757074	8.442986
22848	-2386.246	-2568.29	182.0439	0.9585324	0.3496069	8.442986
22854	-2388.286	-2573.709	185.4232	1.355363	0.3035842	6.47282
22860	-2385.701	-2573.031	187.3296	1.407862	0.4491746	5.240677
22866	-2399.105	-2585.237	186.1321	1.211844	0.4504557	6.004361
22872	-2395.544	-2576.831	181.287	0.9944204	0.3172275	8.862984
22878	-2397.604	-2580.257	182.6527	1.0886	0.5382187	7.867559
22884	-2404.946	-2592.742	187.7962	1.560476	0.2869855	5.082404
22890	-2402.692	-2590.292	187.6	1.35005	0.4916552	5.082404
22896	-2390.213	-2578.679	188.466	1.606013	0.4509501	4.495131
22902	-2381.66	-2569.982	188.3226	1.542409	0.349403	4.721255
22908	-2395.758	-2580.66	184.9019	1.287114	0.4303409	6.651082
22914	-2402.8	-2586.276	183.4756	1.228186	0.5696402	7.326504
22920	-2390.244	-2574.442	184.1975	1.194496	0.6227573	6.914656
22926	-2381.389	-2565.92	184.5307	1.301922	0.3893792	6.885479
22932	-2396.21	-2581.266	185.0553	1.285609	0.400709	6.599091
22938	-2401.105	-2585.889	184.7847	1.382747	0.2907932	6.819473
22944	-2381.48	-2565.346	183.8654	1.380261	0.4068313	7.183255
22950	-2385.097	-2570.154	185.057	1.302199	0.3532642	6.640698
22956	-2393.816	-2581.738	187.9217	1.470144	0.5121565	4.81791
22962	-2405.746	-2594.473	188.7276	1.731076	0.539058	4.19362
22968	-2390.865	-2579.089	188.2244	1.600886	0.77018	4.37238
22974	-2402.264	-2589.816	187.5521	1.280991	0.5358323	5.107528
22980	-2390.333	-2576.864	186.531	1.478362	0.5912776	5.515663
22986	-2382.905	-2572.48	189.5754	1.672207	0.3044616	3.99612
22992	-2388.336	-2575.023	186.6865	1.672207	0.26447	5.663168
22998	-2395.788	-2586.812	191.0243	1.740492	0.2838981	3.14152
23004	-2394.619	-2580.651	186.0318	1.463909	0.5596361	5.82332
23010	-2391.949	-2578.161	186.2129	1.368627	0.5054507	5.82332
23016	-2406.814	-2590.71	183.8966	1.259327	0.5668362	7.085863
23022	-2399.261	-2583.041	183.7798	1.204046	0.6888734	7.085863
23028	-2384.154	-2566.906	182.7521	1.249239	0.7200432	7.591386
23034	-2391.832	-2575.825	183.9923	1.195224	0.4773023	7.146186
23040	-2395.624	-2580.956	185.3318	1.288873	0.5160576	6.337364
23046	-2400.589	-2586.583	185.9938	1.197976	0.23802	6.337364
23052	-2396.844	-2581.735	184.891	1.09312	0.3919849	6.800976
23058	-2398.676	-2584.707	186.0306	1.380177	0.4993727	5.922076
23064	-2391.62	-2575.647	184.0272	1.019143	0.3742246	7.324587
23070	-2396.719	-2581.455	184.7361	1.360254	0.4001276	6.731888
23076	-2389.507	-2573.545	184.0372	1.191157	0.5396929	7.069376
23082	-2396.237	-2578.178	181.9415	1.15774	0.3497259	8.391393
23088	-2383.46	-2568.552	185.0921	1.031157	0.3888776	6.729155
23094	-2391.21	-2575.144	183.9337	1.141842	0.3888776	7.293268
23100	-2386.234	-2569.356	183.1228	1.149093	0.4299032	7.682108
23106	-2394.986	-2579.721	184.735	1.253675	0.4299032	6.759772
23112	-2410.732	-2596.161	185.4296	1.46761	0.2120223	6.536338
23118	-2414.133	-2598.276	184.1437	1.135008	0.3025118	7.282948
23124	-2399.561	-2584.616	185.0557	1.122549	0.3327606	6.762108
23130	-2396.222	-2578.772	182.5499	1.079835	0.561259	7.908067
23136	-2389.435	-2574.046	184.611	1.235861	0.5803065	6.702447
23142	-2401.295	-2586.2	184.9052	1.159776	0.446396	6.702447
23148	-2394.233	-2579.332	185.0992	1.141636	0.3552275	6.702447
23154	-2376.211	-2560.209	183.998	1.252916	0.3856111	7.202546
23160	-2376.329	-2559.24	182.9109	0.9987503	0.4660426	7.841276
23166	-2383.776	-2564.289	180.5129	1.207392	0.4660426	9.005114
23172	-2389.808	-2574.642	184.8337	1.132143	0.4581864	6.744703
23178	-2379.282	-2562.466	183.184	1.102605	0.6211757	7.509755
23184	-2393.724	-2576.791	183.0666	1.158507	0.6656218	7.509755
23190	-2397.584	-2585.234	187.6496	1.52734	0.4107429	5.036323
23196	-2403.364	-2592.038	188.6739	1.600549	0.4107429	4.422603
23202	-2387.117	-2575.773	188.6565	1.520184	0.5507545	4.342982
23208	-2392.767	-2581.697	188.9298	1.545274	0.408655	4.311601
23214	-2382.947	-2571.399	188.4521	1.533564	0.6293765	4.385512
23220	-2392.737	-2581.776	189.0389	1.491983	0.6293765	4.076325
23226	-2403.173	-2590.028	186.8557	1.491983	0.5574011	5.357337
23232	-2392.17	-2581.613	189.443	1.41817	0.4666787	4.032397
23238	-2391.713	-2580.312	188.5987	1.41817	0.4882705	4.489864
23244	-2395.553	-2584.152	188.5987	1.41817	0.4882705	4.489864
23250	-2387.591	-2575.357	187.7659	1.545334	0.4228659	4.949115
23256	-2405.052	-2592.75	187.6985	1.514591	0.4780105	4.949115
23262	-2410.672	-2598.539	187.8667	1.419085	0.4726841	4.913776
23268	-2410.71	-2597.43	186.7195	1.226454	0.3891492	5.737875
23274	-2415.327	-2598.469	183.1414	1.107357	0.3169105	7.816881
23280	-2420.69	-2603.414	182.7236	1.068351	0.3280754	8.047415
23286	-2396.911	-2585.367	188.456	1.392996	0.2287798	4.891898
23292	-2408.225	-2594.256	186.0317	1.547296	0.2845854	6.062288
23298	-2412.524	-2595.54	183.0162	1.156945	0.6297198	7.564079
23304	-2401.965	-2585.54	183.5748	1.088528	0.3434448	7.564079
23310	-2390.048	-2577.658	187.6095	1.191343	0.3434448	5.319302
23316	-2386.385	-2573.22	186.8358	1.325801	0.470814	5.537214
23322	-2398.342	-2583.303	184.9607	1.324538	0.5143422	6.520731
23328	-2408.369	-2592.098	183.7296	1.122808	0.3363795	7.470943
23334	-2381.157	-2564.511	183.3536	1.227897	0.3727585	7.57534
23340	-2387.049	-2570.926	183.8774	1.210427	0.4500793	7.225306
23346	-2389.262	-2574.654	185.392	1.262633	0.2723679	6.580357
23352	-2395.292	-2581.494	186.2021	1.485505	0.5754893	5.70513
23358	-2388.91	-2576.561	187.6509	1.329014	0.5615827	5.00393
23364	-2382.292	-2567.334	185.0423	1.059195	0.4571505	6.672377
23370	-2385.324	-2567.11	181.7858	1.041941	0.4463006	8.436158
23376	-2394.027	-2578.272	184.2447	1.161322	0.4290103	7.074683
23382	-2381.475	-2565.746	184.2706	1.135459	0.4290103	7.074683
23388	-2384.434	-2567.278	182.8445	1.034014	0.4290103	7.89321
23394	-2391.704	-2577.498	185.7939	1.238107	0.5529039	6.082104
23400	-2375.138	-2556.233	181.0943	0.9830867	0.8079874	8.559665
23406	-2380.007	-2563.149	183.1417	1.051221	0.688929	7.510398
23412	-2381.695	-2565.426	183.7301	1.135116	0.3682477	7.428226
23418	-2387.627	-2570.381	182.7533	1.066875	0.4897908	7.8674
23424	-2389.484	-2573.297	183.8135	1.160642	0.4948162	7.24502
23430	-2385.897	-2572.508	186.6113	1.282808	0.4671462	5.687524
23436	-2390.623	-2577.151	186.5281	1.461415	0.4142585	5.687524
23442	-2402.148	-2589.397	187.2481	1.456575	0.4233473	5.284741
23448	-2388.379	-2576.837	188.4572	1.663371	0.3313799	4.599817
23454	-2387.445	-2574.775	187.3301	1.539394	0.5337662	5.089155
23460	-2391.307	-2578.001	186.6938	1.539394	0.4553475	5.512688
23466	-2393.172	-2581.725	188.5532	1.556821	0.5152888	4.4123
23472	-2399.917	-2588.769	188.8519	1.325221	0.4003552	4.488604
23478	-2384.009	-2570.383	186.3736	1.388706	0.3638671	5.866107
23484	-2399.063	-2583.512	184.4487	1.460426	0.3105027	6.934002
23490	-2398.758	-2587.071	188.3132	1.557158	0.3105027	4.76592
23496	-2397.448	-2584.114	186.6664	1.480504	0.4949262	5.522824
23502	-2399.464	-2586.401	186.937	1.318452	0.4326319	5.522824
23508	-2392.275	-2578.111	185.8358	1.373129	0.3508177	6.182639
23514	-2388.372	-2575.637	187.2657	1.412991	0.5570017	5.17484
23520	-2393.136	-2575.679	182.5427	1.195711	0.5954857	7.822766
23526	-2393.417	-2580.53	187.1132	1.494108	0.2534379	5.542159
23532	-2397.082	-2581.37	184.2883	1.390561	0.5182276	6.845055
23538	-2406.3	-2591.69	185.39	1.426964	0.3940351	6.348108
23544	-2417.341	-2603.359	186.0182	1.41084	0.3940351	6.015137
23550	-2403.813	-2589.703	185.8897	1.41084	0.5301858	5.955024
23556	-2404.556	-2590.389	185.8324	1.249859	0.6808454	5.955024
23562	-2398.189	-2585.213	187.024	1.531841	0.6972889	5.13316
23568	-2396.281	-2582.873	186.5915	1.659124	0.4926666	5.467856
23574	-2402.421	-2591.426	189.0044	1.443184	0.2507479	4.524031
23580	-2381.576	-2568.368	186.7917	1.440936	0.2992713	5.685972
23586	-2376.567	-2563.938	187.3707	1.443621	0.4308169	5.216525
23592	-2398.762	-2582.631	183.869	1.12577	0.3588448	7.369137
23598	-2387.329	-2576.476	189.1468	1.591292	0.6852405	3.914427
23604	-2394.705	-2582.017	187.3112	1.69732	0.4061768	5.134538
23610	-2389.536	-2576.944	187.4082	1.596327	0.4082738	5.134538
23616	-2392.988	-2580.886	187.8982	1.448079	0.3394615	5.022094
23622	-2395.81	-2583.615	187.8044	1.408796	0.5843239	4.855096
23628	-2396.271	-2585.171	188.9002	1.543151	0.2076198	4.593247
23634	-2391.702	-2578.59	186.8878	1.713365	0.1886344	5.646039
23640	-2383.933	-2571.095	187.1613	1.505409	0.4712279	5.25845
23646	-2383.33	-2570.723	187.3933	1.501814	0.3509754	5.25845
23652	-2385.327	-2572.728	187.4009	1.494205	0.3509754	5.25845
23658	-2390.637	-2578.869	188.2315	1.599016	0.2449256	4.877853
23664	-2393.022	-2581.074	188.0519	1.386773	0.4231563	4.877853
23670	-2399.117	-2586.14	187.0225	1.394043	0.4783696	5.389762
23676	-2393.027	-2579.606	186.5786	1.161331	0.2587211	6.009533
23682	-2391.333	-2574.092	182.7596	0.9906854	0.4160009	7.974493
23688	-2397.014	-2582.025	185.0105	1.198229	0.2722863	6.821404
23694	-2399.618	-2587.632	188.0142	1.365031	0.5024833	4.833749
23700	-2377.14	-2562.354	185.2136	1.160919	0.5153479	6.471502
23706	-2378.991	-2564.335	185.3433	1.235708	0.5939383	6.294976
23712	-2391.138	-2577.939	186.8017	1.388601	0.5939383	5.413911
23718	-2395.473	-2583.672	188.1985	1.526184	0.763537	4.4337
23724	-2399.624	-2588.493	188.8695	1.597052	0.6866188	4.0686
23730	-2406.483	-2594.269	187.7866	1.661085	0.4849513	4.811876
23736	-2395.14	-2582.557	187.4174	1.661085	1.244707	4.524075
23742	-2401.739	-2590.288	188.5486	1.502012	0.8032637	4.222503
23748	-2408.527	-2596.823	188.296	1.491223	0.8032637	4.371575
23754	-2402.953	-2591.428	188.4743	1.519488	0.6412419	4.371575
23760	-2405.194	-2594.229	189.035	1.460544	0.4665552	4.240527
23766	-2391.579	-2576.981	185.4023	1.49573	0.3193232	6.388655
23772	-2372.992	-2558.334	185.3415	1.37964	0.4049516	6.388655
23778	-2386.978	-2571.962	184.9844	1.292761	0.3669087	6.669775
23784	-2382.773	-2567.764	184.9916	1.245899	0.3951629	6.660817
23790	-2391.9	-2578.302	186.4019	1.429026	0.4074471	5.781449
23796	-2382.097	-2568.473	186.3764	1.610201	0.331077	5.781449
23802	-2385.351	-2567.789	182.4378	1.191766	0.331077	8.130444
23808	-2376.49	-2560.57	184.0807	1.207152	0.4475718	7.120173
23814	-2390.53	-2573.822	183.2924	1.268449	0.6882602	7.313608
23820	-2385.877	-2566.382	180.5051	1.187372	0.5733208	8.928273
23826	-2387.225	-2569.361	182.1362	1.216696	0.3336975	8.274679
23832	-2395.59	-2577.228	181.6381	1.086974	0.4797235	8.459751
23838	-2399.468	-2580.736	181.2676	1.112977	0.5472783	8.584464
23844	-2400.268	-2585.077	184.8086	1.211746	0.4630007	6.710719
23850	-2393.184	-2580.593	187.4086	1.387156	0.5634854	5.104488
23856	-2390.958	-2576.483	185.5251	1.458429	0.4668092	6.18502
23862	-2412.804	-2598.299	185.4947	1.401713	0.4370162	6.261106
23868	-2401.843	-2587.771	185.928	1.206971	0.3183962	6.261106
23874	-2400.767	-2584.142	183.3744	1.122799	0.3944178	7.597471
23880	-2401.587	-2582.278	180.6907	0.9193335	0.361261	9.168188
23886	-2416.846	-2596.993	180.147	1.107144	0.5633929	9.168188
23892	-2413.481	-2598.152	184.6711	1.327503	0.4980878	6.690213
23898	-2401.091	-2587.358	186.2673	1.576783	0.2821029	5.92094
23904	-2413.362	-2601.777	188.415	1.506476	0.4256292	4.605443
23910	-2383.614	-2567.387	183.7733	1.351984	0.4576603	7.197968
23916	-2392.809	-2576.816	184.0065	1.13403	0.449052	7.197968
23922	-2397.764	-2584.605	186.8415	1.54356	0.4019142	5.483227
23928	-2405.507	-2592.407	186.9001	1.425585	0.3924595	5.525953
23934	-2396.821	-2580.815	183.9945	1.203916	0.3311361	7.291491
23940	-2396.591	-2581.174	184.5834	1.130784	0.4098369	6.928021
23946	-2389.452	-2572.191	182.7389	1.310818	0.5521652	7.691135
23952	-2397.546	-2580.792	183.246	1.065532	0.5188525	7.579138
23958	-2400.288	-2581.641	181.3526	1.104174	0.4873959	8.595336
23964	-2385.245	-2568.307	183.0611	1.108929	0.3490979	7.821484
23970	-2380.37	-2562.954	182.5839	1.172777	0.5846828	7.821484
23976	-2378.804	-2564.579	185.7746	1.344754	0.6808996	5.934761
23982	-2389.317	-2576.986	187.6694	1.438017	0.4238376	5.061318
23988	-2386.828	-2575.52	188.692	1.59867	0.4473636	4.375497
23994	-2380.674	-2566.814	186.1404	1.393459	0.5134276	5.842269
24000	-2386.424	-2568.637	182.2133	1.071745	0.6772505	8.003869
24006	-2380.248	-2566.036	185.788	1.184115	0.3663516	6.29384
24012	-2398.275	-2581.939	183.6633	1.184115	0.5004587	7.30801
24018	-2393.536	-2574.379	180.8434	1.114769	0.4499042	8.89419
24024	-2388.649	-2571.124	182.4748	1.193424	0.3572819	8.080067
24030	-2393.408	-2579.349	185.9412	1.296587	0.3710583	6.144206
24036	-2386.982	-2572.452	185.4702	1.270271	0.32452	6.467769
24006	-2389.495	-2575.423	185.9278	1.312267	0.5127099	6.003338
24012	-2387.885	-2573.066	185.1812	1.542165	0.3780589	6.416024
24018	-2384.084	-2568.441	184.3569	1.270583	0.3664007	7.020784
24024	-2398.337	-2583.056	184.7194	1.383474	0.5887721	6.557233
24030	-2396.086	-2580.707	184.6208	1.168312	0.4202837	6.877046
24036	-2396.373	-2582.011	185.6376	1.198278	0.5890845	6.159188
24042	-2390.397	-2575.575	185.1774	1.217383	0.4498632	6.520682
24048	-2393.679	-2578.495	184.8158	1.468833	0.5148121	6.520682
24054	-2388.501	-2573.711	185.21	1.334292	0.37106	6.520682
24060	-2394.015	-2579.07	185.0558	1.296033	0.5413175	6.461425
24066	-2397.713	-2583.208	185.4946	1.277835	0.5413175	6.233144
24072	-2381.02	-2567.915	186.8943	1.422434	0.4026675	5.519994
24078	-2397.239	-2583.796	186.557	1.449623	0.5877802	5.519994
24084	-2386.173	-2574.495	188.3219	1.476298	0.3961839	4.705723
24090	-2391.083	-2572.311	181.2281	1.089283	0.5361494	8.627215
24096	-2403.578	-2585.486	181.908	1.057095	0.2218214	8.627215
24102	-2392.897	-2576.291	183.3937	1.394228	0.2609769	7.600049
24108	-2401.131	-2589.158	188.0271	1.394228	0.2609769	5.082138
24114	-2401.533	-2588.366	186.8331	1.544489	0.2609769	5.65768
24120	-2406.341	-2590.762	184.4207	1.293162	0.3740277	6.965902
24126	-2394.714	-2579.171	184.4571	1.34089	0.3338352	6.965902
24132	-2385.816	-2569.927	184.1112	1.363077	0.5061529	6.965902
24138	-2395.366	-2581.221	185.8551	1.673235	0.4743849	5.880864
24144	-2394.763	-2582.301	187.5384	1.563185	0.5074556	4.983762
24150	-2399.482	-2587.559	188.0769	1.395372	0.3136263	4.983762
24156	-2401.878	-2591.081	189.2032	1.491862	0.4028627	4.193181
24162	-2405.159	-2596.511	191.3519	1.883381	0.5971924	2.503386
24168	-2398.882	-2588.41	189.5282	1.824091	0.6376296	3.597386
24174	-2387.976	-2574.257	186.2816	1.699197	0.5682465	5.550231
24180	-2393.58	-2577.975	184.3945	1.147401	0.5243711	6.913573
24186	-2400.624	-2583.421	182.7974	1.268455	0.5109346	7.717434
24192	-2403.699	-2592.815	189.116	1.781767	0.3916022	4.090293
24198	-2391.677	-2580.898	189.221	1.757802	0.3516402	4.090293
24204	-2392.393	-2571.907	179.5141	1.112274	0.4443559	9.603381
24210	-2392.498	-2574.648	182.1501	1.137702	0.4443559	8.193253
24216	-2394.6	-2579.34	184.7409	1.141696	0.3384583	6.914953
24222	-2397.602	-2584.894	187.2918	1.679355	0.2857954	5.297288
24228	-2398.412	-2582.368	183.9563	1.443172	0.6615139	6.881726
24234	-2404.265	-2586.033	181.7678	1.152728	0.3706956	8.46332
24240	-2407.908	-2587.663	179.7548	1.042529	0.5785576	9.397518
24246	-2404.449	-2584.995	180.5458	1.2151	0.2571179	9.214854
24252	-2391.548	-2580.311	188.7633	1.415796	0.4786606	4.407627
24258	-2380.659	-2569.402	188.742	1.437088	0.4786606	4.407627
24264	-2392.382	-2579.103	186.7211	1.384976	0.5913398	5.462386
24270	-2387.566	-2574.467	186.9009	1.281497	0.5410257	5.462386
24276	-2394.328	-2582.029	187.7012	1.30498	0.4489909	5.092107
24282	-2404.167	-2590.844	186.6771	1.412763	0.6454723	5.42893
24288	-2405.007	-2590.157	185.1502	1.278107	0.5066394	6.450027
24294	-2398.89	-2587.099	188.2091	1.594929	0.5149236	4.58473
24300	-2383.613	-2573.878	190.2651	1.710732	0.5779469	3.282871
24306	-2396.301	-2582.76	186.4589	1.462818	0.4245864	5.714128
24312	-2393.487	-2582.675	189.1879	1.568625	0.4929339	4.066654
24318	-2406.077	-2593.216	187.1388	1.635279	0.6034532	5.083633
24324	-2392.476	-2578.428	185.9515	1.346672	0.514138	5.970371
24330	-2391.85	-2577.69	185.8394	1.301345	0.3995123	6.166413
24336	-2393.471	-2580.642	187.1701	1.457174	0.3995123	5.352348
24342	-2397.691	-2584.128	186.4369	1.364718	0.5532946	5.661101
24348	-2396.583	-2583.916	187.3336	1.283953	0.4936194	5.264644
24354	-2401.803	-2588.098	186.2954	1.362395	0.5498836	5.742827
24360	-2405.732	-2593.204	187.4718	1.467233	0.5112483	5.070601
24366	-2402.266	-2590.82	188.5541	1.369292	0.5293948	4.504638
24372	-2398.739	-2586.405	187.6657	1.369292	0.4586109	5.066699
24378	-2399.292	-2587.14	187.8484	1.369292	0.7247223	4.745308
24384	-2397.257	-2586.399	189.1424	1.616295	0.3724639	4.191031
24390	-2400.163	-2588.316	188.1523	1.499074	0.558036	4.63229
24396	-2387.916	-2574.721	186.8049	1.601604	0.7127277	5.204737
24402	-2378.785	-2567.954	189.1697	1.706067	0.6962648	3.827043
24408	-2387.59	-2578.078	190.4889	1.652716	0.4821627	3.274862
24414	-2393.63	-2584.828	191.1976	1.660817	0.4510255	2.879085
24420	-2396.089	-2586.617	190.5271	1.712484	0.4510255	3.248938
24426	-2387.847	-2577.431	189.5843	1.721949	0.3499919	3.905117
24432	-2386.943	-2572.989	186.0459	1.333839	0.4670151	5.968973
24438	-2400.64	-2585.012	184.3716	1.213233	0.4098786	6.997658
24444	-2400.695	-2584.864	184.1692	1.281113	0.4318852	7.048053
24450	-2401.939	-2587.153	185.2137	1.149201	0.4267934	6.5606
24456	-2388.837	-2572.448	183.6112	1.139526	0.5435803	7.32276
24462	-2381.569	-2566.264	184.6949	1.129057	0.4150538	6.863565
24468	-2393.804	-2577.154	183.3502	1.14018	0.3807258	7.615514
24474	-2392.794	-2576.116	183.3226	1.153514	0.4380547	7.564887
24480	-2385.96	-2569.655	183.6957	1.34733	0.2576445	7.467982
24486	-2391.372	-2573.525	182.1532	1.016327	0.2576445	8.467543
24492	-2412.836	-2601.686	188.8505	1.528394	0.5038389	4.270923
24498	-2414.694	-2604.226	189.5317	1.539172	0.5038389	3.876471
24504	-2398.212	-2586.374	188.1622	1.52151	0.5038389	4.662346
24510	-2401.584	-2590.551	188.9664	1.438008	0.2698409	4.52095
24516	-2386.027	-2574.695	188.6681	1.358695	0.5999034	4.386088
24522	-2385.71	-2573.01	187.2996	1.61282	0.3345705	5.268237
24528	-2406.761	-2594.407	187.6462	1.45184	0.3345705	5.165576
24534	-2401.765	-2588.507	186.7414	1.301337	0.4938081	5.581069
24540	-2410.305	-2596.728	186.4232	1.301337	0.7120995	5.581069
24546	-2409.013	-2593.328	184.3144	1.319311	0.5682682	6.82729
24552	-2404.96	-2593.512	188.552	1.559632	0.3330048	4.602835
24558	-2390.035	-2580.237	190.2016	1.591297	0.5110305	3.451499
24564	-2399.437	-2587.854	188.4172	1.40161	0.451418	4.636811
24570	-2397.694	-2586.027	188.3333	1.485548	0.451418	4.636811
24576	-2389.645	-2577.922	188.2778	1.749804	0.3438774	4.636811
24582	-2395.576	-2582.308	186.7322	1.522301	0.3944428	5.562947
24588	-2396.061	-2584.793	188.732	1.487883	0.3445271	4.528105
24594	-2390.649	-2580.075	189.4261	1.640336	0.3445271	4.04891
24600	-2387.481	-2574.807	187.3253	1.436924	0.4872609	5.190558
24606	-2401.517	-2589.002	187.4856	1.437583	0.3556523	5.237491
24612	-2408.531	-2594.083	185.5521	1.399031	0.1639944	6.587792
24618	-2403.382	-2588.842	185.4596	1.083038	0.3398041	6.556896
24624	-2411.608	-2596.319	184.7101	1.327567	0.6346664	6.556896
24630	-2406.906	-2592.079	185.1724	1.483278	0.5694652	6.273064
24636	-2397.992	-2583.845	185.8537	1.416717	0.2530361	6.273064
24642	-2401.929	-2588.018	186.089	1.332391	0.3715118	6.043669
24648	-2398.667	-2585.524	186.8573	1.352123	0.5538602	5.43654
24654	-2387.846	-2574.554	186.7079	1.316905	0.497574	5.587486
24660	-2406.947	-2585.977	179.0303	0.9167513	0.5603148	9.860486
24666	-2395.445	-2578.256	182.8111	0.9991092	0.372155	7.988076
24672	-2401.519	-2584.04	182.5208	0.9991092	0.6660287	7.88656
24678	-2400.373	-2583.105	182.7323	1.180279	0.4173487	7.88656
24684	-2401.565	-2583.648	182.083	1.303968	0.4845615	8.103176
24690	-2403.566	-2585.778	182.2114	0.9154722	0.3211033	8.409654
24696	-2395.205	-2573.948	178.743	0.8175535	0.4924493	10.12089
24702	-2402.993	-2582.871	179.8779	1.074354	0.4345167	9.440808
24708	-2395.273	-2578.297	183.0239	1.194693	0.6550682	7.520959
24714	-2394.145	-2577.274	183.1292	1.194693	0.6438424	7.472817
24720	-2392.665	-2574.764	182.0984	1.060475	0.5115043	8.200849
24726	-2389.385	-2576.187	186.802	1.152645	0.4173741	5.703424
24732	-2396.566	-2583.227	186.6611	1.481123	0.6159203	5.422908
24738	-2386.215	-2572.643	186.4279	1.345918	0.5903268	5.645779
24744	-2393.48	-2579.219	185.7392	1.237678	0.4515176	6.203228
24750	-2393.793	-2579.801	186.0078	1.474831	0.4268398	5.951973
24756	-2414.278	-2599.464	185.1862	1.108719	0.3846988	6.640839
24762	-2401.764	-2583.208	181.4441	0.9583588	0.4967985	8.615851
24768	-2401.211	-2582.786	181.5744	0.9609771	0.4347067	8.602599
24774	-2391.686	-2572.534	180.8477	1.08344	0.370254	8.988556
24780	-2393.953	-2578.125	184.1719	1.161975	0.374166	7.170219
24786	-2406.079	-2591.979	185.9005	1.253486	0.3623602	6.199483
24792	-2396.556	-2586.25	189.6944	1.545923	0.5251522	3.759103
24798	-2385.049	-2574.529	189.4804	1.461996	0.4052667	4.049805
24804	-2387.516	-2576.937	189.4218	1.414629	0.4052667	4.11022
24810	-2387.195	-2575.373	188.1774	1.414629	0.4126906	4.803261
24816	-2393.553	-2583.231	189.6776	1.775295	0.2981107	3.887015
24822	-2398.361	-2585.116	186.7553	1.5222	0.3768871	5.569352
24828	-2402.218	-2588.389	186.1708	1.622753	0.6616577	5.579684
24834	-2375.598	-2565.255	189.6575	1.428364	0.4822441	3.888591
24840	-2381.317	-2570.972	189.6549	1.615446	0.5201253	3.74644
24846	-2388.896	-2574.516	185.62	1.473927	0.7142041	5.924912
24852	-2398.78	-2583.084	184.3048	1.571651	0.8173771	6.518468
24858	-2380.007	-2567.074	187.0677	1.593182	0.4223348	5.309944
24864	-2392.113	-2580.605	188.4927	1.433084	0.6073547	4.436921
24870	-2392.986	-2580.904	187.9179	1.576934	0.3927371	4.878804
24876	-2392.592	-2581.067	188.475	1.501156	0.6248241	4.39446
24882	-2379.558	-2568.518	188.9598	1.644114	0.4348814	4.210959
24888	-2399.126	-2585.888	186.7621	1.434142	0.5040978	5.487321
24894	-2388.509	-2575.247	186.7387	1.27997	0.5780848	5.521308
24900	-2398.731	-2584.807	186.0764	1.27997	0.4911988	5.959243
24906	-2398.2	-2581.903	183.7026	1.360015	0.386199	7.303014
24912	-2390.148	-2576.42	186.2728	1.254786	0.4810936	5.875004
24918	-2385.637	-2569.938	184.3008	1.254786	0.3754721	7.049594
24924	-2383.9	-2567.321	183.4208	1.284976	0.6199076	7.285933
24930	-2380.707	-2564.618	183.9113	1.235789	0.3312707	7.31887
24936	-2381.389	-2569.552	188.1634	1.367601	0.3312707	4.929301
24942	-2395.809	-2580.607	184.7979	1.288828	0.376675	6.761964
24948	-2388.498	-2573.74	185.2422	1.240013	0.3239344	6.608324
24954	-2402.342	-2584.034	181.6919	1.122799	0.4358833	8.453063
24960	-2383.287	-2569.266	185.9794	1.300646	0.5260346	5.969802
24966	-2381.346	-2567.988	186.6419	1.397218	0.5880592	5.501905
24972	-2397.027	-2584.071	187.0439	1.553399	0.2868355	5.501905
24978	-2386.304	-2572.979	186.6748	1.572086	0.4586615	5.501905
24984	-2386.013	-2566.153	180.1404	1.02716	0.5184768	9.251117
24990	-2384.98	-2568.401	183.4212	1.163333	0.3478678	7.601213
24996	-2384.568	-2570.909	186.3406	1.445589	0.330464	5.891759
25002	-2385.538	-2572.261	186.7229	1.337238	0.5994135	5.481181
25008	-2387.684	-2570.963	183.2789	1.278775	0.4145819	7.544432
25014	-2388.574	-2568.587	180.0125	1.049619	0.4752336	9.344813
25020	-2407.978	-2592.492	184.5135	1.471268	0.3717276	6.822381
25026	-2392.47	-2580.634	188.1641	1.415404	0.7573916	4.519641
25032	-2394.951	-2583.124	188.1728	1.544787	0.4319867	4.713079
25038	-2388.495	-2576.775	188.2798	1.606068	0.3464665	4.713079
25044	-2388.386	-2576.893	188.5075	1.781991	0.4064424	4.418738
25050	-2399.07	-2587.54	188.4704	1.711054	0.4658703	4.418738
25056	-2396.475	-2584.208	187.7325	1.803607	0.4658703	4.780758
25062	-2399.064	-2583.922	184.8576	1.269488	0.4012165	6.714151
25068	-2393.364	-2581.586	188.2213	1.365809	0.3389875	4.888746
25074	-2389.917	-2577.607	187.6893	1.51891	0.5477539	4.888746
25080	-2398.171	-2582.634	184.4637	1.227061	0.3469354	7.008518
25086	-2401.299	-2585.68	184.3806	1.208548	0.3970967	7.008518
25092	-2395.731	-2581.153	185.422	1.217752	0.4376442	6.399807
25098	-2408.818	-2594.95	186.1313	1.406449	0.4376442	5.911089
25104	-2409.639	-2595.629	185.9898	1.402537	0.7203094	5.757455
25110	-2393.216	-2578.016	184.8002	1.308244	0.5611909	6.576577
25116	-2410.296	-2594.931	184.6349	1.43227	0.4141927	6.733185
25122	-2407.417	-2592.135	184.7172	1.458323	0.3592561	6.733185
25128	-2394.051	-2582.051	187.9997	1.833029	0.7987309	4.348868
25134	-2394.262	-2584.385	190.1221	1.798904	0.4251014	3.463688
25140	-2389.187	-2579.374	190.1875	1.654987	0.4251014	3.509534
25146	-2388.44	-2579.053	190.6133	1.775843	0.6171763	3.003058
25152	-2391.054	-2580.143	189.0895	1.444001	0.7161941	4.008469
25158	-2394.49	-2582.458	187.9679	1.456435	0.501988	4.80906
25164	-2416.186	-2602.959	186.7728	1.415102	0.5144314	5.482669
25170	-2388.868	-2575.815	186.9475	1.290871	0.5144314	5.454871
25176	-2385.004	-2571.177	186.1734	1.349246	0.5040087	5.856781
25182	-2391.353	-2576.389	185.0358	1.297468	0.398639	6.605333
25188	-2400.159	-2583.508	183.3494	1.153777	0.4022699	7.586139
25194	-2391.735	-2576.189	184.4539	1.153777	0.4904199	6.90809
25200	-2408.318	-2597.835	189.5168	1.579692	0.4086281	3.958114
25206	-2416.847	-2605.893	189.0464	1.408756	0.4086281	4.322861
25212	-2395.216	-2582.838	187.6228	1.52439	0.5468935	4.923473
25218	-2404.414	-2591.985	187.5713	1.486899	0.6063779	4.923473
25224	-2401.479	-2587.937	186.4576	1.360297	0.9031907	5.406178
25230	-2411.091	-2599.264	188.1732	1.619941	0.6431813	4.483151
25236	-2406.985	-2594.661	187.6761	1.373908	0.6076398	4.92701
25242	-2417.437	-2603.648	186.2102	1.373908	0.6076398	5.735945
25248	-2405.304	-2586.305	181.0007	1.011775	0.4121708	8.902036
25254	-2407.993	-2591.713	183.72	1.193439	0.4772783	7.293453
25260	-2411.057	-2594.825	183.7677	1.193439	0.4144487	7.328286
25266	-2405.22	-2590.437	185.2165	1.20061	0.6671004	6.327092
25272	-2404.171	-2588.727	184.5563	1.393849	0.3081052	6.914884
25278	-2396.662	-2577.173	180.5109	1.215651	0.3645458	9.102982
25284	-2396.178	-2576.775	180.5971	1.085936	0.3862166	9.102982
25290	-2390.852	-2572.347	181.4945	1.173198	0.313885	8.662142
25296	-2390.048	-2572.669	182.6209	1.315067	0.4259771	7.865511
25302	-2389.32	-2575.453	186.1332	1.363913	0.3667234	6.007715
25308	-2391.108	-2573.966	182.8579	1.329459	0.5624751	7.609078
25314	-2387.931	-2570.78	182.8492	1.258922	0.4161494	7.783309
25320	-2385.521	-2567.887	182.366	1.194031	0.3984065	8.093819
25326	-2388.593	-2574.292	185.6988	1.585429	0.4913191	5.998499
25332	-2378.051	-2564.455	186.4042	1.375016	0.4194726	5.797364
25338	-2391.506	-2575.978	184.472	1.363436	0.3559496	6.920397
25344	-2383.424	-2569.932	186.5078	1.591012	0.3559496	5.690906
25350	-2393.211	-2579.486	186.2746	1.238984	0.6722135	5.725481
25356	-2392.803	-2581.122	188.3193	1.446097	0.5278729	4.594744
25362	-2385.538	-2572.807	187.269	1.319209	0.7900992	5.05109
25368	-2401.652	-2587.675	186.0233	1.450567	0.7812891	5.671473
25374	-2394.302	-2580.898	186.5959	1.610232	0.3225361	5.671473
25380	-2390.447	-2576.701	186.2539	1.702329	0.4484462	5.671473
25386	-2382.965	-2568.705	185.7397	1.490705	0.3928002	6.124672
25392	-2386.896	-2573.989	187.0927	1.463025	0.391002	5.400887
25398	-2395.035	-2582.138	187.1028	1.24566	0.5070324	5.400887
25404	-2394.069	-2582.775	188.7064	1.405419	0.4319561	4.491976
25410	-2394.893	-2582.877	187.9836	1.420647	0.5354861	4.790152
25416	-2399.347	-2586.669	187.322	1.420647	0.2654683	5.450824
25422	-2396.988	-2582.007	185.0182	1.230754	0.5406578	6.517698
25428	-2404.227	-2582.803	178.5761	1.088173	0.2570231	10.3199
25434	-2393.965	-2576.311	182.3462	1.231821	0.3208008	8.169988
25440	-2399.819	-2583.186	183.3668	1.231821	0.4726493	7.46656
25446	-2411.215	-2593.59	182.3746	1.262706	0.4726493	7.980535
25452	-2410.497	-2596.695	186.1981	1.546771	0.8422291	5.483529
25458	-2414.67	-2598.804	184.1341	1.410353	0.9417329	6.623991
25464	-2395.552	-2580.807	185.2548	1.340858	0.7065431	6.201807
25470	-2399.043	-2584.452	185.4094	1.484802	0.5013379	6.201807
25476	-2403.964	-2589.86	185.8952	1.267671	0.355977	6.201807
25482	-2402.814	-2586.129	183.3147	1.088422	0.5865331	7.474232
25488	-2405.18	-2587.143	181.9635	1.174365	0.4194957	8.297265
25494	-2392.927	-2577.791	184.8644	1.261951	0.3103866	6.817033
25500	-2408.371	-2591.581	183.2107	1.100247	0.3381321	7.75866
25506	-2410.953	-2596.221	185.268	1.312902	0.3693556	6.502702
25512	-2401.102	-2585.782	184.6801	1.311867	0.4309339	6.756999
25518	-2397.844	-2582.966	185.1219	1.311867	0.3287155	6.62881
25524	-2400.798	-2584.304	183.5059	1.185392	0.5104181	7.383019
25530	-2398.892	-2582.033	183.1404	1.215554	0.3592147	7.710822
25536	-2404.467	-2587.678	183.2109	1.14506	0.3592147	7.710822
25542	-2402.441	-2585.584	183.1431	1.14241	0.452874	7.652719
25548	-2419.652	-2602.288	182.6352	1.036249	0.4821905	7.953595
25554	-2415.58	-2598.519	182.9392	0.9001988	0.4244015	7.918582
25560	-2415.403	-2598.131	182.7282	0.9898255	0.4234058	7.984328
25566	-2407.952	-2588.668	180.7165	1.178723	0.7745519	8.677461
25572	-2409.062	-2594.85	185.788	1.319059	0.5323277	6.058682
25578	-2402.545	-2588.292	185.7466	1.260856	0.5605743	6.089038
25584	-2397.622	-2586.553	188.9302	1.595856	0.6993979	4.025101
25590	-2398.932	-2586.191	187.2583	1.401889	0.5472259	5.19342
25596	-2391.566	-2580.105	188.539	1.569403	0.4061566	4.52098
25602	-2393.756	-2581.313	187.557	1.452423	0.454793	5.084606
25608	-2382.185	-2571.044	188.8585	1.540895	0.4908406	4.271519
25614	-2385.91	-2573.964	188.0542	1.461108	0.639525	4.641989
25620	-2403.285	-2589.614	186.329	1.282699	0.2780001	6.053158
25626	-2387.496	-2570.201	182.7048	1.267245	0.423021	7.849129
25632	-2381.316	-2567.283	185.9668	1.399983	0.5428643	5.907935
25638	-2390.933	-2578.249	187.3154	1.438921	0.3988573	5.282929
25644	-2394.682	-2580.534	185.8521	1.255749	0.4696779	6.114647
25650	-2397.346	-2583.256	185.9096	1.283831	0.4219008	6.114647
25656	-2400.177	-2582.401	182.2239	0.9954333	0.3979765	8.275665
25662	-2403.794	-2585.851	182.0575	1.161904	0.3979765	8.275665
25668	-2400.018	-2582.446	182.4277	1.168928	0.3935879	8.079265
25674	-2395.771	-2578.522	182.7517	1.211452	0.4126215	7.864295
25680	-2392.299	-2575.274	182.9744	1.044397	0.3838258	7.864295
25686	-2400.977	-2585.278	184.3009	1.112589	0.6102927	6.912646
25692	-2392.674	-2575.001	182.3263	1.033667	0.4383648	8.160587
25698	-2392.348	-2573.888	181.5396	1.022521	0.3392882	8.688424
25704	-2386.615	-2575.08	188.4649	1.300323	0.4845274	4.6347
25710	-2383.005	-2570.378	187.3726	1.441991	0.4845274	5.1641
25716	-2385.711	-2572.697	186.9864	1.283827	0.3319048	5.624993
25722	-2387.978	-2571.184	183.2054	1.016334	0.3782875	7.761773
25728	-2391.921	-2574.836	182.9153	1.099605	0.4915537	7.761773
25734	-2398.844	-2581.775	182.9311	1.083833	0.4915537	7.761773
25740	-2401.331	-2589.705	188.3743	1.47333	0.6549229	4.443379
25746	-2396.868	-2585.124	188.256	1.406755	0.3737729	4.806166
25752	-2404.169	-2588.874	184.7059	1.341132	0.6138042	6.567781
25758	-2396.716	-2581.263	184.5471	1.159779	0.4858341	6.858772
25764	-2391.151	-2575.1	183.9494	1.159779	0.6015642	7.083327
25770	-2391.167	-2578.837	187.6702	1.228294	0.4304564	5.170341
25776	-2405.135	-2590.646	185.5107	1.49271	0.6508768	6.02013
25782	-2413.448	-2599.083	185.6341	1.338283	0.6737556	6.02013
25788	-2387.211	-2573.51	186.2988	1.215267	0.3476136	6.02013
25794	-2387.034	-2571.919	184.8857	1.253562	0.3412804	6.773224
25800	-2391.176	-2574.108	182.9319	1.063681	0.330224	7.936246
25806	-2391.534	-2577.331	185.7968	1.316286	0.330224	6.25877
25812	-2399.183	-2583.277	184.0942	1.303169	0.7799877	6.801317
25818	-2395.638	-2583.066	187.4281	1.303169	0.3737955	5.322945
25824	-2391.379	-2578.507	187.1279	1.419529	0.4726693	5.322945
25830	-2405.475	-2590.895	185.4195	1.201882	0.4869284	6.363082
25836	-2401.424	-2585.718	184.2941	1.232768	0.4869284	6.954821
25842	-2405.082	-2589.057	183.9747	1.343586	0.473243	7.079633
25848	-2390.551	-2579.166	188.6156	1.394455	0.3038116	4.696397
25854	-2398.949	-2585.368	186.4183	1.4307	0.5253191	5.659207
25860	-2399.981	-2586.139	186.1576	1.577776	0.5253191	5.721482
25866	-2391.206	-2575.959	184.7533	1.407492	0.5200561	6.583095
25872	-2401.355	-2586.173	184.8188	1.458094	0.4513554	6.583095
25878	-2406.151	-2589.994	183.8425	1.216006	0.4950083	7.199503
25884	-2400.357	-2583.349	182.992	1.303899	0.3898522	7.709897
25890	-2397.852	-2581.678	183.8257	1.278163	0.3271901	7.346887
25896	-2393.984	-2581.85	187.8652	1.498351	0.3550128	4.99418
25902	-2384.215	-2571.901	187.6861	1.602324	0.3922644	4.99418
25908	-2391.487	-2578.995	187.5083	1.506959	0.3922644	5.145718
25914	-2393.281	-2580.286	187.0056	1.393737	0.8055047	5.145718
25920	-2390.212	-2576.63	186.4188	1.376513	0.4307425	5.777171
25926	-2390.519	-2576.567	186.0475	1.430479	0.5820736	5.814553
25932	-2395.543	-2581.565	186.0219	1.330447	0.5520996	5.908005
25938	-2407.849	-2593.158	185.3095	1.042315	0.4076361	6.585995
25944	-2396.695	-2584.131	187.436	1.174821	0.3467038	5.420233
25950	-2397.262	-2585.113	187.851	1.173887	0.3017844	5.246766
25956	-2403.224	-2591.202	187.978	1.561908	0.6167437	4.646202
25962	-2397.604	-2585.846	188.2416	1.527084	0.3507016	4.773587
25968	-2406.009	-2591.433	185.4236	1.320119	0.4851568	6.298271
25974	-2388.156	-2571.671	183.5155	1.076989	0.3591664	7.584313
25980	-2371.858	-2554.244	182.3857	1.100448	0.4286116	8.102867
25986	-2388.932	-2571.547	182.6152	1.09553	0.7504795	7.726419
25992	-2389.22	-2571.983	182.7628	1.104875	0.517661	7.817545
25998	-2374.917	-2558.11	183.1929	1.11997	0.4196417	7.670347
26004	-2383.56	-2568.274	184.7138	1.164198	0.4191507	6.830258
26010	-2391.881	-2579.346	187.4649	1.387979	0.4834744	5.143899
26016	-2385.837	-2571.754	185.9167	1.229351	0.4834744	6.080981
26022	-2395.089	-2578.604	183.5158	1.229351	0.4019874	7.456843
26028	-2390.723	-2574.35	183.6266	1.147172	0.4719634	7.373319
26034	-2411.151	-2594.215	183.0633	1.21427	0.2850737	7.84101
26040	-2400.67	-2587.08	186.4106	1.370908	0.4293927	5.786076
26046	-2407.349	-2592.771	185.4218	1.351449	0.6033499	6.18192
26052	-2388.923	-2576.548	187.6251	1.444989	0.3893913	5.11841
26058	-2389.906	-2575.354	185.4481	1.331311	0.5184897	6.249013
26064	-2386.909	-2573.851	186.9417	1.417923	0.425059	5.473209
26070	-2380.078	-2568.385	188.3076	1.393768	0.5861422	4.580546
26076	-2384.147	-2574.025	189.8782	1.530977	0.4070885	3.780252
26082	-2388.619	-2577.137	188.5177	1.622143	0.593284	4.327667
26088	-2388.534	-2576.195	187.6609	1.52138	0.3678922	5.080066
26094	-2393.872	-2581.317	187.445	1.464528	0.5960273	5.014445
26100	-2393.89	-2581.753	187.863	1.350948	0.4120354	5.014445
26106	-2404.337	-2588.863	184.5259	1.255345	0.6592367	6.677285
26112	-2388.944	-2573.692	184.7486	1.193761	0.5481324	6.677285
26118	-2385.449	-2570.824	185.3744	1.453552	0.2899763	6.463379
26124	-2400.172	-2586.295	186.1227	1.493294	0.5644943	5.753436
26130	-2394.991	-2580.983	185.9924	1.437116	0.5121512	5.900429
26136	-2406.595	-2592.646	186.0514	1.348416	0.4446159	5.979519
26142	-2396.436	-2582.807	186.371	1.604808	0.4446159	5.664476
26148	-2396.742	-2583.922	187.18	1.543967	0.8340166	4.947198
26154	-2397.744	-2584.898	187.1538	1.404375	0.693714	5.134449
26160	-2396.883	-2586.221	189.3379	1.53259	0.5284991	3.968431
26166	-2393.739	-2581.406	187.6672	1.53259	0.6582018	4.804112
26172	-2389.154	-2573.884	184.7302	1.407485	0.3504742	6.763506
26178	-2392.304	-2579.633	187.3281	1.440277	0.5024814	5.17314
26184	-2387.853	-2574.072	186.2189	1.448693	0.5987159	5.697314
26190	-2383.235	-2569.085	185.85	1.422879	0.6937845	5.841553
26196	-2384.282	-2573.09	188.8087	1.539215	0.6937845	4.130782
26202	-2396.362	-2585.024	188.6616	1.661438	0.7129698	4.130782
26208	-2403.86	-2591.591	187.731	1.5577	0.4356744	4.948569
26214	-2411.208	-2597.323	186.1152	1.244915	0.4702865	5.976581
26220	-2405.882	-2589.737	183.8552	1.360491	0.5253689	7.088384
26226	-2415.246	-2603.647	188.4009	1.481978	0.533569	4.52372
26232	-2401.094	-2591.193	190.0991	1.726084	0.4045263	3.542144
26238	-2405.892	-2595.205	189.3135	1.672645	0.9611762	3.586252
26244	-2405.596	-2593.344	187.7479	1.5186	0.3788402	5.021083
26250	-2388.609	-2577.374	188.765	1.566481	0.4241519	4.37629
26256	-2397.007	-2584.764	187.7564	1.566481	0.4417168	4.923429
26262	-2412.25	-2595.321	183.0717	1.975295	0.2648112	7.456103
26268	-2395.629	-2578.188	182.5591	1.796502	0.6434069	7.456103
26274	-2381.733	-2566.929	185.1953	1.48888	0.3294053	6.492484
26280	-2391.835	-2576.858	185.023	1.317727	0.5123292	6.492484
26286	-2395.951	-2578.426	182.4747	1.045242	0.2973127	8.229489
26292	-2392.074	-2575.114	183.04	1.14494	0.4462545	7.712758
26298	-2389.823	-2573.366	183.5434	1.055667	0.4944357	7.446565
26304	-2384.71	-2568.058	183.3481	1.125784	0.5736371	7.446565
26310	-2389.591	-2573.314	183.723	0.9885685	0.4301705	7.446446
26316	-2377.147	-2565.204	188.0575	1.309063	0.4899536	4.852416
26322	-2383.671	-2572.402	188.7319	1.437443	0.441431	4.449897
26328	-2393.284	-2583.423	190.1391	1.506486	0.6060763	3.452521
26334	-2399.861	-2589.634	189.7724	1.77345	0.6780778	3.452521
26340	-2403.23	-2593.766	190.5365	1.76012	0.9318432	2.82742
26346	-2412.814	-2603.759	190.9448	1.797758	0.5744549	2.82742
26352	-2399.993	-2588.35	188.3572	1.540227	0.5118727	4.535094
26358	-2399.487	-2587.844	188.3572	1.540227	0.5118727	4.535094
26364	-2387.875	-2571.725	183.8498	1.230913	0.3737119	7.306672
26370	-2407.409	-2592.363	184.9536	1.181975	0.4545928	6.656384
26376	-2407.616	-2592.619	185.0032	1.194349	0.4204264	6.656384
26382	-2407.798	-2590.593	182.7955	1.023969	0.3905861	7.963569
26388	-2404.776	-2591.939	187.1628	1.395406	0.3905861	5.399995
26394	-2405.665	-2590.229	184.5638	1.042892	0.4609995	6.935785
26400	-2410.833	-2591.426	180.593	0.9558361	0.4881439	9.075914
26406	-2405.708	-2585.364	179.6564	0.9497588	0.4455734	9.612887
26412	-2396.142	-2579.919	183.7767	1.087588	0.4001838	7.394794
26418	-2399.181	-2581.467	182.2864	0.961274	0.4624729	8.197554
26424	-2407.214	-2591.725	184.5111	1.154992	0.3839141	6.981009
26430	-2408.578	-2592.972	184.3942	1.228729	0.4061396	6.981009
26436	-2403.589	-2589.279	185.6899	1.203791	0.4061396	6.293808
26442	-2416.711	-2603.225	186.5141	1.160833	0.4061396	5.868184
26448	-2392.557	-2574.272	181.7145	1.030039	0.4061396	8.519783
26454	-2404.629	-2589.781	185.1514	1.252067	0.4629391	6.503532
26460	-2407.519	-2593.899	186.38	1.676833	0.461454	5.603661
26466	-2396.68	-2583.631	186.9503	1.42561	0.7242006	5.213605
26472	-2397.765	-2585.704	187.9389	1.414308	0.7487618	4.652612
26478	-2398.762	-2586.932	188.1705	1.65726	0.7487618	4.385808
26484	-2389.502	-2577.902	188.4	1.765883	0.8900635	4.10116
26490	-2391.453	-2579.074	187.6204	1.595128	0.8047539	4.691896
26496	-2398.374	-2584.427	186.0534	1.603935	0.8047539	5.555466
26502	-2397.417	-2583.459	186.0424	1.48046	0.9253068	5.555466
26508	-2401.29	-2589.081	187.791	1.576113	0.5656582	4.784835
26514	-2404.558	-2591.068	186.5102	1.489242	0.9063184	5.304166
26520	-2394.962	-2581.88	186.9184	1.38675	0.6534252	5.304166
26526	-2396.38	-2582.114	185.7333	1.269769	0.502092	6.141941
26532	-2403.12	-2588.545	185.4249	1.118887	0.4986326	6.394591
26538	-2392.552	-2579.142	186.5895	1.24256	0.4897328	5.70042
26544	-2397.567	-2583.701	186.1342	1.696315	0.3001061	5.904974
26550	-2387.115	-2573.049	185.9347	1.427859	0.4203808	6.024008
26556	-2400.026	-2586.052	186.0259	1.336667	0.4203808	6.024008
26562	-2401.248	-2589.137	187.8891	1.542322	0.6632136	4.670824
26568	-2392.669	-2581.66	188.9915	1.56379	0.8396916	3.910726
26574	-2402.104	-2592.439	190.3356	1.518983	0.4906517	3.435136
26580	-2377.619	-2568.006	190.3876	1.645045	0.5388273	3.284677
26586	-2384.62	-2575.732	191.1118	1.79108	0.6511147	2.662241
26592	-2389.4	-2580.563	191.1626	1.79108	0.8147243	2.502731
26598	-2397.296	-2587.248	189.9522	1.775213	0.6598448	3.360474
26604	-2390.516	-2581.199	190.6828	1.855571	0.9069461	2.696005
26610	-2396.043	-2586.735	190.6919	1.797766	0.8738723	2.747907
26616	-2397.292	-2588.82	191.5278	1.887513	0.5467981	2.438091
26604	-2398.54	-2587.164	188.6242	1.575675	0.6562765	4.243315
26610	-2391.535	-2578.33	186.7945	1.47564	0.8743655	5.17378
26616	-2391.05	-2578.552	187.5017	1.475067	0.6534321	4.932021
26622	-2399.481	-2584.622	185.1412	1.432833	0.5150497	6.3636
26628	-2379.703	-2569.12	189.4165	1.481572	0.4001145	4.08072
26634	-2384.363	-2572.241	187.8789	1.272909	0.3814184	5.081873
26640	-2370.88	-2559.395	188.5144	1.438343	0.510296	4.505433
26646	-2380.215	-2568.745	188.5298	1.438767	0.3715191	4.637718
26652	-2373.672	-2560.266	186.5936	1.448237	0.397495	5.676418
26658	-2401.88	-2588.444	186.5646	1.29074	0.3094695	5.879608
26664	-2408.91	-2596.207	187.2972	1.92544	0.2824891	5.162681
26670	-2400.628	-2588.57	187.9417	1.534275	0.2425025	5.078512
26676	-2394.107	-2576.906	182.7987	1.178562	0.3480379	7.925594
26682	-2389.389	-2572.197	182.8078	1.034451	0.4158599	7.925594
26688	-2387.943	-2571.683	183.7398	1.063629	0.4158599	7.411477
26694	-2393.262	-2577.396	184.1344	1.076292	0.6710629	6.976483
26700	-2390.717	-2578.153	187.4359	1.322416	0.5380472	5.146993
26706	-2393.114	-2578.047	184.9333	1.174616	0.5380472	6.596265
26712	-2396.902	-2581.882	184.9798	1.128147	0.5380472	6.596265
26718	-2402.192	-2588.569	186.3766	1.190571	0.5238335	5.814862
26724	-2416.743	-2602.161	185.4183	1.160255	0.4169989	6.453654
26730	-2403.218	-2589.464	186.2464	1.385804	0.4101616	5.887332
26736	-2381.457	-2567.865	186.4079	1.31091	0.3661666	5.887332
26742	-2396.981	-2582.321	185.3398	1.233034	0.5919299	6.299908
26748	-2396.716	-2581.956	185.2401	1.396287	0.3986315	6.441214
26754	-2407.529	-2592.908	185.3793	1.194005	0.4322099	6.441214
26760	-2393.082	-2578.637	185.5554	1.423739	0.3915494	6.262703
26766	-2394.92	-2580.357	185.4367	1.254498	0.3915494	6.418996
26772	-2392.029	-2576.426	184.3973	1.274065	0.2456419	7.147543
26778	-2393.198	-2580.837	187.639	1.531259	0.3214341	5.141615
26784	-2391.623	-2578.84	187.2169	1.37457	0.3131977	5.4713
26790	-2402.641	-2590.126	187.4846	1.322005	0.3045504	5.363691
26796	-2392.898	-2579.927	187.0296	1.485387	0.4156726	5.397286
26802	-2397.107	-2583.212	186.1048	1.279504	0.4156726	6.016975
26808	-2391.797	-2576.705	184.9089	1.159535	0.4788697	6.669958
26814	-2391.295	-2576.831	185.536	1.29652	0.4452389	6.287761
26820	-2398.01	-2582.006	183.9959	1.325669	0.4149725	7.134142
26826	-2386.33	-2572.791	186.4604	1.507082	0.8697943	5.343851
26832	-2402.109	-2591.454	189.3458	1.518904	0.5001945	3.998
26838	-2395.474	-2576.377	180.9022	1.259166	0.409699	8.825614
26844	-2398.472	-2580.591	182.1187	0.9397427	0.4000687	8.359147
26850	-2391.326	-2573.075	181.7495	0.9046461	0.3944665	8.579717
26856	-2389.368	-2574.381	185.0135	1.049298	0.3964937	6.753783
26862	-2375.269	-2559.996	184.7274	1.10833	0.5258985	6.753783
26868	-2389.17	-2574.303	185.1332	1.022367	0.3505577	6.753783
26874	-2398.148	-2584.32	186.1716	1.218136	0.3108468	6.131841
26880	-2404.591	-2590.384	185.7927	1.350518	0.3214234	6.252954
26886	-2400.013	-2587.873	187.8592	1.34509	0.3272106	5.11566
26892	-2395.073	-2582.006	186.9326	1.495544	0.368727	5.495602
26898	-2382.027	-2570.393	188.3659	1.416328	0.4722283	4.636969
26904	-2409.56	-2598.025	188.4654	1.4796	0.7476822	4.320366
26910	-2396.909	-2585.738	188.8289	1.438045	0.4925514	4.344811
26916	-2392.494	-2578.018	185.5244	1.438045	0.291261	6.388806
26922	-2397.955	-2583.4	185.4447	1.496931	0.3582118	6.3195
26928	-2403.842	-2593.073	189.2313	1.778686	0.4523934	3.961713
26934	-2403.881	-2592.02	188.1385	1.708769	0.4169086	4.656134
26940	-2408.616	-2594.335	185.7198	1.217121	0.4638608	6.213123
26946	-2394.051	-2577.319	183.2675	1.270486	0.4638608	7.507215
26952	-2384.524	-2568.949	184.4251	1.110196	0.4638608	6.97156
26958	-2401.938	-2587.505	185.5671	1.512362	0.3681244	6.23354
26964	-2395.596	-2582.981	187.385	1.583763	0.5079791	5.057089
26970	-2401.382	-2589.286	187.9038	1.469674	0.3891746	4.950275
26976	-2399.192	-2585.259	186.0669	1.370258	0.3499569	6.059351
26982	-2401.355	-2586.284	184.9294	1.333095	0.3206439	6.731041
26988	-2388.2	-2571.811	183.6113	1.15374	0.6335077	7.243838
26994	-2383.671	-2563.903	180.2319	1.110181	0.6335077	9.06759
27000	-2393.721	-2574.154	180.4333	0.9878785	0.5787183	9.06759
27006	-2399.875	-2581.196	181.3212	1.103927	0.3316832	8.769846
27012	-2402.564	-2586.948	184.3847	1.214796	0.3316832	7.075276
27018	-2402.621	-2587.823	185.2015	1.241833	0.3180122	6.636482
27024	-2395.547	-2578.873	183.3261	1.13833	0.3690135	7.642054
27030	-2395.281	-2579.259	183.9786	0.9501979	0.3690135	7.393279
27036	-2400.557	-2583.898	183.3411	0.9826423	0.3536219	7.734278
27042	-2391.872	-2574.077	182.2047	1.053274	0.3428555	8.314686
27048	-2392.823	-2576.945	184.1218	1.149567	0.3992926	7.177195
27054	-2387.813	-2569.172	181.3595	0.9777011	0.5085542	8.6402
27060	-2402.262	-2583.063	180.8007	1.013762	0.4110346	9.008043
27066	-2397.092	-2579.025	181.9329	0.9591317	0.404435	8.443166
27072	-2400.917	-2586.77	185.8531	1.164162	0.4007914	6.232193
27078	-2387.935	-2574.674	186.7387	1.256718	0.4837908	5.616293
27084	-2381.893	-2567.939	186.046	1.296868	0.6202505	5.858097
27090	-2391.965	-2580.692	188.7272	1.503211	0.6432834	4.236128
27096	-2384.716	-2573.485	188.7684	1.487929	0.6432834	4.221424
27102	-2393.946	-2582.472	188.5259	1.487929	0.5406199	4.443798
27108	-2406.735	-2595.12	188.3858	1.393513	0.7058187	4.443798
27114	-2392.79	-2581.254	188.4637	1.427491	0.6230788	4.443798
27120	-2392.539	-2580.862	188.3224	1.509287	0.4550119	4.626041
27126	-2394.308	-2576.848	182.5408	1.148202	0.6436436	7.812617
27132	-2383.505	-2569.872	186.367	1.455789	0.5426478	5.658572
27138	-2391.125	-2579.931	188.8054	1.455789	0.5426478	4.302358
27144	-2404.54	-2589.337	184.7971	1.277609	0.468727	6.675938
27150	-2398.954	-2586.429	187.4747	1.423928	0.3460648	5.262195
27156	-2411.572	-2595.551	183.9788	1.130692	0.5540548	7.121304
27162	-2399.219	-2582.987	183.7683	1.251784	0.3900309	7.321794
27168	-2384.792	-2569.478	184.6858	1.106139	0.3900309	6.906713
27174	-2390.375	-2575.624	185.2494	1.214655	0.3801777	6.554188
27180	-2392.534	-2574.47	181.9364	1.009604	0.3744986	8.445675
27186	-2393.867	-2575.848	181.9808	1.060061	0.4428553	8.326116
27192	-2395.183	-2577.367	182.1841	1.074712	0.4428553	8.210144
27198	-2403.457	-2587.26	183.8026	1.082639	0.3087807	7.486223
27204	-2401.357	-2584.459	183.1018	1.21825	0.5432049	7.553914
27210	-2404.713	-2588.909	184.1962	1.226686	0.3962334	7.098904
27216	-2414.686	-2600.295	185.6097	1.160169	0.4221567	6.344673
27222	-2402.425	-2592.912	190.4875	1.765334	0.5675171	3.128042
27228	-2409.813	-2600.649	190.8363	1.584417	0.7634724	2.867873
27234	-2397.366	-2588.171	190.8046	1.683373	0.6046155	2.954509
27240	-2396.871	-2588.196	191.3255	1.85717	0.5498388	2.580438
27246	-2399.027	-2590.413	191.3855	1.833516	0.5792372	2.530079
27252	-2398.141	-2588.403	190.2624	1.833516	0.522228	3.262836
27258	-2400.396	-2590.839	190.4432	1.63538	0.5880775	3.213279
27264	-2393.248	-2583.507	190.2597	1.63538	0.7222209	3.213279
27270	-2386.675	-2575.894	189.2192	1.540077	0.7774635	3.835454
27276	-2393.689	-2583.174	189.485	1.540077	0.5787245	3.835454
27282	-2401.05	-2590.445	189.3951	1.775057	0.3707082	3.958568
27288	-2394.483	-2584.083	189.5997	1.330184	0.4579322	4.001882
27294	-2389.506	-2575.402	185.8965	1.235277	0.300968	6.284469
27300	-2402.216	-2582.768	180.5515	0.9523604	0.3626203	9.222891
27306	-2408.714	-2588.608	179.8938	1.086891	0.319961	9.547455
27312	-2398.774	-2580.045	181.2711	1.057075	0.45061	8.697336
27318	-2400.785	-2582.956	182.1707	1.044343	0.5229448	8.161086
27324	-2409.987	-2589.687	179.7001	0.8378026	0.3550528	9.74104
27330	-2402.528	-2590.303	187.7752	1.194238	0.3623354	5.204288
27336	-2406.746	-2591.927	185.1812	1.454054	0.5336718	6.314179
27342	-2383.356	-2570.781	187.4246	1.334115	0.4534282	5.224782
27348	-2392.878	-2578.816	185.9377	1.248262	0.4534282	6.087559
27354	-2386.619	-2572.683	186.0641	1.194365	0.4137346	6.087559
27360	-2390.134	-2573.554	183.4196	1.005936	0.4137346	7.616009
27366	-2392.22	-2575.039	182.8188	1.088837	0.3555879	7.954271
27372	-2390.754	-2573.963	183.2092	1.257599	0.3460396	7.666306
27378	-2374.558	-2557.501	182.9435	1.248057	0.398835	7.756356
27384	-2378.806	-2561.516	182.71	1.148755	0.5981755	7.756356
27390	-2393.101	-2577.746	184.6455	1.49636	0.483818	6.625711
27396	-2390.996	-2576.99	185.9943	1.468455	0.4646126	5.925907
27402	-2395.917	-2579.206	183.2886	1.231298	0.3647287	7.617013
27408	-2408.67	-2595.117	186.4474	1.67434	0.4578608	5.571471
27414	-2400.685	-2587.253	186.5681	1.424953	0.53523	5.571471
27420	-2396.478	-2583.026	186.5479	1.497931	0.487971	5.584733
27426	-2393.895	-2579.842	185.9466	1.502655	0.4648671	5.933023
27432	-2404.027	-2589.332	185.3049	1.301391	0.4978266	6.361389
27438	-2399.645	-2584.955	185.31	1.296341	0.4978266	6.361389
27444	-2392.4	-2581.002	188.6027	1.476931	0.6205356	4.339509
27450	-2401.122	-2589.106	187.9833	1.43191	0.7644054	4.607085
27456	-2408.752	-2594.663	185.9114	1.484081	0.5192131	5.912768
27462	-2402.776	-2585.742	182.9664	1.11065	0.3358495	7.886262
27468	-2404.783	-2584.758	179.9742	1.036429	0.4111929	9.432849
27474	-2408.077	-2589.704	181.6266	1.21185	0.385671	8.491001
27480	-2407.501	-2595.211	187.7096	1.273053	0.5949767	4.9747
27486	-2396.539	-2583.494	186.9542	1.356522	0.4132651	5.512213
27492	-2411.775	-2598.761	186.9865	1.269267	0.6476238	5.335817
27498	-2412.211	-2603.246	191.0355	1.731768	0.6756858	2.725102
27504	-2412.286	-2602.664	190.378	1.855535	1.125135	2.750329
27510	-2409.851	-2600.588	190.7363	1.838897	1.125135	2.539642
27516	-2409.312	-2600.235	190.9229	1.838897	0.9578668	2.524605
27522	-2394.657	-2584.883	190.2252	1.763668	0.9578668	2.996844
27528	-2394.159	-2585.446	191.2865	1.763668	0.8650429	2.406153
27534	-2393.23	-2584.22	190.9904	1.899078	0.940557	2.456027
27540	-2397.629	-2588.94	191.3108	1.899078	0.7199834	2.414363
27546	-2392.722	-2584.463	191.7409	2.024222	0.7199834	2.056549
27552	-2395.034	-2586.923	191.8891	1.95607	0.7199834	2.003426
27558	-2394.25	-2586.487	192.2368	2.085633	0.7199834	1.675392
27564	-2400.015	-2592.262	192.2473	2.039239	0.7199834	1.700892
27570	-2411.352	-2601.456	190.1037	1.545765	0.5029085	3.542948
27576	-2398.208	-2584.189	185.9805	1.46841	0.6045002	5.812467
27582	-2399.609	-2582.869	183.2604	1.256895	0.7981723	7.263368
27588	-2395.541	-2579.104	183.5626	1.396065	0.6627007	7.118211
27594	-2397.389	-2582.838	185.4489	1.329355	0.5294938	6.240097
27600	-2391.27	-2578.921	187.6512	1.329355	0.3768552	5.181803
27606	-2386.757	-2571.056	184.2986	1.447927	0.5126105	6.813485
27612	-2385.979	-2572.916	186.9369	1.369142	0.5126105	5.419216
27618	-2395.574	-2578.744	183.1704	1.218191	0.7568073	7.359226
27624	-2395.052	-2581.335	186.2833	1.156323	0.3360154	6.074271
27630	-2402.792	-2588.644	185.8513	1.398338	0.4315916	6.074271
27636	-2411.316	-2597.241	185.9255	1.421142	0.5910501	5.879094
27642	-2402.153	-2588.502	186.3498	1.284413	0.6962507	5.64192
27648	-2393.691	-2581.582	187.8916	1.530904	0.7368467	4.622082
27654	-2378.283	-2570.614	192.3312	2.294547	0.8658012	1.316397
27660	-2391.264	-2577.882	186.6172	1.377036	0.4738691	5.626223
27666	-2382.004	-2567.967	185.963	1.27006	0.4782928	6.038398
27672	-2391.347	-2578.533	187.1859	1.256625	0.4782928	5.375481
27678	-2389.573	-2576.17	186.5974	1.383386	0.4306878	5.675575
27684	-2397.883	-2584.093	186.2102	1.309305	0.7379771	5.675575
27690	-2395.146	-2581.565	186.419	1.285196	0.6007878	5.675575
27696	-2388.791	-2574.797	186.0054	1.335647	0.3576379	6.102978
27702	-2402.267	-2587.666	185.3991	1.394083	0.6942537	6.102978
27708	-2401.44	-2587.037	185.5973	1.427083	0.6942537	5.976964
27714	-2392.488	-2578.753	186.2655	1.411058	0.3096726	5.976964
27720	-2392.979	-2575.593	182.6139	1.406268	0.6734142	7.613878
27726	-2400.296	-2581.413	181.1175	1.120588	0.5298567	8.674563
27732	-2414.798	-2606.25	191.452	2.012297	0.8213674	2.172917
27738	-2407.315	-2598.78	191.4645	2.012297	0.8106042	2.172917
27744	-2398.409	-2589.768	191.3588	2.012297	0.9048773	2.172917
27750	-2393.837	-2585.495	191.6582	1.971608	0.6872831	2.172917
27756	-2392.106	-2584.255	192.1492	1.971608	0.5598709	1.968242
27762	-2386.238	-2578.136	191.8989	1.971608	0.810865	1.911982
27768	-2384.401	-2576.283	191.8822	2.087536	0.810865	1.844328
27774	-2389.923	-2581.804	191.8805	2.089219	0.810865	1.844328
27780	-2384.121	-2575.755	191.6343	1.883774	0.810865	2.145881
27786	-2379.564	-2570.73	191.1667	1.813157	0.7545162	2.531395
27792	-2377.414	-2569.243	191.8284	1.906188	0.7545162	2.048121
27798	-2391.401	-2583.185	191.7846	1.977171	0.7545162	2.030131
27804	-2375.961	-2567.794	191.8328	1.977171	0.6050765	2.129448
27810	-2385.822	-2577.986	192.1639	1.977171	0.6050765	1.909342
27816	-2392.599	-2584.656	192.057	2.053325	0.8192362	1.740064
27822	-2389.293	-2581.794	192.5006	2.019326	0.5178325	1.740064
27828	-2387.005	-2578.799	191.7942	2.028616	0.8519391	1.91234
27834	-2400.851	-2592.633	191.7829	2.039945	0.8519391	1.91234
27840	-2399.708	-2591.065	191.3578	2.039945	0.8755748	2.176328
27846	-2393.506	-2585.124	191.618	1.782593	0.3590539	2.655704
27852	-2402.524	-2586.36	183.836	1.299017	0.4720792	7.179245
27858	-2411.062	-2598.435	187.3728	1.230755	0.4182128	5.345826
27864	-2388.272	-2573.689	185.4166	1.333429	0.3449321	6.438585
27870	-2390.833	-2570.849	180.016	1.151022	0.5867442	9.195724
27876	-2394.855	-2576.275	181.4192	1.242977	0.4459751	8.524434
27882	-2390.865	-2570.401	179.5357	1.089978	0.4472152	9.601066
27888	-2393.026	-2575.639	182.6134	1.163778	0.3833031	7.99379
27894	-2402.535	-2584.604	182.0694	1.070294	0.4812261	8.237876
27900	-2390.66	-2575.781	185.1208	1.265874	0.3804953	6.595748
27906	-2391.886	-2577.087	185.2018	1.160133	0.3930165	6.595748
27912	-2381.55	-2565.752	184.2022	1.244219	0.4750026	7.009022
27918	-2384.566	-2572.323	187.7575	1.717713	0.5476369	4.739854
27924	-2387.641	-2578.246	190.6044	1.73109	0.8887589	2.831902
27930	-2404.028	-2592.428	188.3994	1.861888	0.3896307	4.452952
27936	-2393.22	-2580.11	186.8899	1.626457	0.5315629	5.28646
27942	-2391.16	-2578.149	186.9887	1.388312	0.6248288	5.28646
27948	-2403.374	-2586.16	182.7856	1.711816	0.1959393	7.851647
27954	-2410.709	-2598.994	188.2841	1.46544	0.6483532	4.503646
27960	-2414.885	-2598.469	183.5839	1.515915	1.477896	6.610669
27966	-2397.5	-2581.962	184.4617	1.262846	0.4738684	6.860237
27972	-2394.903	-2580.743	185.8403	1.381258	0.5061359	6.01928
27978	-2383.433	-2571.096	187.6631	1.449206	0.5747126	4.919283
27984	-2392.8	-2581.389	188.589	1.5128	0.7342837	4.241057
27990	-2392.073	-2581.418	189.3443	1.838556	0.5811745	3.742433
27996	-2388.533	-2578.542	190.0097	1.60395	0.4901478	3.576144
28002	-2399.738	-2588.755	189.0172	1.633603	0.4263411	4.193259
28008	-2396.875	-2584.493	187.6181	1.503141	0.8125789	4.739483
28014	-2383.921	-2570.705	186.7841	1.430518	0.7600392	5.27801
28020	-2387.133	-2574.601	187.4677	1.347718	0.7600392	4.945043
28026	-2397.562	-2586.611	189.049	1.468862	0.4967019	4.1988
28032	-2391.812	-2580.288	188.4758	1.519921	0.6619228	4.354469
28038	-2388.214	-2574.455	186.2412	1.298505	0.559778	5.799164
28044	-2384.383	-2568.032	183.649	1.178945	0.4364358	7.377914
28050	-2394.755	-2578.325	183.5707	1.110392	0.5226347	7.377914
28056	-2398.742	-2579.821	181.0789	0.9303935	0.2855643	9.046049
28062	-2409.251	-2592.865	183.6134	1.242718	0.542757	7.266879
28068	-2406.207	-2589.769	183.5618	1.375686	0.5195146	7.242973
28074	-2384.264	-2566.291	182.0267	1.219541	0.4151101	8.243971
28080	-2404.448	-2589.028	184.5804	1.175436	0.4110979	6.904324
28086	-2405.775	-2591.139	185.3639	1.217766	0.5338683	6.34312
28092	-2396.066	-2578.141	182.075	1.203595	0.5236961	8.126603
28098	-2386.412	-2567.918	181.506	1.10925	0.5236961	8.479527
28104	-2392.637	-2576.161	183.5236	1.210599	0.5236961	7.348477
28110	-2390.834	-2573.584	182.7504	1.019203	0.5920606	7.808785
28116	-2383.754	-2566.53	182.7756	1.245475	0.4375156	7.808785
28122	-2390.051	-2572.315	182.2648	0.9892886	0.3195868	8.343834
28128	-2402.828	-2585.488	182.6601	1.210632	0.5590999	7.781162
28134	-2408.828	-2595.496	186.6678	1.545934	0.3900982	5.589989
28140	-2413.117	-2600.746	187.6287	1.471479	0.5004602	4.990976
28146	-2402.29	-2590.062	187.7717	1.473585	0.4178526	4.990976
28152	-2416.761	-2601.136	184.3748	1.243108	0.5542021	6.84738
28158	-2397.783	-2584.123	186.3404	1.387947	0.5952696	5.666753
28164	-2383.625	-2569.407	185.7822	1.462123	0.5968488	5.930328
28170	-2385.102	-2571.332	186.2304	1.238823	0.4562983	5.930328
28176	-2391.125	-2577.012	185.8866	1.268925	0.4562983	6.101396
28182	-2401.086	-2588.576	187.4903	1.448153	0.5007353	5.080493
28188	-2400.023	-2587.654	187.6316	1.375316	0.4604752	5.080493
28194	-2398.46	-2588.167	189.7069	1.860881	0.2697953	3.860314
28200	-2392.26	-2582.026	189.766	1.647885	0.3361453	3.860314
28206	-2387.975	-2579.441	191.4653	1.742725	0.3361453	2.803288
28212	-2388.432	-2578.036	189.6043	1.664874	0.6151077	3.664
28218	-2396.303	-2586.354	190.0509	1.661798	0.6151077	3.405681
28224	-2404.562	-2593.837	189.2754	1.568634	0.6151077	3.908898
28230	-2391.686	-2582.23	190.543	1.556941	0.6116748	3.180239
28236	-2385.763	-2576.173	190.4098	1.690121	0.6116748	3.180239
28242	-2382.736	-2572.371	189.6345	1.640629	0.54887	3.717477
28248	-2407.792	-2595.331	187.5388	1.564979	0.6797559	4.841468
28254	-2397.344	-2584.47	187.1258	1.491703	0.7506998	5.061388
28260	-2394.768	-2582.401	187.6324	1.491703	0.4148099	5.061388
28266	-2401.587	-2587.904	186.3165	1.316004	0.5515208	5.755286
28272	-2392.414	-2578.194	185.7793	1.293284	0.5515208	6.061115
28278	-2393.995	-2583.473	189.4771	1.436047	0.5515208	3.923358
28284	-2390.269	-2577.75	187.4811	1.539118	0.3952659	5.139717
28290	-2390.872	-2574.987	184.1157	1.269044	0.5836195	6.949155
28296	-2398.395	-2586.505	188.11	1.39318	0.514095	4.753989
28302	-2400.817	-2587.895	187.0772	1.305985	0.6431476	5.268911
28308	-2394.963	-2583.373	188.4101	1.516074	0.6431476	4.408214
28314	-2396.369	-2577.068	180.699	0.9396204	0.4355158	9.077074
28320	-2407.027	-2587.689	180.6619	0.9767368	0.4355158	9.077074
28326	-2389.714	-2573.518	183.8035	1.106246	0.4355158	7.334976
28332	-2399.844	-2583.601	183.7568	1.181962	0.3991447	7.355943
28338	-2389.509	-2573.479	183.9703	1.037836	0.3642901	7.355943
28344	-2390.114	-2573.987	183.8736	1.204201	0.3313452	7.355943
28350	-2386.913	-2569.631	182.7175	1.177393	0.3104705	8.013515
28356	-2389.382	-2572.382	183.0002	1.393613	0.5236539	7.531001
28362	-2391.181	-2578.32	187.1386	1.431537	0.505401	5.280081
28368	-2399.186	-2583.884	184.698	1.335031	0.493406	6.675822
28374	-2414.865	-2597.705	182.8402	1.177504	0.7413122	7.568287
28380	-2390.443	-2574.48	184.0369	1.362565	0.7111482	6.846376
28386	-2386.084	-2570.544	184.46	1.106627	0.6358098	6.810585
28392	-2385.603	-2570.713	185.1106	1.349002	0.6358098	6.327341
28398	-2390.894	-2577.511	186.6162	1.269322	0.4725704	5.687074
28404	-2375.537	-2560.875	185.3383	1.286409	0.7150291	6.180063
28410	-2378.441	-2563.407	184.9664	1.184933	0.5708448	6.545443
28416	-2398.136	-2583.174	185.0382	1.314107	0.4480362	6.545443
28422	-2412.799	-2597.822	185.0228	1.360518	0.4308933	6.545443
28428	-2401.997	-2586.984	184.9873	1.330805	0.467483	6.545443
28434	-2393.251	-2578.608	185.3574	1.550992	0.6211446	6.09451
28440	-2404.042	-2588.714	184.672	1.205427	0.303427	6.95982
28446	-2399.609	-2581.867	182.2583	1.329061	0.6204019	7.884265
28452	-2400.225	-2586.502	186.2768	1.426385	0.7364916	5.575757
28458	-2390.654	-2578.943	188.2894	1.518015	0.6282893	4.486815
28464	-2395.9	-2580.545	184.6446	1.306468	0.9611544	6.392813
28470	-2411.245	-2596.522	185.2775	1.223061	0.7121728	6.249561
28476	-2380.258	-2564.084	183.826	1.342682	0.3408001	7.296235
28482	-2401.67	-2586.13	184.4595	1.099016	0.2246579	7.238779
28488	-2400.01	-2588.625	188.6148	1.447408	0.2914297	4.68345
28494	-2389.856	-2572.834	182.9787	1.136912	0.3179073	7.886752
28500	-2417.158	-2596.403	179.2456	1.050884	0.3603375	9.862441
28506	-2417.325	-2602.873	185.5475	1.27714	0.5838735	6.169498
28512	-2395.761	-2584.335	188.574	1.624869	0.6597648	4.241199
28518	-2403.444	-2593.621	190.1775	1.604772	0.8689946	3.176849
28524	-2409.561	-2597.42	187.8587	1.803012	0.8689946	4.399969
28530	-2401.811	-2591.193	189.382	1.605745	0.7416569	3.729143
28536	-2406.644	-2596.275	189.6311	1.641145	0.6183559	3.659509
28542	-2398.743	-2586.561	187.8181	1.622974	0.3589942	4.946487
28548	-2397.371	-2583.347	185.9761	1.684697	0.7926388	5.561436
28554	-2402.475	-2588.536	186.0613	1.546922	0.310438	6.013287
28560	-2412.889	-2598.481	185.5921	1.080115	0.3910452	6.429808
28566	-2409.989	-2590.369	180.3794	0.9541932	0.5876626	9.106904
28572	-2409.375	-2590.736	181.3606	0.983859	0.480033	8.661596
28578	-2405.972	-2586.538	180.5667	0.9965837	0.3976949	9.154421
28584	-2402.198	-2588.326	186.1283	1.155337	0.4229468	6.064471
28590	-2403.493	-2589.809	186.3161	1.450783	0.6669323	5.590408
28596	-2405.587	-2594.093	188.5068	1.771684	0.8680335	4.050796
28602	-2403.26	-2591.046	187.7857	1.610782	0.8762839	4.54477
28608	-2397.772	-2584.675	186.903	1.556313	1.051983	4.967361
28614	-2399.042	-2587.428	188.3863	1.562428	0.9175188	4.207728
28620	-2401.512	-2590.626	189.1135	1.601298	0.3797034	4.207728
28626	-2402.992	-2590.24	187.2483	1.743953	0.3797034	5.172158
28632	-2395.477	-2582.946	187.4693	1.617464	0.7159381	4.824662
28638	-2393.498	-2579.181	185.6825	1.588105	0.3348033	6.167731
28644	-2386.985	-2574.403	187.4181	1.583932	0.2543113	5.32355
28650	-2389.926	-2577.058	187.1329	1.425219	0.2543113	5.567959
28656	-2398.389	-2585.323	186.9343	1.425219	0.3386255	5.567959
28662	-2388.723	-2575.253	186.5302	1.436351	0.6347621	5.504968
28668	-2392.748	-2582.308	189.5595	1.826686	0.2174162	4.044063
28674	-2393.547	-2581.206	187.6591	1.75335	0.2380022	5.120424
28680	-2396.944	-2583.667	186.7237	1.427757	0.2380022	5.814455
28686	-2390.062	-2577.019	186.9566	1.391718	0.6547202	5.279369
28692	-2391.562	-2578.931	187.3697	1.452483	0.3679109	5.279369
28698	-2394.296	-2581.575	187.279	1.4935	0.3928228	5.279369
28704	-2399.806	-2583.817	184.0107	1.33408	0.3928228	7.144457
28710	-2397.071	-2584.657	187.5865	1.320423	0.3989285	5.198512
28716	-2395.563	-2580.289	184.7266	1.354771	0.3269812	6.821211
28722	-2391.528	-2575.729	184.2012	1.181104	0.3372454	7.185586
28728	-2391.208	-2575.656	184.4481	1.319992	0.3372454	6.978023
28734	-2403.233	-2590.441	187.2079	1.652853	0.4713744	5.151007
28740	-2403.09	-2589.045	185.955	1.429666	0.3144228	6.130216
28746	-2405.829	-2591.049	185.2196	1.576067	0.8040935	6.027436
28752	-2408.788	-2593.983	185.1954	1.434228	0.9160104	6.049645
28758	-2405.015	-2587.814	182.7991	1.554027	0.2153424	7.898238
28764	-2392.058	-2578.872	186.8135	1.697878	0.4756961	5.339998
28770	-2394.822	-2579.884	185.0615	1.376367	0.4259827	6.520792
28776	-2395.106	-2583.319	188.2127	1.549379	0.4193588	4.701247
28782	-2390.717	-2579.305	188.5878	1.592725	0.6626681	4.249324
28788	-2392.504	-2579.118	186.6138	1.434311	0.4084012	5.661491
28794	-2386.034	-2572.867	186.8331	1.4371	0.4084012	5.539557
28800	-2391.936	-2577.969	186.0325	1.334985	0.4084012	6.033624
28806	-2398.999	-2581.787	182.7884	1.183527	0.5354144	7.74673
28812	-2400.755	-2583.431	182.676	1.174004	0.4682748	7.871059
28818	-2392.195	-2578.422	186.2265	1.322129	0.31811	6.036339
28824	-2392.32	-2579.198	186.8779	1.174748	0.5495252	5.526493
28830	-2394.269	-2581.539	187.2695	1.269681	0.4325248	5.366752
28836	-2405.234	-2592.851	187.6173	1.447158	0.3710412	5.141832
28842	-2412.946	-2601.624	188.6779	1.446431	0.5547341	4.369121
28848	-2401.186	-2588.269	187.0827	1.274882	0.4437816	5.455548
28854	-2395.629	-2580.625	184.9961	1.146714	0.4407492	6.665875
28860	-2407.909	-2590.919	183.0091	1.246566	0.3258342	7.802535
28866	-2399.881	-2582.333	182.4524	1.127154	0.310842	8.181087
28872	-2400.312	-2584.832	184.5202	1.234114	0.3372878	6.985423
28878	-2376.377	-2560.874	184.4972	1.126075	0.4016681	6.985423
28884	-2379.672	-2562.221	182.5496	1.11154	0.4029733	8.035213
28890	-2378.353	-2562.417	184.0641	1.159413	0.307246	7.306701
28896	-2390.551	-2574.81	184.2592	1.24206	0.4183079	7.034103
28902	-2395.879	-2576.821	180.942	1.267732	0.4149545	8.79473
28908	-2388.353	-2571.902	183.5492	1.234757	0.4157982	7.421978
28914	-2405.59	-2589.297	183.7071	1.319382	0.621152	7.112702
28920	-2390.447	-2574.232	183.7845	1.27872	0.5956039	7.112702
28926	-2389.783	-2572.761	182.978	1.047861	0.369646	7.875727
28932	-2382.044	-2565.971	183.9267	1.167637	0.4287375	7.24252
28938	-2390.46	-2575.144	184.6843	1.272292	0.4287375	6.778269
28944	-2381.08	-2562.187	181.1065	1.032071	0.4287375	8.818843
28950	-2380.86	-2564.78	183.9198	1.053301	0.4885677	7.251162
28956	-2383.934	-2566.281	182.3471	1.053301	0.3946836	8.18268
28962	-2381.399	-2566.341	184.9418	1.362828	0.4419993	6.577122
28968	-2383.669	-2571.235	187.5656	1.49497	0.4832409	5.02894
28974	-2383.377	-2571.208	187.8305	1.404435	0.3876283	5.02894
28980	-2382.491	-2571.131	188.6395	1.684436	0.3876283	4.419882
28986	-2399.274	-2588.031	188.7569	1.548048	0.4010106	4.41589
28992	-2390.683	-2579.067	188.3841	1.609404	0.5865133	4.41589
28998	-2382.964	-2570.575	187.6111	1.622719	0.4689878	4.946253
29004	-2387.498	-2575.26	187.762	1.606856	0.3952095	4.946253
29010	-2387.317	-2577.104	189.7867	1.627653	0.4077462	3.776524
29016	-2394.825	-2584.469	189.6438	1.622863	0.4905855	3.776524
29022	-2390.73	-2578.702	187.9718	1.506109	0.4269233	4.852124
29028	-2390.35	-2578.764	188.4137	1.446552	0.2512149	4.852124
29034	-2383.426	-2571.582	188.1563	1.492365	0.2512149	4.969901
29040	-2383.984	-2571.74	187.7556	1.588262	0.3862475	4.969901
29046	-2405.109	-2594.389	189.2794	1.411554	0.4013142	4.197202
29052	-2408.281	-2595.469	187.1881	1.51742	0.4013142	5.307243
29058	-2409.49	-2596.845	187.3549	1.350654	0.4013142	5.307243
29064	-2415.153	-2602.259	187.1055	1.380223	0.4013142	5.428459
29070	-2406.651	-2591.164	184.5123	1.239223	0.4392751	6.878554
29076	-2407.373	-2591.783	184.4098	1.01589	0.5470859	6.956912
29082	-2407.356	-2594.743	187.387	1.30623	0.5470859	5.175208
29088	-2389.776	-2578.741	188.9653	1.580035	0.6296816	4.067853
29094	-2394.775	-2582.685	187.9095	1.49534	0.5996662	4.735544
29100	-2389.517	-2575.96	186.4433	1.408664	0.669938	5.541457
29106	-2396.366	-2580.028	183.6619	1.211883	0.5892177	7.219569
29112	-2390.491	-2578.104	187.6126	1.467873	0.8936815	4.711197
29118	-2385.212	-2571.403	186.1907	1.284903	0.7620364	5.683271
29124	-2389.237	-2573.832	184.5958	1.318113	0.3908301	6.840109
29130	-2406.298	-2591.619	185.3218	1.201921	0.5872899	6.330282
29136	-2402.418	-2587.813	185.3951	1.254187	0.530397	6.309393
29142	-2380.232	-2563.318	183.0864	1.062791	0.2991371	7.89177
29148	-2392.641	-2574.915	182.2736	1.137625	0.2909106	8.295372
29154	-2417.987	-2601.955	183.9681	1.255399	0.3218544	7.289001
29160	-2401.163	-2587.368	186.2056	1.327874	0.3290785	6.031321
29166	-2381.58	-2567.65	186.0696	1.413963	0.4304467	5.94785
29172	-2395.817	-2580.816	184.9981	1.324192	0.4493008	6.560479
29178	-2393.169	-2579.134	185.9641	1.275813	0.295278	6.232944
29184	-2378.627	-2562.65	184.0229	1.168028	0.5700223	7.064415
29190	-2395.789	-2579.336	183.5468	1.240341	0.3954509	7.441059
29196	-2391.207	-2576.915	185.7083	1.509993	0.6667898	5.891014
29202	-2388.593	-2577.055	188.4619	1.667348	0.4792625	4.435147
29208	-2408.657	-2597.798	189.1414	1.642154	0.3865063	4.16102
29214	-2411.455	-2597.943	186.4878	1.590998	0.3865063	5.667896
29220	-2404.088	-2590.728	186.6397	1.344567	0.3993949	5.705939
29226	-2398.06	-2584.57	186.5107	1.355613	0.4637604	5.705939
29232	-2393.627	-2581.111	187.484	1.507057	0.4777665	5.072686
29238	-2389.606	-2573.853	184.2475	1.216039	0.5607607	6.925221
29244	-2401.8	-2584.566	182.7667	1.170115	0.4461042	7.845531
29250	-2389.636	-2574.728	185.0923	1.301791	0.6879286	6.324539
29256	-2380.531	-2563.948	183.4167	1.258807	0.5883466	7.326689
29262	-2389.49	-2573.295	183.8043	1.161865	0.5295766	7.21893
29268	-2386.061	-2571.124	185.0631	1.266784	0.3254295	6.688912
29274	-2382.061	-2566.905	184.8441	1.346149	0.3842202	6.697905
29280	-2390.094	-2573.946	183.8522	1.177805	0.4686214	7.23887
29286	-2391.525	-2575.038	183.5129	1.226319	0.4032306	7.458727
29292	-2393.38	-2580.746	187.3654	1.538036	0.507884	5.093382
29298	-2400.53	-2590.057	189.5274	1.573577	0.3160711	4.06472
29304	-2395.177	-2585.077	189.9	1.696648	0.2893543	3.816348
29310	-2389.794	-2580.024	190.2303	1.656432	0.3403924	3.581868
29316	-2390.121	-2577.485	187.3635	1.458509	0.5190671	5.128477
29322	-2393.171	-2580.969	187.7979	1.358358	0.6786142	4.813074
29328	-2381.619	-2570.053	188.4334	1.54274	0.5087119	4.493712
29334	-2381.407	-2569.513	188.1055	1.339941	0.5284361	4.77335
29340	-2384.757	-2572.628	187.8713	1.417201	0.5284361	4.860901
29346	-2381.923	-2569.784	187.8616	1.417201	0.5284361	4.866352
29352	-2387.666	-2574.708	187.0416	1.624032	0.7305228	5.048672
29304	-2436.779	-2628.758	191.9789	1.924665	0.48007	2.195814
29310	-2408.131	-2592.248	184.117	1.244831	0.3275496	7.207923
29316	-2405.748	-2591.296	185.548	1.190351	0.3129148	6.483019
29322	-2406.417	-2591.374	184.9571	1.253685	0.4515209	6.618694
29328	-2413.602	-2600.177	186.5746	1.432213	0.5396369	5.56012
29334	-2411.29	-2603.307	192.0172	1.993599	0.8242558	1.805353
29340	-2394.992	-2580.381	185.3896	1.23232	0.4947834	6.355637
29346	-2402.545	-2586.248	183.7032	1.06317	0.2979283	7.563324
29352	-2400.94	-2592.924	191.9847	1.99771	0.7800891	1.86064
29358	-2403.76	-2595.419	191.6596	2.094054	0.9881344	1.86064
29364	-2398.101	-2589.546	191.4456	2.173011	0.9881344	1.952179
29370	-2392.085	-2584	191.9153	2.087589	0.8580038	1.784209
29376	-2403.095	-2595.179	192.0842	2.136123	0.8580038	1.630405
29382	-2401.782	-2593.784	192.0013	2.19446	0.8580038	1.648076
29388	-2398.796	-2590.842	192.0467	2.19446	0.8580038	1.615349
29394	-2401.515	-2593.035	191.5202	2.132905	1.21457	1.784566
29400	-2400.389	-2592.129	191.7394	1.980796	0.9460182	1.912811
29406	-2408.49	-2600.408	191.9186	2.186191	1.000604	1.604939
29412	-2411.922	-2596.111	184.1887	1.195652	0.4492671	7.066661
29418	-2402.025	-2587.306	185.2803	1.266493	0.4021193	6.486133
29424	-2399.014	-2584.473	185.4589	1.287399	0.3069234	6.486133
29430	-2415.683	-2600.317	184.6346	1.277145	0.4778433	6.755507
29436	-2404.406	-2588.099	183.6924	0.9715182	0.4318311	7.470353
29442	-2391.244	-2574.271	183.0264	0.9731542	0.3204893	7.945616
29448	-2397.629	-2580.26	182.6313	1.039491	0.3275056	8.11265
29454	-2395.466	-2584.044	188.5783	1.762619	0.3230383	4.486323
29460	-2404.247	-2591.084	186.8373	1.762619	0.2948192	5.490059
29466	-2414.268	-2600.613	186.3448	1.591578	0.3080135	5.837135
29472	-2410.606	-2598.052	187.4457	1.902251	0.3574739	5.000043
29478	-2398.786	-2587.156	188.3695	1.421468	0.3179703	4.800807
29484	-2396.254	-2580.884	184.6296	1.341854	0.3104249	6.900509
29490	-2396.54	-2581.492	184.953	1.379058	0.6347293	6.397348
29496	-2390.905	-2572.423	181.5182	1.202349	0.3450536	8.597839
29502	-2401.883	-2582.552	180.6693	1.111602	0.6261608	8.8407
29508	-2401.222	-2586.108	184.8855	1.182322	0.6950101	6.496399
29514	-2389.1	-2576.45	187.3497	1.429783	0.3591033	5.312904
29520	-2396.979	-2578.997	182.0188	1.313029	0.5429717	8.08201
29526	-2404.453	-2588.712	184.2587	1.534065	0.3893666	6.906976
29532	-2417.954	-2602.421	184.467	1.132	0.4968599	6.906976
29538	-2408.997	-2593.484	184.4872	1.25797	0.5079206	6.818325
29544	-2398.825	-2587.965	189.1402	1.602368	0.5926712	3.985587
29550	-2403.977	-2592.923	188.946	1.714231	0.2989834	4.337114
29556	-2396.491	-2586.475	189.9835	1.40801	0.358756	3.845658
29562	-2391.185	-2579.522	188.3375	1.351779	0.498713	4.663954
29568	-2407.534	-2595.186	187.6519	1.399379	0.6639365	4.882538
29574	-2395.879	-2585.176	189.2975	1.762711	0.4170158	3.969833
29580	-2396.539	-2585.966	189.427	1.53548	0.4007159	4.043327
29586	-2386.698	-2575.802	189.1044	1.523066	0.6315773	4.019509
29592	-2386.54	-2574.956	188.4154	1.462692	0.6091175	4.462349
29598	-2394.728	-2582.332	187.6042	1.604283	0.56656	4.872541
29604	-2398.846	-2587.646	188.7998	1.64243	0.44961	4.287587
29610	-2403.477	-2593.766	190.2893	1.679685	0.8178593	3.10034
29616	-2406.616	-2596.809	190.1933	1.637715	0.7284172	3.246502
29622	-2405.104	-2595.894	190.7909	1.672221	0.4995071	3.06676
29628	-2395.85	-2587.685	191.8351	1.955627	0.793849	1.979142
29634	-2390.521	-2582.15	191.6289	1.978955	0.6974868	2.178477
29640	-2389.316	-2580.681	191.365	1.978955	0.8951842	2.197287
29646	-2391.6	-2583.079	191.4794	2.005478	0.7722688	2.197287
29652	-2384.132	-2576.251	192.1195	2.076656	0.7722688	1.718892
29658	-2413.023	-2605.069	192.0463	2.164745	0.7478886	1.729385
29664	-2403.228	-2594.984	191.7561	2.34948	1.150262	1.499718
29670	-2406.95	-2598.393	191.4432	2.256334	1.150262	1.791651
29676	-2399.541	-2591.689	192.1477	2.243666	0.8420615	1.51827
29682	-2397.689	-2590.119	192.4306	2.243666	0.6188285	1.51827
29688	-2403.271	-2595.721	192.4502	2.224098	0.6188285	1.51827
29694	-2412.947	-2604.809	191.862	2.250898	1.112553	1.519883
29700	-2409.659	-2599.867	190.2073	2.005804	1.212496	2.715314
29706	-2384.779	-2574.834	190.0542	1.716545	0.9426153	3.136585
29712	-2396.273	-2585.483	189.2093	1.763767	1.05197	3.541315
29718	-2397.421	-2589.256	191.8352	1.842777	0.3489412	2.496722
29724	-2385.53	-2573.732	188.2027	1.539113	0.5233166	4.612091
29730	-2383.638	-2567.464	183.8255	1.074476	0.3774364	7.399633
29736	-2390.799	-2574.401	183.6028	1.153387	0.4539095	7.399633
29742	-2384.126	-2571.422	187.2956	1.182619	0.4539095	5.379137
29748	-2387.197	-2573.502	186.3054	1.28145	0.4539095	5.868353
29754	-2379.776	-2563.502	183.7256	1.080147	0.5226352	7.311007
29760	-2402.451	-2584.782	182.3312	1.02986	0.7084006	7.941554
29766	-2396.805	-2581.567	184.7623	1.219519	0.4283002	6.765085
29772	-2399.654	-2585.474	185.8208	1.211414	0.9391851	5.816413
29778	-2399.225	-2586.21	186.9846	1.19749	0.6108224	5.404954
29784	-2402.331	-2588.519	186.1879	1.335463	0.5342566	5.829741
29790	-2397.446	-2583.288	185.8419	1.152269	0.392867	6.253133
29796	-2402.64	-2588.867	186.2272	1.23198	0.4598949	5.932361
29802	-2398.624	-2590.408	191.7846	2.223757	0.9716843	1.695043
29808	-2400.335	-2591.959	191.6232	2.223757	1.216116	1.646784
29814	-2412.147	-2603.89	191.7425	2.223757	1.083617	1.646784
29820	-2400.502	-2589.521	189.0189	1.322547	0.4680074	4.326322
29826	-2393.145	-2580.379	187.2331	1.306881	0.4190163	5.380044
29832	-2406.229	-2591.98	185.7515	1.187979	0.5752589	6.113959
29838	-2409.021	-2594.082	185.0611	1.191679	0.3986615	6.648886
29844	-2385.739	-2571.114	185.3751	1.167395	0.6419082	6.277705
29850	-2400.988	-2586.004	185.0158	1.234764	0.3522123	6.700611
29856	-2410.028	-2595.591	185.5624	1.098267	0.5443889	6.291236
29862	-2391.437	-2576.754	185.3165	1.086575	0.4125042	6.553284
29868	-2411.952	-2596.969	185.017	1.066337	0.4125042	6.726172
29874	-2390.315	-2575.412	185.0963	1.091181	0.3597557	6.726172
29880	-2405.954	-2590.153	184.1991	1.091515	0.3597557	7.209305
29886	-2398.355	-2583.921	185.5656	0.9678333	0.3929154	6.503045
29892	-2394.182	-2577.221	183.0386	1.014162	0.4339642	7.795275
29898	-2402.433	-2585.629	183.1961	1.156697	0.2894379	7.795275
29904	-2397.039	-2579.765	182.7262	1.176708	0.3514638	7.961422
29910	-2388.118	-2571.13	183.0122	1.024423	0.291521	7.961422
29916	-2382.05	-2565.804	183.7534	1.229007	0.338047	7.399347
29922	-2387.078	-2572.005	184.9263	1.168223	0.249466	6.914325
29928	-2385.57	-2566.756	181.1861	1.025645	0.4158231	8.792787
29934	-2395.49	-2576.155	180.6646	1.077305	0.4158231	9.04168
29940	-2395.766	-2582.289	186.5228	1.407148	0.2777101	5.879879
29946	-2413.853	-2597.996	184.143	1.203117	0.3262754	7.217922
29952	-2397.733	-2582.534	184.8003	1.287736	0.5129385	6.628716
29958	-2389.363	-2576.688	187.3245	1.284926	0.3381111	5.431109
29964	-2373.762	-2561.207	187.4446	1.344697	0.2611841	5.431109
29970	-2380.483	-2567.103	186.6201	1.344697	0.3973646	5.718777
29976	-2391.078	-2578.474	187.3963	1.252378	0.3540483	5.390878
29982	-2391.985	-2577.74	185.7549	1.331868	0.4799032	6.116578
29988	-2396.335	-2582.663	186.3278	1.217916	0.4045779	5.940398
29994	-2402.204	-2584.622	182.4175	1.161272	0.4456217	8.037041
30000	-2399.46	-2585.253	185.7926	1.149871	0.3968967	6.276968
30006	-2410.833	-2597.131	186.2972	1.285605	0.3309309	6.002207
30012	-2420.644	-2608.086	187.4418	1.410371	0.4270321	5.199456
30018	-2403.175	-2589.407	186.232	1.552952	0.4550985	5.758861
30024	-2389.62	-2572.562	182.9425	1.189652	0.5317608	7.66412
30030	-2381.667	-2565.637	183.9699	0.9583878	0.4510572	7.310034
30036	-2389.634	-2574.147	184.5132	1.151385	0.3729981	6.9936
30042	-2388.684	-2572.942	184.2579	1.209238	0.3662332	7.107249
30048	-2381.066	-2567.777	186.7108	1.414721	0.3364709	5.698896
30054	-2384.12	-2570.261	186.1404	1.115684	0.499174	6.006699
30060	-2384.914	-2571.192	186.2783	1.124097	0.4145455	6.008268
30066	-2408.715	-2591.44	182.7252	1.131883	0.4145455	7.918978
30072	-2414.534	-2601.014	186.4808	1.411046	0.6840068	5.509264
30078	-2398.344	-2586.379	188.0349	1.689987	0.4631539	4.677843
30084	-2383.698	-2570.071	186.3734	1.284647	0.3380442	5.952731
30090	-2376.769	-2561.673	184.9042	1.284647	0.5181287	6.569601
30096	-2382.725	-2564.776	182.0509	1.15546	0.3684918	8.313739
30102	-2378.374	-2563.067	184.6928	1.089617	0.3528219	6.952474
30108	-2392.551	-2572.745	180.1942	0.9439298	0.4796003	9.300713
30114	-2382.083	-2565.116	183.033	1.063225	0.4430991	7.763225
30120	-2369.87	-2551.494	181.6246	1.042512	0.4930418	8.478609
30126	-2376.337	-2558.299	181.9627	0.9473235	0.4806909	8.360569
30132	-2395.215	-2577.165	181.9498	0.9601403	0.4806909	8.360569
30138	-2405.59	-2587.502	181.9123	1.076029	0.4360723	8.360569
30144	-2401.004	-2585.167	184.1635	1.137996	0.4364517	7.1236
30150	-2400.96	-2582.531	181.5714	1.167063	0.4364517	8.493052
30156	-2379.821	-2566.62	186.7985	1.680922	0.526334	5.311473
30162	-2387.013	-2572.788	185.7754	1.592981	0.7778401	5.731569
30168	-2403.964	-2593.273	189.3089	1.585397	0.8940898	3.680634
30174	-2394.68	-2584.538	189.8578	1.69025	0.4412081	3.663508
30180	-2389.097	-2578.221	189.1232	1.254722	0.4645444	4.309077
30186	-2400.503	-2590.236	189.733	1.487818	0.6399613	3.671725
30192	-2411.44	-2600.598	189.1578	1.510664	0.6276996	3.999192
30198	-2406.579	-2596.248	189.669	1.666855	0.4812876	3.745643
30204	-2408.854	-2599.48	190.6261	1.666855	0.4532809	3.215001
30210	-2404.514	-2594.833	190.3197	1.666855	0.3774918	3.478926
30216	-2408.295	-2598.448	190.1533	1.794295	0.8736832	3.075332
30222	-2406.63	-2596.986	190.3563	1.735346	0.7504515	3.075332
30228	-2410.551	-2601.183	190.6316	1.697163	0.7319981	2.946977
30234	-2406.699	-2597.463	190.7636	1.808329	0.4969257	3.004231
30240	-2395.049	-2585.864	190.8155	1.746901	0.5945699	2.918444
30246	-2401.317	-2591.191	189.8741	1.661596	0.9150992	3.293004
30252	-2401.854	-2586.573	184.7195	1.21752	0.4548239	6.763446
30258	-2403.128	-2587.046	183.9181	1.268231	0.4223323	7.199472
30264	-2402.848	-2584.341	181.4932	1.205891	0.4223323	8.527749
30270	-2408.649	-2592.136	183.4869	1.194105	0.4794053	7.416235
30276	-2389.629	-2578.109	188.4797	1.332152	0.4090926	4.684216
30282	-2388.142	-2575.681	187.5393	1.509227	0.4993124	5.020703
30288	-2395.57	-2583.146	187.5754	1.513087	0.4755473	5.020703
30294	-2406.444	-2594.182	187.7375	1.513087	0.478578	4.927752
30300	-2392.209	-2581.522	189.3132	1.429955	0.4707809	4.09569
30306	-2387.224	-2575.142	187.9179	1.330367	0.4707809	4.936459
30312	-2391.76	-2578.968	187.2085	1.499073	0.4707809	5.236283
30318	-2386.045	-2574.848	188.8035	1.367426	0.6672028	4.251318
30324	-2375.346	-2564.679	189.3331	1.691961	0.4520055	3.953463
30330	-2393.367	-2582.389	189.0223	1.446601	0.4512407	4.270818
30336	-2397.593	-2585.496	187.9035	1.395406	0.4537495	4.92485
30342	-2407.393	-2591.467	184.0744	1.421543	0.4609794	6.995473
30348	-2387.917	-2573.906	185.9891	1.286014	0.3861142	6.107497
30354	-2393.281	-2578.926	185.6444	1.28232	0.5919048	6.107497
30360	-2383.354	-2570.285	186.9306	1.33841	0.3618279	5.590843
30366	-2384.494	-2571.29	186.7957	1.430093	0.3956851	5.577398
30372	-2402.331	-2590.876	188.545	1.554497	0.3956851	4.537362
30378	-2397.22	-2585.865	188.6454	1.684613	0.3716154	4.434458
30384	-2372.805	-2561.394	188.5894	1.607323	0.4414548	4.434458
30390	-2383.583	-2572.47	188.8867	1.656653	0.3650466	4.321595
30396	-2397.721	-2586.433	188.7121	1.531674	0.6863674	4.19549
30402	-2399.389	-2586	186.611	1.456868	0.2359564	5.863216
30408	-2389.622	-2569.076	179.4547	1.000251	0.3727568	9.765567
30414	-2386.964	-2569.002	182.0376	1.129906	0.2628159	8.461644
30420	-2394.53	-2575.753	181.2233	1.202367	0.2796416	8.833123
30426	-2393.922	-2575.355	181.4326	1.04131	0.501464	8.573784
30432	-2394.386	-2577.364	182.9783	1.354806	0.4248864	7.654327
30438	-2388.803	-2570.517	181.7134	0.8827699	0.4248864	8.579847
30444	-2397.358	-2577.736	180.3779	1.02993	0.5284468	9.115619
30450	-2393.86	-2577.552	183.6923	1.238762	0.4166281	7.342214
30456	-2389.028	-2574.807	185.7792	1.231085	0.4479074	6.188517
30462	-2391.68	-2578.539	186.8592	1.450586	0.4479074	5.477793
30468	-2393.555	-2580.235	186.6805	1.44668	0.6520403	5.403377
30474	-2389.322	-2574.284	184.9616	1.329242	0.4515943	6.57529
30480	-2398.529	-2585.363	186.8343	1.536521	0.2518109	5.674313
30486	-2384.473	-2570.683	186.2098	1.495772	0.6014142	5.674313
30492	-2390.63	-2577.487	186.8569	1.443308	0.5694702	5.373421
30498	-2391.701	-2580.055	188.3542	1.533521	0.4725758	4.577431
30504	-2385.414	-2573.645	188.2312	1.526676	0.4725758	4.65027
30510	-2397.372	-2586.25	188.878	1.667846	0.4062222	4.274167
30516	-2390.475	-2578.576	188.1011	1.536368	0.4529246	4.736847
30522	-2399.251	-2588.833	189.5819	1.609916	0.3492974	3.971514
30528	-2405.986	-2595.414	189.4284	1.491367	0.4949481	3.971514
30534	-2392.641	-2579.419	186.7778	1.317942	0.429651	5.613577
30540	-2394.354	-2579.906	185.5522	1.56268	0.429651	6.149626
30546	-2391.447	-2576.697	185.2496	1.21205	0.4453152	6.488851
30552	-2404.811	-2584.374	179.5634	1.176094	0.3415102	9.649844
30558	-2405.076	-2584.834	179.7579	1.068965	0.3022914	9.649844
30564	-2391.757	-2577.788	186.031	1.173728	0.3799965	6.152384
30570	-2395.269	-2582.97	187.7008	1.421617	0.3799965	5.099711
30576	-2389.48	-2575.634	186.1536	1.516864	0.4845602	5.79369
30582	-2394.057	-2578.688	184.6313	1.256755	0.3320665	6.919449
30588	-2395.624	-2579.911	184.2869	1.340972	0.3990401	6.985635
30594	-2391.028	-2577.606	186.5779	1.319315	0.5345916	5.624632
30600	-2394.457	-2581.089	186.6323	1.235586	0.3992414	5.769836
30606	-2391.507	-2577.696	186.189	1.304817	0.5052925	5.871404
30612	-2389.601	-2575.544	185.943	1.384446	0.6994445	5.807681
30618	-2381.762	-2568.292	186.5303	1.331637	0.4932682	5.680755
30624	-2379.945	-2567.554	187.6085	1.303111	0.4728428	5.121407
30630	-2386.796	-2572.065	185.2686	1.327115	0.5226442	6.345162
30636	-2391.201	-2577.723	186.5219	1.327115	0.4582859	5.720712
30642	-2385.171	-2570.806	185.6359	1.164176	0.3823141	6.369776
30648	-2391.568	-2580.073	188.5056	1.432905	0.3932394	4.630359
30654	-2387.802	-2576.084	188.282	1.366615	0.3249787	4.871498
30660	-2396.145	-2581.851	185.7064	1.257652	0.5268824	6.141263
30666	-2401.384	-2587.992	186.608	1.479171	0.5439465	5.512259
30672	-2387.245	-2572.5	185.2549	1.294792	0.3898578	6.497444
30678	-2388.204	-2575.025	186.8204	1.416216	0.3898578	5.577661
30684	-2395.359	-2582.565	187.2059	1.350013	0.631124	5.182663
30690	-2391.282	-2577.888	186.6055	1.433877	0.5079261	5.570139
30696	-2385.492	-2572.263	186.771	1.336261	0.4675767	5.570139
30702	-2390.27	-2577.395	187.125	1.52431	0.5812202	5.170862
30708	-2386.495	-2573.877	187.3826	1.403776	0.4940758	5.170862
30714	-2400.568	-2587.827	187.259	1.42411	0.33485	5.39444
30720	-2393.431	-2580.981	187.5498	1.526793	0.4715526	5.03115
30726	-2391.517	-2578.069	186.5518	1.262485	0.665449	5.565488
30732	-2401.158	-2586.704	185.5457	1.362984	0.422533	6.268875
30738	-2399.397	-2584.82	185.4236	1.35699	0.4954844	6.268875
30744	-2386.562	-2571.043	184.481	1.319722	0.393569	6.898244
30750	-2388.387	-2572.136	183.7497	1.215704	0.4193469	7.321085
30756	-2404.795	-2588.218	183.4234	1.176273	0.4011667	7.535623
30762	-2402.294	-2586.853	184.5598	1.142627	0.5340437	6.818753
30768	-2428.008	-2610.302	182.2938	1.027965	0.3743726	8.24598
30774	-2408.516	-2592.432	183.9152	1.451081	0.4504096	7.075285
30780	-2404.483	-2591.285	186.8022	1.51447	0.4443834	5.477455
30786	-2397.365	-2584.744	187.3783	1.623913	0.4873321	5.057498
30792	-2400.064	-2584.998	184.934	1.589854	0.4234722	6.476759
30798	-2395.446	-2582.671	187.2245	1.473443	0.4389803	5.27264
30804	-2407.709	-2593.948	186.2397	1.540347	0.580132	5.650669
30810	-2401.086	-2587.932	186.8463	1.445878	0.5325246	5.409296
30816	-2402.265	-2591.598	189.3335	1.527001	0.5706322	3.936848
30822	-2401.512	-2586.89	185.3777	1.257536	0.6041036	6.256369
30828	-2394.618	-2580.342	185.7242	1.340996	0.3546884	6.256369
30834	-2387.251	-2574.759	187.5078	1.379474	0.3546884	5.258436
30840	-2398.799	-2577.749	178.95	0.993463	0.3546884	10.05444
30846	-2402.691	-2585.852	183.1603	0.9061743	0.3336027	7.894496
30852	-2382.928	-2564.779	181.8503	1.110041	0.2571988	8.57927
30858	-2386.971	-2570.006	183.035	1.023018	0.4572153	7.770216
30864	-2396.327	-2579.06	182.7332	1.091622	0.4572153	7.894774
30870	-2390.365	-2573.205	182.8397	1.199232	0.4294392	7.807104
30876	-2390.674	-2576.505	185.8314	1.427404	0.4501079	6.051073
30882	-2384.318	-2572.06	187.7417	1.391146	0.4899746	4.982527
30888	-2385.159	-2572.16	187.0004	1.427945	0.4017676	5.459565
30894	-2397.763	-2585.339	187.5764	1.420536	0.4017676	5.14565
30900	-2398.645	-2585.858	187.2135	1.487959	0.4547077	5.255199
30906	-2394.447	-2580.921	186.4741	1.513385	0.3895197	5.714711
30912	-2401.188	-2588.206	187.018	1.284802	0.3895197	5.541664
30918	-2392.545	-2580.114	187.5691	1.39076	0.4822657	5.085736
30924	-2390.071	-2577.842	187.7714	1.310091	0.4421707	5.057122
30930	-2398.012	-2582.832	184.8201	1.230557	0.3748176	6.783468
30936	-2414.767	-2601.012	186.2449	1.244385	0.3748176	6.003007
30942	-2406.708	-2595.725	189.0176	1.614149	0.3119892	4.336302
30948	-2412.616	-2601.495	188.8792	1.636447	0.6374165	4.078614
30954	-2384.902	-2575.096	190.1942	1.55341	0.4141538	3.576663
30960	-2387.375	-2573.181	185.8065	1.356135	0.6143162	5.961188
30966	-2398.42	-2581.325	182.905	1.179518	0.6679898	7.583337
30972	-2392.87	-2578.099	185.2296	1.181329	0.3760969	6.587344
30978	-2378.158	-2559.969	181.8103	1.022243	0.3305593	8.554928
30984	-2383.662	-2567.433	183.7715	1.103461	0.3299225	7.466373
30990	-2377.644	-2561.922	184.2786	1.082233	0.444227	7.08412
30996	-2378.868	-2564.823	185.9544	1.196329	0.2630257	6.324169
31002	-2399.334	-2584.059	184.7247	1.145446	0.5528443	6.712331
31008	-2403.074	-2587.256	184.1821	1.221538	0.3378561	7.173424
31014	-2389.812	-2577.281	187.4693	1.524829	0.5687435	4.989965
31020	-2378.399	-2565.949	187.5501	1.514122	0.5236722	4.989965
31026	-2393.868	-2580.384	186.516	1.420166	0.4364006	5.694346
31032	-2383.068	-2572.098	189.0305	1.63701	0.4070131	4.204338
31038	-2383.615	-2573.343	189.7274	1.63701	0.4070131	3.806128
31044	-2381.534	-2566.711	185.1767	1.407053	0.4070131	6.461032
31050	-2381.611	-2566.551	184.9399	1.412219	0.4458453	6.547684
31056	-2395.738	-2580.765	185.0262	1.264249	0.4811994	6.547684
31062	-2383.556	-2568.669	185.1138	1.401252	0.3609917	6.547684
31068	-2392.953	-2580.816	187.8628	1.362912	0.4904311	4.930412
31074	-2395.918	-2584.901	188.9821	1.498596	0.3904643	4.328221
31080	-2398.466	-2583.877	185.411	1.240135	0.218563	6.659314
31086	-2391.98	-2574.308	182.3283	1.260268	0.218563	8.300757
31092	-2390.411	-2573.893	183.4814	1.24962	0.4088661	7.45733
31098	-2394.829	-2578.369	183.54	1.191037	0.4088661	7.45733
31104	-2388.428	-2571.714	183.2867	1.203682	0.4294857	7.565648
31110	-2384.937	-2570.609	185.672	1.370319	0.4294857	6.189254
31116	-2380.256	-2566.021	185.7647	1.338515	0.4294857	6.156102
31122	-2390.714	-2579.171	188.4571	1.376007	0.7031006	4.415451
31128	-2386.762	-2575.071	188.309	1.640682	0.6172559	4.415451
31134	-2389.175	-2578.33	189.1557	1.595335	0.6577943	3.928118
31140	-2377.7	-2567.742	190.0419	1.616443	0.6577943	3.402649
31146	-2389.078	-2579.135	190.0576	1.752529	0.5528533	3.402649
31152	-2386.459	-2574.352	187.8925	1.405655	0.4498342	4.929138
31158	-2379.421	-2565.517	186.0966	1.405655	0.5002895	5.871302
31164	-2370.545	-2556.989	186.4444	1.405655	0.3185092	5.871302
31170	-2386.103	-2571.762	185.6591	1.251434	0.3771421	6.315424
31176	-2390.032	-2574.908	184.8758	1.179202	0.5369231	6.62583
31182	-2395.971	-2581.979	186.0078	1.228043	0.3448851	6.174812
31188	-2385.821	-2570.657	184.8354	1.270487	0.2688221	6.881523
31194	-2383.336	-2566.34	183.0039	1.121045	0.3038281	7.898896
31200	-2376.909	-2562.509	185.6002	1.237844	0.6858031	6.084648
31206	-2390.875	-2580.205	189.3296	1.438046	0.5095054	4.044659
31212	-2398.283	-2587.244	188.9614	1.585481	0.5059272	4.173671
31218	-2390.832	-2581.365	190.5324	1.728327	0.6152718	3.081538
31224	-2392.082	-2583.495	191.4129	2.012402	0.7898693	2.222099
31230	-2396.666	-2587.579	190.9129	1.992851	0.484765	2.814946
31236	-2389.961	-2580.919	190.9581	1.877769	0.484765	2.857357
31242	-2385.929	-2575.921	189.9923	1.625829	0.396112	3.671778
31248	-2412.429	-2601.713	189.284	1.624815	0.8948152	3.671778
31254	-2411.137	-2601.14	190.0033	1.471835	0.4413207	3.705616
31260	-2396.767	-2581.42	184.6532	1.047497	0.2663106	7.103128
31266	-2393.795	-2578.433	184.638	1.26512	0.4662823	6.770941
31272	-2384.828	-2569.184	184.3558	1.100717	0.5265182	6.957731
31278	-2384.508	-2567.954	183.4459	1.035278	0.53232	7.476813
31284	-2381.505	-2568.926	187.4213	1.394411	0.5551377	5.100515
31290	-2376.964	-2561.782	184.8185	1.161146	0.4623506	6.733285
31296	-2384.012	-2569.619	185.6068	1.247188	0.4070655	6.314373
31302	-2405.737	-2593.188	187.4501	1.53609	0.3570088	5.201076
31308	-2391.78	-2578.123	186.3428	1.333104	0.5062155	5.770943
31314	-2392.616	-2579.594	186.9786	1.752281	0.5626754	5.141124
31320	-2384.376	-2571.753	187.3769	1.386627	0.5415006	5.141124
31326	-2380.556	-2567.899	187.3433	1.386627	0.6124927	5.100931
31332	-2377.868	-2562.44	184.5715	1.308025	0.2871073	6.9794
31338	-2406.293	-2592.485	186.192	1.6827	0.3072384	5.871839
31344	-2404.991	-2591.697	186.7058	1.3838	0.3743438	5.675269
31350	-2393.993	-2580.061	186.0674	1.662667	0.29325	5.968586
31356	-2395.538	-2582.328	186.7902	1.625347	0.3103038	5.57163
31362	-2392.54	-2576.718	184.1783	1.36077	1.020109	6.583852
31368	-2386.673	-2573.341	186.668	1.333015	0.5304059	5.571322
31374	-2388.519	-2576.664	188.1449	1.662783	0.5668394	4.53709
31380	-2404.847	-2593.521	188.6738	1.667224	0.2577972	4.573664
31386	-2410.207	-2596.698	186.4913	1.195514	0.2365626	6.070238
31392	-2408.86	-2594.133	185.2721	1.229604	0.381969	6.531857
31398	-2400.424	-2585.651	185.2275	1.20564	0.4175496	6.531857
31404	-2397.477	-2582.917	185.4392	1.309498	0.3947597	6.384412
31410	-2404.756	-2588.42	183.664	1.240325	0.3947597	7.37899
31416	-2390.29	-2574.859	184.5688	1.438015	0.526336	6.660953
31422	-2385.706	-2570.954	185.2479	1.267425	0.4471187	6.458065
31428	-2386.565	-2573.426	186.8608	1.527797	0.3872409	5.496972
31434	-2388.886	-2574.987	186.1009	1.275771	0.482185	5.956414
31440	-2390.579	-2575.372	184.7931	1.331669	0.6223662	6.519108
31446	-2392.802	-2572.278	179.4758	1.006273	0.8810805	9.36059
31452	-2381.532	-2563.459	181.9271	1.095627	0.4235332	8.354532
31458	-2377.82	-2559.313	181.4928	1.056808	0.5085928	8.527371
31464	-2383.219	-2564.563	181.3439	1.11395	0.5669904	8.527371
31470	-2390.059	-2572.061	182.002	1.012014	0.5545544	8.241716
31476	-2378.435	-2560.338	181.9027	1.087107	0.5704591	8.241716
31482	-2377.283	-2561.544	184.2612	1.200071	0.589344	6.903341
31488	-2408.445	-2590.502	182.0574	1.321195	0.6290518	7.98917
31494	-2393.24	-2574.931	181.691	1.092958	0.3988224	8.506279
31500	-2395.792	-2578.792	182.9999	1.196813	0.4336687	7.718631
31506	-2404.354	-2591.078	186.7233	1.287125	0.3664043	5.727496
31512	-2400.623	-2582.922	182.2987	1.116701	0.3883697	8.181271
31518	-2405.204	-2589.399	184.1949	1.271121	0.6490547	6.855008
31524	-2384.937	-2568.026	183.0896	1.294437	0.5588745	7.506718
31530	-2399.551	-2587.314	187.7624	1.65945	0.4154579	4.895234
31536	-2399.552	-2588.036	188.4839	1.9106	0.4154579	4.349876
31542	-2389.898	-2569.664	179.7653	0.9692546	0.4295259	9.560532
31548	-2392.275	-2574.934	182.6596	1.016343	0.3950934	8.035456
31554	-2400.487	-2582.078	181.591	1.039741	0.5112409	8.481989
31560	-2382.985	-2564.854	181.8687	0.9951767	0.3814033	8.481989
31566	-2399.155	-2581.241	182.0857	0.9969504	0.4027883	8.343497
31572	-2403.291	-2587.619	184.3274	1.165782	0.3713699	7.087597
31578	-2399.082	-2584.423	185.3411	1.208661	0.469629	6.417941
31584	-2394.595	-2578.424	183.8298	1.099768	0.469629	7.291868
31590	-2390.013	-2572.837	182.8244	1.176036	0.3660803	7.893168
31596	-2391.352	-2571.518	180.1661	0.8489083	0.559211	9.297978
31602	-2392.964	-2573.746	180.7823	0.9703573	0.3685844	9.084832
31608	-2396.198	-2580.07	183.872	0.9743344	0.5228141	7.289047
31614	-2394.51	-2579.329	184.8191	1.29459	0.5734312	6.563757
31620	-2401.458	-2586.35	184.8917	1.231075	0.5577759	6.571638
31626	-2390.993	-2574.434	183.4412	1.293612	0.5346744	7.33881
31632	-2387.244	-2572.346	185.1017	1.286728	0.5239862	6.456453
31638	-2398.867	-2580.447	181.5798	1.209252	0.2721513	8.65017
31644	-2376.548	-2557.879	181.3306	0.9508708	0.4100095	8.76161
31650	-2382.661	-2566.308	183.6467	1.147441	0.3780538	7.455702
31656	-2375.641	-2558.846	183.205	1.181816	0.4394486	7.611321
31662	-2389.283	-2569.541	180.258	1.075056	0.4223144	9.25147
31668	-2383.042	-2563.867	180.8252	1.010057	0.5474988	8.873503
31674	-2381.875	-2566.182	184.3073	1.231525	0.2718573	7.182697
31680	-2389.562	-2567.161	177.5992	0.9297273	0.4455695	10.70531
31686	-2392.263	-2574.251	181.9881	1.173391	0.3676747	8.338477
31692	-2390.882	-2579.004	188.1228	1.239882	0.4440324	4.898977
31698	-2402.767	-2590.587	187.8205	1.630328	0.4371309	4.856788
31704	-2409.26	-2595.766	186.5061	1.462947	0.7154621	5.444248
31710	-2401.201	-2591.326	190.1258	1.514457	0.6416981	3.426186
31716	-2392.137	-2581.974	189.8371	1.599693	0.5661279	3.608583
31722	-2398.56	-2586.864	188.3045	1.480656	0.5750686	4.542784
31728	-2403.893	-2592.44	188.5468	1.479159	0.4294755	4.542784
31734	-2398.889	-2588.405	189.5159	1.71991	0.375586	3.915296
31740	-2384.356	-2573.995	189.6381	1.734707	0.311486	3.915296
31746	-2393.264	-2583.815	190.5506	1.723322	0.311486	3.39317
31752	-2400.608	-2585.812	185.2042	1.39954	0.4261648	6.430763
31758	-2391.983	-2580.582	188.5989	1.574368	0.4767868	4.412736
31764	-2403.87	-2593.544	189.6737	1.768191	0.2721663	3.929145
31770	-2385.752	-2575.099	189.3474	1.74044	0.4406177	3.929145
31776	-2390.981	-2579.991	189.0103	1.647496	0.5015573	4.114705
31782	-2391.984	-2581.978	189.9945	1.647496	0.5155147	3.535323
31788	-2387.021	-2573.871	186.8503	1.255677	0.5155147	5.526745
31794	-2387.551	-2573.421	185.8701	1.255677	0.5155147	6.063145
31800	-2389.367	-2574.052	184.6846	1.213925	0.4549915	6.784052
31806	-2381.812	-2564.787	182.9753	1.2433	0.4766358	7.666376
31812	-2410.414	-2597.719	187.305	1.154276	0.287509	5.576864
31818	-2406.234	-2593.381	187.1476	1.164351	0.3534022	5.576864
31824	-2387.473	-2573.897	186.4234	1.536181	0.3909275	5.728486
31806	-2447.665	-2634.13	186.4649	1.585825	0.9631102	5.242846
31812	-2386.224	-2572.625	186.4009	1.251585	0.5190069	5.772383
31818	-2387.661	-2574.022	186.3612	1.465144	0.4186749	5.772383
31824	-2403.183	-2591.388	188.205	1.445699	0.3459451	4.845014
31830	-2407.225	-2594.793	187.5682	1.597658	0.3459451	5.114477
31836	-2395.983	-2579.561	183.5783	1.139687	0.3660488	7.509551
31842	-2401.918	-2585.467	183.5491	1.162253	0.3692926	7.509551
31848	-2405.298	-2588.01	182.7124	1.285754	0.3960014	7.862573
31854	-2405.028	-2590.02	184.9919	1.192844	0.3206796	6.77297
31860	-2391.074	-2576.025	184.9503	1.234419	0.3206796	6.77297
31866	-2380.845	-2566.715	185.8693	1.341483	0.5329289	6.001593
31872	-2383.655	-2571.127	187.4716	1.491397	0.4701282	5.0955
31878	-2399.504	-2588.606	189.1019	1.563871	0.745781	3.911427
31884	-2404.545	-2592.702	188.1569	1.497204	0.4057303	4.775974
31890	-2385.023	-2571.465	186.4422	1.33535	0.7648124	5.515651
31896	-2390.629	-2576.769	186.1402	1.512816	0.6673331	5.652612
31902	-2390.176	-2577.044	186.8679	1.426936	0.2987114	5.652612
31908	-2386.67	-2573.113	186.4437	1.264069	0.5547118	5.711356
31914	-2395.705	-2581.983	186.2778	1.516796	0.3163713	5.904223
31920	-2397.234	-2583.212	185.9784	1.442624	0.3163713	6.107979
31926	-2391.863	-2578.609	186.7469	1.427103	0.4877996	5.51445
31932	-2388.654	-2571.184	182.5302	1.164133	0.3197044	8.109304
31938	-2381.964	-2563.429	181.4647	1.072942	0.384165	8.652312
31944	-2375.159	-2559.937	184.7782	1.095612	0.3989062	6.85325
31950	-2391.584	-2580.518	188.9339	1.73918	0.5353548	4.074962
31956	-2392.75	-2582.715	189.965	1.686726	0.4862624	3.557776
31962	-2393.53	-2582.504	188.9738	1.686726	0.7016958	3.946526
31968	-2384.437	-2571.599	187.1617	1.501997	0.5080981	5.225947
31974	-2389.43	-2576.693	187.2637	1.442583	0.504115	5.206008
31980	-2383.371	-2570.091	186.7203	1.276671	0.5074681	5.593794
31986	-2384.897	-2571.12	186.2232	1.23645	0.5074681	5.888113
31992	-2389.944	-2573.695	183.7508	1.255695	0.4217393	7.296644
31998	-2395.9	-2579.437	183.5369	1.155491	0.5675997	7.334284
32004	-2381.891	-2563.933	182.0414	1.003486	0.5675997	8.214716
32010	-2388.237	-2571.033	182.7963	1.083782	0.5232003	7.806174
32016	-2399.748	-2584.474	184.7259	1.230632	0.4191904	6.787852
32022	-2401.346	-2588.161	186.8148	1.354098	0.5077612	5.499081
32028	-2392.293	-2580.153	187.86	1.410876	0.6121095	4.800337
32034	-2425.947	-2614.37	188.4225	1.407402	0.3771772	4.708969
32040	-2414.486	-2602.408	187.9227	1.624883	0.4077606	4.833291
32046	-2387.851	-2577.297	189.4454	1.495122	0.3588229	4.103554
32052	-2399.266	-2588.169	188.903	1.649415	0.5613371	4.12078
32058	-2391.676	-2580.037	188.3611	1.454003	0.4143151	4.676886
32064	-2390.798	-2578.611	187.8128	1.500382	0.5391802	4.837727
32070	-2403.995	-2591.985	187.9893	1.442549	0.4671127	4.837727
32076	-2389.484	-2577.126	187.6426	1.564364	0.6099556	4.837727
32082	-2406.412	-2595.446	189.0335	1.500998	0.4094786	4.277071
32088	-2402.607	-2591.734	189.1271	1.768728	0.6642943	3.839937
32094	-2415.128	-2606.163	191.0352	2.259037	1.280175	1.990944
32100	-2404.718	-2594.205	189.4869	1.609603	0.540658	3.827814
32106	-2405.88	-2595.261	189.3808	1.715658	0.540658	3.827814
32112	-2396.035	-2585.522	189.4871	1.648301	0.7032808	3.671993
32118	-2388.854	-2576.895	188.0411	1.632457	1.075004	4.274093
32124	-2388.564	-2578.459	189.8953	1.568284	0.5942934	3.568609
32130	-2385.49	-2576.11	190.6202	1.679145	0.5942934	3.07659
32136	-2396.152	-2585.871	189.7191	1.616866	0.497426	3.729938
32142	-2396.862	-2584.839	187.9761	1.514271	0.4097234	4.863075
32148	-2403.338	-2590.766	187.4279	1.483987	0.2714671	5.349295
32154	-2397.29	-2586.731	189.4408	1.759556	0.5205441	3.786403
32160	-2393.522	-2583.901	190.3795	1.688215	0.5454485	3.257854
32166	-2385.434	-2574.42	188.986	1.358342	0.3742929	4.423351
32172	-2378.165	-2563.546	185.3802	1.312001	0.6698449	6.175568
32178	-2379.859	-2563.62	183.7613	1.259554	0.4290495	7.281682
32184	-2383.116	-2566.93	183.8139	1.0833	0.4999971	7.281682
32190	-2381.081	-2564.937	183.8564	1.10954	0.4524753	7.288476
32196	-2383.936	-2571.048	187.112	1.384474	0.4524753	5.370475
32202	-2379.32	-2564.716	185.396	1.34424	0.533785	6.257039
32208	-2407.983	-2590.504	182.5202	1.185787	0.406051	8.00817
32214	-2400.491	-2584.681	184.1898	1.314251	0.5914795	6.878604
32220	-2417.131	-2609.084	191.9529	2.460448	1.032559	1.347424
32226	-2413.609	-2605.467	191.8576	2.490621	1.100891	1.347424
32232	-2408.77	-2600.252	191.4821	2.129806	1.100891	1.882877
32238	-2396.197	-2587.255	191.0584	2.129806	1.136247	2.143264
32244	-2406.583	-2592.909	186.3266	1.502611	0.5545512	5.64492
32250	-2391.955	-2577.41	185.4556	1.358344	0.5102605	6.2375
32256	-2387.837	-2574.111	186.274	1.559005	0.4419845	5.745338
32262	-2393.801	-2580.395	186.5933	1.268274	0.4595065	5.712622
32268	-2387.886	-2573.707	185.8212	1.328092	0.5787871	5.996778
32274	-2386.107	-2573.157	187.0503	1.361175	0.6477338	5.249792
32280	-2391.06	-2581.033	189.9728	1.701677	0.6477338	3.40126
32286	-2408.658	-2596.53	187.8723	1.581301	0.8213517	4.547537
32292	-2408.814	-2597.599	188.7846	1.572136	0.8213517	4.036335
32298	-2406.281	-2590.516	184.2348	1.651667	0.688587	6.599162
32304	-2398.576	-2581.962	183.3858	1.394592	0.5485037	7.302727
32310	-2394.588	-2585.251	190.6638	2.362265	1.725497	1.950823
32316	-2401.283	-2591.937	190.6541	2.287591	1.857331	1.950823
32322	-2404.978	-2595.798	190.8203	2.390669	1.857331	1.766579
32328	-2405.85	-2596.613	190.7628	2.304014	1.857331	1.86606
32334	-2394.78	-2585.839	191.0585	2.406615	1.701604	1.657792
32340	-2394.489	-2585.691	191.2027	2.406615	1.701604	1.553056
32346	-2400.607	-2591.762	191.1546	2.418737	1.701604	1.579481
32352	-2415.007	-2606.02	191.0132	2.437418	1.701604	1.668211
32358	-2420.126	-2611.196	191.0708	2.451831	1.596008	1.668211
32364	-2392.07	-2575.406	183.3362	1.174933	0.4564079	7.528613
32370	-2388.526	-2573.493	184.9672	1.183309	0.3663627	6.73882
32376	-2392.441	-2577.932	185.4904	1.255353	0.5094346	6.275283
32382	-2384.952	-2568.966	184.0133	1.214664	0.4178164	7.181589
32388	-2374.323	-2559.997	185.6736	1.159218	0.4116263	6.321181
32394	-2407.41	-2589.749	182.3394	1.099687	0.4580206	8.099751
32400	-2414.797	-2607.002	192.2058	2.12895	0.6921497	1.692221
32406	-2398.827	-2591.035	192.2084	2.081576	0.6921497	1.72387
32412	-2393.304	-2585.598	192.294	1.995962	0.6921497	1.72387
32418	-2404.175	-2596.345	192.17	1.995962	0.7878009	1.726977
32424	-2398.239	-2590.576	192.3364	1.995962	0.6243385	1.758863
32430	-2393.573	-2585.754	192.1816	2.01761	0.6243385	1.851014
32436	-2396.655	-2588.927	192.2722	1.945933	0.6110143	1.851014
32442	-2399.042	-2590.797	191.7548	1.899419	0.4257292	2.416499
32448	-2392.29	-2583.515	191.225	1.816337	0.7256691	2.515537
32454	-2400.318	-2591.416	191.098	1.816337	0.8310679	2.515537
32460	-2395.682	-2583.207	187.525	1.339064	0.3659156	5.258434
32466	-2394.372	-2581.359	186.9874	1.627988	0.5016752	5.258434
32472	-2389.629	-2576.099	186.4694	1.517621	0.3060664	5.81189
32478	-2398.637	-2585.26	186.6224	1.256762	0.3553064	5.81189
32484	-2409.514	-2595.63	186.1163	1.345062	0.6013849	5.808108
32490	-2389.395	-2580.416	191.0217	1.844058	1.051586	2.400799
32496	-2379.276	-2570.205	190.929	1.975148	1.051586	2.37653
32502	-2381.514	-2573.77	192.2559	2.001149	0.5965118	1.838712
32508	-2383.89	-2575.605	191.7146	1.848535	0.8069752	2.119408
32514	-2388.763	-2580.615	191.8521	1.954108	0.7605906	1.995578
32520	-2401.82	-2583.989	182.169	1.307561	0.5025715	8.039376
32526	-2399.405	-2580.737	181.3323	0.9847701	0.3324378	8.826246
32532	-2407.533	-2587.71	180.1762	1.032974	0.3840009	9.35577
32538	-2397.451	-2581.342	183.8911	1.088953	0.3840009	7.349675
32544	-2402.765	-2590.091	187.3261	1.359439	0.5534153	5.17408
32550	-2390.477	-2576.859	186.3825	1.525475	0.3118522	5.847897
32556	-2383.871	-2572.572	188.7004	1.367498	0.4228005	4.526185
32562	-2397.716	-2583.163	185.4477	1.396678	0.4598862	6.267248
32568	-2402.46	-2587.992	185.5323	1.326657	0.4598862	6.259304
32574	-2395.947	-2580.017	184.0697	1.139577	0.4598862	7.150687
32580	-2404.875	-2588.739	183.8644	1.171302	0.5521258	7.162614
32586	-2392.09	-2575.818	183.7273	1.068014	0.4585578	7.374257
32592	-2389.825	-2572.803	182.9781	1.143896	0.4990015	7.697924
32598	-2402.803	-2585.618	182.815	1.24663	0.536409	7.697924
32604	-2395.91	-2582.648	186.7373	1.447938	0.4777402	5.517675
32610	-2395.886	-2584.485	188.5986	1.51394	0.6085703	4.330548
32616	-2406.299	-2594.269	187.9699	1.539973	0.4858591	4.776324
32622	-2391.519	-2576.46	184.9415	1.160788	0.5429232	6.595178
32628	-2391.554	-2574.569	183.0146	1.260806	0.3659477	7.74643
32634	-2395.827	-2578.831	183.0035	1.172355	0.4168242	7.74643
32640	-2393.122	-2577.079	183.9567	1.354637	0.63334	6.9501
32646	-2391.625	-2578.813	187.1878	1.388893	0.377525	5.404067
32652	-2384.866	-2568.83	183.9636	1.227778	0.377525	7.243167
32658	-2390.442	-2575.697	185.2549	1.139265	0.3943633	6.576876
32664	-2388.109	-2571.347	183.238	1.141306	0.4488504	7.606321
32670	-2389.784	-2574.456	184.672	1.213998	0.4554901	6.790347
32676	-2388.136	-2573.06	184.9235	1.235872	0.5372549	6.569096
32682	-2376.896	-2562.418	185.5221	1.242855	0.3971829	6.373024
32688	-2380.802	-2566.083	185.2816	1.165839	0.3669461	6.577628
32694	-2392.807	-2577.919	185.1128	1.463177	0.3075044	6.577628
32700	-2390.689	-2577.656	186.9668	1.386021	0.4097067	5.492769
32706	-2380.478	-2565.299	184.8205	1.149176	0.4801812	6.722111
32712	-2389.183	-2573.415	184.2319	1.13876	0.4188716	7.103814
32718	-2404.157	-2585.835	181.6785	1.13876	0.4188716	8.468381
32724	-2414.672	-2597.612	182.9394	1.082988	0.3233498	7.930054
32730	-2401.548	-2586.918	185.3704	1.138367	0.6425681	6.295535
32736	-2396.885	-2579.254	182.3688	1.159571	0.2856833	8.239699
32742	-2396.226	-2576.885	180.6596	0.932402	0.300248	9.248411
32748	-2396.267	-2579.919	183.6521	1.015281	0.380434	7.521101
32754	-2381.747	-2567.493	185.7457	1.267814	0.3190352	6.326319
32760	-2390.835	-2577.47	186.6349	1.360231	0.5304018	5.574526
32766	-2401.621	-2588.965	187.3448	1.558985	0.3377557	5.269205
32772	-2408.551	-2591.378	182.8272	1.329892	0.4724176	7.703156
32778	-2396.322	-2579.252	182.9299	1.081429	0.5625623	7.703156
32784	-2390.562	-2574.587	184.025	1.175273	0.6034835	7.03281
32790	-2395.843	-2580.086	184.2432	1.320791	0.5123472	6.912143
32796	-2390.526	-2576.175	185.6485	1.264952	0.3560556	6.337229
32802	-2387.42	-2570.895	183.4751	1.172917	0.421779	7.488833
32808	-2393.314	-2578.5	185.1863	1.324031	0.401949	6.506042
32814	-2396.394	-2582.861	186.4676	1.467704	0.2426505	5.92581
32820	-2399.272	-2585.058	185.7857	1.441035	0.3480732	6.176123
32826	-2406.879	-2594.564	187.6849	1.496359	0.3747292	5.072975
32832	-2416.858	-2602.702	185.8441	1.346838	0.500937	6.040623
32838	-2418.595	-2604.834	186.2389	1.458563	0.4281222	5.833306
32844	-2415.976	-2603.185	187.2086	1.270144	0.5168556	5.320244
32850	-2406.022	-2593.332	187.3104	1.705131	0.2275501	5.355615
32856	-2401.998	-2589.068	187.0698	1.475977	0.4399948	5.355615
32862	-2380.656	-2566.574	185.918	1.32888	0.4435874	6.063946
32868	-2389.075	-2573.587	184.5112	1.276129	0.4435874	6.85503
32874	-2394.539	-2576.503	181.9643	1.234574	0.4116245	8.272676
32880	-2403.278	-2585.837	182.5596	1.032482	0.3615234	8.115953
32886	-2400.323	-2581.158	180.8351	0.9881295	0.4724632	8.944735
32892	-2406.487	-2585.752	179.2653	0.9182783	0.4724632	9.810794
32898	-2409.979	-2592.356	182.3771	0.9902906	0.5191345	8.08319
32904	-2396.721	-2580.016	183.2948	1.168378	0.5533898	7.468793
32910	-2400.806	-2584.611	183.8045	1.054715	0.3350807	7.468793
32916	-2403.757	-2589.207	185.4505	1.404618	0.3350807	6.393112
32922	-2386.887	-2569.491	182.6038	1.189225	0.2848097	8.099861
32928	-2395.449	-2576.28	180.8318	1.173581	0.2328235	9.119552
32934	-2398.19	-2578.601	180.4115	0.8979585	0.3917539	9.294737
32940	-2397.259	-2578.779	181.5201	1.176301	0.4815264	8.473374
32946	-2408.641	-2589.644	181.0031	1.202023	0.433013	8.779432
32952	-2406.509	-2589.574	183.0651	1.16396	0.6023933	7.555032
32958	-2401.222	-2585.567	184.3454	1.417554	0.3509932	6.965034
32964	-2406.908	-2595.757	188.8492	1.315593	0.4853768	4.409296
32970	-2408.099	-2595.831	187.7325	1.512608	0.3036464	5.122466
32976	-2402.763	-2589.6	186.8373	1.513863	0.43653	5.46631
32982	-2402.324	-2590.276	187.9528	1.633321	0.2725568	4.974492
32988	-2401.685	-2588.652	186.9664	1.227422	0.4612178	5.528622
32994	-2413.089	-2597.834	184.7456	1.303156	0.3925818	6.765446
33000	-2385.941	-2571.948	186.007	1.440272	0.383615	6.016363
33006	-2395.93	-2584.143	188.2137	1.464892	0.395151	4.77371
33012	-2405.476	-2590.619	185.1425	1.303543	0.4458258	6.496814
33018	-2393.325	-2578.631	185.3055	1.156723	0.5505399	6.393778
33024	-2402.375	-2588.052	185.6772	1.092556	0.3753766	6.393778
33030	-2394.605	-2579.627	185.0222	1.258455	0.2779539	6.77508
33036	-2388.75	-2576.52	187.7699	1.534408	0.4026722	4.974161
33042	-2410.956	-2602.864	191.9076	2.00439	0.723777	1.955506
33048	-2394.23	-2585.979	191.7491	2.096125	0.9680326	1.811787
33054	-2393.253	-2584.771	191.5182	2.096125	1.07965	1.894788
33060	-2385.879	-2576.497	190.6182	1.922284	0.9161402	2.688645
33066	-2386.362	-2577.006	190.6434	1.922969	0.892196	2.688645
33072	-2388.013	-2580.587	192.5738	1.931667	0.5232281	1.744134
33078	-2387.39	-2579.647	192.2566	1.873743	0.5232281	2.000125
33084	-2379.721	-2571.423	191.7027	1.98538	0.8555085	2.000125
33090	-2389.11	-2580.632	191.5218	2.112875	0.9040982	2.000125
33096	-2391.85	-2583.519	191.6693	2.068806	0.8692373	1.956394
33102	-2417.513	-2600.33	182.8174	1.173092	0.4735012	7.791186
33108	-2403.211	-2582.966	179.7555	1.135813	0.63314	9.30622
33114	-2388.362	-2573.005	184.6437	1.140644	0.4717797	6.829878
33120	-2378.223	-2564.335	186.112	1.354703	0.4108186	5.977022
33126	-2385.319	-2570.327	185.0085	1.451569	0.376284	6.560584
33132	-2387.102	-2570.501	183.3986	1.406223	0.4692047	7.35921
33138	-2378.245	-2565.155	186.9093	1.372108	0.4692047	5.472834
33144	-2384.773	-2568.089	183.316	1.20421	0.3912521	7.58846
33150	-2390.142	-2573.393	183.2506	1.083953	0.391967	7.687025
33156	-2376.765	-2560.976	184.2113	1.097534	0.3755774	7.182147
33162	-2408.694	-2590.481	181.787	1.298818	0.5803591	8.182707
33168	-2407.615	-2590.413	182.7984	1.41043	0.4636083	7.683608
33174	-2410.66	-2593.693	183.0325	1.367904	0.5195128	7.530999
33180	-2403.023	-2587.831	184.8079	1.233966	0.6636043	6.533092
33186	-2399.369	-2586.251	186.8824	1.484925	0.6134583	5.300724
33192	-2398.645	-2584.554	185.9095	1.278368	0.3952593	6.14523
33198	-2403.947	-2588.969	185.0223	1.440406	0.646181	6.317845
33204	-2381.359	-2565.651	184.2918	1.260862	0.3408961	7.089777
33210	-2399.163	-2582.688	183.5254	1.281661	0.4327399	7.392762
33216	-2406.152	-2587.679	181.5272	1.079539	0.3959296	8.603398
33222	-2390.395	-2576.347	185.9518	1.385927	0.3677777	6.093437
33228	-2411.336	-2597.856	186.5202	1.385927	0.4220725	5.725219
33234	-2396.758	-2584	187.2415	1.595065	0.2985423	5.354887
33240	-2394.884	-2581.834	186.9505	1.53667	0.4740548	5.354887
33246	-2401.825	-2591.192	189.3675	1.796209	0.4725837	3.853344
33252	-2398.136	-2585.623	187.4872	1.568922	0.3902338	5.12525
33258	-2396.396	-2581.151	184.7555	1.35196	0.3743339	6.753323
33264	-2395.648	-2581.371	185.7224	1.465776	0.4146301	6.12492
33270	-2394.984	-2581.828	186.8434	1.353825	0.2694457	5.74484
33276	-2392.995	-2577.389	184.3941	1.313691	0.3685376	6.975198
33282	-2394.274	-2576.787	182.5131	1.17814	0.3685376	8.05543
33288	-2390.372	-2573.435	183.0633	1.13824	0.4328562	7.716846
33294	-2397.976	-2578.798	180.8221	1.057005	0.2265625	9.195479
33300	-2407.738	-2588.27	180.5323	0.953604	0.3975972	9.195479
33306	-2390.898	-2575.356	184.4582	1.163964	0.4712313	6.917852
33312	-2381.78	-2567.993	186.2133	1.364084	0.5200038	5.812619
33318	-2395.836	-2576.357	180.5207	1.233825	0.5200038	8.939242
33324	-2387.745	-2569.748	182.0027	1.296041	0.4119132	8.219251
33330	-2379.024	-2562.451	183.4272	1.209574	0.4173706	7.499249
33336	-2391.923	-2578.042	186.1189	1.353825	0.5255907	5.86495
33342	-2391.916	-2578.079	186.1628	1.183164	0.6093085	5.86495
33348	-2386.798	-2570.114	183.3158	1.062611	0.4821376	7.575853
33354	-2394.832	-2577.931	183.0992	1.056763	0.5555449	7.631545
33360	-2392.318	-2575.444	183.1256	1.105426	0.4411402	7.693041
33366	-2382.555	-2564.55	181.9956	1.055746	0.4411402	8.322175
33372	-2383.228	-2568.659	185.4314	1.33727	0.4411402	6.326439
33378	-2389.362	-2572.538	183.1752	1.057211	0.5095095	7.629628
33384	-2388.919	-2571.494	182.5758	0.9920658	0.3186243	8.177972
33390	-2387.975	-2573.925	185.9493	1.221957	0.4054672	6.143547
33396	-2406.116	-2589.631	183.5147	1.034892	0.4163757	7.546965
33402	-2399.628	-2585.132	185.5049	1.292928	0.3886555	6.364225
33408	-2398.56	-2583.815	185.255	1.272485	0.4278842	6.470334
33414	-2395.412	-2581.19	185.7781	1.459499	0.420487	6.092026
33420	-2409.267	-2594.442	185.1745	1.412525	0.5849008	6.297866
33426	-2408.453	-2593.763	185.3102	1.282867	0.5282428	6.34173
33432	-2404.224	-2589.85	185.6253	1.365713	0.3655836	6.284471
33438	-2395.945	-2584.638	188.6925	1.624102	0.572088	4.245416
33444	-2397.869	-2587.086	189.2167	1.645139	1.040224	3.612535
33450	-2397.942	-2587.498	189.5558	1.666519	0.7211966	3.608264
33456	-2413.612	-2602.682	189.0698	1.52515	0.5525763	4.104185
33462	-2409.964	-2597.87	187.9066	1.469434	0.7187292	4.660988
33468	-2403.467	-2590.374	186.9065	1.469434	0.672454	5.250872
33474	-2414.088	-2603.909	189.8211	1.603834	0.4175369	3.759783
33480	-2404.44	-2591.975	187.5355	1.606241	0.5980817	4.88363
33486	-2402.052	-2591.204	189.1514	1.754552	0.4267768	4.047584
33492	-2394.214	-2581.624	187.4104	1.663339	0.8457864	4.744694
33498	-2394.154	-2582.827	188.6733	1.922053	1.085431	3.74178
33504	-2390.872	-2579.391	188.5196	1.59623	1.001569	4.063391
33510	-2395.174	-2584.265	189.0903	1.640053	0.7472268	3.873345
33516	-2406.514	-2595.562	189.0474	1.590256	0.3304079	4.309734
33522	-2400.759	-2588.583	187.8242	1.503993	0.483626	4.879772
33528	-2397.942	-2583.399	185.4564	1.390232	0.5302988	6.202223
33534	-2401.38	-2587.566	186.1861	1.40978	0.5173455	5.804876
33540	-2419.116	-2601.751	182.635	1.079607	0.3953358	8.014568
33546	-2401.689	-2584.917	183.2282	1.20833	0.3899167	7.634628
33552	-2406.002	-2586.721	180.7182	1.040208	0.4336234	9.015488
33558	-2390.57	-2574.705	184.1342	1.127656	0.4512019	7.130704
33564	-2394.597	-2578.807	184.2101	1.101841	0.4235647	7.130704
33570	-2402.293	-2585.203	182.9098	1.342569	0.4974534	7.629561
33576	-2402.189	-2588.603	186.4136	1.249349	0.7204163	5.609024
33582	-2385.645	-2573.325	187.6803	1.489022	0.7204163	4.775368
33588	-2386.66	-2572.458	185.7978	1.285051	0.4654418	6.132242
33594	-2387.448	-2568.925	181.4773	1.179749	0.4573905	8.516406
33600	-2412.496	-2597.831	185.3352	1.310824	0.3605538	6.477232
33606	-2390.865	-2572.778	181.9132	1.082395	0.3605538	8.434464
33612	-2381.998	-2566.173	184.1746	1.178924	0.3605538	7.17462
33618	-2395.934	-2581.609	185.6748	1.293248	0.5762733	6.097606
33624	-2400.654	-2581.845	181.1909	1.304985	0.5575814	8.514773
33630	-2386.64	-2569.635	182.9946	1.230728	0.4545858	7.683285
33636	-2374.857	-2557.852	182.9946	1.230728	0.4545858	7.683285
33642	-2387.597	-2572.789	185.1919	1.384188	0.3440617	6.533864
33648	-2396.826	-2584.664	187.8377	1.553527	0.4043551	4.924017
33654	-2387.263	-2576.094	188.8308	1.668423	0.4043551	4.302566
33660	-2382.005	-2570.151	188.1463	1.524529	0.3313232	4.851362
33666	-2386.857	-2573.725	186.8672	1.4918	0.5468396	5.360069
33672	-2388.279	-2576.444	188.1646	1.525048	0.4856923	4.675979
33678	-2403.894	-2590.652	186.7577	1.198178	0.4856923	5.636209
33684	-2395.265	-2581.258	185.9929	1.28499	0.3644522	6.129715
33690	-2396.982	-2584.105	187.1236	1.531479	0.6816033	5.089576
33696	-2399.054	-2586.823	187.7693	1.48607	0.3812475	5.024591
33702	-2392.445	-2580.219	187.774	1.450678	0.5353857	4.890327
33708	-2394.929	-2581.058	186.1292	1.276736	0.4550944	5.966008
33714	-2394.795	-2580.54	185.7453	1.326235	0.548415	6.064334
33720	-2397.527	-2578.223	180.6961	0.9674989	0.548415	8.963684
33726	-2396.344	-2579.609	183.2642	1.065474	0.4599448	7.622409
33732	-2399.456	-2580.107	180.6509	1.069654	0.4599448	9.010621
33738	-2391.336	-2579.295	187.9586	1.345682	0.4231733	4.952656
33744	-2399.576	-2587.692	188.1164	1.334988	0.5131177	4.783797
33750	-2394.4	-2582.558	188.1577	1.403148	0.4487199	4.783797
33756	-2392.378	-2580.019	187.641	1.458594	0.6135329	4.8947
33762	-2384.203	-2571.738	187.5348	1.377896	0.3520158	5.247525
33768	-2385.898	-2572.812	186.9137	1.22709	0.4412937	5.577215
33774	-2383.992	-2571.329	187.3365	1.430495	0.2218024	5.501316
33780	-2390.538	-2576.067	185.5292	1.209056	0.2495796	6.566497
33786	-2393.11	-2578.542	185.4314	1.189009	0.2495796	6.630251
33792	-2384.83	-2570.66	185.8301	1.358591	0.3349836	6.212036
33798	-2399.052	-2582.27	183.2179	1.143613	0.4948891	7.573443
33804	-2399.408	-2584.96	185.5518	1.315685	0.4078268	6.306276
33810	-2398.669	-2584.831	186.1617	1.325265	0.4078268	5.969039
33816	-2405.501	-2591.96	186.4591	1.422563	0.4078268	5.753276
33822	-2400.47	-2585.139	184.6688	1.234875	0.4061282	6.829645
33828	-2407.769	-2594.072	186.3026	1.237308	0.3296579	6.027129
33834	-2416.972	-2601.992	185.0193	1.642644	0.5817907	6.259649
33840	-2398.026	-2585.664	187.6379	1.506744	0.4222937	5.042278
33846	-2383.072	-2570.559	187.4878	1.492196	0.5174898	5.042278
33852	-2395.384	-2583.731	188.3465	1.32934	0.5451052	4.629799
33858	-2393.164	-2577.164	183.9998	1.130113	0.5659313	7.100581
33864	-2391.773	-2573.259	181.4853	1.034694	0.3486963	8.700125
33870	-2389.525	-2571.362	181.8368	1.217294	0.3748645	8.38785
33876	-2394.838	-2576.699	181.8617	1.019928	0.4673355	8.38785
33882	-2401.612	-2583.139	181.5278	0.9837453	0.7173935	8.38785
33888	-2413.373	-2596.28	182.9066	1.153926	0.420838	7.804088
33894	-2396.508	-2579.325	182.8168	1.234934	0.4053981	7.824308
33900	-2386.349	-2572.238	185.8886	1.418789	0.4053981	6.069516
33906	-2384.234	-2572.46	188.2265	1.544597	0.627281	4.508014
33912	-2377.097	-2565.274	188.1777	1.507265	0.4280022	4.735443
33918	-2384.655	-2574.801	190.1461	1.712798	0.4280022	3.496836
33924	-2388.537	-2578.485	189.9476	1.676871	0.4897013	3.570293
33930	-2386.567	-2577.017	190.4499	1.557911	0.5058754	3.330443
33936	-2402.404	-2592.699	190.2953	1.752054	0.4821618	3.330443
33942	-2398.828	-2588.743	189.9144	1.720303	0.6047315	3.460008
33948	-2405.961	-2593.502	187.5405	1.646827	0.4072138	5.03428
33954	-2403.332	-2586.307	182.975	1.251732	0.454312	7.682796
33960	-2413.2	-2595.061	181.8613	1.12186	0.4087332	8.390331
33966	-2406.311	-2588.084	181.7727	1.243331	0.4859877	8.299398
33972	-2409.078	-2589.292	180.2135	1.09373	0.4093313	9.278019
33978	-2400.377	-2582.412	182.0353	1.251574	0.3396398	8.302999
33984	-2389.479	-2572.356	182.8769	1.247543	0.3396398	7.856596
33990	-2381.528	-2567.97	186.442	1.619631	0.4812442	5.582298
33996	-2395.573	-2583.276	187.7027	1.64079	0.409562	4.945033
34002	-2405.115	-2591.892	186.7772	1.630988	0.2661417	5.633713
34008	-2405.859	-2590.724	184.8648	1.371956	0.7431186	6.371561
34014	-2388.372	-2571.223	182.8506	1.279355	0.3618151	7.828687
34020	-2392.222	-2576.871	184.6492	1.263539	0.4580449	6.773495
34026	-2386.058	-2567.967	181.9089	1.218513	0.2867269	8.451605
34032	-2385.659	-2566.651	180.992	1.163029	0.5875126	8.671848
34038	-2399.737	-2582.13	182.3935	1.079371	0.4559185	8.08373
34044	-2390.218	-2573.237	183.0188	1.047135	0.4644659	7.759222
34050	-2400.214	-2584.161	183.9473	1.274037	0.499778	7.107728
34056	-2407.055	-2590.389	183.334	1.266469	0.4617954	7.475658
34062	-2404.06	-2590.245	186.1845	1.15579	0.5508508	5.91563
34068	-2401.782	-2581.744	179.9616	1.135063	0.2411923	9.587639
34074	-2396.787	-2578.808	182.0218	1.10511	0.4632738	8.261084
34080	-2411.501	-2593.747	182.2464	1.145753	0.3274575	8.261084
34086	-2427.612	-2609.757	182.1455	1.090011	0.4038143	8.261084
34092	-2406.007	-2590.871	184.8638	1.200264	0.498292	6.654632
34098	-2407.445	-2590.388	182.9429	1.193304	0.468337	7.718058
34104	-2409.587	-2591.729	182.1418	1.066601	0.5133097	8.172941
34110	-2415.902	-2598.677	182.7754	1.231033	0.5332177	7.730089
34116	-2409.968	-2593.946	183.978	1.105353	0.5265106	7.158574
34122	-2402.23	-2586.114	183.8833	1.167655	0.5471029	7.158574
34128	-2391.054	-2574.251	183.1967	1.157607	0.5283019	7.548168
34134	-2385.861	-2569.339	183.4783	1.034471	0.4350691	7.548168
34140	-2382.936	-2567.524	184.588	1.040001	0.4765505	6.909768
34146	-2391.449	-2578.425	186.9755	1.325184	0.4900571	5.442672
34152	-2388.626	-2575.228	186.6024	1.294491	0.4900571	5.664569
34158	-2394.159	-2580.86	186.7011	1.295475	0.3721145	5.728716
34164	-2406.831	-2591.437	184.6063	1.083174	0.316301	7.045213
34170	-2399.412	-2579.733	180.321	1.077403	0.5816843	9.077302
34176	-2404.764	-2592.374	187.6107	1.328334	0.6149565	4.982872
34182	-2405.855	-2593.874	188.0186	1.431494	0.4591836	4.83526
34188	-2387.76	-2576.085	188.3243	1.41346	0.4591836	4.674529
34194	-2394.798	-2579.854	185.0565	1.387428	0.5156183	6.433644
34200	-2417.404	-2604.868	187.464	1.384465	0.5064977	5.125132
34206	-2429.963	-2617.217	187.2536	1.426335	0.6168933	5.125132
34212	-2422.103	-2610.792	188.689	1.600765	0.6079025	4.230738
34218	-2413.786	-2600.32	186.5339	1.285563	0.8941825	5.410657
34224	-2419.903	-2605.44	185.5376	1.376973	0.564355	6.136488
34230	-2401.3	-2588.124	186.8238	1.325733	0.567112	5.458374
34236	-2396.549	-2583.433	186.8839	1.294725	0.4251995	5.572589
34242	-2400.104	-2586.558	186.454	1.39601	0.6301318	5.572589
34248	-2404.546	-2589.446	184.9	1.350687	0.5131232	6.540504
34254	-2394.296	-2579.872	185.5764	1.264247	0.5914071	6.15472
34260	-2381.281	-2564.376	183.0951	1.346905	0.494305	7.530846
34266	-2394.864	-2579.078	184.2145	1.223728	0.494305	6.995883
34272	-2385.618	-2571.94	186.322	1.246772	0.2996129	6.048448
34278	-2398.24	-2580.106	181.8657	1.07288	0.5203944	8.310461
34284	-2396.442	-2581.053	184.6117	0.9830054	0.4100213	6.992209
34290	-2381.981	-2568.489	186.508	1.155179	0.3754143	5.907468
34296	-2377.971	-2565.486	187.5142	1.368068	0.32457	5.297001
34302	-2388.371	-2573.669	185.2982	1.36949	0.3611047	6.464837
34308	-2391.508	-2579.363	187.8546	1.319318	0.4798099	4.969233
34314	-2388.077	-2572.938	184.8606	1.243359	0.4346202	6.692858
34320	-2395.405	-2578.226	182.8206	1.220988	0.3471986	7.892181
34326	-2381.573	-2563.445	181.8721	1.206095	0.3163727	8.441167
34332	-2379.999	-2567.356	187.3578	1.307829	0.423532	5.306105
34338	-2388.408	-2574.081	185.6726	1.237137	0.3901579	6.301885
34344	-2392.322	-2578.845	186.5225	1.256507	0.3741267	5.845584
34350	-2392.047	-2575.179	183.1319	1.213139	0.4047016	7.66825
34356	-2404.176	-2587.238	183.0627	1.08459	0.393713	7.785283
34362	-2399.103	-2581.994	182.8911	1.128989	0.3379216	7.914259
34368	-2379.605	-2562.301	182.696	1.089639	0.4058413	7.965919
34374	-2388.944	-2573.31	184.3653	1.24403	0.6862305	6.750607
34380	-2393.476	-2579.026	185.5502	1.188386	0.457391	6.327035
34386	-2379.303	-2565.618	186.3154	1.306087	0.4026653	5.900995
34392	-2400.584	-2587.571	186.9872	1.422935	0.6403967	5.256099
34398	-2387.513	-2577.312	189.7997	1.520936	0.465996	3.769571
34404	-2388.466	-2574.06	185.5935	1.416559	0.5466817	6.099297
34410	-2386.129	-2568.183	182.0541	1.117404	0.3468287	8.356193
34416	-2390.583	-2576.492	185.9091	1.176195	0.3955602	6.200733
34422	-2396.49	-2580.433	183.943	1.201331	0.5442385	7.110777
34428	-2395.373	-2582.118	186.7445	1.347375	0.4642931	5.581685
34434	-2395.365	-2578.609	183.2446	1.015028	0.3465878	7.776413
34440	-2387.742	-2569.85	182.1079	1.168514	0.3114276	8.341759
34446	-2396.565	-2579.611	183.0458	1.208548	0.5346849	7.596249
34452	-2380.793	-2562.407	181.6143	1.053258	0.4556722	8.512433
34458	-2394.816	-2575.976	181.1599	1.309571	0.7190363	8.409128
34464	-2390.072	-2572.825	182.7536	1.147956	0.6328321	7.707063
34470	-2414.127	-2596.185	182.0571	1.116393	0.4625058	8.237032
34476	-2396.131	-2578.314	182.1832	1.133602	0.4049167	8.216729
34482	-2411.118	-2591.976	180.8585	1.03463	0.3530111	9.027509
34488	-2403.033	-2585.603	182.5694	1.075459	0.4169561	8.02979
34494	-2400.669	-2583.191	182.5216	1.097141	0.4310472	8.02979
34500	-2390.277	-2577.24	186.9633	1.306555	0.6708441	5.310674
34506	-2397.079	-2585.606	188.5266	1.576836	0.3425477	4.59589
34512	-2387.154	-2577.787	190.6325	1.600106	0.4385176	3.266282
34518	-2383.234	-2570.728	187.4937	1.498629	0.924366	4.742052
34524	-2389.566	-2578.554	188.9884	1.558406	0.3202369	4.373791
34530	-2405.175	-2592.273	187.0975	1.36239	0.4539083	5.389287
34536	-2396.371	-2580.759	184.3889	1.266791	0.4539083	6.916064
34542	-2393.005	-2578.066	185.0608	1.182658	0.4054672	6.646863
34548	-2394.359	-2577.338	182.9794	1.061965	0.3506302	7.88847
34554	-2396.881	-2580.897	184.0157	1.308094	0.6768439	6.911375
34560	-2393.023	-2576.869	183.8457	1.308094	0.3568296	7.286037
34566	-2384.59	-2569.515	184.9245	1.23307	0.3799396	6.720202
34572	-2376.956	-2564.15	187.1939	1.353103	0.6074473	5.206192
34578	-2376.781	-2565.079	188.298	1.466428	0.7794631	4.400415
34584	-2390.106	-2578.985	188.879	1.62889	0.3835378	4.320583
34590	-2389.044	-2577.369	188.3249	1.573827	0.3835378	4.663347
34506	-2381.53	-2568.289	186.7595	1.344631	0.802769	5.310674
34512	-2386.972	-2573.501	186.5292	1.406034	0.6956895	5.47692
34518	-2395.194	-2581.428	186.2346	1.471199	0.6487813	5.637528
34524	-2385.266	-2570.901	185.635	1.249129	0.3222888	6.392618
34530	-2393.393	-2575.758	182.3651	1.046897	0.4466217	8.124952
34536	-2380.737	-2559.962	179.2252	0.8496115	0.4466217	9.891962
34542	-2385.881	-2565.217	179.3358	0.7723015	0.4282486	9.891962
34548	-2390.946	-2572.576	181.6305	1.024585	0.4282486	8.545268
34554	-2387.674	-2573.002	185.3281	1.068917	0.3873884	6.582729
34560	-2389.532	-2574.83	185.2984	1.189786	0.3873884	6.533393
34566	-2385.814	-2568.307	182.493	1.087544	0.3392087	8.147143
34572	-2387.746	-2569.987	182.2403	0.9899119	0.2967946	8.384266
34578	-2394.319	-2577.483	183.1641	1.212786	0.4421758	7.614049
34584	-2397.124	-2577.241	180.1164	1.019395	0.3157366	9.470629
34590	-2406.701	-2588.069	181.3674	1.007771	0.3018292	8.831943
34596	-2406.21	-2587.404	181.194	1.14785	0.316382	8.831943
34602	-2390.915	-2573.684	182.769	1.026875	0.5546559	7.824758
34608	-2404.052	-2586.473	182.4209	0.9664753	0.5546559	8.042734
34614	-2393.298	-2577.563	184.2648	1.316028	0.5054669	6.909126
34620	-2401.433	-2585.173	183.7401	1.34147	0.4799641	7.200695
34626	-2391.093	-2574.984	183.8915	1.110701	0.5282592	7.200695
34632	-2410.066	-2594.211	184.1457	1.203317	0.3396238	7.200695
34638	-2390.463	-2573.955	183.492	1.061804	0.4611018	7.501323
34644	-2401.863	-2584.769	182.9062	1.44264	0.589012	7.501323
34650	-2396.867	-2578.597	181.7295	1.160178	0.4853599	8.367154
34656	-2385.439	-2571.304	185.8649	1.377921	0.6079591	5.922388
34662	-2389.209	-2577.598	188.3882	1.605271	0.6079591	4.398298
34668	-2388.736	-2579.235	190.4989	1.678976	0.4807571	3.254853
34674	-2400.175	-2590.724	190.5486	1.803652	0.4795632	3.152769
34680	-2395.354	-2583.498	188.1439	1.539497	0.3163802	4.862835
34686	-2402.853	-2589.635	186.7818	1.352371	0.3626785	5.66386
34692	-2406.547	-2593.004	186.4567	1.517565	0.4332154	5.676653
34698	-2411.07	-2597.427	186.3564	1.538341	0.4476811	5.705937
34704	-2411.145	-2597.271	186.1264	1.389821	0.4476811	5.913023
34710	-2406.377	-2593.697	187.3197	1.684431	0.2662664	5.305599
34716	-2404.572	-2591.233	186.6615	1.684431	0.2662664	5.667682
34722	-2399.21	-2586.012	186.8022	1.729408	0.3743077	5.432468
34728	-2403.842	-2590.023	186.1813	1.549148	0.9405532	5.432468
34734	-2384.832	-2571.902	187.0701	1.411887	0.4155602	5.415601
34740	-2400.159	-2589.3	189.1411	2.041825	0.4155602	3.901114
34746	-2392.8	-2582.633	189.8324	1.901549	0.5025981	3.494013
34752	-2388.344	-2578.317	189.9736	1.817858	0.2392278	3.77715
34758	-2403.316	-2592.181	188.8645	1.694032	0.4070381	4.26606
34764	-2399.942	-2586.97	187.0284	1.592722	0.3119887	5.456496
34770	-2391.025	-2577.554	186.5288	1.529947	0.3849498	5.680559
34776	-2392.719	-2581.112	188.3936	1.708794	0.3023869	4.646546
34782	-2397.385	-2583.101	185.7161	1.397125	0.4816024	6.10059
34788	-2406.354	-2594.423	188.0686	1.6858	0.4209949	4.703848
34794	-2389.323	-2578.192	188.8691	1.651968	0.4239272	4.269347
34800	-2396.179	-2584.979	188.8001	1.778263	0.3937331	4.269347
34806	-2387.026	-2577.007	189.9808	1.760432	0.5425193	3.45237
34812	-2401.157	-2590.256	189.0992	1.879265	0.3004951	4.154803
34818	-2418.277	-2608.465	190.1876	1.775829	0.8516278	3.080614
34824	-2413.717	-2600.409	186.6925	1.459579	0.3599318	5.657177
34830	-2403.294	-2592.556	189.2617	1.685536	0.653044	3.819194
34836	-2400.106	-2590.373	190.2672	1.867448	1.170373	2.78583
34842	-2398.633	-2589.254	190.6209	1.728794	0.9463991	2.78583
34848	-2399.295	-2591.371	192.0767	1.919546	0.6795708	1.93747
34854	-2412.3	-2604.23	191.9307	1.876004	0.6795708	2.063842
34860	-2406.141	-2596.799	190.658	1.689308	0.6752357	2.980078
34866	-2382.809	-2573.177	190.3674	1.708723	0.8361829	3.023688
34872	-2401.056	-2591.52	190.4637	1.736312	0.4827309	3.239842
34878	-2390.943	-2580.743	189.8004	1.742505	0.8025218	3.363029
34884	-2393.959	-2583.731	189.7723	1.770594	0.8025218	3.363029
34890	-2405.022	-2594.426	189.4039	1.776292	1.151347	3.366167
34896	-2409.443	-2598.817	189.3742	1.805917	1.151347	3.366167
34902	-2408.066	-2588.872	180.8059	1.330251	0.3447563	8.908066
34908	-2397.334	-2582.299	184.9654	1.272512	0.3563142	6.702769
34914	-2386.97	-2570.291	183.3202	1.043659	0.3563142	7.709773
34920	-2397.788	-2581.158	183.3701	1.241902	0.3563142	7.57702
34926	-2402.218	-2584.707	182.4885	1.245315	0.3042758	8.106931
34932	-2409.304	-2595.496	186.1923	1.26868	0.5226708	5.873917
34938	-2405.552	-2588.08	182.5284	1.200948	0.3617408	8.042581
34944	-2396.611	-2580.427	183.8159	1.290516	0.3786825	7.287559
34950	-2387.661	-2571.022	183.3607	1.269976	0.4939786	7.430024
34956	-2398.388	-2583.003	184.6155	1.419017	0.5983685	6.58661
34962	-2391.689	-2573.232	181.5437	1.075596	0.3665817	8.627755
34968	-2386.861	-2568.755	181.8944	0.9494477	0.3642536	8.511032
34974	-2386.779	-2570.249	183.4702	1.046611	0.5379491	7.452948
34980	-2397.051	-2581.572	184.5208	1.258049	0.4635995	6.840504
34986	-2388.519	-2572.975	184.4554	1.367998	0.4635995	6.816464
34992	-2389.089	-2574.956	185.8666	1.272431	0.5220397	6.050205
34998	-2391.093	-2577.553	186.4598	1.323323	0.4379229	5.776646
35004	-2384.582	-2565.712	181.1298	1.151456	0.4385448	8.733706
35010	-2414.685	-2599.296	184.6113	1.303767	0.6683739	6.598226
35016	-2415.295	-2602.334	187.0393	1.48162	0.4145963	5.395114
35022	-2386.044	-2573.03	186.9856	1.383894	0.3556097	5.54274
35028	-2385.42	-2573.414	187.9939	1.496965	0.2052001	5.128133
35034	-2384.276	-2573.205	188.9296	1.413579	0.3780649	4.419704
35040	-2372.69	-2555.988	183.2985	1.13684	0.4065963	7.617994
35046	-2387.168	-2572.23	185.0625	1.064907	0.3750536	6.741773
35052	-2386.237	-2572.462	186.2251	1.188715	0.3603214	6.060294
35058	-2385.627	-2570.083	184.4557	1.285807	0.5439644	6.789248
35064	-2396.584	-2577.754	181.1693	1.010191	0.3710658	8.856153
35070	-2383.561	-2569.437	185.8756	1.103886	0.3961827	6.257562
35076	-2391.425	-2577.593	186.1671	1.304363	0.3929198	5.99316
35082	-2379.433	-2564.593	185.1598	1.232196	0.4627141	6.509919
35088	-2376.075	-2563.914	187.8385	1.297851	0.5206941	4.95254
35094	-2379.198	-2563.694	184.4954	1.275158	0.4989815	6.812539
35100	-2396.877	-2577.915	181.038	0.9986968	0.2919851	9.023426
35106	-2392.391	-2572.887	180.4965	1.014889	0.3877229	9.192191
35112	-2391.536	-2575.775	184.2396	1.029594	0.3877229	7.190478
35118	-2399.417	-2583.644	184.2271	1.07691	0.3877229	7.171771
35124	-2404.463	-2592.156	187.6931	1.390103	0.3396396	5.167737
35130	-2390.922	-2578.044	187.122	1.246157	0.4741205	5.420412
35136	-2401.475	-2589.592	188.1172	1.355779	0.4466964	4.834874
35142	-2396.026	-2579.324	183.2985	1.16051	0.6909017	7.366339
35148	-2397.307	-2583.882	186.5752	1.372049	0.3642529	5.764493
35154	-2385.387	-2570.752	185.3651	1.350813	0.4171583	6.378999
35160	-2389.612	-2575.491	185.8792	1.284688	0.3237795	6.238894
35166	-2398.165	-2583.568	185.4028	1.484057	0.3237795	6.389322
35172	-2399.743	-2586.351	186.6081	1.489013	0.5598617	5.493298
35178	-2386.43	-2572.164	185.7342	1.220935	0.5598617	6.118141
35184	-2391.532	-2576.865	185.3331	1.309173	0.464194	6.372891
35190	-2391.805	-2576.145	184.3394	1.198804	0.4898786	6.94601
35196	-2406.989	-2591.482	184.4924	1.045848	0.4898786	6.94601
35202	-2387.391	-2572.478	185.0869	1.310412	0.4207775	6.547982
35208	-2404.89	-2589.382	184.4927	1.647168	0.2021078	6.96097
35214	-2397.603	-2582.023	184.4209	1.47158	0.6172232	6.648738
35220	-2401.336	-2579.973	178.6371	1.143154	0.4081896	10.08425
35226	-2392.375	-2576.61	184.2351	1.273371	0.3876699	7.061872
35232	-2385.811	-2571.033	185.2218	1.237466	0.3456078	6.595312
35238	-2404.173	-2589.719	185.5452	1.25367	0.5259754	6.231912
35244	-2398.947	-2582.084	183.1372	1.164126	0.4422197	7.654422
35250	-2405.952	-2591.344	185.3919	1.161354	0.5547914	6.340856
35256	-2399.327	-2582.549	183.2217	1.221319	0.4688842	7.553417
35262	-2395.635	-2581.969	186.3334	1.253485	0.4242856	5.897646
35268	-2395.727	-2586.098	190.3712	1.503367	0.3664474	3.557248
35274	-2397.477	-2584.669	187.1921	1.252012	0.3184612	5.545853
35280	-2398.734	-2583.527	184.7927	1.383262	0.4596463	6.629769
35286	-2410.944	-2597.995	187.0518	1.459141	0.6522076	5.191378
35292	-2404.493	-2592.097	187.6042	1.435057	0.4241371	5.098799
35298	-2400.537	-2587.713	187.1759	1.326417	0.7022275	5.159268
35304	-2383.576	-2572.465	188.8885	1.557536	0.7022275	4.068633
35310	-2402.216	-2586.047	183.8313	1.088525	0.3984326	7.366817
35316	-2394.297	-2581.021	186.724	1.309191	0.3852299	5.694279
35322	-2399.734	-2588.133	188.3991	1.539045	0.5007035	4.522465
35328	-2402.266	-2585.504	183.2384	1.228506	0.4324698	7.575268
35334	-2401.131	-2585.599	184.4679	1.242719	0.4606691	6.880075
35340	-2385.53	-2568.245	182.7152	1.095044	0.6092101	7.773774
35346	-2378.76	-2564.119	185.3597	1.369899	0.6606327	6.162028
35352	-2397.359	-2579.995	182.6361	1.294492	0.6606327	7.671045
35358	-2389.278	-2577.04	187.7621	1.37571	0.6383523	4.853883
35364	-2385.973	-2573.076	187.1036	1.382054	0.6213774	5.229112
35370	-2403.345	-2590.669	187.3243	1.37533	0.6823797	5.064334
35376	-2397.249	-2583.887	186.6379	1.268274	0.5417445	5.613568
35382	-2402.215	-2589.057	186.8419	1.332582	0.5834445	5.431156
35388	-2401.912	-2589.202	187.2899	1.507225	0.4037758	5.254031
35394	-2402.949	-2591.2	188.2519	1.507225	0.3455432	4.784973
35400	-2404.74	-2591.344	186.604	1.759095	0.2310678	5.708897
35406	-2412.328	-2600.819	188.4902	1.746949	0.2868934	4.591483
35412	-2410.518	-2595.173	184.6547	1.303555	0.4449263	6.76147
35418	-2415.483	-2600.562	185.0788	1.273801	0.5928629	6.418693
35424	-2398.905	-2581.574	182.6688	1.131607	0.6047247	7.78248
35430	-2419.321	-2602.512	183.1909	1.275605	0.6055929	7.42531
35436	-2407.284	-2593.851	186.5665	1.18673	0.3223371	5.919567
35442	-2414.28	-2597.244	182.9634	1.152283	0.2791261	7.935157
35448	-2400.029	-2586.197	186.1682	1.540047	0.418388	5.837293
35454	-2395.59	-2581.297	185.7076	1.25474	0.3740296	6.290724
35460	-2410.723	-2591.978	181.2546	1.00078	0.2879159	8.912773
35466	-2413.097	-2595.242	182.1449	1.110467	0.5096491	8.151056
35472	-2411.825	-2596.299	184.474	1.049126	0.4330484	7.007697
35478	-2405.814	-2591.429	185.6152	1.167056	0.4382185	6.321934
35484	-2398.142	-2581.361	183.2197	1.138208	0.4382185	7.628024
35490	-2394.632	-2582.438	187.8066	1.541377	0.3772674	4.977558
35496	-2386.792	-2575.399	188.6063	1.5366	0.4708733	4.435556
35502	-2396.66	-2584.152	187.492	1.548753	0.2297191	5.338385
35508	-2375.947	-2563.629	187.682	1.550602	0.4094906	5.006787
35514	-2387.988	-2574.682	186.6945	1.290044	0.3330629	5.780196
35520	-2379.559	-2565.802	186.2427	1.397342	0.5179118	5.780196
35526	-2391.731	-2579.836	188.1044	1.53195	0.7167735	4.516298
35532	-2398.902	-2586.002	187.1003	1.53195	0.4279894	5.320005
35538	-2402.937	-2589.948	187.0108	1.401308	0.3595449	5.514784
35544	-2398.511	-2586.367	187.8561	1.427157	0.4929254	4.896058
35550	-2389.931	-2577.741	187.8101	1.504282	0.394585	4.977252
35556	-2395.175	-2581.714	186.5387	1.32791	0.5686536	5.612575
35562	-2415.366	-2600.392	185.0269	1.273546	0.2734146	6.770422
35568	-2411.321	-2599.133	187.8121	1.472991	0.3510699	5.042378
35574	-2415.85	-2608.467	192.6173	2.073365	0.5072722	1.630886
35580	-2420.913	-2609.428	188.5147	1.523133	0.6476635	4.341676
35586	-2405.617	-2594.576	188.9592	1.686562	0.925338	3.804738
35592	-2403.848	-2590.103	186.2542	1.625962	0.3483448	5.819341
35598	-2396.891	-2579.997	183.1066	1.287308	0.3613768	7.688118
35604	-2392.886	-2579.766	186.8794	1.379064	0.4780325	5.477125
35610	-2391.566	-2576.554	184.9885	1.365591	0.4980413	6.497954
35616	-2395.381	-2581.773	186.3917	1.546225	0.5111966	5.622904
35622	-2400.115	-2586.824	186.7088	1.458675	0.5173505	5.49126
35628	-2399.588	-2586.269	186.681	1.407323	0.5680941	5.49126
35634	-2405.701	-2589.446	183.7453	1.182404	0.3680559	7.394957
35640	-2386.008	-2567.733	181.725	0.9879005	0.2992692	8.655981
35646	-2371.098	-2553.169	182.0709	0.9543046	0.3460526	8.434848
35652	-2382.213	-2562.981	180.7677	0.9421365	0.4133204	9.06111
35658	-2386.594	-2568.585	181.9906	1.084095	0.4533646	8.298137
35664	-2414.643	-2597.658	183.015	1.253434	0.5438356	7.581058
35670	-2406.433	-2592.436	186.0023	1.178003	0.5326182	6.018528
35676	-2404.043	-2590.039	185.9963	1.28717	0.5326182	5.962243
35682	-2406.258	-2590.1	183.8422	1.308269	0.3692022	7.274128
35688	-2383.343	-2569.423	186.0806	1.2602	0.3692022	6.090166
35694	-2388.508	-2576.237	187.7291	1.309233	0.6861787	4.873246
35700	-2385.439	-2572.104	186.6653	1.482477	0.8890177	5.23256
35706	-2387.342	-2574.181	186.8388	1.422517	0.4808328	5.472938
35712	-2400.847	-2585.626	184.7793	1.253007	0.3878391	6.779361
35718	-2401.213	-2585.376	184.1628	1.278582	0.6001832	6.905486
35724	-2400.58	-2588.474	187.8933	1.378777	0.549612	4.851535
35730	-2395.6	-2579.053	183.4526	1.220648	0.3157946	7.591256
35736	-2386.615	-2570.81	184.1952	1.234556	0.5184362	6.979136
35742	-2395.609	-2580.044	184.4359	1.437394	0.3490064	6.90782
35748	-2384.795	-2569.355	184.5597	1.431189	0.2961503	6.90782
35754	-2391.495	-2577.025	185.5294	1.399645	0.2961503	6.400642
35760	-2385.163	-2574.315	189.1518	1.534202	0.4642697	4.134603
35766	-2398.04	-2585.838	187.7987	1.56934	0.3932176	4.948851
35772	-2388.342	-2575.423	187.0816	1.364166	0.41639	5.434676
35778	-2398.01	-2583.509	185.4986	1.364166	0.3427433	6.379981
35784	-2385.5	-2569.35	183.85	1.143459	0.6122645	7.137239
35790	-2375.368	-2559.745	184.3768	1.186622	0.4432419	6.976055
35796	-2375.175	-2561.65	186.4742	1.270368	0.4432419	5.792519
35802	-2382.5	-2566.948	184.4485	1.172291	0.3531397	7.039136
35808	-2376.214	-2558.208	181.9942	1.127268	0.3418165	8.388464
35814	-2379.495	-2563.038	183.5427	1.078815	0.5569171	7.381006
35820	-2378.561	-2566.15	187.5892	1.379037	0.4481849	5.113981
35826	-2373.947	-2563.058	189.1118	1.521891	0.5809444	4.057652
35832	-2399.442	-2588.018	188.5757	1.404774	0.5299691	4.472008
35838	-2373.939	-2561.855	187.9166	1.417532	0.5680918	4.80116
35844	-2398.959	-2588.032	189.0735	1.645227	0.5367715	4.047651
35850	-2389.686	-2578.752	189.0656	1.774304	0.4635477	4.047651
35856	-2399.731	-2590.771	191.04	1.867952	0.5488271	2.750466
35862	-2385.698	-2575.553	189.8551	1.547469	0.4607392	3.727572
35868	-2392.783	-2583.804	191.0201	1.707481	0.4735245	2.934369
35874	-2385.215	-2574.407	189.1914	1.470754	0.4410905	4.171496
35880	-2381.77	-2568.493	186.7222	1.540056	0.4393227	5.512409
35886	-2385.619	-2572.481	186.8619	1.27872	0.4393227	5.579291
35892	-2391.647	-2577.58	185.9331	1.304476	0.4393227	6.073206
35898	-2398.842	-2583.512	184.6696	1.254719	0.5591083	6.677863
35904	-2399.498	-2586.657	187.1593	1.370231	0.400364	5.405293
35910	-2393.742	-2578.729	184.9869	1.433478	0.3875126	6.569974
35916	-2395.752	-2580.921	185.1694	1.152637	0.2980603	6.726746
35922	-2388.52	-2573.268	184.7489	1.253794	0.3865946	6.79669
35928	-2396.603	-2580.848	184.2453	1.259786	0.4379141	7.012629
35934	-2405.174	-2589.724	184.5502	1.136882	0.4010674	6.951671
35940	-2394.958	-2579.537	184.5789	1.176326	0.3666685	6.951671
35946	-2391.977	-2576.474	184.4973	1.298357	0.3170315	6.987169
35952	-2386.278	-2574.088	187.8096	1.310227	0.4171037	5.061415
35958	-2390.785	-2571.902	181.1175	1.05748	0.368457	8.861365
35964	-2387.361	-2569.326	181.9646	1.033738	0.4319919	8.359209
35970	-2392.29	-2575.389	183.0993	1.08273	0.3270299	7.840481
35976	-2404.176	-2588.563	184.3862	1.149647	0.4027844	7.03131
35982	-2389.746	-2575.461	185.7151	1.290169	0.3775727	6.263515
35988	-2388.925	-2573.366	184.4414	1.220348	0.3775727	6.990149
35994	-2383.909	-2567.392	183.4826	1.098406	0.4069512	7.539661
36000	-2392.668	-2577.186	184.5173	1.217095	0.4069512	6.92012
36006	-2394.525	-2582.287	187.7614	1.416411	0.6355398	4.83377
36012	-2377.623	-2564.876	187.2529	1.442128	0.578778	5.147518
36018	-2389.645	-2576.286	186.6407	1.428083	0.6508169	5.436457
36024	-2380.08	-2567.563	187.4836	1.483392	0.6414262	4.946635
36030	-2389.798	-2580.238	190.4392	1.688676	0.5728485	3.197468
36036	-2385.81	-2575.814	190.0038	1.772574	0.7015683	3.299052
36042	-2384.706	-2570.089	185.3823	1.279292	0.5463063	6.28914
36048	-2401.086	-2588.067	186.9813	1.584858	0.5531062	5.240343
36054	-2393.083	-2578.552	185.4693	1.428295	0.4630298	6.235318
36060	-2384.844	-2568.775	183.9313	1.277862	0.5806779	7.04603
36066	-2379.582	-2565.442	185.8597	1.238994	0.5210955	6.07303
36072	-2377.3	-2563.478	186.1781	1.480651	0.4348042	5.847808
36078	-2399.922	-2589.314	189.3919	1.56193	0.5002729	3.946959
36084	-2398.572	-2589.964	191.3922	1.751254	0.6814088	2.487619
36090	-2400.817	-2591.785	190.968	1.840605	0.6142481	2.75169
36096	-2392.491	-2583.377	190.8858	1.858571	0.5362051	2.862
36102	-2384.977	-2575.825	190.8483	1.964593	0.493879	2.862
36108	-2380.385	-2571.6	191.2141	1.964593	0.493879	2.638453
36114	-2389.85	-2577.385	187.5347	1.743085	0.851566	4.626851
36120	-2402.12	-2590.108	187.9874	1.807036	1.150405	4.166047
36126	-2388.086	-2578.109	190.0228	1.752231	0.7060019	3.296457
36132	-2400.262	-2590.931	190.6693	1.673437	0.7060019	2.958533
36138	-2396.813	-2587.876	191.0626	1.907709	0.3274863	2.958533
36144	-2390.446	-2580.291	189.8445	1.919128	0.4559691	3.523058
36150	-2404.673	-2594.809	190.1359	1.676852	0.4286647	3.523058
36156	-2396.802	-2582.125	185.3233	1.502502	0.2902837	6.464117
36162	-2398.409	-2583.851	185.4418	1.429547	0.4447243	6.267182
36168	-2391.571	-2577.19	185.6193	1.208618	0.4694139	6.267182
36174	-2388.196	-2573.555	185.3589	1.16275	0.5864439	6.332105
36180	-2391.433	-2577.181	185.7476	1.36092	0.3703715	6.215262
36186	-2382.282	-2569.127	186.8448	1.278613	0.3703715	5.661137
36192	-2384.611	-2571.243	186.632	1.441447	0.3955571	5.661137
36198	-2386.299	-2574.298	187.9995	1.581175	0.3639434	4.863084
36204	-2386.777	-2573.737	186.9597	1.390979	0.7457057	5.212582
36210	-2384.996	-2572.754	187.7571	1.550874	0.7724218	4.6617
36216	-2388.769	-2574.755	185.9851	1.450506	0.46606	5.939365
36222	-2400.956	-2582.396	181.4405	0.9121294	0.346154	8.791753
36228	-2399.481	-2584.568	185.0864	1.258228	0.5572371	6.451979
36234	-2387.554	-2573.368	185.8142	1.39346	0.4141126	6.114814
36240	-2401.687	-2592.466	190.7793	1.708904	0.3658011	3.197801
36246	-2393.315	-2585.002	191.687	1.76157	0.3658011	2.61749
36252	-2385.846	-2575.354	189.508	1.750181	0.5160207	3.757252
36258	-2375.046	-2564.526	189.4798	1.585329	0.645466	3.757252
36264	-2380.146	-2570.466	190.3193	1.65854	0.4838119	3.369644
36270	-2391.564	-2580.399	188.8345	1.513179	0.4747783	4.316196
36276	-2391.641	-2579.912	188.2707	1.513179	0.3935717	4.716562
36282	-2384.508	-2571.386	186.8775	1.476916	0.3935717	5.508962
36288	-2388.073	-2573.009	184.9361	1.168295	0.4417064	6.685664
36294	-2393.323	-2577.97	184.6479	1.277736	0.5498811	6.684867
36300	-2400.653	-2585.333	184.6802	1.245412	0.5498811	6.684867
36306	-2384.13	-2570.289	186.1593	1.410676	0.3893215	5.94324
36312	-2388.262	-2571.043	182.781	1.21198	0.2491207	8.041024
36318	-2379.423	-2566.395	186.972	1.327474	0.5251535	5.411735
36324	-2369.03	-2556.031	187.0005	1.327474	0.5075256	5.411735
36330	-2385.607	-2571.617	186.01	1.290992	0.499454	5.981953
36336	-2384.766	-2568.959	184.1933	1.258071	0.4512535	7.028678
36342	-2388.561	-2573.743	185.1819	1.268871	0.6237073	6.34136
36348	-2377.933	-2563.126	185.1929	1.257816	0.6237073	6.34136
36354	-2380.509	-2565.075	184.5658	1.262141	0.5084669	6.773167
36360	-2399.304	-2585.37	186.0658	1.431163	0.3885233	5.983965
36366	-2390.05	-2576.4	186.3503	1.463337	0.6289256	5.593485
36372	-2393.959	-2580.49	186.531	1.373877	0.5663523	5.593485
36378	-2392.551	-2579.81	187.2592	1.632999	0.4693966	5.13546
36384	-2402.617	-2589.397	186.7799	1.310868	0.3084751	5.752041
36390	-2398.907	-2584.21	185.3032	1.27364	0.4907158	6.383783
36396	-2400.644	-2588.99	188.3462	1.249159	0.4956557	4.719388
36402	-2390.482	-2578.777	188.2955	1.534802	0.3901702	4.694344
36408	-2406.346	-2595.282	188.936	1.676636	0.7095932	3.96807
36414	-2408.577	-2598.339	189.7621	1.598771	0.7095932	3.536349
36420	-2394.844	-2584.967	190.123	1.755439	0.4759493	3.435728
36426	-2391.011	-2581.847	190.8361	1.708526	0.6355094	2.893888
36432	-2390.138	-2580.757	190.6188	1.863152	0.7301059	2.855891
36438	-2393.932	-2585.342	191.4105	1.969053	0.4232451	2.591036
36444	-2393.685	-2585.088	191.4021	1.899621	0.5574329	2.499011
36450	-2407.289	-2597.524	190.2344	1.964123	0.6642166	3.078054
36456	-2395.921	-2586.18	190.2584	1.938399	0.6579306	3.084215
36462	-2384.636	-2573.72	189.0838	1.631146	0.7564556	3.875623
36468	-2400.192	-2587.578	187.3859	1.503179	0.709398	4.939446
36474	-2404.686	-2593.381	188.6953	1.591924	0.5506157	4.280609
36480	-2398.58	-2587.611	189.0306	1.971268	0.2322344	4.239095
36486	-2403.477	-2590.115	186.6382	1.934386	0.3422674	5.446487
36492	-2400.657	-2591.032	190.3756	1.701102	0.4011172	3.39905
36498	-2413.41	-2602.197	188.7871	2.045417	0.8808618	3.724711
36504	-2419.783	-2608.833	189.0496	1.664395	0.8808618	3.793091
36510	-2406.004	-2595.969	189.9646	1.650014	0.6610924	3.425653
36516	-2403.707	-2591.25	187.543	1.357866	0.4019518	5.198651
36522	-2393.396	-2581.218	187.8219	1.290112	0.5381424	4.950633
36528	-2389.477	-2577.348	187.8706	1.379616	0.4550576	4.950633
36534	-2396.142	-2583.585	187.4428	1.376023	0.7491284	4.950633
36540	-2403.387	-2586.249	182.862	1.157462	0.55606	7.704103
36546	-2388.95	-2575.919	186.9699	1.311911	0.4223522	5.518773
36552	-2377.027	-2563.089	186.0621	1.338507	0.300201	6.139291
36558	-2387.84	-2573.505	185.665	1.237693	0.5687719	6.139291
36564	-2388.917	-2574.76	185.8429	1.252476	0.4509469	6.139291
36570	-2385.713	-2572.733	187.0202	1.361929	0.4287739	5.457062
36576	-2392.248	-2580.631	188.3834	1.393881	0.535155	4.581641
36582	-2392.795	-2580.531	187.7359	1.427213	0.5663808	4.897967
36588	-2380.822	-2566.822	185.9995	1.350233	0.5699858	5.894548
36594	-2381.246	-2570.076	188.8299	1.492541	0.6629788	4.168583
36600	-2392.671	-2581.666	188.995	1.469079	0.5640917	4.168583
36606	-2388.904	-2576.219	187.3152	1.486299	0.5640917	5.100803
36612	-2381.124	-2570.66	189.5359	1.583728	0.3629102	3.996577
36618	-2386.733	-2573.475	186.7422	1.29264	0.6989716	5.419741
36624	-2397.17	-2585.418	188.2478	1.293627	0.4325365	4.810931
36630	-2401.592	-2587.316	185.724	1.274668	0.3020579	6.355359
36636	-2408.35	-2594.184	185.8336	1.352693	0.3711517	6.172093
36642	-2411.329	-2597.982	186.6533	1.280097	0.4731099	5.660304
36648	-2409.315	-2593.66	184.3453	1.173621	0.7314575	6.767972
36654	-2405.158	-2590.508	185.3495	1.341504	0.3784663	6.433127
36660	-2408.033	-2594.575	186.5413	1.450816	0.2888419	5.831139
36666	-2405.642	-2591.779	186.1371	1.231851	0.6367605	5.831139
36672	-2411.278	-2595.606	184.328	1.033242	0.495661	7.036123
36678	-2403.688	-2585.697	182.0087	0.9989849	0.495661	8.295219
36684	-2394.109	-2579.453	185.3438	1.264695	0.3594677	6.498785
36690	-2401.379	-2589.289	187.91	1.435384	0.3927188	4.962007
36696	-2387.046	-2573.328	186.282	1.648903	0.2903406	5.862658
36702	-2390.413	-2574.782	184.3688	1.13163	0.5313593	6.929957
36708	-2391.231	-2577.938	186.7075	1.279951	0.417748	5.685098
36714	-2393.998	-2577.549	183.5509	1.151477	0.3671602	7.516679
36720	-2397.393	-2578.458	181.0658	1.166813	0.3671602	8.83218
36726	-2403.411	-2589.001	185.5899	1.362509	0.4648315	6.203816
36732	-2396.787	-2581.103	184.3157	1.184339	0.28015	7.192623
36738	-2394.568	-2581.884	187.3161	1.265967	0.5734436	5.214489
36744	-2393.158	-2579.033	185.8748	1.185598	0.5014345	6.111294
36750	-2392.18	-2578.635	186.4545	1.425043	0.3378101	5.831993
36756	-2398.68	-2584.033	185.3524	1.52688	0.6578409	6.082592
36762	-2412.125	-2598.755	186.6294	1.469474	0.8023905	5.313818
36768	-2399.614	-2588.288	188.6737	1.367851	0.4976238	4.46716
36774	-2398.007	-2583.444	185.4372	1.218222	0.4622917	6.367534
36780	-2408.718	-2593.651	184.9328	1.356806	0.7072597	6.367534
36786	-2411.473	-2596.819	185.3463	1.260254	0.3155186	6.551224
36792	-2398.036	-2582.418	184.3815	1.208421	0.3792053	7.027041
36798	-2397.525	-2581.664	184.1388	1.285738	0.6120058	6.905403
36804	-2398.731	-2585.91	187.1795	1.40356	0.6120058	5.182638
36810	-2402.11	-2588.642	186.5325	1.371811	0.6302557	5.542645
36816	-2404.192	-2590.998	186.8056	1.298262	0.4991516	5.542645
36822	-2390.503	-2577.151	186.648	1.5974	0.8173551	5.223234
36828	-2393.638	-2581.846	188.2076	1.301053	0.493268	4.770049
36834	-2392.222	-2580.269	188.0469	1.461779	0.493268	4.770049
36840	-2396.625	-2585.3	188.6759	1.589429	0.493268	4.345089
36846	-2393.684	-2582.342	188.6584	1.59321	0.4209859	4.424675
36852	-2415.145	-2601.841	186.6962	1.68446	1.143776	4.963475
36858	-2411.994	-2598.583	186.589	1.513566	0.6653896	5.406954
36864	-2402.9	-2588.051	185.1518	1.498885	0.4290174	6.402433
36870	-2402.907	-2587.412	184.5047	1.170742	0.3263277	7.040741
36876	-2393.726	-2580.998	187.2724	1.300286	0.3872443	5.395642
36882	-2383.622	-2571.114	187.4928	1.560614	0.3872443	5.130028
36888	-2402.649	-2590.393	187.7432	1.500868	0.3606279	5.054077
36894	-2408.234	-2590.046	181.812	1.24965	0.5009069	8.261874
36900	-2410.377	-2597.022	186.6457	1.214837	0.4545402	5.718011
36906	-2411.689	-2599.076	187.3872	1.395434	0.3618054	5.308074
36912	-2413.647	-2598.805	185.1584	1.19668	0.3954852	6.596876
36918	-2401.622	-2586.727	185.1051	1.69331	0.3114216	6.45231
36924	-2402.5	-2589.069	186.5688	1.340383	0.406794	5.739296
36930	-2409.226	-2595.324	186.0979	1.341966	0.7090905	5.739296
36936	-2394.053	-2581.958	187.9049	1.465391	0.4313783	4.907484
36942	-2385.268	-2575.146	189.8785	1.510881	0.4441021	3.752229
36948	-2383.499	-2572.838	189.3389	1.533109	0.4750955	4.017929
36954	-2378.027	-2565.063	187.0352	1.441504	0.9754343	4.999814
36960	-2388.735	-2577.019	188.2848	1.574758	0.4939731	4.572909
36966	-2386.636	-2573.881	187.245	1.400942	0.4697958	5.271319
36972	-2394.49	-2582.367	187.8766	1.390229	0.5692845	4.837711
36978	-2394.152	-2584.02	189.8684	1.548082	0.3936016	3.791038
36984	-2375.949	-2564.176	188.227	1.526021	0.5643898	4.569863
36990	-2392.852	-2580.995	188.1433	1.501123	0.6391817	4.569863
36996	-2389.331	-2575.605	186.2737	1.389231	0.7569643	5.583903
37002	-2394.893	-2578.805	183.9123	1.389231	0.6856715	6.917089
37008	-2402.523	-2591.313	188.7894	1.441668	0.5502733	4.312695
37014	-2395.761	-2580.609	184.848	1.366295	0.5235073	6.551189
37020	-2398.608	-2588.466	189.8578	1.542591	0.4879398	3.701892
37026	-2405.473	-2593.296	187.8233	1.542591	0.6455037	4.721048
37032	-2393.848	-2581.408	187.5604	1.505345	0.6189806	4.909193
37038	-2380.245	-2569.17	188.9242	1.563925	0.7408991	4.016514
37044	-2388.61	-2578.088	189.4774	1.620455	0.6281707	3.752274
37050	-2389.561	-2577.97	188.4084	1.566826	0.6425224	4.381023
37056	-2405.881	-2595.066	189.1848	1.461858	0.5173063	4.106398
37062	-2383.635	-2571.634	187.9993	1.461858	0.7333544	4.602885
37068	-2392.244	-2582.048	189.8043	1.495584	0.5585315	3.69456
37074	-2375.079	-2562.66	187.5801	1.752777	1.153238	4.425778
37080	-2377.352	-2566.216	188.8643	1.602332	0.8434512	3.959066
37086	-2382.357	-2572.287	189.929	1.602332	0.6982071	3.445485
37092	-2392.384	-2581.983	189.5987	1.675906	0.78619	3.531268
37098	-2387.882	-2578.95	191.0686	1.870425	0.4935476	2.785683
37104	-2385.896	-2576.94	191.044	1.78811	0.5230956	2.821367
37110	-2381.62	-2572.92	191.3001	1.777852	0.2898313	2.945597
37116	-2391.526	-2581.443	189.9166	1.504747	0.3818263	3.801534
37122	-2375.96	-2563.85	187.8902	1.439368	0.6998604	4.700596
37104	-2430.629	-2619.848	189.2183	1.641713	0.6445693	3.875967
37110	-2400.981	-2590.352	189.3706	1.772725	0.6762904	3.687949
37116	-2402.452	-2591.985	189.5332	1.686068	0.6210552	3.687949
37122	-2409.046	-2598.575	189.5292	1.690056	0.6210552	3.687949
37128	-2412.429	-2601.938	189.5092	1.710068	0.6210552	3.687949
37134	-2404.231	-2593.982	189.7518	1.611228	0.7582283	3.499452
37140	-2414.119	-2603.853	189.7343	1.611228	0.7725533	3.499452
37146	-2405.914	-2595.649	189.7343	1.611228	0.7725533	3.499452
37152	-2402.736	-2591.992	189.2564	1.592658	0.4495798	4.056464
37158	-2400.811	-2590.189	189.3785	1.470571	0.4495798	4.056464
37164	-2402.043	-2590.079	188.0358	1.529335	0.3271178	4.915343
37170	-2394.995	-2582.867	187.8714	1.383598	0.5507662	4.860106
37176	-2384.796	-2572.628	187.832	1.422921	0.5507662	4.860106
37182	-2395.112	-2580.654	185.5417	1.337659	0.5942801	6.131397
37188	-2403.574	-2587.912	184.3379	1.292021	0.3811235	7.003455
37194	-2396.042	-2580.545	184.503	1.126911	0.3811235	7.003455
37200	-2404.193	-2587.431	183.238	1.234772	0.4707266	7.535773
37206	-2401.069	-2584.728	183.6597	0.9964154	0.372361	7.535773
37212	-2395.573	-2579.072	183.4986	1.042455	0.4322616	7.535773
37218	-2402.59	-2586.077	183.4873	1.053734	0.4322616	7.535773
37224	-2394.246	-2577.715	183.4687	1.072333	0.4322616	7.535773
37230	-2400.976	-2584.527	183.5508	1.17897	0.6170007	7.275287
37236	-2393.448	-2576.999	183.5508	1.17897	0.6170007	7.275287
37242	-2389.511	-2571.818	182.3068	1.146579	0.4365976	8.112509
37248	-2398.049	-2580.427	182.3785	1.012899	0.4717021	8.112509
37254	-2398.154	-2581.405	183.2504	1.205535	0.4665809	7.54862
37260	-2406.973	-2590.639	183.6661	1.205535	0.3926487	7.398688
37266	-2398.754	-2580.872	182.1172	1.040375	0.4634448	8.244618
37272	-2394.753	-2576.543	181.7902	1.314556	0.4944564	8.244618
37278	-2387.889	-2571.178	183.289	0.9825732	0.3801994	7.733116
37284	-2409.672	-2592.397	182.7256	0.9825732	0.3623107	8.053217
37290	-2409.713	-2591.706	181.9924	1.335708	0.7086761	7.958906
37296	-2396.896	-2579.537	182.6404	1.052749	0.3804314	8.041642
37302	-2403.336	-2584.09	180.7536	0.9652797	0.564391	8.9214
37308	-2409.338	-2592.22	182.8823	0.9825156	0.5361695	7.803302
37314	-2412.414	-2599.29	186.8755	1.305617	0.6388939	5.383672
37320	-2400.907	-2582.369	181.4618	1.19397	0.7392202	8.296467
37326	-2401.926	-2585.764	183.8382	1.500346	1.098928	6.651494
37332	-2405.825	-2594.957	189.1317	1.530096	0.4571267	4.155466
37338	-2405.85	-2594.953	189.1021	1.559742	0.4571267	4.155466
37344	-2394.6	-2582.398	187.7982	1.575568	0.524916	4.816499
37350	-2394.344	-2582.399	188.0546	1.484195	0.4383056	4.806547
37356	-2400.217	-2588.272	188.0546	1.484195	0.4383056	4.806547
37362	-2403.697	-2588.232	184.5356	1.062928	0.4833382	6.919462
37368	-2403.792	-2588.321	184.5286	1.069916	0.4833382	6.919462
37374	-2404.943	-2594.608	189.6655	1.494725	0.572745	3.762782
37380	-2413.634	-2603.075	189.4403	1.557256	0.6884799	3.762782
37386	-2410.332	-2599.8	189.4675	1.607326	0.5383163	3.842362
37392	-2406.166	-2596.317	190.1514	1.676	0.8142649	3.187035
37398	-2393.023	-2582.345	189.3217	1.676	0.6269107	3.811024
37404	-2397.599	-2587.034	189.4346	1.784662	1.06561	3.38977
37410	-2388.51	-2578.685	190.1749	1.69034	0.7550695	3.206575
37416	-2393.163	-2583.382	190.219	1.69034	0.7199039	3.206575
37422	-2386.117	-2575.412	189.2945	1.595319	0.4718435	4.010978
37428	-2396.356	-2584.343	187.9872	1.545228	0.4460827	4.80232
37434	-2398.147	-2586.523	188.3756	1.610461	0.4460827	4.548319
37440	-2398.687	-2588.832	190.1453	1.610461	0.4460827	3.537843
37446	-2403.318	-2593.464	190.1453	1.610461	0.4460827	3.537843
37452	-2406.227	-2594.48	188.2531	1.375469	0.3609061	4.839891
37458	-2395.257	-2582.064	186.8069	1.435737	0.3923729	5.571649
37464	-2398.383	-2584.12	185.7369	1.473807	0.3923729	6.135872
37470	-2398.001	-2582.956	184.9553	1.473807	0.9562018	6.135872
37476	-2387.652	-2573.666	186.0138	1.517173	0.4655255	5.887783
37482	-2390.413	-2576.543	186.1303	1.52198	0.3992483	5.887783
37488	-2389.094	-2572.256	183.1619	1.302109	0.5008763	7.513222
37494	-2405.112	-2590.138	185.0261	1.302109	0.5916155	6.432907
37500	-2392.53	-2574.853	182.3232	1.06648	0.4705667	8.114458
37506	-2392.848	-2576.18	183.3325	0.998393	0.4392394	7.64147
37512	-2417.815	-2601.649	183.8335	1.055881	0.3880373	7.394029
37518	-2418.726	-2602.107	183.3817	1.044973	0.3880373	7.64186
37524	-2398.623	-2582.222	183.5995	1.174608	0.3880373	7.455844
37530	-2397.296	-2581.023	183.7274	1.046676	0.3880373	7.455844
37536	-2397.701	-2581.299	183.598	1.176062	0.3880373	7.455844
37542	-2394.021	-2575.779	181.7583	1.202441	0.3880373	8.42353
37548	-2385.119	-2567.213	182.0942	1.076212	0.2908333	8.42353
37554	-2404.972	-2590.221	185.2488	1.278896	0.3859353	6.513533
37560	-2407.081	-2594.989	187.9078	1.383862	0.3859353	4.999274
37566	-2404.124	-2591.505	187.3815	1.439431	0.4980173	5.148081
37572	-2399.939	-2589.471	189.5313	1.439431	0.4948223	3.942427
37578	-2406.365	-2595.888	189.5236	1.522698	0.4948223	3.899111
37584	-2425.256	-2614.606	189.3505	1.604521	0.4948223	3.951418
37590	-2414.176	-2601.504	187.3285	1.62715	0.4577329	5.111537
37596	-2403.531	-2591.296	187.7647	1.799217	0.4577329	4.773205
37602	-2406.094	-2590.847	184.7538	1.124325	0.4544014	6.795661
37608	-2401.805	-2586.947	185.1419	1.144413	0.4118097	6.617169
37614	-2402.563	-2586.245	183.6823	1.131144	0.4118097	7.410181
37620	-2402.172	-2586.74	184.5677	1.179147	0.4814256	6.841249
37626	-2405.188	-2585.626	180.4382	1.353911	0.5280603	8.912534
37632	-2390.916	-2571.724	180.8086	1.208099	0.3995497	8.912534
37638	-2393.362	-2579.724	186.3624	1.364177	0.7546774	5.550487
37644	-2409.997	-2597.616	187.6184	1.579078	0.4773349	4.958468
37650	-2418.568	-2606.24	187.6721	1.39744	0.3659924	5.144699
37656	-2421.646	-2605.771	184.1251	1.427345	0.3659924	7.061625
37662	-2415.782	-2604.903	189.1206	1.963766	0.3789791	3.998072
37668	-2395.599	-2586.659	191.0604	1.708012	0.4490579	2.93555
37674	-2393.248	-2580.929	187.6808	1.554498	0.3422351	5.080365
37680	-2399.868	-2581.533	181.6658	0.8949884	0.4349825	8.588796
37686	-2393.359	-2579.295	185.9355	1.357454	0.4013971	6.081556
37692	-2380.895	-2566.982	186.0876	1.205331	0.4013971	6.081556
37698	-2384.746	-2569.143	184.3976	1.235863	0.4899754	6.894615
37704	-2384.322	-2568.893	184.5717	1.222385	0.3715517	6.925414
37710	-2382.523	-2566.852	184.3284	1.235926	0.3899014	7.02944
37716	-2379.615	-2563.838	184.2235	1.340874	0.3899014	7.02944
37722	-2382.167	-2570.113	187.9464	1.340874	0.4112358	4.974522
37728	-2388.437	-2575.875	187.4383	1.340874	0.4112358	5.256142
37734	-2379.04	-2563.951	184.9117	1.169078	0.4112358	6.728798
37740	-2392.441	-2577.226	184.7853	1.295518	0.4112358	6.728798
37746	-2397.757	-2584.294	186.5376	1.232787	0.4112358	5.810669
37752	-2390.119	-2575.396	185.2777	1.232787	0.4112358	6.496412
37758	-2394.968	-2580.05	185.0819	1.25102	0.5126776	6.496412
37764	-2403.081	-2588.978	185.8976	1.25102	0.3512212	6.214973
37770	-2395.153	-2581.066	185.9133	1.365155	0.3625615	6.131513
37776	-2397.946	-2583.74	185.7945	1.235237	0.4975347	6.131513
37782	-2393.468	-2578.133	184.6655	1.212195	0.7597807	6.554989
37788	-2390.109	-2575.861	185.7517	1.374711	0.705675	5.913144
37794	-2398.905	-2580.741	181.8362	1.191495	0.4855049	8.293639
37800	-2391.994	-2577.158	185.1641	1.244046	0.351644	6.616065
37806	-2412.049	-2600.508	188.4591	1.377428	0.3019527	4.795767
37812	-2384.38	-2569.968	185.588	1.265347	0.4987657	6.226374
37818	-2394.008	-2579.756	185.7481	1.157476	0.4584118	6.235383
37824	-2385.19	-2569.096	183.9064	1.144611	0.4311053	7.263451
37830	-2378.373	-2562.105	183.7328	1.318155	0.4311053	7.263451
37836	-2383.501	-2565.907	182.4057	1.125695	0.4311053	8.0763
37842	-2391.888	-2576.226	184.3385	1.345189	0.3636765	6.993514
37848	-2379.021	-2565.281	186.2599	1.345189	0.3636765	5.95218
37854	-2376.258	-2562.34	186.0824	1.313972	0.4722895	5.954926
37860	-2376.389	-2564.21	187.821	1.506336	0.5731705	4.800735
37866	-2373.122	-2561.995	188.8728	1.506336	0.5485558	4.230345
37872	-2386.33	-2574.583	188.2532	1.678668	0.8961228	4.230345
37878	-2376.966	-2565.37	188.404	1.686859	0.7381175	4.244539
37884	-2370.02	-2559.37	189.35	1.631484	0.6043486	3.83889
37890	-2373.265	-2562.532	189.2662	1.631484	0.6643098	3.83889
37896	-2381.197	-2570.324	189.127	1.77068	0.6643098	3.83889
37902	-2376.298	-2566.527	190.229	1.797625	0.6088344	3.226116
37908	-2387.853	-2578.155	190.3022	1.797625	0.6088344	3.182761
37914	-2407.75	-2598.268	190.5181	1.724835	0.5449285	3.154531
37920	-2396.202	-2584.989	188.7869	1.373124	0.3822791	4.518138
37926	-2392.059	-2580.675	188.6155	1.373124	0.4753041	4.518138
37932	-2392.503	-2578.31	185.8077	1.332499	0.6177534	5.970743
37938	-2397.527	-2583.46	185.9327	1.332499	0.5343243	5.970743
37944	-2392.371	-2578.32	185.9487	1.316433	0.5343243	5.970743
37950	-2390.847	-2579.059	188.212	1.398818	0.6508031	4.579746
37956	-2389.189	-2577.787	188.5982	1.443916	0.6508031	4.336833
37962	-2389.327	-2578.011	188.6846	1.427747	0.7234228	4.242828
37968	-2390.805	-2579.655	188.8495	1.427747	0.5430917	4.292886
37974	-2394.251	-2581.941	187.6906	1.418143	0.5379929	4.952589
37980	-2388.497	-2576.664	188.1677	1.418143	0.6238808	4.614768
37986	-2384.332	-2572.529	188.1973	1.578393	0.6238808	4.508157
37992	-2385.163	-2573.992	188.8293	1.475584	0.6275894	4.206276
37998	-2387.346	-2576.265	188.9191	1.475584	0.5660802	4.206276
38004	-2386.43	-2576.202	189.772	1.704961	0.6172097	3.541586
38010	-2398.376	-2587.942	189.5657	1.704961	0.7747305	3.541586
38016	-2401.001	-2590.592	189.5911	1.704961	0.7539004	3.541586
38022	-2411.908	-2599.971	188.0628	1.704961	0.7539004	4.416099
38028	-2400.056	-2588.226	188.1698	1.599186	0.7063091	4.449213
38034	-2402.167	-2590.858	188.691	1.599186	0.7063091	4.154324
38040	-2391.303	-2579.806	188.5032	1.533819	0.7063091	4.297917
38046	-2395.512	-2584.915	189.4031	1.533819	0.5789068	3.885927
38052	-2387.762	-2574.848	187.0859	1.409112	0.7987258	5.097123
38058	-2398.657	-2583.042	184.3853	1.101459	0.6142812	6.870063
38064	-2396.458	-2581.433	184.9753	1.067983	0.4332956	6.72693
38070	-2400.081	-2585.091	185.0105	1.271831	0.31518	6.72693
38076	-2386.765	-2569.686	182.9212	1.088002	0.5280212	7.733047
38082	-2390.763	-2572.861	182.0978	1.044316	0.3389621	8.380752
38088	-2392.679	-2579.188	186.5091	1.357909	0.343311	5.832414
38094	-2398.224	-2584.543	186.3193	1.357909	0.4401662	5.832414
38100	-2395.498	-2583.514	188.016	1.61347	0.5618486	4.64134
38106	-2384.617	-2574.787	190.1694	1.61347	0.4885427	3.479118
38112	-2386.978	-2576.884	189.9057	1.591227	0.4885427	3.645419
38118	-2386.157	-2575.408	189.2511	1.591227	0.5928541	3.928353
38124	-2382.159	-2571.426	189.2666	1.575679	0.5928541	3.928353
38130	-2395.203	-2583.466	188.2634	1.630586	0.8685567	4.268995
38136	-2398.989	-2588.266	189.2763	1.540052	0.5643687	3.967556
38142	-2409.962	-2598.843	188.8812	1.540052	0.3637054	4.392103
38148	-2412.598	-2601.152	188.5539	1.700132	0.3637054	4.486352
38154	-2402.211	-2591.682	189.4717	1.501582	0.5360418	3.902727
38160	-2390.306	-2577.084	186.7775	1.494009	0.4742472	5.473513
38166	-2409.751	-2595.922	186.1715	1.380291	0.8467343	5.586856
38172	-2403.645	-2592.112	188.4671	1.770373	0.4194463	4.43425
38178	-2408.32	-2595.215	186.8952	1.698357	0.4194463	5.350095
38184	-2409.376	-2597.957	188.5807	1.763143	0.3698121	4.428733
38190	-2407.536	-2590.385	182.8493	1.197134	0.3698121	7.864564
38196	-2404.158	-2586.32	182.1617	1.1361	0.5637208	8.083106
38202	-2402.341	-2586.3	183.959	1.241236	0.5637208	7.064542
38208	-2401.263	-2590.6	189.3373	1.788976	0.4191448	3.929714
38214	-2390.326	-2579.827	189.5003	1.448147	0.522049	3.929714
38220	-2392.4	-2576.547	184.1479	1.251629	0.7156663	6.843195
38226	-2384.193	-2568.514	184.3212	1.144953	0.6650235	6.843195
38232	-2407.16	-2592.663	185.5028	1.341081	0.5908279	6.153455
38238	-2394.956	-2579.151	184.1952	1.316329	0.3895562	7.058207
38244	-2379.139	-2566.236	187.0967	1.180546	0.3801319	5.565923
38250	-2391.637	-2577.963	186.3265	1.337377	0.7831872	5.565923
38256	-2382.995	-2566.413	183.4177	1.065454	0.4797873	7.521918
38262	-2397.918	-2580.963	183.0447	1.143308	0.6763483	7.521918
38268	-2404.803	-2586.25	181.4466	1.140641	0.6763483	8.376094
38274	-2385.463	-2572.775	187.312	1.461102	0.7783832	4.956163
38280	-2389.723	-2577.295	187.5712	1.464232	0.4463886	5.078507
38286	-2404.132	-2592.004	187.8713	1.464232	0.2988758	5.078507
38292	-2411.943	-2602.556	190.6133	1.586562	0.2272632	3.559572
38298	-2399.146	-2588.804	189.6581	1.67309	0.3495071	3.891396
38304	-2389.383	-2580.367	190.9838	1.67309	0.3495071	3.117716
38310	-2399.701	-2590.013	190.3123	1.67309	0.3686657	3.490026
38316	-2396.172	-2586.618	190.4457	1.54298	0.732362	3.150128
38322	-2396.226	-2586.317	190.0906	1.679364	0.9217521	3.150128
38328	-2401.674	-2592.668	190.9932	1.488848	0.409721	3.150128
38334	-2390.071	-2580.399	190.3285	1.503221	0.409721	3.532597
38340	-2404.906	-2590.701	185.7945	1.302607	0.5647166	6.036778
38346	-2383.406	-2569.011	185.6053	1.302607	0.6994497	6.036778
38352	-2389.985	-2575.638	185.653	1.466119	0.5503411	6.036778
38358	-2392.085	-2577.527	185.4422	1.168856	0.5654822	6.3006
38364	-2400.74	-2583.362	182.6214	1.168856	0.3811894	7.989066
38370	-2404.42	-2590.871	186.4505	1.330544	0.3811894	5.836724
38376	-2394.235	-2581.136	186.9014	1.255598	0.4304225	5.579165
38382	-2389.007	-2575.269	186.2624	1.255598	0.744333	5.672044
38388	-2387.442	-2572.568	185.1258	1.115978	0.5064779	6.551241
38394	-2388.426	-2573.786	185.3602	1.217235	0.3285699	6.551241
38400	-2385.09	-2571.697	186.6064	1.254626	0.5342128	5.64484
38406	-2384.652	-2570.774	186.1222	1.272856	0.5342128	5.89993
38412	-2389.157	-2574.847	185.6897	1.352567	0.5537587	6.075798
38418	-2388.677	-2573.714	185.0368	1.531074	0.9289154	6.075798
38424	-2381.88	-2569.259	187.379	1.390959	0.5772028	5.107344
38430	-2398.708	-2586.116	187.4085	1.433791	0.5302397	5.107344
38436	-2373.027	-2557.159	184.1319	1.370811	0.4246529	7.026968
38442	-2380.881	-2566.558	185.6767	1.287454	0.7421284	5.97649
38448	-2370.909	-2559.995	189.0853	1.441171	0.7605565	3.980711
38454	-2364.797	-2552.694	187.8967	1.441171	0.5851864	4.784851
38460	-2379.55	-2567.543	187.9933	1.353981	0.5788548	4.784851
38466	-2387.722	-2576.303	188.5817	1.440645	0.5788548	4.406054
38472	-2387.585	-2576.482	188.8971	1.440645	0.3930865	4.406054
38478	-2389.51	-2578	188.4895	1.440645	0.6430526	4.406054
38484	-2378.764	-2567.341	188.5766	1.355599	0.6416212	4.406054
38490	-2380.634	-2569.133	188.4991	1.433065	0.6416212	4.406054
38496	-2399.281	-2587.754	188.4735	1.502344	0.6106502	4.406054
38502	-2391.187	-2580.1	188.913	1.572547	0.6898147	4.055345
38508	-2384.599	-2573.462	188.8625	1.623039	0.6898147	4.055345
38514	-2390.33	-2574.623	184.2933	1.335741	0.7424321	6.701047
38520	-2396.306	-2580.735	184.4296	1.199457	0.7424321	6.701047
38526	-2383.453	-2566.911	183.458	1.222196	0.7370725	7.215805
38532	-2387.025	-2572.995	185.9697	1.222196	0.5544539	5.993615
38538	-2391.304	-2577.308	186.0037	1.188183	0.5544539	5.993615
38544	-2390.531	-2574.622	184.0908	1.240045	0.5544539	7.001882
38550	-2384.291	-2568.28	183.9886	1.171275	0.6738407	7.001882
38556	-2391.058	-2573.506	182.4482	1.278239	0.7653282	7.708235
38562	-2401.785	-2584.812	183.0268	1.073241	0.2939175	7.924529
38568	-2398.746	-2581.868	183.1218	1.453699	1.129712	7.04775
38574	-2391.641	-2575.93	184.2887	1.260691	0.3802678	7.04775
38580	-2385.705	-2569.769	184.0637	1.362946	0.4452381	7.04775
38586	-2377.68	-2560.057	182.3765	1.23128	0.3746652	8.093333
38592	-2381.12	-2567.908	186.7873	1.345148	0.3746652	5.651409
38598	-2384.548	-2568.387	183.8395	1.42487	0.5417968	7.048234
38604	-2385.213	-2573.411	188.1981	1.500248	0.3931779	4.764833
38610	-2390.644	-2579.239	188.5946	1.500248	0.3931779	4.542682
38616	-2386.14	-2573.856	187.7152	1.500248	0.6704256	4.786122
38622	-2395.952	-2580.151	184.1991	1.088327	0.4663856	7.102589
38628	-2390.635	-2575.317	184.6814	1.20616	0.4048669	6.839645
38634	-2393.091	-2576.901	183.8098	1.374908	0.9045262	6.839645
38640	-2399.631	-2587.418	187.7869	1.374908	0.4636655	4.991381
38646	-2391.263	-2578.7	187.4365	1.45974	0.6344219	4.991381
38652	-2384.909	-2572.678	187.7689	1.536682	0.3861009	4.991381
38658	-2389.385	-2577.479	188.0946	1.439976	0.2812034	4.991381
38664	-2397.267	-2584.769	187.5016	1.448887	0.5964434	4.991381
38670	-2405.564	-2592.129	186.5654	1.207961	0.4624051	5.758173
38676	-2387.438	-2574.162	186.7246	1.258444	0.3525981	5.758173
38682	-2394.903	-2580.949	186.0456	1.360065	0.4354454	5.985383
38688	-2412.663	-2601.608	188.9454	1.668901	0.3824894	4.26155
38694	-2398.138	-2585.221	187.0826	1.344289	0.3466382	5.521517
38700	-2392.625	-2579.386	186.7618	1.39613	0.4897488	5.521517
38706	-2395.666	-2582.303	186.6369	1.39613	0.5682593	5.521517
38712	-2388.799	-2575.402	186.6035	1.360116	0.5682593	5.559678
38718	-2396.751	-2582.981	186.2304	1.477108	0.5682593	5.700203
38724	-2389.019	-2574.891	185.8719	1.376513	0.9354005	5.700203
38730	-2392.509	-2580.505	187.9958	1.418645	0.9354005	4.498893
38736	-2381.729	-2570.287	188.5581	1.461079	0.4774592	4.498893
38742	-2396.622	-2583.512	186.89	1.388051	0.3257245	5.628138
38748	-2401.183	-2587.956	186.7725	1.20017	0.4845052	5.628138
38754	-2410.447	-2597.627	187.1797	1.417112	0.4845052	5.284579
38760	-2414.953	-2599.129	184.1767	1.586626	0.8520163	6.558262
38766	-2403.85	-2589.549	185.6985	1.328465	0.8344741	5.881959
38772	-2396.177	-2580.013	183.8361	1.328465	0.3956385	7.238399
38778	-2428.347	-2614.895	186.5479	1.331616	0.8777319	5.387506
38784	-2402.617	-2587.668	185.0511	1.260381	0.373753	6.643715
38790	-2398.197	-2582.772	184.5758	1.164746	0.373753	6.951828
38796	-2385.201	-2574.281	189.0795	1.439074	0.4580056	4.235884
38802	-2384.779	-2571.433	186.6546	1.342605	0.5586856	5.549218
38808	-2383.092	-2571.672	188.5802	1.429094	0.5555114	4.43335
38814	-2378.094	-2564.238	186.1439	1.429094	0.5425598	5.795497
38820	-2376.897	-2563.126	186.2286	1.344329	0.5425598	5.795497
38826	-2384.722	-2571.128	186.4066	1.32538	0.4472383	5.795497
38832	-2382.07	-2568.115	186.0447	1.277882	0.7204784	5.795497
38838	-2374.466	-2558.823	184.3566	1.277882	0.7204784	6.713042
38844	-2383.479	-2572.126	188.6472	1.539039	0.7204784	4.203036
38850	-2369.379	-2558.098	188.7192	1.587954	0.6300648	4.203036
38856	-2378.79	-2566.186	187.3957	1.467789	0.6025841	5.034713
38862	-2373.239	-2560.706	187.4667	1.420928	0.5861231	5.034713
38868	-2390.143	-2577.453	187.3098	1.420928	0.6992899	5.034713
38874	-2373.813	-2561.003	187.19	1.54074	0.6992899	5.034713
38880	-2399.036	-2585.319	186.2822	1.212717	0.4712695	5.902028
38886	-2392.72	-2578.89	186.1703	1.324635	0.4712695	5.902028
38892	-2386.887	-2573.104	186.2162	1.278718	0.4712695	5.902028
38898	-2391.637	-2576.897	185.2591	1.278718	0.4279327	6.464731
38904	-2398.951	-2586.471	187.5205	1.374323	0.4279327	5.174919
38910	-2388.569	-2576.178	187.6088	1.374323	0.4279327	5.126067
38916	-2393.737	-2581.502	187.7651	1.374323	0.3485533	5.126067
38922	-2389.152	-2574.286	185.1337	1.196841	0.5388906	6.474998
38928	-2378.144	-2563.277	185.1337	1.196841	0.5388906	6.474998
38934	-2387.023	-2571.981	184.9578	1.372716	0.5388906	6.474998
38940	-2379.898	-2566.741	186.8427	1.447118	0.3730198	5.566849
38946	-2383.484	-2569.899	186.4153	1.412097	0.6540017	5.566849
38952	-2374.544	-2563.064	188.5197	1.47724	0.6540017	4.359859
38958	-2391.836	-2580.189	188.3522	1.644754	0.6540017	4.359859
38964	-2377.903	-2567.326	189.4237	1.644754	0.5871778	3.803245
38970	-2384.084	-2573.62	189.536	1.532535	0.5871778	3.803245
38976	-2385.414	-2576.011	190.597	1.781586	0.5871778	3.035461
38982	-2395.805	-2586.059	190.2543	1.926612	0.5145332	3.219933
38988	-2386.261	-2574.942	188.6815	1.547265	0.5145332	4.345951
38994	-2381.727	-2570.426	188.6995	1.529323	0.5145332	4.345951
39000	-2377.427	-2566.405	188.9776	1.529323	0.5246599	4.179159
39006	-2391.137	-2579.021	187.8845	1.565816	0.4890508	4.806559
39012	-2375.091	-2563.113	188.0218	1.428548	0.4890508	4.806559
39018	-2385.064	-2573.562	188.4983	1.472512	0.4890508	4.515041
39024	-2385.263	-2573.498	188.2349	1.472512	0.6644334	4.515041
39030	-2373.355	-2561.358	188.0026	1.48955	0.6644334	4.635866
39036	-2399.364	-2585.462	186.0987	1.482837	0.5357858	5.796591
39042	-2393.15	-2579.467	186.317	1.340018	0.4893753	5.796591
39006	-2392.825	-2580.062	187.2375	1.512385	0.7678623	4.976177
39012	-2403.237	-2588.819	185.5817	1.279327	0.7206365	6.047483
39018	-2398.312	-2586.136	187.8232	1.229996	0.6940741	4.859157
39024	-2381.792	-2569.782	187.9897	1.317587	0.5186506	4.859157
39030	-2400.273	-2588.428	188.1549	1.275318	0.4462286	4.859157
39036	-2400.388	-2587.589	187.2001	1.282371	0.4462286	5.384355
39042	-2394.033	-2579.987	185.9537	1.183177	0.4462286	6.121303
39048	-2380.908	-2565.964	185.0559	1.183177	0.4462286	6.608486
39054	-2396.38	-2582.241	185.8612	1.239589	0.4783667	6.110387
39060	-2400.42	-2586.228	185.8076	1.293143	0.4783667	6.110387
39066	-2397.168	-2582.924	185.7559	1.344817	0.4783667	6.110387
39072	-2394.389	-2578.684	184.2945	1.231372	0.3603254	7.082151
39078	-2395.679	-2579.354	183.6749	1.29516	0.7047181	7.082151
39084	-2391.191	-2577.049	185.858	1.292494	0.7047181	5.900675
39090	-2396.133	-2579.615	183.4826	1.220764	0.7047181	7.225496
39096	-2392.252	-2575.71	183.4583	1.215948	0.4978714	7.403228
39102	-2400.054	-2588.182	188.1274	1.490325	0.4978714	4.704793
39108	-2401.765	-2589.862	188.0972	1.490325	0.4978714	4.721699
39114	-2393.884	-2580.081	186.1964	1.484633	0.434351	5.836078
39120	-2393.374	-2581.546	188.1714	1.500697	0.434351	4.736132
39126	-2398.79	-2587.01	188.2207	1.45138	0.434351	4.736132
39132	-2396.438	-2584.172	187.7332	1.641346	0.619983	4.736132
39138	-2392.129	-2579.253	187.1244	1.689632	0.3702996	5.281155
39144	-2385.163	-2573.258	188.0956	1.660414	0.3702996	4.758034
39150	-2388.313	-2575.569	187.2558	1.560531	0.7725184	4.936096
39156	-2397.937	-2585.378	187.4414	1.560531	0.6299335	4.936096
39162	-2411.529	-2598.97	187.4414	1.560531	0.6299335	4.936096
39168	-2411.401	-2597.46	186.0589	1.378004	0.6299335	5.799196
39174	-2392.529	-2577.569	185.0403	1.319838	0.5784651	6.42616
39180	-2382.973	-2570.913	187.9404	1.318917	0.3628775	5.043047
39186	-2387.312	-2573.768	186.4562	1.29179	0.348947	5.890941
39192	-2393.417	-2580.331	186.9133	1.29179	0.349572	5.639938
39198	-2388.279	-2574.655	186.3757	1.268737	0.6131473	5.698568
39204	-2391.824	-2577.272	185.4473	1.357754	0.5778365	6.185013
39210	-2385.606	-2572.753	187.1468	1.227749	0.3198812	5.58228
39216	-2381.524	-2563.067	181.5435	1.088931	0.3545325	8.633964
39222	-2399.071	-2586.166	187.0948	1.467189	0.401037	5.386742
39228	-2391.839	-2578.811	186.9727	1.467189	0.4658945	5.388717
39234	-2396.223	-2583.815	187.5919	1.509913	0.3173399	5.184546
39240	-2392.386	-2577.586	185.1998	1.289135	0.4128309	6.506436
39246	-2387.565	-2572.743	185.1787	1.255815	0.4423719	6.506436
39252	-2401.057	-2586.78	185.7225	1.255815	0.621494	6.056135
39258	-2407.854	-2593.775	185.9217	1.256771	0.4912989	6.056135
39264	-2389.777	-2575.567	185.79	1.256771	0.5745493	6.056135
39270	-2382.406	-2567.174	184.7678	1.265032	0.6257041	6.566348
39276	-2394.542	-2578.796	184.2544	1.317954	0.3749355	7.041125
39282	-2395.471	-2579.105	183.6333	1.157373	0.5782208	7.272961
39288	-2412.33	-2596.416	184.0859	1.221685	0.3621803	7.19747
39294	-2396.533	-2581.654	185.1206	1.300521	0.5648354	6.404223
39300	-2395.973	-2584.342	188.3697	1.467693	0.5223296	4.559351
39306	-2385.188	-2573.432	188.2441	1.606423	0.4685972	4.60216
39312	-2385.56	-2575.232	189.6719	1.63201	0.6104332	3.64774
39318	-2378.064	-2566.385	188.3208	1.433559	0.5718007	4.562814
39324	-2381.401	-2569.924	188.5227	1.551621	0.5405826	4.409708
39330	-2393.583	-2580.972	187.389	1.368431	0.4340042	5.24479
39336	-2397.875	-2586.698	188.8227	1.368431	0.4340042	4.445214
39342	-2392.457	-2582.402	189.9443	1.668259	0.5618459	3.510087
39348	-2382.815	-2572.744	189.9288	1.668259	0.5059981	3.570509
39354	-2377.027	-2559.902	182.8752	1.199102	0.2605695	7.981924
39360	-2383.042	-2565.818	182.7753	0.9984895	0.3963983	7.981924
39366	-2384.86	-2564.838	179.9789	1.081035	0.4450439	9.373902
39372	-2392.074	-2572.209	180.1353	1.081035	0.3806597	9.355515
39378	-2388.376	-2569.429	181.0531	1.08446	0.3090808	8.948975
39384	-2391.453	-2573.264	181.8112	1.159056	0.3090808	8.507333
39390	-2404.02	-2585.466	181.4459	1.147539	0.4868079	8.523294
39396	-2398.321	-2579.938	181.6173	0.9761489	0.4868079	8.523294
39402	-2394.481	-2576.144	181.6632	0.9761489	0.4601113	8.523294
39408	-2390.696	-2575.93	185.234	1.145765	0.5076651	6.475431
39414	-2384.276	-2566.488	182.2119	1.032959	0.2666845	8.415351
39420	-2387.267	-2565.759	178.4921	1.035082	0.2666845	10.37906
39426	-2376.3	-2554.92	178.6204	0.9067391	0.2666845	10.37906
39432	-2390.926	-2569.393	178.4676	1.059544	0.2666845	10.37906
39438	-2387.743	-2571.82	184.0779	1.222104	0.2666845	7.317903
39444	-2381.616	-2566.338	184.7215	1.222104	0.2938779	6.936218
39450	-2389.661	-2577.99	188.3286	1.348966	0.3899756	4.77989
39456	-2395.602	-2583.807	188.205	1.472555	0.3899756	4.77989
39462	-2406.334	-2588.483	182.1497	1.07881	0.5064674	8.168141
39468	-2405.965	-2588.834	182.8694	1.153195	0.4020961	7.843275
39474	-2409.852	-2592.584	182.7318	1.153195	0.4781912	7.843275
39480	-2401.389	-2583.775	182.3867	1.256656	0.5296471	7.927075
39486	-2390.862	-2573.295	182.4327	1.315377	0.5296471	7.871179
39492	-2392.109	-2578.792	186.6832	1.3321	0.2619919	5.854647
39498	-2381.992	-2568.505	186.5135	1.305838	0.3465865	5.854647
39504	-2387.202	-2568.35	181.1481	1.277658	0.6497904	8.481028
39510	-2383.937	-2565.562	181.6246	1.119458	0.4458938	8.481028
39516	-2387.907	-2569.6	181.6928	1.051247	0.4458938	8.481028
39522	-2389.364	-2572.391	183.0273	1.182646	0.3221147	7.831403
39528	-2394.773	-2577.64	182.8661	1.153727	0.3221147	7.93287
39534	-2390.153	-2573.487	183.3347	1.153727	0.423647	7.572412
39540	-2396.88	-2582.343	185.4634	1.260056	0.423647	6.368333
39546	-2395.832	-2580.143	184.3105	1.224887	0.3022403	7.145416
39552	-2413.449	-2599.545	186.0958	1.33788	0.5396988	5.87413
39558	-2403.71	-2591.481	187.7712	1.330471	0.4286866	5.059525
39564	-2410.548	-2598.321	187.7733	1.111668	0.4286866	5.179628
39570	-2419.008	-2602.594	183.5861	1.1078	0.4286866	7.457381
39576	-2405.313	-2588.857	183.5442	1.10993	0.4506982	7.457381
39582	-2405.602	-2590.706	185.1041	1.483987	0.3413035	6.530538
39588	-2392.158	-2577.094	184.9355	1.129509	0.3487884	6.804662
39594	-2393.757	-2578.676	184.9184	1.146591	0.3487884	6.804662
39600	-2407.73	-2591.992	184.2621	1.099833	0.2953933	7.247174
39606	-2386.205	-2570.12	183.9154	1.043831	0.5013655	7.247174
39612	-2394.078	-2578.205	184.1271	0.9481083	0.4344606	7.247174
39618	-2392.434	-2577.932	185.4979	1.352956	0.4344606	6.288374
39624	-2393.505	-2581.388	187.8829	1.497186	0.4344606	4.898944
39630	-2384.862	-2571.242	186.3794	1.392106	0.4105108	5.810833
39636	-2403.409	-2588.847	185.438	1.239474	0.3257802	6.500412
39642	-2397.145	-2580.222	183.0773	1.124999	0.3682536	7.783002
39648	-2415.418	-2598.723	183.3051	1.211185	0.2341825	7.783002
39654	-2401.601	-2583.602	182.001	1.026976	0.4365956	8.338982
39660	-2385.773	-2568.489	182.7162	1.177425	0.3414154	7.977719
39666	-2387.678	-2571.452	183.7744	1.088013	0.3414154	7.459763
39672	-2398.481	-2581.958	183.4778	1.088013	0.5819935	7.390602
39678	-2402.519	-2581.514	178.9949	1.292132	0.3032329	9.933149
39684	-2401.981	-2584.821	182.8403	1.211834	1.032073	7.378418
39690	-2401.268	-2583.348	182.0801	1.162481	0.59302	8.089235
39696	-2396.862	-2575.025	178.1637	1.062701	0.3108508	10.48159
39702	-2386.018	-2568.664	182.6463	1.144903	0.5330891	7.845215
39708	-2401.725	-2583.072	181.3476	1.144903	0.4643937	8.597291
39714	-2406.392	-2588.155	181.7631	1.179278	0.5314159	8.299102
39720	-2406.221	-2585.683	179.4624	0.9803414	0.4653951	9.680631
39726	-2409.769	-2591.195	181.4255	0.9524828	0.4653951	8.657152
39732	-2406.696	-2594.547	187.8513	1.951504	1.638574	3.943547
39738	-2392.006	-2581.447	189.4408	1.716263	0.3168516	4.031759
39744	-2400.871	-2590.411	189.5396	1.488426	0.325433	4.094374
39750	-2391.346	-2577.944	186.598	1.304645	0.2496005	5.933628
39756	-2382.714	-2569.019	186.3053	1.313601	0.3736158	5.933628
39762	-2378.531	-2560.762	182.2308	1.496534	0.4513317	7.952336
39768	-2384.091	-2569.878	185.7872	1.625376	0.3713162	6.048733
39774	-2384.606	-2570.61	186.0038	1.408745	0.3713162	6.048733
39780	-2391.614	-2575.651	184.0369	1.45264	0.1502406	7.400262
39786	-2399.934	-2585.055	185.121	1.598776	0.1752032	6.693021
39792	-2389.163	-2574.31	185.1467	1.303775	0.2706819	6.693021
39798	-2382.503	-2565.178	182.6752	1.225894	0.2634384	8.070397
39804	-2388.735	-2575.066	186.3312	1.410289	0.289487	5.967255
39810	-2387.386	-2573.347	185.961	1.353183	0.289487	6.20003
39816	-2392.495	-2575.243	182.7483	1.353183	0.3120181	7.901413
39822	-2405.755	-2588.629	182.8738	1.211777	0.3190737	7.901413
39828	-2401.304	-2584.205	182.9012	1.184328	0.3190737	7.901413
39834	-2397.06	-2580.22	183.1598	1.210054	0.2778673	7.801106
39840	-2396.213	-2580.308	184.0944	1.278454	0.5144235	7.013266
39846	-2398.041	-2582.277	184.2357	1.177222	0.4047309	7.095459
39852	-2391.989	-2576.643	184.6547	1.233615	0.4047309	6.839382
39858	-2410.368	-2595.649	185.2814	1.311039	0.862764	6.101554
39864	-2399.875	-2584.094	184.2194	1.515439	0.7759951	6.621621
39870	-2398.811	-2585.316	186.5052	1.488526	0.6937762	5.446098
39876	-2398.15	-2586.149	187.999	1.488526	0.2480491	5.063996
39882	-2393.137	-2578.888	185.7512	1.464582	0.2903075	6.252489
39888	-2390.35	-2576.615	186.2653	1.36866	0.3743547	5.924578
39894	-2407.539	-2593.591	186.0524	1.182982	0.3873241	6.127804
39900	-2396.751	-2582.2	185.4494	1.288503	0.3873241	6.398138
39906	-2386.14	-2570.089	183.9482	1.30196	0.3873241	7.201125
39912	-2382.189	-2567.459	185.2705	1.106179	0.3508308	6.634004
39918	-2394.145	-2581.553	187.4074	1.237102	0.3428218	5.406248
39924	-2400.39	-2585.674	185.2839	1.440985	0.3428218	6.454653
39930	-2395.28	-2578.232	182.9511	1.158068	0.424248	7.774711
39936	-2393.716	-2577.349	183.6326	1.173292	0.424248	7.40173
39942	-2397.478	-2581.882	184.4044	1.125334	0.4998	6.941668
39948	-2391.496	-2576.947	185.4504	1.540682	0.3473945	6.304956
39954	-2386.928	-2572.622	185.6936	1.279234	0.3561204	6.304956
39960	-2385.876	-2571.475	185.5994	1.279234	0.4032748	6.304956
39966	-2387.545	-2573.073	185.5278	1.39225	0.382052	6.304956
39972	-2382.46	-2567.959	185.4987	1.303179	0.4446545	6.304956
39978	-2398.78	-2583.99	185.2099	1.251962	0.5192241	6.420753
39984	-2399.008	-2583.211	184.2031	1.19644	0.5621742	6.958542
39990	-2385.593	-2570.223	184.6297	1.19644	0.3272435	6.958542
39996	-2398.016	-2583.094	185.0779	1.19644	0.3256301	6.718686
40002	-2407.537	-2592.579	185.0419	1.401631	0.4396211	6.504261
40008	-2418.016	-2604.092	186.076	1.412951	0.3140566	6.073835
40014	-2396.008	-2583.245	187.2374	1.52053	0.3505149	5.33471
40020	-2387.524	-2576.199	188.6748	1.666143	0.3753573	4.424078
40026	-2402.337	-2592.787	190.4502	1.666143	0.8069558	3.019888
40032	-2391.983	-2581.402	189.4197	1.705157	0.5713302	3.784402
40038	-2382.325	-2572.846	190.5216	1.705157	0.5713302	3.140123
40044	-2389.606	-2580.175	190.5689	1.678875	0.5635013	3.134699
40050	-2384.726	-2574.498	189.7715	1.650778	0.5635013	3.619288
40056	-2392.669	-2580.22	187.5505	1.464837	0.4276852	5.108417
40062	-2386.628	-2571.655	185.0265	1.335034	0.5530675	6.446262
40068	-2387.865	-2572.96	185.095	1.325376	0.5530675	6.414341
40074	-2395.538	-2581.005	185.4669	1.20137	0.4078563	6.414341
40080	-2390.688	-2575.536	184.8481	1.291284	0.4276852	6.680569
40086	-2381.777	-2568.29	186.5128	1.307992	0.4276852	5.766295
40092	-2393.466	-2573.119	179.6535	1.186089	0.6709328	9.306187
40098	-2400.378	-2580.031	179.6534	1.186089	0.671051	9.306187
40104	-2400.783	-2586.747	185.9641	1.287434	0.5677848	5.94998
40110	-2402.325	-2584.983	182.6583	1.086021	0.5677848	7.841625
40116	-2408.963	-2591.744	182.7813	1.270146	0.3887925	7.841625
40122	-2410.845	-2593.048	182.2025	1.111113	0.3887925	8.235042
40128	-2413.683	-2596.528	182.8448	1.111113	0.4408169	7.840409
40134	-2399.525	-2584.985	185.4607	1.335589	0.3167561	6.446954
40140	-2398.959	-2584.132	185.1729	1.287475	0.4907035	6.446954
40146	-2398.854	-2583.133	184.2797	1.279098	0.454285	6.967946
40152	-2406.104	-2590.79	184.6861	1.24175	0.278299	6.964864
40158	-2397.972	-2581.225	183.2528	1.025267	0.3205772	7.796816
40164	-2400.611	-2582.158	181.5471	1.226921	0.3205772	8.597714
40170	-2389.751	-2575.713	185.9618	1.235915	0.3205772	6.224393
40176	-2401.432	-2585.177	183.7441	1.235915	0.3205772	7.421174
40182	-2385.056	-2568.8	183.7441	1.235915	0.3205772	7.421174
40188	-2393.794	-2582.659	188.8647	1.414508	0.6721706	4.186122
40194	-2401.922	-2587.927	186.0048	1.354909	0.4184147	6.027568
40200	-2387.923	-2578.234	190.3111	1.717723	0.629976	3.207029
40206	-2390.39	-2580.763	190.373	1.717723	0.5938147	3.20109
40212	-2401.465	-2591.979	190.5144	1.717723	0.5938147	3.117055
40218	-2407.673	-2596.356	188.6832	1.663228	0.948204	3.962755
40224	-2411.843	-2595.803	183.96	1.553576	0.7363395	6.767534
40230	-2389.434	-2573.634	184.2003	1.295328	0.7507296	6.767534
40236	-2394.413	-2579.179	184.7666	1.148379	0.4915679	6.741253
40242	-2410.229	-2593.231	183.0021	1.148379	0.6519134	7.559733
40248	-2417.707	-2599.307	181.5999	1.32921	0.285136	8.559001
40254	-2396.768	-2583.662	186.8939	1.377707	0.466094	5.481213
40260	-2399.227	-2585.595	186.3675	1.224594	0.3120494	6.020098
40266	-2407.859	-2593.798	185.939	1.361381	0.6757852	5.839552
40272	-2401.829	-2588.156	186.3268	1.326218	0.4463574	5.839552
40278	-2403.124	-2590.021	186.8975	1.399961	0.3996156	5.533803
40284	-2406.26	-2593.024	186.7642	1.453444	0.4425167	5.533803
40290	-2404.733	-2590.985	186.2523	1.573671	0.7001957	5.533803
40296	-2414.08	-2601.567	187.4868	1.427201	0.2488609	5.379906
40302	-2394.6	-2582.265	187.6644	1.427201	0.5506155	4.951178
40308	-2396.443	-2583.889	187.4456	1.390607	0.5506155	5.09302
40314	-2402.608	-2588.046	185.4381	1.390607	0.5506155	6.19469
40320	-2393.019	-2581.031	188.0127	1.390607	0.2672857	5.083302
40326	-2398.824	-2584.969	186.1453	1.404276	0.4888086	5.855879
40332	-2395.018	-2579.493	184.475	1.404276	0.4952481	6.757241
40338	-2391.195	-2575.584	184.389	1.281774	0.6320486	6.757241
40344	-2403.232	-2591.084	187.852	1.343509	0.3904811	5.0477
40350	-2385.559	-2571.579	186.0208	1.389527	0.3904811	6.02913
40356	-2389.282	-2574.931	185.6496	1.278757	0.6945819	6.02913
40362	-2395.147	-2583.296	188.1487	1.413831	0.5893018	4.655772
40368	-2392.525	-2579.44	186.9151	1.443422	0.5893018	5.324944
40374	-2385.104	-2572.146	187.0419	1.446133	0.5059111	5.324944
40380	-2394.118	-2579.928	185.8102	1.360763	0.504785	6.048032
40386	-2385.758	-2571.536	185.7786	1.392416	0.504785	6.048032
40392	-2388.15	-2574.276	186.1267	1.32806	0.5957828	5.816175
40398	-2391.683	-2578.137	186.4543	1.245322	0.4442022	5.816175
40404	-2382.887	-2566.975	184.0878	1.197344	0.4442022	7.1249
40410	-2389.368	-2572.055	182.6868	1.099018	0.4066977	7.964944
40416	-2392.116	-2574.728	182.6124	1.138793	0.4251202	7.964944
40422	-2385.843	-2571.447	185.6034	1.348223	0.3635258	6.308144
40428	-2387.058	-2573.234	186.1759	1.348223	0.3254162	6.040817
40434	-2383.312	-2567.224	183.9117	1.299119	0.5048862	7.108838
40440	-2382.612	-2566.593	183.981	1.299119	0.4639119	7.108838
40446	-2380.105	-2564.317	184.2119	1.068225	0.4639119	7.108838
40452	-2389.214	-2570.604	181.3898	0.9698271	0.5268973	8.612585
40458	-2379.978	-2565.766	185.7886	1.339512	0.4102383	6.162106
40464	-2385.946	-2573.501	187.5555	1.339512	0.4102383	5.193137
40470	-2388.956	-2576.485	187.5291	1.334615	0.4269533	5.193137
40476	-2377.934	-2565.154	187.2206	1.322689	0.6266066	5.193137
40482	-2385.659	-2573.898	188.239	1.326016	0.4333356	4.796982
40488	-2393.749	-2582.049	188.2996	1.532421	0.4127014	4.669102
40494	-2386.307	-2573.648	187.3412	1.599144	0.2600837	5.349394
40500	-2394.343	-2580.731	186.388	1.526629	0.2640622	5.906782
40506	-2381.833	-2571.702	189.8691	1.888411	0.2220682	3.823812
40512	-2380.94	-2569.635	188.695	1.888411	0.3698214	4.293455
40518	-2380.394	-2569.255	188.8607	1.825211	0.3216024	4.293455
40524	-2387.463	-2574.801	187.3371	1.750019	0.5687991	4.938235
40530	-2402.096	-2590.18	188.084	1.682943	0.5687991	4.558293
40536	-2401.879	-2588.476	186.5968	1.503597	0.4761503	5.565763
40542	-2393.095	-2579.414	186.3188	1.507313	0.5349588	5.663347
40548	-2395.983	-2582.347	186.364	1.43987	0.5491833	5.663347
40554	-2395.083	-2580.731	185.6484	1.423474	0.3258638	6.286402
40560	-2385.818	-2571.387	185.569	1.234284	0.4632234	6.286402
40566	-2395.398	-2581.413	186.0144	1.235216	0.4632234	6.043509
40572	-2393.585	-2579.538	185.9532	1.359747	0.4633577	6.008859
40578	-2394.602	-2580.566	185.9634	1.403371	0.4983178	5.94709
40584	-2388.249	-2575.621	187.3727	1.253747	0.4983178	5.255421
40590	-2392.147	-2579.22	187.0723	1.359221	0.271967	5.612923
40596	-2392.781	-2579.736	186.9556	1.475895	0.271967	5.612923
40602	-2378.002	-2565.08	187.0774	1.498165	0.3200163	5.471612
40608	-2398.987	-2585.661	186.6737	1.364373	0.4138303	5.661357
40614	-2402.984	-2590.863	187.8792	1.329177	0.4138303	5.015685
40620	-2425.448	-2616.11	190.662	1.797153	0.637434	2.943796
40626	-2399.765	-2587.684	187.9184	1.709325	0.8988341	4.400713
40632	-2391.641	-2579.205	187.5635	1.570953	0.9775703	4.631629
40638	-2406.005	-2594.32	188.3148	1.570953	0.419711	4.631629
40644	-2395.092	-2584.136	189.0442	1.570953	0.419711	4.220427
40650	-2391.188	-2580.101	188.9131	1.517424	0.5269705	4.220427
40656	-2403.289	-2593.02	189.7312	1.56277	0.5269705	3.726453
40662	-2406.403	-2596.269	189.8663	1.56277	0.4468886	3.726453
40668	-2404.515	-2594.223	189.7078	1.758345	0.4264585	3.726453
40674	-2396.284	-2586.655	190.371	1.758345	0.4264585	3.34012
40680	-2402.201	-2593.181	190.9799	1.781066	0.3868666	3.010029
40686	-2400.771	-2592.183	191.412	1.781066	0.3819805	2.754454
40692	-2397.608	-2588.717	191.1086	1.819906	0.7875065	2.538466
40698	-2401.531	-2592.705	191.1738	1.854876	0.287914	2.978004
40704	-2402.351	-2586.407	184.0562	1.281724	0.5247	7.023167
40710	-2382.941	-2568.948	186.0066	1.401011	0.4318555	5.987918
40716	-2382.075	-2569.298	187.223	1.198873	0.4318555	5.432078
40722	-2392.076	-2576.245	184.1687	1.183089	0.4318555	7.101083
40728	-2390.744	-2574.772	184.0275	1.183089	0.5138874	7.101083
40734	-2393.793	-2579.344	185.5506	1.248074	0.5138874	6.24258
40740	-2387.95	-2575.89	187.9395	1.507121	0.4437659	4.852455
40746	-2389.655	-2577.617	187.9621	1.484572	0.4437659	4.852455
40752	-2390.256	-2578.458	188.202	1.484572	0.4437659	4.718513
40758	-2380.701	-2568.466	187.7655	1.452132	0.4437659	4.979916
40764	-2380.44	-2567.647	187.2069	1.593994	0.4961058	5.160982
40770	-2391.783	-2579.826	188.0426	1.460698	0.7049789	4.599535
40776	-2386.648	-2575.053	188.4053	1.400712	0.4976226	4.599535
40782	-2376.667	-2565.114	188.4471	1.386943	0.4809217	4.599535
40788	-2383.513	-2567.7	184.1869	1.144095	0.4408702	7.103463
40794	-2381.718	-2568.16	186.4414	1.347791	0.4408702	5.770435
40800	-2394.988	-2579.249	184.261	1.271181	0.2961898	7.15469
40806	-2386.544	-2568.89	182.3466	1.026023	0.381893	8.210891
40812	-2388.71	-2571.042	182.3321	1.16476	0.2943208	8.245505
40818	-2386.269	-2568.194	181.9245	1.051418	0.5749564	8.245505
40824	-2401.11	-2585.668	184.5582	1.051418	0.5347833	6.868156
40830	-2387.422	-2572.164	184.7418	1.071466	0.4161748	6.868156
40836	-2388.682	-2573.306	184.6235	1.18984	0.4161748	6.868156
40842	-2397.137	-2584.436	187.2986	1.24473	0.5722465	5.236887
40848	-2381.211	-2568.369	187.1575	1.385878	0.5722465	5.236887
40854	-2377.23	-2563.306	186.0762	1.116735	0.5722465	5.978283
40860	-2388.041	-2574.387	186.3464	1.268505	0.5597184	5.758034
40866	-2392.404	-2581.388	188.9846	1.498237	0.4481444	4.266066
40872	-2399.477	-2588.195	188.7182	1.4436	0.4481444	4.447362
40878	-2395.8	-2582.94	187.1397	1.385777	0.5296134	5.283163
40884	-2391.608	-2578.617	187.0089	1.516545	0.5296134	5.283163
40890	-2381.23	-2569.699	188.4683	1.425934	0.5206052	4.528955
40896	-2396.198	-2583.721	187.523	1.371452	0.3527676	5.256706
40902	-2385.964	-2574.712	188.7474	1.605667	0.5648505	4.230962
40908	-2390.329	-2579.759	189.4293	1.571586	0.5648505	3.861318
40914	-2396.7	-2585.632	188.9319	1.56937	0.5651405	4.146563
40920	-2408.187	-2596.924	188.7364	1.56937	0.5651405	4.257527
40926	-2404.556	-2587.244	182.6876	1.071489	0.3508715	8.038773
40932	-2395.515	-2579.4	183.8848	1.071489	0.3934116	7.352486
40938	-2404.348	-2588.726	184.3785	1.295175	0.3934116	6.966854
40944	-2396.306	-2579.722	183.4161	1.291488	0.6064682	7.295287
40950	-2386.671	-2571.257	184.5856	1.210098	0.6339432	6.688305
40956	-2388.31	-2572.114	183.8043	1.211308	0.6663205	7.084941
40962	-2383.692	-2569.78	186.088	1.211308	0.4795965	6.001027
40968	-2386.701	-2570.756	184.055	1.191925	0.7329387	6.913647
40974	-2384.335	-2569.049	184.7135	1.191925	0.5344794	6.708769
40980	-2386.79	-2571.786	184.9961	1.158401	0.5344794	6.574091
40986	-2386.029	-2571.025	184.9961	1.158401	0.5344794	6.574091
40992	-2393.699	-2578.508	184.8082	1.346331	0.5344794	6.574091
40998	-2393.261	-2581.559	188.298	1.386114	0.4001077	4.765242
41004	-2392.598	-2581.275	188.6773	1.606338	0.6771691	4.179781
41010	-2385.867	-2575.715	189.8481	1.606338	0.6103935	3.560379
41016	-2388.83	-2578.678	189.8481	1.606338	0.6103935	3.560379
41022	-2386.688	-2576.537	189.8481	1.606338	0.6103935	3.560379
41028	-2393.099	-2582.611	189.5123	1.606338	0.6103935	3.754865
41034	-2404.596	-2594.207	189.6112	1.620327	0.5353378	3.754865
41040	-2403.5	-2590.888	187.3884	1.410565	0.5353378	5.126872
41046	-2404.152	-2592.028	187.8759	1.419587	0.5353378	4.850931
41052	-2410.59	-2597.853	187.2625	1.595743	0.8682277	4.850931
41058	-2377.35	-2564.206	186.8557	1.442088	0.6763953	5.291139
41064	-2388.632	-2577.252	188.6204	1.442088	0.5119481	4.442134
41070	-2383.969	-2573.021	189.0525	1.442088	0.5119481	4.197784
41076	-2391.41	-2579.657	188.247	1.462715	1.007736	4.290539
41082	-2393.72	-2582.465	188.745	1.462715	0.5575115	4.319564
41088	-2400.383	-2589.128	188.745	1.462715	0.5575115	4.319564
41094	-2399.397	-2585.402	186.0055	1.506993	0.8973708	5.57762
41100	-2394.778	-2581.526	186.748	1.565439	0.3520559	5.57762
41106	-2389.91	-2575.952	186.0423	1.371059	0.623428	5.817108
41112	-2385.122	-2570.782	185.6596	1.24349	0.623428	6.09564
41118	-2392.223	-2578.112	185.8897	1.261187	0.4649684	6.09564
41124	-2392.798	-2578.869	186.0713	1.251157	0.4649684	6.002127
41130	-2403.409	-2587.048	183.6383	1.251157	0.4649684	7.31773
41136	-2391.327	-2578.382	187.0554	1.230431	0.4649684	5.474451
41142	-2396.901	-2583.823	186.9223	1.282758	0.5130593	5.474451
41148	-2389.482	-2574.402	184.9195	1.090145	0.5130593	6.670971
41154	-2388.576	-2573.205	184.6286	1.38105	0.5130593	6.670971
41160	-2414.609	-2596.268	181.6587	1.054589	0.619444	8.350719
41166	-2415.475	-2597.138	181.6622	1.051121	0.619444	8.350719
41172	-2395.709	-2582.483	186.7733	1.611545	1.345789	4.865767
41178	-2390.445	-2578.45	188.0049	1.55574	0.3714196	4.865767
41184	-2393.394	-2581.531	188.1368	1.323286	0.423341	4.865767
41190	-2395.422	-2583.252	187.8297	1.630359	0.423341	4.865767
41196	-2399.444	-2585.015	185.5707	1.225335	0.6509717	6.133005
41202	-2402.613	-2585.772	183.1589	1.156987	0.4641677	7.625847
41208	-2398.573	-2581.962	183.3884	1.138499	0.3534209	7.625847
41214	-2391.552	-2580.96	189.4085	1.720676	0.3534209	4.002355
41220	-2387.619	-2577.492	189.8732	1.66538	0.6423001	3.48516
41226	-2388.298	-2578.197	189.8991	1.66538	0.6394405	3.472314
41232	-2402.265	-2591.048	188.7832	1.515519	0.5434782	4.280362
41238	-2386.992	-2574.069	187.077	1.514205	0.5434782	5.234748
41244	-2377.911	-2564.575	186.6639	1.485239	0.3275093	5.696668
41250	-2393.011	-2579.65	186.6388	1.39598	0.3275093	5.759361
41256	-2398.466	-2586.252	187.7854	1.540835	0.3275093	5.047641
41262	-2403.231	-2590.628	187.3978	1.593174	0.4169879	5.132972
41268	-2410.149	-2595.826	185.6768	1.512997	0.3103942	6.241178
41274	-2405.404	-2592.668	187.2636	1.280884	0.4770212	5.320485
41280	-2406.234	-2588.376	182.1426	1.346384	0.4770212	8.055593
41286	-2400.59	-2583.131	182.5409	1.33204	0.2861254	8.055593
41292	-2392.166	-2575.177	183.011	1.347566	0.5074112	7.56393
41298	-2397.437	-2582.114	184.677	1.483439	0.6460779	6.481861
41304	-2408.366	-2593.385	185.0196	1.506017	0.4174429	6.481861
41310	-2406.267	-2591.507	185.2397	1.197307	0.4666447	6.481861
41316	-2398.605	-2583.886	185.281	1.181823	0.4519245	6.481861
41322	-2395.198	-2580.124	184.925	1.4602	0.4971535	6.481861
41328	-2392.798	-2577.449	184.6512	1.4602	0.4971535	6.630059
41334	-2398.251	-2583.108	184.8569	1.254553	0.4971535	6.630059
41340	-2404.289	-2587.036	182.7463	1.216777	0.4971535	7.784501
41346	-2415.406	-2599.612	184.2054	1.216777	0.4971535	7.001961
41352	-2401.392	-2588.795	187.4025	1.476979	0.8984576	4.820576
41358	-2396.716	-2579.268	182.5519	0.9827144	0.4616681	8.045455
41364	-2399.633	-2582.485	182.8519	1.096314	0.4331137	7.851954
41370	-2402.458	-2585.211	182.7532	1.143901	0.4617428	7.851954
41376	-2413.814	-2597.329	183.5152	1.143901	0.5530788	7.364044
41382	-2405.722	-2590.33	184.6079	1.45051	0.7873311	6.43906
41388	-2406.496	-2593.959	187.4631	1.527524	0.8149629	4.810908
41394	-2394.722	-2581.003	186.2807	1.465744	0.8149629	5.499925
41400	-2381.985	-2568.576	186.5918	1.526981	0.5380605	5.499925
41406	-2379.518	-2567.979	188.4609	1.526981	0.4581963	4.535244
41412	-2386.162	-2576	189.8386	1.440223	0.4581963	3.801538
41418	-2383.413	-2572.933	189.5194	1.441111	0.6658026	3.801538
41424	-2389.033	-2578.761	189.7282	1.441111	0.5235344	3.801538
41430	-2386.758	-2576.255	189.4971	1.441111	0.3596309	4.103888
41436	-2392.13	-2581.186	189.0561	1.441111	0.4159194	4.291278
41442	-2394.418	-2582.466	188.0484	1.631723	0.562117	4.612689
41448	-2386.144	-2574.055	187.9116	1.48137	0.7745191	4.612689
41454	-2390.546	-2578.559	188.0137	1.465481	0.3375836	4.950485
41460	-2400.757	-2588.698	187.9409	1.529451	0.486267	4.798
41466	-2402.79	-2590.799	188.0085	1.557138	0.5061855	4.726254
41472	-2394.473	-2584.048	189.5743	1.493562	0.5188511	3.8642
41478	-2388.881	-2575.357	186.4763	1.561418	0.7704405	5.368635
41484	-2389.616	-2578.801	189.1856	1.398167	0.2922981	4.389185
41490	-2403.962	-2591.635	187.6737	1.398167	0.2922981	5.233052
41496	-2393.713	-2581.298	187.5852	1.486678	0.2922981	5.233052
41502	-2394.371	-2582.742	188.3715	1.537018	0.632426	4.426577
41508	-2406.23	-2592.213	185.9829	1.537018	0.5914196	5.784044
41514	-2402.514	-2589.19	186.6763	1.445787	0.2708498	5.784044
41520	-2410.565	-2592.332	181.767	1.020863	0.427075	8.475905
41526	-2411.701	-2593.277	181.5765	0.8788665	0.427075	8.652479
41532	-2395.644	-2580.823	185.1792	1.387266	0.5528778	6.335274
41538	-2376.476	-2563.416	186.9403	1.383321	0.5528778	5.374464
41544	-2393.268	-2579.847	186.5786	1.347399	0.5927005	5.560332
41550	-2393.18	-2575.196	182.0167	1.088884	0.442681	8.291855
41556	-2397.295	-2579.378	182.0836	1.022036	0.442681	8.291855
41562	-2390.134	-2574.917	184.7824	1.495845	0.6805311	6.392716
41568	-2379.041	-2564.715	185.6742	1.495845	0.4612455	6.088737
41574	-2385.549	-2567.863	182.3138	1.240359	0.4612455	8.035394
41580	-2395.09	-2580.075	184.985	1.343194	0.6042873	6.42291
41586	-2383.596	-2571.04	187.4436	1.343194	0.4495578	5.213073
41592	-2386.152	-2570.302	184.15	1.276754	0.4495578	7.043552
41598	-2385.54	-2569.219	183.6782	1.183863	0.3015636	7.50759
41604	-2395.257	-2578.24	182.9824	1.312599	0.618154	7.50759
41610	-2386.4	-2571.224	184.8239	1.312599	0.479795	6.632276
41616	-2382.396	-2567.349	184.9532	1.312599	0.4078924	6.632276
41622	-2393.66	-2578.248	184.5874	1.312599	0.5491545	6.699295
41628	-2396.445	-2581.163	184.7177	1.312599	0.4694217	6.699295
41634	-2384.505	-2568.566	184.0615	1.26756	0.6320067	6.941553
41640	-2372.37	-2556.996	184.6254	1.404249	0.6623878	6.54062
41646	-2373.556	-2558.53	184.9745	1.307452	0.6926251	6.382057
41652	-2377.123	-2564.051	186.9279	1.347678	0.4198621	5.524763
41658	-2389.255	-2572.837	183.5819	1.083348	0.3145095	7.597094
41664	-2402.23	-2585.881	183.651	1.059611	0.34935	7.532054
41670	-2404.893	-2587.709	182.816	1.295917	0.6808387	7.559503
41676	-2380.278	-2564.417	184.1388	1.199972	0.6405868	6.929913
41682	-2391.647	-2580.631	188.9839	1.543687	0.4328224	4.256381
41688	-2388.897	-2578.157	189.26	1.399596	0.3645708	4.256381
41604	-2410.632	-2595.711	185.0794	1.271142	0.2944987	6.715857
41610	-2415.593	-2601.811	186.218	1.590165	0.3458605	5.861612
41616	-2398.492	-2585.279	186.7876	1.450482	0.4128524	5.552582
41622	-2407.285	-2593.536	186.2514	1.618713	0.6418209	5.552582
41628	-2397.758	-2587.628	189.8702	1.757028	0.3995731	3.662633
41634	-2401.46	-2591.004	189.5434	1.757028	0.5950647	3.662633
41640	-2390.816	-2580.867	190.0512	1.757028	0.3128942	3.662633
41646	-2403.106	-2592.148	189.0424	1.757879	0.9369723	3.708512
41652	-2405.27	-2595.102	189.8322	1.535844	0.4016845	3.809895
41658	-2386.999	-2576.42	189.4203	1.545901	0.6509669	3.809895
41664	-2387.672	-2577.511	189.8392	1.609154	0.5658682	3.602092
41670	-2387.704	-2576.638	188.9343	1.479741	0.5658682	4.195492
41676	-2380.493	-2569.427	188.9343	1.479741	0.5658682	4.195492
41682	-2390.447	-2579.247	188.7998	1.476844	0.5568633	4.281137
41688	-2390.388	-2577.241	186.8529	1.256448	0.5568633	5.489093
41694	-2387.631	-2574.172	186.5408	1.175185	0.5052572	5.749864
41700	-2393.842	-2579.471	185.6293	1.334537	0.5052572	6.160415
41706	-2384.409	-2572.864	188.4554	1.334537	0.5052572	4.601486
41712	-2393.306	-2581.322	188.0163	1.334537	0.5052572	4.847056
41718	-2403.849	-2592.219	188.3703	1.436544	0.630343	4.485516
41724	-2399.946	-2589.509	189.5626	1.3825	0.5111141	3.941735
41730	-2392.146	-2582.012	189.8653	1.557875	0.47359	3.702801
41736	-2387.463	-2571.715	184.2519	1.041871	0.4763759	7.089901
41742	-2402.49	-2586.679	184.1895	1.024724	0.4763759	7.132692
41748	-2411.215	-2595.089	183.8741	1.275273	0.5153824	7.132692
41754	-2388.905	-2572.588	183.6828	1.197577	0.5442944	7.252558
41760	-2398.93	-2579.705	180.7746	1.188008	0.4566543	8.885477
41766	-2396.085	-2579.478	183.3922	1.148243	0.3644875	7.606313
41772	-2416.074	-2602.332	186.2576	1.49825	1.027093	5.370145
41778	-2403.442	-2589.391	185.9496	1.351682	1.027093	5.620198
41784	-2407.938	-2591.614	183.6763	1.046919	0.5093642	7.366808
41790	-2404.308	-2591.992	187.6838	1.33456	0.4261165	5.108398
41796	-2403.502	-2591.56	188.0573	1.367727	0.6056389	4.71939
41802	-2398.576	-2585.892	187.3159	1.367727	0.6056389	5.132014
41808	-2392.839	-2577.647	184.8084	1.358311	0.6056389	6.509367
41814	-2399.069	-2585.32	186.2512	1.181248	0.4497019	5.956756
41820	-2394.185	-2580.151	185.9667	1.380682	0.4993225	5.956756
41826	-2393.417	-2581.279	187.8624	1.343747	0.7475123	4.735796
41832	-2403.596	-2588.856	185.2602	1.177475	0.5057194	6.44578
41838	-2397.032	-2581.537	184.5041	1.188838	0.5882652	6.779201
41844	-2386.019	-2570.918	184.8992	1.313191	0.2943919	6.790615
41850	-2414.828	-2597.058	182.2298	1.370606	0.8306277	7.734329
41856	-2416.844	-2603.88	187.0364	1.274488	0.3105404	5.628834
41862	-2382.02	-2567.224	185.2042	1.202662	0.4039072	6.560033
41868	-2377.383	-2562.45	185.0669	1.349678	0.3988877	6.560033
41874	-2396.45	-2584.32	187.8706	1.236494	0.4822164	5.004061
41880	-2389.723	-2576.542	186.8196	1.410005	0.5819793	5.402021
41886	-2376.23	-2563.049	186.819	1.34372	0.3753499	5.634054
41892	-2380.126	-2565.569	185.4425	1.209869	0.3485958	6.487306
41898	-2384.825	-2571.331	186.5054	1.39162	0.2450304	5.943271
41904	-2396.55	-2582.709	186.1589	1.362181	0.4147782	5.943271
41910	-2385.297	-2571.404	186.1069	1.498816	0.3713968	5.943271
41916	-2389.074	-2574.283	185.2086	1.52757	0.3713968	6.416349
41922	-2392.614	-2582.615	190.0017	1.586676	0.3381605	3.757399
41928	-2404.21	-2592.891	188.6807	1.453229	0.4373094	4.474025
41934	-2401.162	-2589.842	188.6807	1.453229	0.4373094	4.474025
41940	-2401.636	-2592.871	191.2343	1.639701	0.4364643	2.885479
41946	-2401.838	-2593.058	191.2194	1.654645	0.4364643	2.885479
41952	-2396.308	-2587.278	190.9699	1.654645	0.3703317	3.111302
41958	-2401.824	-2592.645	190.8209	1.829008	0.3468488	3.125218
41964	-2403.53	-2586.978	183.4489	1.289899	0.3468488	7.51978
41970	-2393.661	-2577.305	183.6436	1.169875	0.3128058	7.51978
41976	-2384.357	-2567.923	183.5667	1.492814	0.2158475	7.51978
41982	-2389.223	-2577.075	187.8519	1.493149	0.5576716	4.803947
41988	-2398.705	-2585.551	186.8459	1.363153	0.6513496	5.358791
41994	-2390.968	-2577.704	186.7363	1.472761	0.6513496	5.358791
42000	-2384.117	-2571.969	187.8527	1.936173	0.2284906	4.925797
42006	-2392.115	-2577.025	184.9104	1.678513	0.2657955	6.624779
42012	-2407.512	-2596.086	188.5744	1.700609	0.2054913	4.691057
42018	-2407.179	-2596.537	189.3583	1.794254	0.3697699	3.969689
42024	-2387.696	-2574.814	187.1174	1.459318	0.3697699	5.41265
42030	-2380.724	-2567.948	187.2237	1.35303	0.3697699	5.41265
42036	-2387.153	-2574.234	187.0806	1.707044	0.2639143	5.428215
42042	-2395.278	-2582.893	187.6151	1.55067	0.3077018	5.161257
42048	-2398.308	-2585.99	187.682	2.030966	0.1215766	5.161257
42054	-2397.569	-2584.088	186.5192	1.911327	0.7561763	5.161257
42060	-2401.537	-2584.613	183.0763	1.518365	0.3071783	7.643798
42066	-2399.517	-2582.167	182.6494	1.107522	0.5398837	7.857814
42072	-2410.585	-2593.378	182.7925	1.211495	0.3975948	7.857814
42078	-2385.273	-2575.077	189.8041	1.800554	0.3975948	3.677897
42084	-2391.573	-2579.352	187.7789	1.517607	0.408791	4.971999
42090	-2401.526	-2591.907	190.3812	1.639065	0.326908	3.521252
42096	-2387.816	-2577.426	189.6094	1.754024	0.326908	3.900852
42102	-2403.414	-2590.762	187.3477	1.570135	0.3906935	5.201342
42108	-2409.871	-2597.709	187.8379	1.387063	0.4624333	4.957468
42114	-2397.939	-2585.89	187.9508	1.274229	0.4624333	4.957468
42120	-2392.737	-2579.462	186.7253	1.22984	0.4624333	5.658546
42126	-2396.28	-2584.833	188.5532	1.492445	0.591659	4.38222
42132	-2387.949	-2576.597	188.648	1.492445	0.4897414	4.418856
42138	-2394.918	-2583.571	188.6533	1.492445	0.4897414	4.415898
42144	-2400.418	-2586.488	186.0707	1.49666	0.4897414	5.845276
42150	-2404.716	-2591.735	187.0185	1.330531	0.4118968	5.492576
42156	-2401.274	-2588.317	187.0427	1.536899	0.5133726	5.267631
42162	-2396.086	-2582.637	186.551	1.356834	0.5133726	5.637433
42168	-2386.8	-2569.809	183.0086	1.146587	0.5133726	7.667592
42174	-2393.538	-2578.978	185.44	1.116735	0.3125402	6.581809
42180	-2393.546	-2575.041	181.4949	1.116735	0.3970936	8.599581
42186	-2400.784	-2581.688	180.9039	1.116735	0.5392359	8.78209
42192	-2406.412	-2585.037	178.6244	1.135137	0.6605545	9.883299
42198	-2396.939	-2583.884	186.9456	1.5614	0.2723368	5.570953
42204	-2399.982	-2586.631	186.6497	1.426689	0.4048679	5.649699
42210	-2393.736	-2580.402	186.6656	1.41077	0.4048679	5.649699
42216	-2381.92	-2568.709	186.7889	1.287409	0.4048679	5.649699
42222	-2383.051	-2566.912	183.8615	1.223357	0.4048679	7.271632
42228	-2396.421	-2579.137	182.7166	0.9894616	0.4048679	8.009356
42234	-2400.818	-2587.217	186.3997	1.232214	0.4134772	5.884047
42240	-2414.784	-2602.086	187.3012	1.137837	0.4134772	5.441382
42246	-2414.115	-2598.933	184.8186	1.149914	0.3376867	6.869534
42252	-2409.245	-2594.06	184.814	1.229958	0.3843728	6.77676
42258	-2410.843	-2598.045	187.2024	1.302474	0.5151188	5.307368
42264	-2405.733	-2589.749	184.0166	1.355475	0.401074	7.121219
42270	-2406.964	-2589.986	183.022	1.228265	0.4999998	7.628442
42276	-2401.35	-2584.449	183.0986	1.137799	0.5083915	7.628442
42282	-2406.352	-2594.159	187.8068	1.405252	0.5413276	4.892182
42288	-2401.029	-2588.766	187.7373	1.43294	0.568544	4.892182
42294	-2404.52	-2592.338	187.8179	1.43294	0.5169237	4.892182
42300	-2385.851	-2572.995	187.1443	1.447107	0.4080636	5.363111
42306	-2400.667	-2586.996	186.3294	1.425799	0.308592	5.935402
42312	-2395.681	-2580.675	184.9941	1.425799	1.02582	6.102711
42318	-2388.639	-2574.065	185.4259	1.425799	0.6919808	6.072727
42324	-2386.799	-2573.536	186.7373	1.364591	0.5322556	5.514265
42330	-2382.228	-2568.125	185.8969	1.288412	0.5322556	6.016094
42336	-2393.272	-2578.131	184.8583	1.261856	0.4877797	6.633826
42342	-2390.393	-2576.474	186.0816	1.371758	0.4877797	5.909413
42348	-2388.257	-2574.338	186.0816	1.371758	0.4877797	5.909413
42354	-2400.071	-2586.11	186.0392	1.414115	0.4877797	5.909413
42360	-2390.735	-2574.418	183.6828	1.233072	0.4254348	7.341567
42366	-2395.462	-2578.8	183.3384	1.329698	0.5746885	7.341567
42372	-2396.34	-2582.953	186.6127	1.401954	0.546333	5.550044
42378	-2397.523	-2584.129	186.6062	1.408461	0.546333	5.550044
42384	-2402.853	-2589.696	186.843	1.323559	0.4545558	5.550044
42390	-2396.619	-2586.898	190.279	1.730053	0.6843857	3.174774
42396	-2381.918	-2572.243	190.3248	1.730053	0.6504374	3.174774
42402	-2405.126	-2594.946	189.8192	1.915749	0.7395956	3.294901
42408	-2391.892	-2579.447	187.5549	1.554634	0.7075832	4.817928
42414	-2383.534	-2572.587	189.0535	1.554634	0.7075832	3.972114
42420	-2376.916	-2563.925	187.0091	1.554634	1.233652	4.817607
42426	-2381.681	-2570.088	188.4069	1.389005	0.592913	4.521827
42432	-2394.431	-2582.903	188.4723	1.323679	0.592913	4.521827
42438	-2393.577	-2578.629	185.052	0.9900118	0.592913	6.586886
42444	-2393.751	-2581.998	188.2471	1.445984	0.6589713	4.527275
42450	-2388.628	-2573.873	185.2449	1.381486	0.4835891	6.363403
42456	-2383.893	-2570.583	186.6898	1.341013	0.4413618	5.637537
42462	-2388.596	-2576.34	187.7442	1.433067	0.5865805	4.87328
42468	-2393.126	-2580.291	187.1644	1.433067	0.5865805	5.195115
42474	-2399.403	-2586.488	187.0853	1.433067	0.6418921	5.195115
42480	-2387.536	-2575.321	187.7847	1.281296	0.6286867	4.901419
42486	-2402.804	-2588.029	185.2249	1.094068	0.6324901	6.40612
42492	-2397.686	-2584.53	186.8441	1.344658	0.3630384	5.633488
42498	-2394.148	-2575.832	181.6844	1.327444	0.3243009	8.467046
42504	-2387.957	-2567.793	179.8357	1.021053	0.4866403	9.443012
42510	-2386.529	-2567.733	181.2044	0.9747894	0.3349169	8.896471
42516	-2406.176	-2587.201	181.0255	0.9078485	0.4615061	8.896471
42522	-2400.886	-2582.515	181.6294	0.9672603	0.4202581	8.58417
42528	-2390.157	-2575.685	185.5281	1.304355	0.4202581	6.312562
42534	-2389.573	-2575.024	185.4515	1.254	0.4922561	6.312562
42540	-2385.484	-2568.579	183.0948	1.231614	0.3399594	7.748322
42546	-2396.274	-2579.667	183.3939	0.9324888	0.3399594	7.748322
42552	-2385.987	-2569.753	183.7656	1.139656	0.3399594	7.438492
42558	-2405.678	-2591.852	186.1742	1.178634	0.280789	6.190421
42564	-2408.158	-2594.238	186.0798	1.272957	0.280789	6.190421
42570	-2396.279	-2586.579	190.3006	1.637476	0.7259413	3.184963
42576	-2392.78	-2583.08	190.3006	1.637476	0.7259413	3.184963
42582	-2388.035	-2577.928	189.893	1.619742	0.7259413	3.435509
42588	-2383.348	-2573.42	190.0712	1.619742	0.7354208	3.32391
42594	-2389.999	-2581.029	191.0302	1.593969	0.7354208	2.765339
42600	-2389.396	-2579.611	190.2153	1.593969	0.7354208	3.254179
42606	-2398.691	-2589.197	190.5054	1.734198	0.6628032	3.05465
42612	-2398.561	-2582.437	183.8755	1.058335	0.3145015	7.453231
42618	-2398.797	-2582.614	183.8169	1.116928	0.3145015	7.453231
42624	-2389.449	-2570.658	181.2089	1.184749	0.3829593	8.729976
42630	-2400.017	-2588.792	188.7748	1.653744	0.378293	4.371287
42636	-2387.155	-2574.239	187.0837	1.507368	0.378293	5.395262
42642	-2396.138	-2585.134	188.9954	1.637533	0.3742532	4.260291
42648	-2401.277	-2590.663	189.3859	1.683521	0.3742532	4.012053
42654	-2402.296	-2583.417	181.1219	0.7380174	0.3620533	9.035145
42660	-2397.703	-2581.126	183.4235	1.043724	0.3620533	7.648181
42666	-2386.048	-2570.656	184.6081	1.043724	0.3620533	7.012484
42672	-2395.158	-2578.828	183.6699	1.043724	0.3620533	7.516265
42678	-2399.152	-2581.809	182.6571	1.074693	0.3312256	8.075797
42684	-2396.714	-2579.486	182.7719	0.9598171	0.3312256	8.075797
42690	-2403.033	-2585.789	182.756	1.047422	0.2994884	8.075797
42696	-2398.098	-2580.31	182.2117	1.113541	0.4828634	8.137602
42702	-2405.988	-2588.293	182.3056	0.9829714	0.344678	8.296369
42708	-2417.322	-2599.846	182.5242	1.107829	0.344678	8.113483
42714	-2407.194	-2590.901	183.7071	1.021141	0.3591877	7.511608
42720	-2400.578	-2584.156	183.5775	1.089194	0.3897202	7.511608
42726	-2414.273	-2598.417	184.1439	1.038739	0.3897202	7.234878
42732	-2398.838	-2585.441	186.6022	1.587981	0.3326275	5.668026
42738	-2410.633	-2599.568	188.9344	1.458491	0.3326275	4.445169
42744	-2413.655	-2596.724	183.0681	0.9809524	0.3613236	7.872427
42750	-2411.139	-2590.509	179.3694	0.8813776	0.3613236	9.885411
42756	-2405.701	-2584.97	179.2691	0.8495726	0.429241	9.885411
42762	-2403.212	-2582.519	179.3072	0.8115377	0.429241	9.885411
42768	-2393.322	-2572.235	178.9123	0.9789036	0.429241	10.00521
42774	-2383.754	-2566.963	183.2088	1.056824	0.4461131	7.669747
42780	-2390.918	-2574.125	183.2069	1.058813	0.4461131	7.669747
42786	-2397.88	-2577.717	179.8375	0.8999	0.4461131	9.543133
42792	-2397.254	-2577.804	180.5498	1.044327	0.3546409	9.18391
42798	-2394.07	-2576.011	181.9414	1.044327	0.3546409	8.446216
42804	-2388.336	-2570.811	182.4747	1.044327	0.3546409	8.162478
42810	-2382.623	-2566.38	183.7575	0.9949131	0.3271145	7.53536
42816	-2387.286	-2570.938	183.6517	1.068386	0.34198	7.53536
42822	-2401.16	-2584.277	183.1169	1.097895	0.6876378	7.499598
42828	-2393.827	-2577.632	183.8051	1.137686	0.2740671	7.499598
42834	-2402.497	-2583.191	180.6938	0.904002	0.5854418	8.9688
42840	-2388.341	-2571.003	182.662	0.9559096	0.4338788	8.027488
42846	-2405.029	-2589.595	184.5661	1.370437	0.7162778	6.552627
42852	-2393.14	-2576.149	183.0088	0.973919	0.4620964	7.805917
42858	-2383.635	-2567.477	183.8426	1.028131	0.361109	7.43314
42864	-2402.891	-2585.472	182.5807	0.9726196	0.361109	8.137076
42870	-2392.216	-2574.693	182.4771	1.076177	0.361109	8.137076
42876	-2380.689	-2562.985	182.2957	1.043081	0.4754689	8.137076
42882	-2389.886	-2572.059	182.1727	1.043081	0.4754689	8.202575
42888	-2395.066	-2575.447	180.381	0.9270412	0.4754689	9.214642
42894	-2389.73	-2573.805	184.0743	1.440401	0.664848	6.817146
42900	-2385.903	-2571.145	185.2415	1.161098	0.3679235	6.600846
42906	-2395.704	-2582.417	186.7131	1.597634	0.3679235	5.561055
42912	-2400.919	-2582.57	181.651	1.200181	0.3911338	8.478503
42918	-2406.48	-2587.698	181.2181	1.251132	0.5594938	8.527357
42924	-2423.303	-2613.22	189.9171	1.631641	0.7120906	3.424794
42930	-2390.897	-2580.775	189.8772	1.671525	0.7120906	3.424794
42936	-2389.383	-2579.485	190.1025	1.671525	0.5517896	3.424794
42942	-2394.283	-2583.074	188.7916	1.559904	0.6447244	4.166245
42948	-2404.501	-2593.323	188.8226	1.559904	0.5747418	4.205781
42954	-2396.128	-2584.975	188.847	1.535509	0.5747418	4.205781
42960	-2391.532	-2580.436	188.9038	1.610195	0.4916492	4.205781
42966	-2397.519	-2586.473	188.954	1.457473	0.5418172	4.217929
42972	-2398.01	-2586.029	188.0181	1.614686	0.5418172	4.65678
42978	-2393.058	-2583.35	190.2925	1.617571	0.4322942	3.462374
42984	-2400.284	-2589.654	189.3703	1.784628	0.4285626	3.903325
42990	-2419.847	-2611.06	191.2137	1.822683	0.7212336	2.522186
42996	-2405.374	-2596.847	191.4726	1.822683	0.5976767	2.465374
43002	-2407.91	-2599.72	191.8105	1.853062	0.3803626	2.465374
43008	-2408.051	-2597.718	189.6671	1.630145	0.4723347	3.776763
43014	-2396.674	-2583.574	186.9003	1.392488	0.4723347	5.463575
43020	-2398.734	-2585.019	186.2852	1.392488	0.4723347	5.801117
43026	-2394.127	-2580.343	186.2162	1.573039	0.4587933	5.752953
43032	-2407.351	-2595.557	188.2054	1.468698	0.3469674	4.830749
43038	-2418.753	-2600.825	182.0716	1.309491	0.3469674	8.244546
43044	-2395.003	-2577.217	182.2139	1.167149	0.3469674	8.244546
43050	-2414.865	-2599.069	184.2042	1.181	0.3170436	7.207964
43056	-2415.16	-2597.557	182.3974	1.001318	0.3170436	8.269882
43062	-2412.288	-2596.258	183.9696	1.000746	0.3842247	7.354668
43068	-2401.265	-2583.207	181.9416	0.8577565	0.3842247	8.513291
43074	-2401.311	-2583.116	181.8046	1.008576	0.3772957	8.513291
43080	-2398.108	-2577.963	179.8552	1.05887	0.5276687	9.377301
43086	-2398.844	-2581.429	182.5851	1.136729	0.5276687	7.886836
43092	-2395.813	-2579.397	183.5844	1.305224	0.3325546	7.455446
43098	-2394.757	-2578.344	183.587	1.157108	0.3325546	7.533433
43104	-2377.495	-2562.845	185.35	1.106181	0.3978348	6.539699
43110	-2376.647	-2561.933	185.2853	1.170837	0.3978348	6.539699
43116	-2384.492	-2568.964	184.4725	1.170837	0.6017842	6.795322
43122	-2405.163	-2593.038	187.8759	1.538198	0.6524784	4.688681
43128	-2396.67	-2587.095	190.4244	1.694682	0.4992546	3.271274
43134	-2393.725	-2583.89	190.1644	1.902955	1.049664	2.894395
43140	-2394.64	-2582.168	187.5289	1.726777	0.4025534	5.001278
43146	-2386.739	-2573.943	187.2043	1.398288	0.4532034	5.311241
43152	-2406.673	-2593.754	187.0815	1.407659	0.5205051	5.311241
43158	-2405.115	-2592.217	187.102	1.239732	0.5205051	5.392517
43164	-2403.844	-2589.681	185.8371	1.239732	0.5651272	6.047446
43170	-2392.961	-2582.255	189.2943	1.478259	0.5651272	3.991905
43176	-2387.657	-2575.806	188.1492	1.419995	0.5551691	4.680826
43182	-2381.568	-2569.843	188.2745	1.463302	0.5126974	4.623923
43188	-2395.881	-2585.72	189.8394	1.732906	0.2964265	3.82073
43194	-2399.512	-2588.17	188.658	1.732906	0.3016328	4.485514
43200	-2387.622	-2574.665	187.0436	1.478569	0.3016328	5.524027
43206	-2406.933	-2593.805	186.8724	1.887851	0.3016328	5.393
43212	-2410.45	-2598.36	187.9105	1.616015	0.3016328	4.968876
43218	-2413.571	-2600.455	186.8841	1.490472	0.3016328	5.605119
43224	-2406.496	-2589.794	183.298	1.580433	1.052854	6.923397
43230	-2413.863	-2601.519	187.6561	1.441708	0.3425053	5.156274
43236	-2409.723	-2597.633	187.9097	1.483657	0.3213282	5.018008
43242	-2404.452	-2590.978	186.5261	1.481835	0.3213282	5.781532
43248	-2385.212	-2570.886	185.6743	1.411286	0.7619218	5.896807
43254	-2399.753	-2585.299	185.5461	1.365499	0.9142718	5.896807
43260	-2392.892	-2579.646	186.7537	1.365499	0.8951189	5.244716
43266	-2404.637	-2591.217	186.5797	1.420387	0.7111026	5.43023
43272	-2395.578	-2583.238	187.6601	1.589001	0.7700253	4.696317
43278	-2388.019	-2577.839	189.8206	1.589472	0.5799482	3.612043
43284	-2403.276	-2590.52	187.2441	1.523832	0.1884331	5.554859
43290	-2394.153	-2580.649	186.4964	1.710642	0.1884331	5.862234
43296	-2387.834	-2577.682	189.8482	1.75572	0.2934948	3.80649
43302	-2396.357	-2586.065	189.7088	1.692656	0.4026929	3.78957
43308	-2388.532	-2577.798	189.2659	1.790597	0.4026929	3.987477
43314	-2387.836	-2576.963	189.1268	1.601169	0.3393116	4.247698
43320	-2387.584	-2573.7	186.1152	1.320954	0.4239135	5.9803
43326	-2385.263	-2571.222	185.9593	1.476817	0.4239135	5.9803
43332	-2379.722	-2562.707	182.9853	1.291916	0.4485058	7.661259
43338	-2393.682	-2577.627	183.945	1.359337	0.2741815	7.305571
43344	-2396.523	-2583.523	186.9999	1.381306	0.3557655	5.536093
43350	-2388.291	-2575.981	187.6901	1.618419	0.3557655	5.023897
43356	-2388.137	-2576.058	187.9207	1.32323	0.3876347	5.023897
43362	-2379.702	-2566.662	186.9596	1.198126	0.3876347	5.623368
43368	-2385.992	-2567.573	181.581	1.170402	0.3876347	8.535158
43374	-2388.171	-2567.727	179.5555	1.132567	0.3700345	9.645583
43380	-2391.197	-2574.146	182.9492	1.13198	0.5688904	7.6607
43386	-2387.039	-2572.108	185.0685	1.305132	0.5688904	6.426617
43392	-2402.468	-2589.811	187.3433	1.362736	0.5345704	5.178984
43398	-2392.416	-2579.068	186.6527	1.498797	0.5345704	5.484929
43404	-2403.085	-2589.276	186.1908	1.472997	0.5345704	5.752623
43410	-2389.495	-2576.571	187.0755	1.472997	0.5345704	5.266106
43416	-2379.28	-2566.474	187.1942	1.357322	0.5326552	5.266106
43422	-2385.201	-2572.619	187.4187	1.377911	0.3927687	5.266106
43428	-2386.948	-2574.168	187.2195	1.377911	0.5041548	5.266106
43434	-2385.567	-2572.8	187.2333	1.364174	0.5041548	5.266106
43440	-2386.57	-2573.848	187.2779	1.332253	0.4964541	5.266106
43446	-2393.233	-2581.527	188.2946	1.506223	0.4964541	4.603574
43452	-2399.83	-2588.025	188.1957	1.413793	0.5676247	4.647627
43458	-2395.923	-2581.868	185.9449	1.413793	0.4204139	6.026093
43464	-2384.669	-2570.804	186.1351	1.223596	0.4204139	6.026093
43470	-2396.8	-2582.61	185.8096	1.264812	0.4204139	6.180901
43476	-2393.41	-2579.036	185.6258	1.406701	0.3352894	6.29658
43482	-2396.152	-2580.126	183.9737	1.286998	0.3766338	7.206895
43488	-2395.133	-2578.422	183.2895	1.232718	0.3795107	7.599771
43494	-2381.652	-2565.985	184.3332	1.346671	0.3906195	6.966475
43500	-2395.714	-2580.268	184.5538	1.196743	0.3906195	6.928397
43506	-2396.554	-2580.931	184.3773	1.262374	0.3906195	6.988128
43512	-2397.36	-2582.701	185.3411	1.495449	0.5829631	6.163733
43518	-2393.526	-2581.308	187.7824	1.465236	0.8997688	4.613916
43524	-2390.727	-2578.267	187.5404	1.620248	0.7934313	4.730067
43530	-2387.356	-2575.333	187.9779	1.442649	0.5956036	4.730067
43536	-2393.361	-2580.611	187.2497	1.349523	0.4415092	5.324645
43542	-2386.291	-2572.943	186.6522	1.574412	0.4438439	5.527548
43548	-2377.085	-2564.491	187.4065	1.457238	0.6894639	4.967967
43554	-2377.089	-2564.631	187.5421	1.457238	0.5918178	4.967967
43560	-2372.033	-2558.687	186.6544	1.445213	0.560207	5.491596
43566	-2373.208	-2560.037	186.8281	1.300024	0.5417447	5.491596
43572	-2373.63	-2561.243	187.6128	1.308452	0.491036	5.098969
43578	-2369.594	-2556.933	187.3384	1.453061	0.5728922	5.098969
43584	-2374.977	-2562.541	187.5642	1.401084	0.5728922	5.002545
43590	-2362.602	-2550.111	187.509	1.456299	0.5728922	5.002545
43596	-2363.771	-2551.54	187.7689	1.456299	0.4174275	5.002545
43602	-2384.948	-2574.161	189.2134	1.593847	0.4174275	4.113728
43608	-2390.781	-2581.123	190.3423	1.593847	0.7114432	3.197093
43614	-2392.819	-2581.189	188.3694	1.593847	0.6632747	4.37178
43620	-2384.553	-2568.129	183.5756	1.240776	0.5812356	7.256748
43626	-2393.278	-2580.893	187.6157	1.581191	0.5812356	4.866712
43632	-2394.24	-2581.944	187.7037	1.525316	0.5599527	4.866712
43638	-2399.093	-2585.948	186.8548	1.419363	0.5599527	5.395719
43644	-2390.1	-2576.315	186.2155	1.61402	0.4039735	5.785862
43650	-2397.744	-2585.704	187.9599	1.773506	0.4617741	4.674434
43656	-2393.165	-2580.333	187.1682	1.473368	0.4617741	5.281384
43662	-2388.767	-2573.83	185.063	1.344658	0.3172424	6.656714
43668	-2386.997	-2576.152	189.1542	1.459691	0.500557	4.140614
43674	-2387.414	-2577.847	190.433	1.696857	0.500557	3.263643
43680	-2383.942	-2573.315	189.3731	1.534957	0.6879901	3.814718
43686	-2374.95	-2563.249	188.2999	1.672924	0.6716284	4.360024
43692	-2381.466	-2570.666	189.1998	1.61908	0.6808915	3.871396
43698	-2387.984	-2577.182	189.1977	1.621178	0.6808915	3.871396
43704	-2388.5	-2578.087	189.5875	1.697767	0.3892062	3.871396
43710	-2386.694	-2573.245	186.5508	1.627594	0.3892062	5.610349
43716	-2384.717	-2572.532	187.8154	1.601435	0.3987139	4.915795
43722	-2378.917	-2566.664	187.7473	1.669485	0.3987139	4.915795
43728	-2378.018	-2566.627	188.6088	1.705042	0.3987139	4.413369
43734	-2382.109	-2569.217	187.1084	1.534668	0.5289737	5.218747
43740	-2379.395	-2565.371	185.9761	1.510004	0.6000476	5.795637
43746	-2375.544	-2563.796	188.2525	1.576401	0.4194475	4.663775
43752	-2391.148	-2574.966	183.8178	1.576401	0.3516498	7.16273
43758	-2386.984	-2574.234	187.2499	1.350343	0.3396179	5.434373
43764	-2386.039	-2575.558	189.5181	1.768514	0.8192205	3.501573
43770	-2386.284	-2575.957	189.6733	1.954842	0.5612297	3.501573
43776	-2388.274	-2578.053	189.7792	1.892247	0.5612297	3.476293
43782	-2398.835	-2587.599	188.7634	1.688493	0.8599276	3.956876
43788	-2389.984	-2579.302	189.3177	1.559063	0.5372944	3.956876
43794	-2397.872	-2585.953	188.0807	1.437446	0.5372944	4.724885
43800	-2389.208	-2576.963	187.755	1.437446	0.3721989	5.069566
43806	-2381.5	-2568.256	186.7555	1.366598	0.540801	5.495752
43812	-2382.978	-2568.867	185.8895	1.311321	0.4198503	6.112721
43818	-2405.622	-2591.53	185.9081	1.292637	0.4198503	6.112721
43824	-2401.359	-2589.19	187.8313	1.430928	0.3282961	5.082222
43830	-2396.288	-2584.917	188.6289	1.510862	0.6004871	4.321753
43836	-2397.536	-2586.176	188.6407	1.510862	0.6004871	4.315119
43842	-2394.448	-2581.453	187.0049	1.527626	0.6445437	5.185252
43848	-2407.465	-2591.171	183.7066	1.278349	0.6445437	7.117411
43854	-2405.049	-2593.411	188.3617	1.805174	0.4821712	4.411199
43860	-2393.115	-2576.774	183.6593	1.174359	0.4821712	7.331841
43866	-2400.125	-2584.618	184.4921	1.072548	0.6156419	6.827001
43872	-2391.015	-2575.447	184.4317	1.226742	0.5524103	6.827001
43878	-2391.116	-2575.898	184.7824	1.139922	0.3990058	6.827001
43884	-2382.714	-2568.765	186.0507	1.217239	0.3990058	6.097657
43890	-2396.608	-2579.477	182.8689	1.217239	0.2989221	7.925705
43896	-2391.091	-2577.112	186.0206	1.121228	0.4877348	6.079374
43902	-2396.356	-2581.877	185.5209	1.507334	0.5585702	6.079374
43908	-2383.211	-2570.171	186.9597	1.474366	0.513286	5.34807
43914	-2385.182	-2573.224	188.0415	1.440091	0.3427883	4.942918
43920	-2407.708	-2591.802	184.0938	1.27232	0.3743974	7.152643
43926	-2393.079	-2574.99	181.9116	1.316063	0.6639865	8.043953
43932	-2389.797	-2576.254	186.457	1.47944	0.5297107	5.607385
43938	-2384.363	-2568.463	184.1003	1.291442	0.5297107	6.989929
43944	-2388.03	-2572.623	184.5923	1.092653	0.5297107	6.831861
43950	-2390.572	-2575.028	184.4564	1.326194	0.4706723	6.831861
43956	-2384.87	-2571.315	186.445	1.359448	0.3749435	5.830778
43962	-2387.562	-2573.682	186.1201	1.479191	0.4865342	5.830778
43968	-2388.355	-2573.047	184.692	1.32971	0.4328494	6.739022
43974	-2385.817	-2570.643	184.8263	1.387255	0.50187	6.570592
43980	-2390.986	-2578.806	187.8201	1.377031	0.4668431	4.968711
43986	-2385.821	-2572.134	186.3129	1.442183	0.4668431	5.763976
43992	-2394.807	-2583.513	188.706	1.671089	0.6799798	4.124526
43998	-2401.905	-2588.81	186.9044	1.671089	0.441681	5.337569
44004	-2389.882	-2575.242	185.3595	1.36968	0.6157579	6.196218
44010	-2393.258	-2579.025	185.767	1.320598	0.68707	5.94761
44016	-2395.143	-2581.34	186.1971	1.320598	0.6996251	5.703392
44022	-2374.39	-2560.587	186.1971	1.320598	0.6996251	5.703392
44028	-2380.097	-2566.769	186.6723	1.282972	0.417103	5.703392
44034	-2381.955	-2568.239	186.2838	1.223809	0.417103	5.948245
44040	-2382.727	-2568.346	185.6187	1.223809	0.3640634	6.366775
44046	-2398.645	-2584.039	185.3943	1.223809	0.4129962	6.436265
44052	-2409.358	-2596.117	186.7587	1.548447	0.967743	5.098289
44058	-2399.665	-2586.475	186.809	1.498076	0.967743	5.098289
44064	-2402.353	-2589.468	187.1154	1.449612	0.8045399	5.054498
44070	-2404.698	-2591.771	187.0728	1.492233	0.8045399	5.054498
44076	-2402.623	-2588.543	185.9201	1.477226	0.8887251	5.645998
44082	-2399.024	-2584.374	185.3495	1.299721	0.6876414	6.186069
44088	-2404.563	-2588.219	183.6563	1.084786	0.3191231	7.550928
44094	-2395.162	-2579.908	184.7465	1.317546	0.3037952	6.858817
44100	-2403.306	-2587.854	184.5476	1.180488	0.4733273	6.858817
44106	-2400.305	-2589.052	188.7468	1.346861	0.5559495	4.385386
44112	-2405.411	-2594.253	188.8421	1.530326	0.6541715	4.146954
44118	-2397.484	-2586.74	189.2558	1.370335	0.5016498	4.132628
44124	-2404.226	-2588.713	184.4875	1.365765	0.5016498	6.765551
44130	-2387.95	-2572.838	184.888	1.073877	0.438734	6.765551
44136	-2396.489	-2582.084	185.5951	1.154055	0.438734	6.339394
44142	-2406.102	-2591.682	185.5801	1.151475	0.4484984	6.339394
44148	-2401.761	-2588.191	186.4304	1.438789	0.4484984	5.719121
44154	-2398.355	-2584.379	186.0232	1.37139	0.4458847	5.981165
44160	-2410.223	-2592.203	181.9798	1.20481	0.4480891	8.244645
44166	-2399.979	-2585.653	185.6735	1.390957	0.4480891	6.158905
44172	-2388.647	-2573.274	184.6262	1.303465	0.330466	6.898932
44178	-2393.543	-2579.84	186.2974	1.323857	0.4259624	5.877144
44184	-2405.459	-2590.877	185.4176	1.193149	0.4259624	6.42713
44190	-2395.896	-2581.215	185.3189	1.265403	0.4259624	6.441495
44196	-2395.878	-2582.147	186.2695	1.265403	0.4259624	5.924354
44202	-2396.405	-2585.69	189.2848	1.546041	0.7278627	3.829556
44208	-2387.985	-2571.611	183.6263	1.231479	0.3432388	7.460144
44214	-2391.698	-2576.864	185.1665	1.128293	0.4558947	6.56904
44220	-2390.855	-2575.876	185.0214	1.117977	0.4558947	6.653086
44226	-2398.587	-2583.658	185.0701	1.33022	0.3235242	6.653086
44232	-2392.005	-2578.064	186.0599	1.240619	0.367676	6.11377
44238	-2399.249	-2582.049	182.8004	1.171151	1.022077	7.426881
44244	-2388.599	-2568.897	180.2974	1.03418	0.8334423	8.939559
44250	-2385.767	-2566.455	180.6882	1.104119	0.4965206	8.939559
44256	-2388.082	-2569.295	181.2132	0.9616025	0.4982059	8.735383
44262	-2391.581	-2576.817	185.2365	1.202181	0.4982059	6.451935
44268	-2401.096	-2583.977	182.8802	1.202421	0.4982059	7.71965
44274	-2393.115	-2577.827	184.7115	1.218268	0.4982059	6.727287
44280	-2387.678	-2571.555	183.8767	1.174619	0.4982059	7.20049
44286	-2387.623	-2571.701	184.0777	1.024413	0.4682471	7.20049
44292	-2383.996	-2568.239	184.243	1.089914	0.3473567	7.20049
44298	-2387.121	-2571.013	183.8925	1.188338	0.3473567	7.335861
44304	-2388.046	-2570.916	182.8703	1.004632	0.3656046	7.9607
44310	-2386.533	-2572.302	185.7691	1.291331	0.4540555	6.155303
44316	-2391.697	-2579.626	187.9285	1.680005	0.4850283	4.721963
44322	-2401.85	-2589.882	188.0321	1.600659	0.366688	4.830932
44328	-2394.72	-2583.685	188.9654	1.716275	0.3042035	4.318147
44334	-2394.828	-2578.795	183.967	1.332802	0.4997975	7.06551
44340	-2399.216	-2588.328	189.1115	1.821127	0.3082013	4.170711
44346	-2409.049	-2598.16	189.1115	1.821127	0.3082013	4.170711
44352	-2419.899	-2607.356	187.4568	1.449346	0.4288949	5.167699
44358	-2397.859	-2584.62	186.7614	1.538918	0.3361122	5.603461
44364	-2392.436	-2582.852	190.4159	1.811203	0.3274559	3.399634
44370	-2394.226	-2582.191	187.9652	1.700748	0.3117771	4.878326
44376	-2395.016	-2584.145	189.1289	1.700748	0.3117771	4.224554
44382	-2382.636	-2570.227	187.5914	1.700748	0.4620019	4.920524
44388	-2381.477	-2565.852	184.3744	1.434895	0.4352846	6.851294
44394	-2394.285	-2578.534	184.2494	1.410521	0.5034258	6.868279
44400	-2383.62	-2570.772	187.1527	1.38223	0.4776408	5.32514
44406	-2390.401	-2577.668	187.2665	1.268464	0.4776408	5.32514
44412	-2390.855	-2577.542	186.6876	1.290653	0.4776408	5.631469
44418	-2385.189	-2571.892	186.7024	1.424561	0.3958224	5.631469
44424	-2387.41	-2572.002	184.5918	1.382733	0.3915561	6.806618
44430	-2387.315	-2573.643	186.3275	1.390485	0.3538647	5.90164
44436	-2378.912	-2565.894	186.982	1.223899	0.3538647	5.634541
44442	-2386.8	-2572.406	185.606	1.011812	0.3538647	6.500021
44448	-2376.361	-2561.679	185.318	1.346852	0.3318432	6.500021
44454	-2379.002	-2563.47	184.4682	1.346852	0.3073173	6.988594
44460	-2384.274	-2568.465	184.1915	1.38139	0.4252699	6.988594
44466	-2391.171	-2576.428	185.2574	1.263838	0.4252699	6.476377
44472	-2393.076	-2578.35	185.2738	1.247355	0.4252699	6.476377
44478	-2390.656	-2573.753	183.097	1.18934	0.2939141	7.825068
44484	-2382.625	-2565.403	182.778	1.224174	0.4311507	7.825068
44490	-2388.315	-2570.855	182.54	1.462194	0.4311507	7.825068
44496	-2380.694	-2565.718	185.0234	1.563861	0.5156754	6.355836
44502	-2381.582	-2569.046	187.4641	1.563861	0.3177599	5.224902
44508	-2384.407	-2572.292	187.8854	1.563861	0.2925697	5.02361
44502	-2437.107	-2621.582	184.4748	1.22759	0.5985889	6.765954
44508	-2422.002	-2604.104	182.1021	1.152556	0.5590346	8.109936
44514	-2398.982	-2586.594	187.612	1.575072	0.5990152	4.857654
44520	-2402.827	-2590.199	187.3719	1.733164	0.4476173	5.038622
44526	-2391.583	-2578.682	187.0988	1.733466	0.6194247	5.038622
44532	-2395.073	-2582.242	187.1687	1.381616	0.532931	5.26651
44538	-2389.431	-2576.395	186.9643	1.598125	0.532931	5.259809
44544	-2395.619	-2581.449	185.8306	1.315081	0.4904498	6.074776
44550	-2395.762	-2581.68	185.9188	1.226943	0.4904498	6.074776
44556	-2391.631	-2577.185	185.5539	1.480155	0.5602803	6.074776
44562	-2397.902	-2584.075	186.173	1.259367	0.4227097	5.983612
44568	-2395.583	-2581.978	186.3947	1.249923	0.3184023	5.983612
44574	-2393.839	-2577.35	183.5103	1.154636	0.3184023	7.59257
44580	-2410.597	-2597.622	187.0255	1.367614	0.343558	5.543685
44586	-2397.627	-2581.658	184.0312	1.12497	0.343558	7.29974
44592	-2389.701	-2573.717	184.016	1.209158	0.3122462	7.29974
44598	-2396.687	-2580.411	183.7238	1.285366	0.4171876	7.29974
44604	-2398.225	-2589.191	190.966	1.685416	0.2084416	3.326694
44610	-2385.498	-2574.51	189.0116	1.432563	0.3350926	4.413247
44616	-2383.754	-2569.572	185.8172	1.340911	0.3350926	6.228556
44622	-2395.574	-2581.757	186.1832	1.119272	0.2727008	6.228556
44628	-2391.328	-2577.141	185.8137	1.232714	0.3892471	6.228556
44634	-2392.121	-2577.88	185.7592	1.28724	0.3892471	6.228556
44640	-2384.93	-2570.895	185.965	1.251874	0.3086766	6.228556
44646	-2388.977	-2572.732	183.7554	1.075442	0.5162351	7.30307
44652	-2403.87	-2587.296	183.4258	1.318352	0.2209508	7.680797
44658	-2404.71	-2587.669	182.9586	1.371138	0.4004321	7.680797
44664	-2397.288	-2586.854	189.5662	1.74192	0.4004321	3.845723
44670	-2393.868	-2585.066	191.1979	1.653727	0.4004321	2.93968
44676	-2383.415	-2573.751	190.336	1.529118	0.4004321	3.523505
44682	-2383.511	-2571.746	188.2353	1.529118	0.4494032	4.66931
44688	-2385.288	-2574.601	189.3133	1.526588	0.4742869	4.03709
44694	-2390.917	-2580.248	189.3308	1.741761	0.3514308	4.03709
44700	-2400	-2585.707	185.7074	1.446076	0.4442557	6.114155
44706	-2401.134	-2586.638	185.5037	1.179206	0.4911787	6.325836
44712	-2390.766	-2573.387	182.6209	1.163162	0.4911787	7.885404
44718	-2394.849	-2578.841	183.9917	1.163162	0.4911787	7.151178
44724	-2406.201	-2593.733	187.5319	1.580553	0.4911787	4.99271
44730	-2389.717	-2577.438	187.7207	1.506065	0.4261209	4.99271
44736	-2402.786	-2590.508	187.7217	1.485498	0.4367942	4.99271
44742	-2389.536	-2576.625	187.0885	1.50057	0.6121507	5.17918
44748	-2397.62	-2584.952	187.3317	1.644878	0.3909892	5.168479
44754	-2402.148	-2590.7	188.5522	1.644878	0.3242692	4.565654
44760	-2395.741	-2584.826	189.0848	1.717413	0.3043733	4.249705
44766	-2393.467	-2582.149	188.6827	1.717413	0.5137944	4.249705
44772	-2386.91	-2575.369	188.4598	1.569564	0.3678872	4.607732
44778	-2394.703	-2583.449	188.7459	1.812973	0.4343304	4.237054
44784	-2400.378	-2589.511	189.1336	1.643638	0.4343304	4.113059
44790	-2424.119	-2616.045	191.9261	1.917269	0.7204665	2.004224
44796	-2398.959	-2590.188	191.2288	1.917269	0.6733122	2.492699
44802	-2393.005	-2581.405	188.3997	1.602675	0.7756893	4.268496
44808	-2398.031	-2587.033	189.002	1.401335	0.4506128	4.308573
44814	-2399.408	-2587.51	188.1019	1.511696	0.4445264	4.758519
44820	-2404.295	-2592.605	188.3104	1.426717	0.3407525	4.802959
44826	-2392.449	-2581.472	189.0234	1.383646	0.2630924	4.528978
44832	-2398.821	-2586.21	187.389	1.539365	0.6947379	4.928185
44838	-2410.642	-2601.419	190.7773	1.738574	0.2254576	3.377902
44844	-2392.727	-2583.461	190.7342	1.781668	0.2254576	3.377902
44850	-2400.268	-2587.66	187.3917	1.350642	0.4115274	5.276153
44856	-2390.081	-2578.064	187.9825	1.350642	0.3204381	5.052527
44862	-2402.424	-2586.565	184.1412	1.159937	0.5799164	6.997122
44868	-2389.369	-2572.204	182.8349	1.174414	0.2562629	8.022445
44874	-2383.952	-2566.544	182.5919	1.517407	0.2191895	8.022445
44880	-2394.958	-2573.998	179.0397	1.226038	0.3055325	9.941526
44886	-2383.6	-2566.094	182.4936	1.226038	0.3558955	8.054186
44892	-2383.534	-2568.176	184.6417	1.252554	0.3558955	6.888727
44898	-2381.542	-2566.184	184.6417	1.252554	0.3558955	6.888727
44904	-2393.232	-2578.636	185.4037	1.284101	0.3322022	6.487186
44910	-2385.015	-2568.496	183.4818	1.257127	0.3622996	7.502447
44916	-2381.683	-2566.683	184.9995	1.2707	0.3622996	6.678668
44922	-2394.1	-2578.429	184.3288	1.246009	0.3601431	7.056065
44928	-2393.534	-2578.247	184.7126	1.279781	0.3601431	6.83104
44934	-2397.763	-2581.824	184.0615	1.157784	0.3620849	7.245033
44940	-2399.643	-2583.614	183.971	1.248301	0.3620849	7.245033
44946	-2394.267	-2582.458	188.1906	1.906193	0.2304968	4.751024
44952	-2398.266	-2587.137	188.871	1.613657	0.6550066	4.082459
44958	-2385.089	-2573.206	188.1166	1.487193	0.6550066	4.58041
44964	-2379.903	-2569.594	189.6918	1.487193	0.600414	3.728358
44970	-2390.976	-2580.804	189.8284	1.487193	0.5114965	3.728358
44976	-2394.798	-2584.626	189.8284	1.487193	0.5114965	3.728358
44982	-2401.391	-2591.063	189.6722	1.556686	0.5114965	3.778375
44988	-2404.973	-2594.693	189.7204	1.711917	0.3967524	3.778375
44994	-2394.583	-2584.524	189.9414	1.528588	0.3967524	3.756676
45000	-2398.198	-2585.836	187.6383	1.498452	0.3967524	5.073508
45006	-2391.66	-2579.316	187.6557	1.481077	0.3967524	5.073508
45012	-2398.931	-2587.161	188.2297	1.370596	0.5316094	4.683979
45018	-2379.97	-2562.194	182.2235	1.167391	0.5316094	8.060057
45024	-2385.066	-2568.646	183.58	1.167391	0.3525085	7.508787
45030	-2377.358	-2560.942	183.5835	1.163883	0.3525085	7.508787
45036	-2392.562	-2576.773	184.2114	1.171865	0.3525085	7.167598
45042	-2387.766	-2570.343	182.5773	1.171865	0.3525085	8.04221
45048	-2378.457	-2562.588	184.1304	1.31768	0.3525085	7.132771
45054	-2380.828	-2566.249	185.421	1.303517	0.4379614	6.353537
45060	-2383.946	-2569.483	185.5375	1.278913	0.4379614	6.30361
45066	-2380.007	-2566.748	186.7407	1.123684	0.4474543	5.722798
45072	-2384.232	-2568.032	183.8009	1.046	0.5109748	7.299057
45078	-2382.848	-2566.605	183.7569	1.048012	0.5372116	7.299057
45084	-2384.745	-2567.672	182.9275	1.048012	0.5829287	7.705963
45090	-2388.593	-2571.527	182.9342	1.041239	0.5829287	7.705963
45096	-2379.334	-2562.563	183.2288	1.174857	0.3800838	7.66262
45102	-2386.588	-2569.42	182.8323	1.254492	0.3765852	7.835694
45108	-2377.937	-2560.78	182.8423	1.244527	0.3765852	7.835694
45114	-2377.99	-2562.604	184.6138	1.244527	0.3765852	6.885307
45120	-2388.651	-2573.306	184.6555	1.30337	0.3286615	6.885307
45126	-2395.402	-2579.459	184.0567	1.200956	0.3286615	7.262579
45132	-2398.597	-2582.787	184.19	1.067691	0.3286615	7.262579
45138	-2408.15	-2591.077	182.9263	1.080449	0.1891314	8.124438
45144	-2401.243	-2583.47	182.227	1.216838	0.300804	8.265653
45150	-2394.486	-2577.27	182.7841	1.17093	0.4395532	7.842084
45156	-2401.955	-2586.118	184.1627	1.286845	0.4395532	7.040917
45162	-2393.447	-2576.832	183.3856	1.125132	0.3424346	7.646927
45168	-2395.197	-2578.629	183.4315	1.253723	0.1905698	7.760074
45174	-2391.956	-2575.137	183.1807	1.134347	0.4009636	7.688129
45180	-2396.155	-2579.256	183.1008	1.316681	0.3386428	7.701126
45186	-2389.468	-2573.214	183.7456	1.226199	0.3888404	7.348972
45192	-2389.123	-2571.733	182.6099	1.226199	0.3541207	7.994053
45198	-2387.461	-2574.078	186.6175	1.28466	0.2806955	5.891067
45204	-2388.846	-2574.141	185.2943	1.421005	0.2806955	6.536455
45210	-2385.727	-2570.841	185.114	1.161065	0.5028174	6.536455
45216	-2388.864	-2570.181	181.317	1.095372	0.5028174	8.605317
45222	-2401.18	-2587.901	186.721	1.292993	0.5028174	5.588664
45228	-2387.135	-2571.237	184.1024	1.198101	0.5028174	7.062441
45234	-2384.419	-2567.946	183.5268	1.190755	0.5813874	7.309672
45240	-2389.968	-2573.747	183.7788	1.069337	0.3364308	7.47318
45246	-2384.897	-2568.675	183.7788	1.069337	0.3364308	7.47318
45252	-2392.303	-2575.951	183.6483	1.11165	0.3756185	7.476628
45258	-2401.519	-2582.38	180.8606	1.11165	0.3101183	9.03525
45264	-2404.612	-2585.553	180.9417	1.030558	0.3101183	9.03525
45270	-2407.217	-2599.082	191.8655	2.238591	0.9641745	1.63214
45276	-2395.46	-2587.385	191.9243	2.238591	0.9728068	1.583008
45282	-2404.676	-2596.097	191.4209	2.238591	0.9728068	1.93517
45288	-2401.889	-2593.148	191.2588	2.238591	1.14153	1.93517
45294	-2403.373	-2586.007	182.6337	1.02363	0.5303535	7.919007
45300	-2404.963	-2588.513	183.5501	1.032129	0.3813804	7.565684
45306	-2406.324	-2591.747	185.4231	1.355569	0.432692	6.32934
45312	-2402.802	-2587.434	184.632	1.264061	0.4966061	6.746955
45318	-2398.745	-2585.801	187.0565	1.264061	0.423666	5.496095
45324	-2398.179	-2584.427	186.248	1.351114	0.4566403	5.859051
45330	-2396.214	-2582.162	185.9486	1.24955	0.7269689	5.859051
45336	-2401.521	-2587.754	186.233	1.24955	0.5262025	5.859051
45342	-2402.16	-2586.986	184.8256	1.261299	0.4582467	6.679255
45348	-2410.044	-2594.803	184.7583	1.090518	0.6083436	6.679255
45354	-2394.354	-2581.117	186.7633	1.658616	0.5046489	5.36255
45360	-2397.637	-2575.981	178.3432	1.086815	0.5046489	10.17894
45366	-2408.492	-2591.161	182.6697	1.059881	0.374653	8.028388
45372	-2403.394	-2587.172	183.7788	1.157736	0.3865251	7.370361
45378	-2386.377	-2570.824	184.4479	1.090496	0.3865251	7.046985
45384	-2403.244	-2587.678	184.4339	1.024294	0.4286429	7.046985
45390	-2403.189	-2588.165	184.9759	1.08047	0.4286429	6.724477
45396	-2411.18	-2595.877	184.6971	1.155645	0.5495851	6.724477
45402	-2406.858	-2591.555	184.6971	1.155645	0.5495851	6.724477
45408	-2395.451	-2578.425	182.9732	1.155645	0.3284513	7.867209
45414	-2398.495	-2583.654	185.1594	1.278892	0.5149018	6.43733
45420	-2390.259	-2575.574	185.3148	1.186742	0.5482912	6.374322
45426	-2397.407	-2582.474	185.0674	1.3101	0.5718246	6.42212
45432	-2405.48	-2590.135	184.6544	1.25742	0.5718246	6.67424
45438	-2412.329	-2595.038	182.7095	1.330855	0.5994763	7.658266
45444	-2401.331	-2584.959	183.6283	1.228695	0.5310448	7.2763
45450	-2407.745	-2591.808	184.0633	1.260177	0.5778969	6.986706
45456	-2394.085	-2578.095	184.0105	1.213539	0.5379569	7.073166
45462	-2406.253	-2592.107	185.8545	1.197286	0.445802	6.168037
45468	-2406.577	-2588.649	182.0724	1.275333	0.445802	8.159973
45474	-2405.252	-2585.081	179.8292	1.177153	0.445827	9.401466
45480	-2390.517	-2573.04	182.5231	0.9674323	0.4465328	8.083173
45486	-2404.5	-2585.485	180.9849	1.051646	0.4465328	8.855813
45492	-2403.736	-2584.729	180.9933	1.033042	0.4522619	8.855813
45498	-2402.916	-2586.434	183.5181	1.025725	0.4887546	7.481284
45504	-2401.687	-2584.215	182.5279	1.061219	0.5705862	7.922192
45510	-2397.374	-2579.973	182.5996	1.061219	0.5151737	7.930119
45516	-2405.809	-2587.549	181.7405	1.177892	0.5151737	8.325696
45522	-2397.258	-2583.776	186.5188	1.325821	0.4187577	5.762328
45528	-2404.606	-2590.984	186.3773	1.325821	0.4992552	5.762328
45534	-2409.161	-2595.292	186.1314	1.436781	0.5855759	5.762328
45540	-2400.921	-2587.438	186.5172	1.484808	0.779294	5.382418
45546	-2416.092	-2600.386	184.2938	1.619872	0.8981744	6.449172
45552	-2409.292	-2598.195	188.903	1.574414	0.8981744	3.91814
45558	-2399.167	-2588.682	189.5157	1.558498	0.6542015	3.745114
45564	-2410.818	-2599.99	189.1718	1.651846	0.476052	4.044623
45570	-2415.078	-2601.822	186.7434	1.459624	0.2839284	5.722157
45576	-2400.514	-2586.147	185.6333	1.641222	0.2601543	6.260894
45582	-2398.499	-2584.507	186.0081	1.65731	0.2867679	6.012318
45588	-2397.483	-2585.825	188.3419	1.481108	0.3684818	4.72261
45594	-2411.935	-2602.686	190.7506	1.710441	0.4640358	3.10391
45600	-2415.672	-2598.084	182.4116	1.081238	0.6630901	7.903153
45606	-2409.532	-2594.047	184.5156	1.536528	0.3540543	6.805673
45612	-2400.502	-2586.243	185.7411	1.288074	0.6456741	6.009979
45618	-2404.742	-2590.858	186.1163	1.393779	0.3584283	6.009979
45624	-2398.096	-2589.015	190.919	1.779742	0.5057707	2.919114
45630	-2395.984	-2584.035	188.051	1.56736	0.5308856	4.674483
45636	-2400.314	-2588.301	187.9871	1.631323	0.5308856	4.674483
45642	-2389.515	-2578.552	189.0367	1.631323	0.7647694	3.896737
45648	-2398.905	-2587.584	188.679	1.436108	0.3657003	4.562122
45654	-2412.311	-2600.979	188.6677	1.436108	0.3712585	4.562122
45660	-2413.227	-2600.071	186.8438	1.442154	0.3712585	5.570933
45666	-2393.546	-2581.017	187.4704	1.448117	0.656528	4.962036
45672	-2390.569	-2574.577	184.0071	1.114449	0.4407949	7.216076
45678	-2397.172	-2583.992	186.82	1.284755	0.6778478	5.396515
45684	-2395.905	-2585.076	189.1712	1.792192	0.5095573	3.932726
45690	-2401.849	-2591.947	190.098	1.798958	0.605031	3.305904
45696	-2400.027	-2590.39	190.3628	1.789636	0.4457384	3.305904
45702	-2394.465	-2582.419	187.9539	1.573415	0.4457384	4.805509
45708	-2404.078	-2591.952	187.8741	1.439645	0.576473	4.805509
45714	-2394.793	-2582.202	187.4097	1.640748	1.157325	4.582571
45720	-2393.018	-2582.001	188.9827	1.474626	0.2952705	4.456501
45726	-2406.499	-2594.637	188.138	1.604967	0.7165414	4.456501
45732	-2386.947	-2574.957	188.0108	1.363507	0.6436715	4.717717
45738	-2385.285	-2572.28	186.9954	1.363507	0.6324833	5.290513
45744	-2393.705	-2580.896	187.1911	1.377056	0.4951501	5.290513
45750	-2396.087	-2584.705	188.6177	1.377056	0.4951501	4.495834
45756	-2388.639	-2578.261	189.6219	1.377056	0.4951501	3.92599
45762	-2381.57	-2570.64	189.0701	1.473376	0.4951501	4.185722
45768	-2388.605	-2574.94	186.3351	1.43532	0.4951501	5.729238
45774	-2404.147	-2588.888	184.7412	1.213839	0.5587528	6.661582
45780	-2390.388	-2572.144	181.756	0.9796285	0.5587528	8.386396
45786	-2396.007	-2580.064	184.0571	1.090952	0.4127405	7.229666
45792	-2395.551	-2581.242	185.6908	1.312096	0.5935508	6.064686
45798	-2399.418	-2584.935	185.5174	1.312096	0.3456781	6.39466
45804	-2395.359	-2580.246	184.8866	1.404285	0.6683576	6.39466
45810	-2391.704	-2575.761	184.0574	1.275773	0.9501235	6.733453
45816	-2387.75	-2572.38	184.6309	1.276057	0.5051602	6.733453
45822	-2392.991	-2579.545	186.554	1.422607	0.5051602	5.607096
45828	-2394.434	-2580.988	186.554	1.422607	0.5051602	5.607096
45834	-2390.048	-2577.371	187.3229	1.529275	0.5051602	5.124247
45840	-2393.951	-2580.333	186.3824	1.330071	0.6569189	5.627761
45846	-2388.976	-2574.634	185.658	1.320513	0.5017192	6.155628
45852	-2402.049	-2587.603	185.554	1.303969	0.5785972	6.155628
45858	-2410.786	-2596.129	185.343	1.598482	0.6209187	6.076655
45864	-2397.141	-2585.167	188.0258	1.50396	0.6209187	4.648552
45870	-2392.446	-2580.828	188.3817	1.424686	0.4466665	4.648552
45876	-2384.087	-2573.841	189.7541	1.789148	0.3576944	3.759562
45882	-2404.892	-2594.318	189.4269	1.656244	0.5227693	3.851806
45888	-2392.957	-2582.857	189.8999	1.579694	0.4818725	3.661991
45894	-2378.78	-2568.68	189.8999	1.579694	0.4818725	3.661991
45900	-2397.381	-2585.465	188.084	1.545454	0.4818725	4.713243
45906	-2397.535	-2585.685	188.1502	1.418542	0.5186286	4.713243
45912	-2398.697	-2586.847	188.1502	1.418542	0.5186286	4.713243
45918	-2396.821	-2584.234	187.4127	1.3525	0.6889259	5.023125
45924	-2382.827	-2569.395	186.5686	1.3525	0.4658966	5.673918
45930	-2386.652	-2570.562	183.9103	1.175954	0.4658966	7.211219
45936	-2383.106	-2567.016	183.9103	1.175954	0.4658966	7.211219
45942	-2382.166	-2565.774	183.6081	1.132324	0.696662	7.211219
45948	-2380.756	-2563.607	182.8507	0.9943486	0.3357923	8.01008
45954	-2394.716	-2576.676	181.9603	1.25225	0.7240288	8.01008
45960	-2399.329	-2584.399	185.0693	1.178539	0.6301256	6.446515
45966	-2397.978	-2578.312	180.3337	0.9630491	0.2800394	9.4298
45972	-2412.739	-2596.12	183.3814	1.299327	0.3114058	7.592543
45978	-2408.503	-2592.948	184.4456	1.145717	0.6034674	6.822069
45984	-2405.935	-2585.812	179.8765	1.205774	0.3204669	9.493266
45990	-2414.125	-2594.313	180.1883	0.8552542	0.338104	9.493266
45996	-2410.927	-2588.473	177.5461	1.012527	0.2981041	10.84733
46002	-2395.957	-2577.873	181.9158	0.9969692	0.3612767	8.477695
46008	-2389.99	-2575.475	185.4847	1.058312	0.3461542	6.549346
46014	-2391.5	-2580.497	188.9964	1.427797	0.7058253	4.078444
46020	-2390.765	-2578.626	187.8609	1.429169	0.6752487	4.740816
46026	-2388.371	-2576.184	187.8124	1.477694	0.6752487	4.740816
46032	-2393.126	-2580.63	187.5045	1.490562	0.9239258	4.740816
46038	-2383.316	-2571.356	188.0396	1.490562	0.5119876	4.740816
46044	-2391.088	-2576.31	185.2224	1.307185	0.9853263	6.064938
46050	-2387.358	-2573.395	186.0369	1.307185	0.3053262	6.163568
46056	-2403.055	-2588.576	185.5208	1.307185	0.5890145	6.163568
46062	-2401.637	-2587.05	185.4135	1.231381	0.7229963	6.163568
46068	-2408.51	-2596.206	187.6962	1.328916	0.4924271	5.040081
46074	-2396.389	-2581.164	184.7758	1.246866	0.5600466	6.623964
46080	-2390.522	-2578.456	187.934	1.246866	0.5600466	4.893466
46086	-2392.136	-2578.604	186.4684	1.246866	0.4493911	5.802509
46092	-2393.28	-2581.005	187.7248	1.457814	0.2943892	5.169075
46098	-2391.162	-2574.991	183.8296	1.303653	0.9152903	6.86115
46104	-2389.423	-2573.497	184.0739	1.350942	0.670967	6.86115
46110	-2391.122	-2575.324	184.2019	1.25529	0.6471957	6.86115
46116	-2399.863	-2584.046	184.1831	1.363266	0.5847286	6.86115
46122	-2391.864	-2576.455	184.5914	1.167582	0.4531276	6.86115
46128	-2404.822	-2589.995	185.1729	1.224172	0.4531276	6.516302
46134	-2403.609	-2588.022	184.4137	1.294167	0.4473884	6.89419
46140	-2394.674	-2579.087	184.4137	1.294167	0.4473884	6.89419
46146	-2392.964	-2577.557	184.5934	1.229481	0.3860798	6.89419
46152	-2392.29	-2576.563	184.2737	1.229481	0.5725868	6.89419
46158	-2398.949	-2579.535	180.586	1.140073	0.5607978	8.920494
46164	-2399.659	-2586.14	186.4811	1.140073	0.7395884	5.61869
46170	-2389.611	-2572.567	182.9551	1.294681	0.5597723	7.577842
46176	-2386.251	-2571.259	185.0087	1.295085	0.5597723	6.471988
46182	-2389.763	-2574.892	185.1289	1.362778	0.4459275	6.471988
46188	-2394.588	-2573.69	179.1019	1.11666	0.4459275	9.816865
46194	-2386.417	-2567.313	180.8956	1.1557	0.7030227	8.642163
46200	-2381.914	-2565.375	183.4607	1.1557	0.2979879	7.643524
46206	-2388.042	-2569.691	181.6491	1.295796	0.4662451	8.355178
46212	-2385.224	-2567.141	181.9173	1.164172	0.3920405	8.355178
46218	-2383.387	-2565.47	182.0827	0.9987856	0.3920405	8.355178
46224	-2398.378	-2579.221	180.8437	1.01926	0.5373516	8.86719
46230	-2391.979	-2572.907	180.929	1.01926	0.4850285	8.86719
46236	-2388.96	-2575.829	186.8695	1.267056	0.3111735	5.723601
46242	-2396.765	-2582.793	186.0279	1.444159	0.7063839	5.723601
46248	-2393.814	-2580.265	186.4508	1.485623	0.7063839	5.468643
46254	-2400.629	-2586.986	186.3567	1.463396	0.2389551	5.994103
46260	-2394.585	-2580.56	185.9749	1.336109	0.4765522	5.997465
46266	-2390.333	-2575.384	185.051	1.409739	0.7952134	6.215527
46272	-2394.29	-2579.368	185.0785	1.408268	0.7734902	6.215527
46278	-2386.318	-2571.702	185.3848	1.299358	0.6224232	6.215527
46284	-2398.392	-2585.617	187.225	1.388477	0.6224232	5.157589
46290	-2402.385	-2587.143	184.7579	1.279271	0.4010796	6.76282
46296	-2394.617	-2579.209	184.5923	1.444945	0.4010796	6.76282
46302	-2402.584	-2590.933	188.3491	1.526253	0.6224232	4.453203
46308	-2398.208	-2584.922	186.7146	1.526253	1.011432	5.110601
46314	-2389.21	-2575.933	186.7229	1.328194	0.4471527	5.620701
46320	-2389.542	-2576.281	186.7389	1.43069	0.3840823	5.620701
46326	-2397.991	-2581.591	183.6	1.43069	0.4939196	7.215425
46332	-2393.317	-2577.185	183.8685	1.334713	0.3977446	7.215425
46338	-2400.341	-2586.826	186.4852	1.339003	0.4218841	5.770301
46344	-2383.231	-2570.887	187.6553	1.399331	0.4218841	5.0926
46350	-2388.295	-2574.254	185.9586	1.406915	0.4218841	6.02088
46356	-2388.333	-2573.34	185.007	1.270187	0.4218841	6.611889
46362	-2391.458	-2576.214	184.7562	1.394459	0.493782	6.611889
46368	-2398.442	-2582.859	184.4177	1.380396	0.493782	6.80235
46374	-2395.589	-2580.145	184.5555	1.279943	0.4357455	6.836712
46380	-2383.023	-2567.718	184.6952	1.299824	0.3538533	6.836712
46386	-2379.571	-2564.602	185.0312	1.386428	0.3538533	6.608398
46392	-2393.888	-2578.92	185.032	1.188512	0.4567727	6.608398
46398	-2392.253	-2574.81	182.5569	1.241762	0.4567727	7.909149
46404	-2383.995	-2566.056	182.0607	1.028517	0.4344503	8.308503
46410	-2391.689	-2576.79	185.1016	1.273729	0.4344503	6.546243
46416	-2381.105	-2567.186	186.081	1.220209	0.5077817	5.974322
46422	-2390.661	-2576.239	185.5778	1.309017	0.5077817	6.200081
46428	-2379.957	-2565.087	185.1301	1.34579	0.3830779	6.544688
46434	-2370.903	-2557.173	186.2697	1.268914	0.3830779	5.967105
46440	-2375.161	-2560.876	185.7151	1.268914	0.3836329	6.268519
46446	-2383.435	-2569.216	185.7813	1.202623	0.3836329	6.268519
46452	-2376.322	-2563.72	187.3987	1.270657	0.3836329	5.346281
46458	-2383.746	-2568.032	184.2863	1.270657	0.4010128	7.021793
46464	-2389.786	-2573.306	183.5202	1.22621	0.6745704	7.223703
46470	-2387.612	-2571.727	184.115	1.109119	0.6111064	7.014064
46476	-2380.94	-2565.182	184.2416	1.109119	0.3830824	7.151611
46482	-2383.527	-2567.982	184.4553	1.280753	0.4323645	6.893654
46488	-2391.556	-2576.434	184.8783	1.280753	0.2395759	6.893654
46494	-2409.649	-2594.538	184.8886	1.270505	0.2395759	6.893654
46500	-2411.516	-2600.446	188.9301	1.357615	0.4045598	4.421775
46506	-2412.068	-2600.727	188.6592	1.515883	0.4034021	4.486473
46512	-2404.143	-2591.199	187.0556	1.340972	0.3543172	5.529334
46518	-2406.678	-2593.733	187.0556	1.340972	0.3543172	5.529334
46524	-2392.462	-2579.595	187.1325	1.392494	0.2962711	5.529334
46530	-2407.403	-2592.424	185.0212	1.430981	0.496822	6.445879
46536	-2395.417	-2582.136	186.7194	1.267097	0.496822	5.609213
46542	-2402.184	-2588.819	186.6353	1.278131	0.4783331	5.666388
46548	-2400.877	-2586.03	185.1528	1.158444	0.4783331	6.539067
46554	-2416.753	-2597.956	181.2032	1.147367	0.4783331	8.65988
46560	-2396.185	-2582.837	186.6527	1.279037	0.3044233	5.844193
46566	-2391.615	-2577.329	185.7144	1.279037	0.5993574	6.065232
46572	-2384.448	-2569.657	185.2092	1.275721	0.5993574	6.341763
46578	-2379.93	-2562.636	182.7066	1.179622	0.342112	7.980858
46584	-2395.147	-2577.95	182.8034	1.082907	0.342112	7.980858
46590	-2388.349	-2571.152	182.8034	1.082907	0.342112	7.980858
46596	-2406.195	-2588.946	182.7503	1.135922	0.342112	7.980858
46602	-2385.247	-2572.681	187.4337	1.424611	0.4243498	5.198812
46608	-2384.513	-2570.903	186.3895	1.424611	0.284454	5.934201
46614	-2378.444	-2565.521	187.0768	1.317956	0.284454	5.616322
46620	-2394.767	-2582.831	188.0647	1.322306	0.284454	5.068967
46626	-2398.346	-2585.176	186.8307	1.322306	0.6011844	5.428676
46632	-2399.743	-2586.564	186.8211	1.301457	0.6224028	5.428676
46638	-2390.802	-2577.035	186.2338	1.520041	0.9248923	5.428676
46644	-2398.934	-2586.274	187.3403	1.416507	0.4040081	5.276098
46650	-2397.841	-2579.539	181.698	1.172418	0.5906787	8.289279
46656	-2391.662	-2573.833	182.1706	1.19236	0.5540257	8.056301
46662	-2394.927	-2577.122	182.1957	1.167256	0.5540257	8.056301
46668	-2383.316	-2568.541	185.2257	1.347981	0.4283341	6.44489
46674	-2387.646	-2572.657	185.0111	1.336291	0.5639667	6.44489
46680	-2381.664	-2571.116	189.4523	1.621502	0.5477938	3.834492
46686	-2382.968	-2571.554	188.5858	1.621502	0.5139984	4.358602
46692	-2393.295	-2582.183	188.8883	1.621641	0.3496254	4.358602
46698	-2393.637	-2583.405	189.7683	1.652549	0.8489313	3.403227
46704	-2397.041	-2584.881	187.8408	2.028349	0.2945454	4.787266
46710	-2390.144	-2577.68	187.5355	1.406068	0.3923884	5.186365
46716	-2378.927	-2564.839	185.9117	1.406068	0.7080303	5.806906
46722	-2392.129	-2579.346	187.2174	1.462567	0.5402159	5.188481
46728	-2395.141	-2582.582	187.4404	1.341523	0.4778261	5.188481
46734	-2382.251	-2568.459	186.2075	1.486266	0.6597999	5.635871
46740	-2386.056	-2572.482	186.4257	1.539254	0.4354604	5.679492
46746	-2386.798	-2570.963	184.1647	1.286971	0.4354604	7.043785
46752	-2382.379	-2566.554	184.175	1.286971	0.4298216	7.043785
46758	-2386.049	-2568.186	182.1368	1.266402	0.6193382	7.983362
46764	-2386.588	-2577.326	190.7376	1.872249	0.5425917	2.93723
46770	-2393.05	-2583.734	190.6845	1.872249	0.676073	2.853065
46776	-2397.635	-2587.527	189.8917	1.872249	0.9464364	3.138294
46782	-2394.97	-2580.634	185.6642	1.256387	0.7319824	6.007189
46788	-2406.746	-2594.493	187.747	1.444176	0.6448571	4.819116
46794	-2408.803	-2594.668	185.8656	1.268825	0.3867963	6.183333
46800	-2406.557	-2590.207	183.6506	1.048098	0.3807398	7.503999
46806	-2405.126	-2588.116	182.9901	1.257877	0.6566897	7.503999
46812	-2411.871	-2596.316	184.4445	1.257877	0.3053014	7.051781
46818	-2416.655	-2601.1	184.4445	1.257877	0.3053014	7.051781
46824	-2405.354	-2593.922	188.5678	1.603783	0.3810077	4.51302
46830	-2402.618	-2591.112	188.4949	1.603783	0.4188238	4.51302
46836	-2422.201	-2608.576	186.375	1.421547	0.4188238	5.788569
46842	-2408.262	-2591.613	183.3512	1.093129	0.4637293	7.557496
46848	-2401.307	-2584.407	183.1001	1.116708	0.4637293	7.679228
46854	-2408.878	-2591.656	182.7774	1.128615	0.4637293	7.845352
46860	-2392.388	-2575.687	183.2983	1.128615	0.373691	7.657038
46866	-2399.515	-2585.024	185.5089	1.345116	0.9072957	5.9323
46872	-2392.167	-2578.854	186.6873	1.383461	0.3497417	5.713397
46878	-2386.909	-2571.191	184.2821	1.353594	0.3497417	7.034955
46884	-2399.643	-2590.063	190.4196	1.81465	0.7993427	2.95444
46890	-2399.132	-2589.519	190.3869	1.81465	0.827396	2.95444
46896	-2398.239	-2588.737	190.4972	1.741258	0.7957968	2.95444
46902	-2396.924	-2586.459	189.5355	1.722201	0.8409516	3.50388
46908	-2389.178	-2578.104	188.9255	1.722201	0.7161294	3.943207
46914	-2394.569	-2581.561	186.9925	1.183377	0.7161294	5.32975
46920	-2413.13	-2596.228	183.0985	1.168941	0.4872997	7.630594
46926	-2405.614	-2588.605	182.9916	1.116465	0.5885727	7.630594
46932	-2388.745	-2572.268	183.5232	1.40425	0.4640127	7.29821
46938	-2389.999	-2575.373	185.3734	1.229582	0.4640127	6.394359
46944	-2380.438	-2564.05	183.6124	1.229582	0.3477015	7.463531
46950	-2385.256	-2571.094	185.8379	1.211917	0.3477015	6.272743
46956	-2396.969	-2581.811	184.8425	1.201819	0.4170853	6.742564
46962	-2395.617	-2578.711	183.0936	1.200358	0.422204	7.677929
46968	-2390.749	-2573.243	182.4931	1.183987	0.422204	8.007373
46974	-2387.493	-2571.936	184.4428	1.258369	0.4399011	6.90509
46980	-2388.305	-2571.469	183.1645	1.245071	0.4399011	7.598735
46986	-2391.344	-2573.125	181.7816	1.001508	0.4399011	8.46599
46992	-2390.178	-2571.884	181.7059	1.077208	0.4399011	8.46599
46998	-2395.384	-2573.795	178.4106	1.077208	0.571123	10.09357
47004	-2394.836	-2578.036	183.2002	1.216448	0.5210027	7.521022
47010	-2398.562	-2584.628	186.0666	1.263375	0.6102402	5.872992
47016	-2411.593	-2598.215	186.6229	1.340491	0.4808158	5.636612
47022	-2396.687	-2583.179	186.4913	1.472155	0.4808158	5.636612
47028	-2397.297	-2581.64	184.3434	1.381211	0.3957037	6.937
47034	-2400.835	-2585.156	184.3211	1.413389	0.3906568	6.937
47040	-2395.771	-2579.778	184.0065	1.413389	0.3743365	7.123791
47046	-2385.862	-2570.174	184.3115	1.244495	0.3107392	7.123791
47052	-2381.825	-2567.916	186.0915	1.460853	0.3107392	6.043394
47058	-2386.216	-2572.193	185.9774	1.538897	0.3826271	5.979765
47004	-2419.42	-2599.995	180.5753	0.9429619	0.7171291	8.915161
47010	-2406.812	-2585.569	178.7571	1.024725	0.5624586	9.945748
47016	-2419.464	-2602.672	183.2083	0.9736143	0.477581	7.68511
47022	-2425.052	-2606.7	181.6489	1.227037	0.5190855	8.344908
47028	-2411.245	-2596.508	185.2628	1.241079	0.5833387	6.344248
47034	-2419.249	-2604.233	184.9846	1.366569	0.6929236	6.344248
47040	-2393.062	-2577.452	184.3894	1.256268	0.5273287	6.855124
47046	-2399.813	-2586.836	187.0228	1.517122	0.2938728	5.524284
47052	-2393.998	-2581.188	187.1899	1.348556	0.6601478	5.170157
47058	-2404.825	-2592.383	187.5577	1.405795	0.4415713	5.123173
47064	-2415.945	-2602.005	186.0601	1.338024	0.3600773	6.069113
47070	-2408.05	-2600.097	192.0467	2.172276	0.5505104	1.911784
47076	-2410.358	-2601.968	191.6108	2.102099	0.5505104	2.245232
47082	-2414.907	-2596.457	181.5503	1.083298	0.3925362	8.592653
47088	-2401.642	-2583.293	181.6513	1.200481	0.3925362	8.476744
47094	-2400.505	-2583.221	182.7163	0.9470315	0.3535809	8.086805
47100	-2411.613	-2596.65	185.0367	1.199469	0.5532047	6.514083
47106	-2404.429	-2589.65	185.2203	1.54258	0.2699759	6.525023
47112	-2392.852	-2577.674	184.8216	1.404691	0.3242671	6.746254
47118	-2393.93	-2580.3	186.3701	1.276314	0.3483467	5.947084
47124	-2390.809	-2576.348	185.5391	1.276314	0.7223606	6.071164
47130	-2398.89	-2581.912	183.0212	1.169327	0.6931816	7.508659
47136	-2416.884	-2600.746	183.8618	1.119038	0.626406	7.133214
47142	-2405.372	-2589.329	183.957	1.241173	0.463674	7.153111
47148	-2404.592	-2588.312	183.7203	1.461086	0.473369	7.153111
47154	-2416.849	-2602.195	185.3468	1.360171	0.3292582	6.480283
47160	-2401.817	-2587.092	185.2747	1.360171	0.4378497	6.402264
47166	-2405.46	-2591.515	186.0549	1.281355	0.693782	5.806913
47172	-2391.636	-2578.101	186.4655	1.436513	0.4158432	5.733835
47178	-2404.619	-2591.373	186.7541	1.259349	0.3518444	5.742351
47184	-2396.723	-2581.371	184.6479	1.221141	0.4483505	6.806365
47190	-2401.311	-2585.916	184.6045	1.287038	0.6428862	6.629764
47196	-2391.544	-2572.756	181.212	1.292255	0.2126488	8.885397
47202	-2391.308	-2575.399	184.0915	1.04289	0.4049375	7.244983
47208	-2392.534	-2575.43	182.8955	1.089326	0.3388677	7.931991
47214	-2396	-2578.913	182.9137	1.009405	0.5424191	7.766904
47220	-2398.445	-2586.858	188.4127	1.535613	0.4101987	4.606561
47226	-2385.274	-2574.703	189.4285	1.535613	0.4101987	4.032074
47232	-2411.685	-2601.776	190.0911	1.680275	0.5092963	3.465771
47238	-2388.735	-2575.971	187.2364	1.514717	0.2993954	5.400876
47244	-2396.445	-2578.683	182.2381	1.455815	0.3073195	8.124495
47250	-2398.866	-2584.216	185.3501	1.439582	0.3030161	6.467507
47256	-2404.489	-2588.053	183.5634	1.310981	0.2021267	7.640227
47262	-2406.531	-2590.155	183.6242	1.062574	0.271353	7.640227
47268	-2400.071	-2583.482	183.4106	1.12843	0.3351156	7.640227
47274	-2393.65	-2580.636	186.9856	1.358078	0.4073508	5.500258
47280	-2402.249	-2588.467	186.2183	1.471591	0.3682329	5.900791
47286	-2403.54	-2592.357	188.8178	1.443957	0.569945	4.278331
47292	-2423.249	-2612.759	189.5095	1.703008	0.3242259	3.990646
47298	-2404.767	-2592.78	188.0134	1.453296	0.3646847	4.925748
47304	-2388.525	-2577.359	188.8343	1.567187	0.5924005	4.180175
47310	-2379.721	-2569.265	189.5442	1.508087	0.5775321	3.820812
47316	-2390.74	-2579.632	188.8922	1.428006	0.4735336	4.332922
47322	-2384.256	-2571.113	186.8571	1.428006	0.4735336	5.466706
47328	-2399.453	-2587.443	187.9903	1.487406	0.4643967	4.814788
47334	-2401.665	-2588.85	187.1849	1.385416	0.4486394	5.333515
47340	-2408.782	-2596.285	187.5031	1.58807	0.4486394	5.045325
47346	-2400.639	-2588.287	187.6474	1.614338	0.4568378	4.942485
47352	-2402.583	-2587.644	185.0611	1.220989	0.4282387	6.602862
47358	-2390.929	-2574.605	183.6765	1.360552	0.6230321	7.105553
47364	-2404.843	-2588.466	183.6224	1.322958	0.6330204	7.147295
47370	-2393.754	-2577.868	184.114	1.122109	0.4482813	7.147295
47376	-2385.537	-2569.567	184.03	1.141129	0.4857503	7.147295
47382	-2393.309	-2576.539	183.2299	1.143279	0.4857503	7.575384
47388	-2383.662	-2568.965	185.3026	1.21927	0.5230885	6.384829
47394	-2385.647	-2566.673	181.0264	1.115505	0.5230885	8.731346
47400	-2379.229	-2561.811	182.5819	1.17235	0.3394809	8.054267
47406	-2398.087	-2582.615	184.5287	1.439886	0.3185422	6.892165
47412	-2393.171	-2581.075	187.9041	1.375178	0.4507639	4.938714
47418	-2395.386	-2578.713	183.3272	1.337395	0.6186009	7.309054
47424	-2398.142	-2582.917	184.7744	1.24768	0.3657807	6.808799
47430	-2396.84	-2579.334	182.4937	1.134334	0.3657807	8.092117
47436	-2391.958	-2574.296	182.3375	1.118187	0.3657807	8.183958
47442	-2412.645	-2598.41	185.7649	1.346112	0.3779221	6.205632
47448	-2393.308	-2576.964	183.6555	1.315322	0.3779221	7.361123
47454	-2402.462	-2586.416	183.9537	1.130073	0.4813359	7.198283
47460	-2388.777	-2572.631	183.8537	1.230122	0.4813359	7.198283
47466	-2393.154	-2577.103	183.9487	1.127815	0.485642	7.198283
47472	-2411.148	-2597.23	186.0822	1.190065	0.369412	6.127243
47478	-2403.406	-2591.775	188.3687	1.436441	0.5769765	4.529949
47484	-2394.832	-2583.079	188.2473	1.557834	0.5769765	4.529949
47490	-2397.573	-2585.735	188.1622	1.524691	0.6599877	4.529949
47496	-2385.225	-2572.868	187.6432	1.524691	0.4862667	4.966507
47502	-2389.121	-2577.078	187.9566	1.551373	0.3115588	4.966507
47508	-2397.883	-2585.431	187.5483	1.472141	0.7124262	4.864167
47514	-2388.263	-2576.196	187.9328	1.321917	0.5022599	4.90333
47520	-2379.141	-2566.899	187.7586	1.425618	0.5463416	4.90333
47526	-2381.478	-2569.842	188.3638	1.45179	0.4917205	4.599723
47532	-2386.997	-2576.84	189.8439	1.677533	0.7455039	3.41608
47538	-2386.583	-2577.845	191.2615	1.684192	0.5015493	2.773555
47544	-2392.515	-2583.35	190.8351	1.640599	0.65627	2.918227
47550	-2399.944	-2589.603	189.6582	1.714218	0.685021	3.548298
47556	-2403.534	-2592.385	188.8512	1.666551	0.8646957	3.916117
47562	-2405.086	-2591.857	186.7705	1.496591	0.9981919	5.103381
47568	-2400.595	-2589.919	189.324	1.445243	0.4890462	4.063076
47574	-2396.158	-2584.895	188.7369	1.534752	0.5321401	4.305773
47580	-2391.735	-2578.968	187.2329	1.253137	0.7056637	5.165789
47586	-2391.893	-2580.799	188.9056	1.38136	0.4989759	4.327455
47592	-2393.293	-2580.692	187.3993	1.412289	0.4989759	5.152388
47598	-2376.201	-2561.029	184.8281	1.158596	0.4647876	6.727201
47604	-2384.227	-2567.572	183.3451	1.217112	0.4241618	7.532409
47610	-2375.634	-2559.99	184.3564	1.076746	0.4104748	7.078693
47616	-2381.31	-2565.046	183.7357	0.9479495	0.4104748	7.481103
47622	-2379.225	-2562.543	183.3178	1.353281	0.7021185	7.244654
47628	-2375.156	-2562.91	187.7537	1.452015	0.4764805	4.954684
47634	-2364.466	-2552.16	187.6934	1.385078	0.3981046	5.104362
47640	-2373.28	-2559.144	185.8636	1.320079	0.3514957	6.195627
47646	-2385.411	-2566.907	181.4954	1.007436	0.3104223	8.75376
47652	-2386.759	-2571.864	185.1053	1.05851	0.3754325	6.721669
47658	-2400.507	-2584.185	183.678	0.9318201	0.3156962	7.625308
47664	-2393.75	-2579.901	186.1509	1.116757	0.3766216	6.121833
47670	-2395.602	-2576.154	180.5515	1.196169	0.297843	9.16906
47676	-2390.884	-2571.482	180.5985	0.8748073	0.4308199	9.16906
47682	-2390.41	-2577.239	186.8297	1.188268	0.3656199	5.724259
47688	-2403.892	-2589.776	185.8841	1.401462	0.3797187	6.108708
47694	-2404.644	-2583.809	179.1655	0.8279065	0.4498961	9.931754
47700	-2392.097	-2574.061	181.9634	0.9477905	0.4498961	8.388418
47706	-2391.254	-2576.645	185.3913	1.106111	0.3781439	6.538333
47712	-2405.488	-2590.417	184.9292	1.242392	0.5661349	6.538333
47718	-2399.954	-2582.427	182.4729	1.201258	0.5261157	7.913643
47724	-2379.797	-2566.327	186.5301	1.363	0.3389507	5.823255
47730	-2384.457	-2572.388	187.9305	1.493572	0.5676536	4.751322
47736	-2386.573	-2568.461	181.8882	1.162308	0.5420333	8.232634
47742	-2385.272	-2567.931	182.6591	1.190584	0.4063371	7.931224
47748	-2382.142	-2562.574	180.4314	1.026352	0.4063371	9.201496
47754	-2392.343	-2576.035	183.6918	1.255754	0.5836911	7.184323
47760	-2395.708	-2584.255	188.5476	1.28432	0.3840415	4.700172
47766	-2386.481	-2573.241	186.7597	1.305897	0.62235	5.460076
47772	-2392.119	-2578.054	185.9353	1.54964	0.5465122	5.840294
47778	-2392.206	-2578.708	186.5018	1.388262	0.3260301	5.840294
47784	-2397.674	-2585.553	187.879	1.413172	0.350235	5.039407
47790	-2386.059	-2573.009	186.9496	1.575873	0.5006058	5.309063
47796	-2401.083	-2584.678	183.5953	1.297367	0.361332	7.421118
47802	-2391.319	-2579.387	188.068	1.339586	0.5641808	4.763474
47808	-2387.017	-2572.661	185.6434	1.242158	0.4210872	6.282912
47814	-2397.45	-2585.761	188.3106	1.242158	0.5277502	4.714011
47820	-2389.952	-2576.538	186.5859	1.200315	0.5028522	5.713568
47826	-2391.242	-2572.87	181.6273	1.161801	0.4491556	8.454008
47832	-2388.104	-2572.257	184.153	1.045279	0.4644655	7.152333
47838	-2390.071	-2576.136	186.0645	1.319703	0.5916618	5.858054
47844	-2387.33	-2577.724	190.3939	1.672295	0.5916618	3.217457
47850	-2375.637	-2565.121	189.484	1.616525	0.4719477	3.890232
47856	-2374.626	-2562.543	187.9177	1.4497	0.4719477	4.869011
47862	-2397.639	-2586.334	188.6951	1.781518	0.4080736	4.311313
47868	-2386.033	-2574.358	188.3248	1.532054	0.6021049	4.480042
47874	-2392.904	-2579.034	186.1299	1.627572	0.5571782	5.682064
47880	-2396.075	-2583.032	186.9566	1.395835	0.541239	5.368501
47886	-2398.33	-2583.949	185.6182	1.250986	0.4447456	6.268323
47892	-2395.691	-2579.949	184.2574	1.250986	0.631125	6.845553
47898	-2399.027	-2584.354	185.3269	1.237134	0.4704444	6.409437
47904	-2387.493	-2571.787	184.2937	1.090948	0.4704444	7.046492
47910	-2393.688	-2577.671	183.9833	1.175474	0.4704444	7.168019
47916	-2388.082	-2570.732	182.6503	1.175474	0.5574472	7.806492
47922	-2387.881	-2575.959	188.0783	1.345781	0.5702093	4.749191
47928	-2396.002	-2580.625	184.6233	1.393281	0.3376431	6.843653
47934	-2376.612	-2563.337	186.7258	1.393281	0.4730775	5.558434
47940	-2389.909	-2576.159	186.2502	1.378074	0.4881952	5.81341
47946	-2395.375	-2576.363	180.9888	1.217659	0.4200335	8.791423
47952	-2408.37	-2592.731	184.361	1.149966	0.4095759	7.037755
47958	-2403.249	-2588.754	185.5048	1.348402	0.494615	6.23016
47964	-2405.69	-2587.806	182.1159	1.042385	0.4451367	8.261446
47970	-2404.91	-2590.085	185.1749	1.499358	0.3451925	6.479378
47976	-2387.617	-2572.512	184.8952	1.271797	0.6446255	6.479378
47982	-2407.778	-2592.924	185.1459	1.241122	0.6583015	6.349889
47988	-2382.653	-2568.605	185.9522	1.139784	0.3771588	6.216825
47994	-2397.657	-2588.143	190.4859	1.660437	0.7795755	3.021361
48000	-2382.927	-2571.799	188.8714	1.660437	0.8217654	3.93595
48006	-2384.859	-2573.436	188.5776	1.626638	0.8217654	4.12298
48012	-2384.587	-2573.53	188.9429	1.504614	0.6304545	4.12298
48018	-2390.941	-2578.354	187.4128	1.383878	0.3485293	5.315611
48024	-2400.797	-2587.439	186.6422	1.514937	0.3426879	5.674261
48030	-2400.838	-2587.677	186.8397	1.340392	0.3320548	5.674261
48036	-2397.07	-2578.938	181.8688	1.302825	0.6334691	8.09618
48042	-2408.162	-2594.99	186.8277	1.405965	0.6645802	5.335261
48048	-2392.1	-2579.13	187.0292	1.497201	0.4280517	5.378334
48054	-2389.479	-2574.949	185.4694	1.49282	0.4929073	6.172472
48060	-2391.274	-2578.736	187.4622	1.492033	0.4106776	5.159886
48066	-2384.972	-2570.599	185.6273	1.296345	0.4106776	6.272854
48072	-2386.161	-2571.758	185.5967	1.326879	0.4106776	6.272854
48078	-2382.131	-2570.648	188.5171	1.502185	0.477815	4.498445
48084	-2391.201	-2579.752	188.5515	1.61454	0.4149838	4.479196
48090	-2402.662	-2590.145	187.4838	1.348808	0.3747129	5.265993
48096	-2390.567	-2570.855	180.2881	1.083412	0.531346	9.132388
48102	-2386.294	-2566.88	180.5862	1.059805	0.3410905	9.171638
48108	-2402.953	-2585.539	182.5853	1.082934	0.4732789	7.96343
48114	-2396.958	-2577.322	180.3636	1.123203	0.4163785	9.176073
48120	-2393.155	-2573.301	180.1454	1.045609	0.4163785	9.332403
48126	-2390.536	-2570.95	180.4139	1.035379	0.2933192	9.332403
48132	-2382.473	-2567.987	185.5144	1.414372	0.3223279	6.368333
48138	-2389.448	-2572.697	183.2492	1.242521	0.3630761	7.633912
48144	-2391.215	-2575.642	184.4266	1.241993	0.3715809	6.992975
48150	-2390.7	-2573.981	183.282	1.27893	0.285382	7.689221
48156	-2402.353	-2585.74	183.3877	1.302131	0.5242013	7.371837
48162	-2393.775	-2578.902	185.1274	1.452028	0.3227242	6.557185
48168	-2393.919	-2577.123	183.2036	1.070871	0.326221	7.792076
48174	-2387.472	-2568.242	180.7709	1.076573	0.3208738	9.088443
48180	-2384.875	-2569.032	184.1572	1.154215	0.3616843	7.195973
48186	-2401.219	-2583.842	182.623	1.374235	0.2968508	7.975743
48192	-2392.897	-2580.769	187.8717	1.595903	0.3246159	4.972696
48198	-2395.36	-2582.654	187.294	1.730104	0.3608897	5.175659
48204	-2383.048	-2571.828	188.7796	1.730104	0.4245599	4.275112
48210	-2374.123	-2561.116	186.9926	1.554445	0.4245599	5.3705
48216	-2377.921	-2565.829	187.9078	1.456143	0.3814711	4.964013
48222	-2392.042	-2580.769	188.7267	1.768273	0.4238251	4.284222
48228	-2394.899	-2582.16	187.2605	1.483444	0.5858084	5.11466
48234	-2377.639	-2564.576	186.9367	1.451007	0.367348	5.519417
48240	-2392.872	-2579.583	186.7112	1.451007	0.367348	5.643234
48246	-2388.1	-2573.27	185.1708	1.378488	0.4792923	6.409208
48252	-2390.722	-2575.195	184.4729	1.447943	0.3473376	6.884085
48258	-2388.92	-2574.747	185.8266	1.354739	0.3490156	6.199715
48264	-2379.277	-2566.384	187.1071	1.459658	0.350586	5.439992
48270	-2378.768	-2567.392	188.6238	1.606776	0.350586	4.514855
48276	-2392.984	-2581.312	188.3285	1.745162	0.4305993	4.514855
48282	-2380.867	-2566.188	185.3215	1.431073	0.3470944	6.434741
48288	-2383.946	-2570.657	186.7107	1.517187	0.3873678	5.585162
48294	-2390.715	-2578.49	187.776	1.73366	0.489304	4.773226
48300	-2385.128	-2570.53	185.4027	1.323878	0.3706209	6.422374
48306	-2389.166	-2576.984	187.8183	1.587532	0.4295529	4.889559
48312	-2392.616	-2579.678	187.0617	1.309701	0.7397634	5.20521
48318	-2391.618	-2578.976	187.3583	1.419803	0.4625373	5.20521
48324	-2388.996	-2577.739	188.7429	1.552774	0.8155163	4.075025
48330	-2397.156	-2583.501	186.3452	1.326271	0.5590821	5.727606
48336	-2404.979	-2587.952	182.9729	1.26065	0.5590821	7.587105
48342	-2393.026	-2578.191	185.1647	1.399893	0.577491	6.315985
48348	-2396.358	-2579.351	182.9934	1.378124	0.577491	7.498335
48354	-2411.259	-2593.838	182.5793	1.106622	0.4798065	7.948033
48360	-2403.027	-2591.763	188.7359	1.42532	0.3638948	4.538289
48366	-2399.532	-2587.618	188.0865	1.375843	0.3660452	4.926583
48372	-2401.705	-2588.967	187.2616	1.504552	0.4268598	5.247176
48378	-2400.208	-2586.477	186.2688	1.406525	0.6327057	5.66647
48384	-2399.149	-2583.84	184.6906	1.370785	0.3727582	6.779903
48390	-2407.131	-2592.545	185.4133	1.370785	0.5586078	6.212243
48396	-2400.766	-2584.471	183.7053	1.281304	0.6070088	7.144982
48402	-2401.978	-2591.515	189.537	1.465367	0.5383002	3.884024
48408	-2394.812	-2583.102	188.2897	1.552044	0.2876555	4.811694
48414	-2385.044	-2573.529	188.4851	1.565368	0.3898658	4.571224
48420	-2391.327	-2580.427	189.0998	1.582596	0.4173999	4.18474
48426	-2383.898	-2567.732	183.8333	1.498709	0.4999532	7.048041
48432	-2392.45	-2576.392	183.9422	1.203419	0.5813652	7.079663
48438	-2407.989	-2591.273	183.2837	1.101977	0.2904292	7.776452
48444	-2390.966	-2573.895	182.9285	1.093622	0.3412845	7.909299
48450	-2393.266	-2577.502	184.2359	1.236345	0.381605	7.087788
48456	-2402.763	-2586.238	183.4755	1.200934	0.5234501	7.379665
48462	-2401.14	-2582.531	181.3907	1.116476	0.3548125	8.700146
48468	-2392.077	-2573.632	181.5545	1.089883	0.2930001	8.700146
48474	-2394.771	-2579.395	184.6244	1.53983	0.5065654	6.593113
48480	-2398.772	-2582.202	183.4298	1.260159	0.3089845	7.59059
48486	-2397.399	-2580.565	183.1661	1.056472	0.6681659	7.509323
48492	-2387.005	-2565.958	178.9533	1.081116	0.4367907	9.922513
48498	-2378.368	-2562.831	184.4625	1.251804	0.3760732	6.963457
48504	-2382.299	-2567.668	185.3696	1.188161	0.3760732	6.507896
48510	-2378.281	-2564.399	186.118	1.366628	0.5330675	5.851973
48516	-2388.927	-2575.859	186.9323	1.342034	0.353405	5.59753
48522	-2392.944	-2573.904	180.9601	0.9787622	0.4034068	8.949835
48528	-2393.418	-2575.054	181.6355	1.044292	0.6493766	8.346297
48534	-2402.338	-2588.376	186.038	1.259881	0.6493766	5.860457
48540	-2405.858	-2594.572	188.7142	1.673547	0.3024306	4.486263
48546	-2403.956	-2590.481	186.5241	1.48791	0.4831218	5.607799
48552	-2406.085	-2594.665	188.5801	1.567353	0.5522099	4.358234
48558	-2403.465	-2590.884	187.4186	1.352175	0.7326057	4.988826
48564	-2386.886	-2574.978	188.0926	1.489348	0.7652025	4.512884
48570	-2384.078	-2572.175	188.0974	1.489348	0.7310256	4.534011
48576	-2390.223	-2578.846	188.6231	1.642368	0.6621896	4.201549
48582	-2407.32	-2596.979	189.6587	1.59331	0.6677265	3.631624
48588	-2383.958	-2572.821	188.8625	1.59331	0.6677265	4.08906
48594	-2405.64	-2594.989	189.3486	1.595384	0.782891	3.7253
48600	-2390.292	-2580.632	190.3391	1.676487	0.6233844	3.220387
48606	-2393.05	-2582.547	189.4969	1.702986	0.7921325	3.570625
48612	-2400.773	-2588.409	187.6359	1.628941	0.4737236	4.924434
48618	-2397.975	-2586.725	188.7502	1.628941	0.7613509	4.064322
48624	-2391.072	-2580.825	189.7524	1.753381	0.6439671	3.502936
48630	-2383.789	-2573.512	189.723	1.623468	0.5584186	3.667746
48636	-2389.546	-2578.493	188.9463	1.623468	0.6776599	4.016493
48642	-2382.344	-2571.902	189.5585	1.623468	0.5347122	3.784019
48648	-2389.828	-2576.429	186.6014	1.548609	0.8906188	5.230394
48654	-2389.607	-2578.025	188.4184	1.483231	0.4548713	4.586963
48660	-2391.796	-2582.031	190.235	1.483231	0.2232707	3.844438
48666	-2390.019	-2574.594	184.5749	1.336456	0.4827408	6.751234
48672	-2392.083	-2576.825	184.7426	1.336456	0.4528694	6.68861
48678	-2389.18	-2574.07	184.8904	1.224572	0.432866	6.68861
48684	-2393.179	-2576.162	182.9834	1.320967	0.310228	7.79527
48690	-2371.506	-2556.908	185.4015	1.212699	0.508459	6.347598
48696	-2383.442	-2569.007	185.565	1.152557	0.4478881	6.347598
48702	-2382.216	-2566.163	183.9464	1.229114	0.418668	7.208911
48708	-2387.463	-2571.39	183.9271	1.246802	0.4195642	7.208911
48714	-2413.526	-2595.072	181.5466	0.9961774	0.3014561	8.743547
48720	-2403.048	-2583.681	180.6334	0.9674532	0.4716296	9.063225
48726	-2394.641	-2575.331	180.6897	1.04362	0.39894	9.063225
48732	-2383.804	-2569.786	185.9817	1.48158	0.4257458	5.963669
48738	-2384.906	-2569.557	184.6511	1.48158	0.6117882	6.52301
48744	-2392.014	-2580.974	188.9598	1.572367	0.3725945	4.319255
48750	-2403.556	-2591.847	188.2908	1.618449	0.2850469	4.777514
48756	-2396.2	-2584.56	188.3604	1.616091	0.257948	4.777514
48762	-2398.017	-2585.226	187.2083	1.738271	0.3648394	5.214094
48768	-2397.518	-2586.761	189.243	1.737219	0.4301449	4.001665
48774	-2386.003	-2575.414	189.411	1.510636	0.4301449	4.035113
48780	-2383.121	-2570.173	187.052	1.635084	0.2768345	5.465853
48786	-2386.622	-2572.67	186.0482	1.266313	0.2768345	6.216468
48792	-2391.745	-2575.85	184.1052	1.413688	0.2123325	7.278834
48798	-2393.617	-2579.073	185.4564	1.428887	0.2123325	6.542285
48804	-2395.876	-2580.8	184.9233	1.307873	0.5231943	6.542285
48810	-2403.678	-2588.773	185.0944	1.307873	0.496856	6.472902
48816	-2406.295	-2590.051	183.7557	1.394098	0.2278204	7.453374
48822	-2403.561	-2589.763	186.2016	1.488199	0.4147702	5.851088
48828	-2401.925	-2588.088	186.1634	1.526443	0.4147702	5.851088
48834	-2405.727	-2595.438	189.7112	1.900463	0.72673	3.376959
48840	-2398.994	-2589.856	190.8624	1.904014	0.72673	2.684918
48846	-2413.426	-2604.533	191.1074	1.820196	0.6072922	2.684918
48852	-2401.295	-2586.933	185.6379	1.406143	0.3578986	6.264219
48858	-2400.509	-2584.821	184.3117	1.452814	0.5936818	6.736271
48864	-2401.055	-2587.805	186.7507	1.344716	0.3711928	5.675561
48870	-2408.685	-2595.307	186.6221	1.475002	0.2959031	5.764564
48876	-2412.834	-2593.723	180.8884	1.110924	0.5246451	8.805632
48882	-2403.825	-2589.388	185.5628	1.438802	0.2485395	6.425337
48888	-2398.21	-2583.885	185.6756	1.324311	0.2491795	6.425337
48894	-2394.603	-2579.873	185.2702	1.206435	0.2973444	6.644088
48900	-2394.445	-2579.242	184.7975	1.346555	0.3906898	6.715998
48906	-2399.978	-2585.445	185.4671	1.462859	0.5372004	6.150957
48912	-2396.633	-2580.703	184.0697	1.427456	0.3564866	7.101885
48918	-2391.28	-2575.44	184.1598	1.140905	0.459546	7.101885
48924	-2406.288	-2590.415	184.1272	1.173456	0.459546	7.101885
48930	-2394.969	-2578.452	183.483	1.173456	0.372	7.53598
48936	-2396.714	-2579.641	182.927	1.126705	0.372	7.858312
48942	-2384.067	-2569.298	185.231	1.266077	0.372	6.545188
48948	-2393.715	-2579.535	185.8198	1.292539	0.3093734	6.284541
48954	-2390.144	-2575.451	185.3066	1.174075	0.5129404	6.416073
48960	-2400.962	-2585.949	184.9867	1.192394	0.3934869	6.694127
48966	-2385.522	-2573.183	187.6604	1.356253	0.3733732	5.165674
48972	-2379.746	-2567.579	187.8327	1.352591	0.5202466	4.925684
48978	-2389.373	-2575.659	186.2853	1.352591	0.5202466	5.779301
48984	-2386.643	-2573.639	186.9967	1.300844	0.4234635	5.508963
48990	-2412.991	-2600.959	187.9677	1.39652	0.5599865	4.791291
48996	-2406.258	-2595.057	188.7992	1.597441	0.5977039	4.178525
49002	-2396.35	-2581.086	184.7363	1.397604	0.5160897	6.601112
49008	-2389.71	-2575.086	185.3768	1.196938	0.299336	6.589089
49014	-2386.581	-2571.254	184.6736	1.241066	0.3322334	6.904898
49020	-2393.225	-2579.795	186.5699	1.169029	0.3322334	5.91547
49026	-2386.504	-2573.887	187.3829	1.489852	0.4720957	5.143665
49032	-2396.524	-2583.691	187.1672	1.274519	0.3621435	5.49556
49038	-2387.097	-2570.53	183.4333	1.257998	0.3213845	7.574864
49044	-2409.566	-2596.319	186.7537	1.377394	0.3125015	5.724974
49050	-2411.809	-2599.087	187.278	1.42669	0.5281648	5.185366
49056	-2394.354	-2579.2	184.846	1.42669	0.3514269	6.689522
49062	-2389.488	-2577.883	188.3949	1.345373	0.5058186	4.628827
49068	-2392.129	-2578.527	186.398	1.467279	0.2672606	5.929319
49074	-2392.928	-2581.906	188.9776	1.535815	0.3442827	4.363027
49080	-2387.791	-2576.353	188.5617	1.665341	0.3807902	4.482064
49086	-2385.656	-2574.141	188.4843	1.443025	0.3807902	4.650393
49092	-2392.385	-2581.279	188.8937	1.532015	0.4413957	4.305249
49098	-2392.093	-2578.185	186.0922	1.532015	0.5101582	5.795723
49104	-2401.56	-2590.575	189.0155	1.513676	0.3991154	4.29128
49110	-2390.304	-2578.271	187.9665	1.616233	0.2826004	4.962749
49116	-2398.06	-2584.261	186.201	1.309656	0.3610268	6.006712
49122	-2394.287	-2583.067	188.7803	1.678471	0.3134196	4.432091
49128	-2387.256	-2576.022	188.7657	1.67072	0.4234344	4.317753
49134	-2389.688	-2575.513	185.8244	1.3365	0.4066103	6.148035
49140	-2408.8	-2593.478	184.678	1.383525	0.9975954	6.312795
49146	-2392.933	-2577.9	184.9664	1.377136	0.9975954	6.159484
49152	-2411.913	-2592.086	180.1738	1.112035	0.6704922	9.070544
49158	-2402.38	-2582.171	179.7912	1.070327	0.5825518	9.360473
49164	-2399.392	-2579.263	179.8712	1.163335	0.7210863	9.168482
49170	-2396.396	-2582.315	185.9188	1.35711	0.6252276	5.890839
49176	-2402.515	-2591.014	188.4999	1.583549	0.5595512	4.388012
49182	-2393.409	-2581.963	188.5533	1.662081	0.811505	4.123432
49188	-2411.623	-2599.668	188.0446	1.408112	0.5117339	4.784302
49194	-2392.988	-2583.107	190.1191	1.924525	0.6171653	3.208959
49200	-2395.385	-2584.491	189.1066	1.494679	0.5186294	4.131023
49206	-2394.626	-2583.77	189.1441	1.591411	0.4399	4.131023
49212	-2398.865	-2588.799	189.9339	1.776597	0.6543792	3.374803
49218	-2396.934	-2586.013	189.0792	1.817632	0.4142757	4.066064
49224	-2391.585	-2581.867	190.2822	1.845723	0.7971045	3.019913
49230	-2390.918	-2581.814	190.8958	1.832248	0.3952772	3.019913
49236	-2397.395	-2587.952	190.5571	2.082897	0.780884	2.721474
49242	-2406.353	-2592.281	185.9286	1.513706	0.6893909	5.752018
49248	-2409.447	-2594.209	184.7627	1.339877	0.5708521	6.571829
49254	-2421.208	-2613.575	192.3668	2.357	0.847713	1.252723
49260	-2395.117	-2586.968	191.8511	2.112684	0.847713	1.819297
49266	-2416.96	-2608.984	192.0232	2.112684	0.7412796	1.787641
49272	-2400.511	-2592.283	191.7713	2.112684	0.7370887	1.96303
49278	-2400.989	-2591.347	190.3586	1.799325	1.084914	2.81913
49284	-2413.666	-2604.354	190.6883	1.824634	1.223089	2.524388
49290	-2411.979	-2603.324	191.3451	1.787099	0.6082693	2.557649
49296	-2400.878	-2592.366	191.4885	1.732953	0.6082693	2.501997
49302	-2398.729	-2589.509	190.7803	1.732953	0.7542142	2.818662
49308	-2406.049	-2596.826	190.7772	1.746166	0.7054274	2.849883
49314	-2409.915	-2600.35	190.4352	1.746166	0.7271182	3.039177
49320	-2405.603	-2596.772	191.1691	1.726248	0.7222973	2.608922
49326	-2420.18	-2611.354	191.1737	1.759099	0.6932916	2.608922
49332	-2410.68	-2600.981	190.301	1.80096	0.6932916	3.112602
49338	-2408.911	-2600.54	191.6285	1.80665	0.6932916	2.293237
49344	-2405.972	-2597.758	191.7863	1.87111	0.5380746	2.293237
49350	-2406.212	-2597.936	191.7245	1.87111	0.7942494	2.10798
49356	-2406.803	-2598.12	191.3161	1.952389	0.7041906	2.390153
49362	-2402.599	-2593.245	190.6459	1.741387	0.7041906	2.933151
49368	-2412.49	-2602.346	189.8563	1.562596	0.8088965	3.431342
49374	-2419.75	-2607.536	187.7861	1.549021	0.3337026	5.035188
49380	-2410.958	-2596.502	185.5437	1.302626	0.54935	6.186151
49386	-2412.441	-2598.094	185.6537	1.156304	0.5731921	6.186151
49392	-2394.262	-2579.628	185.3665	1.307524	0.5517159	6.277839
49398	-2407.848	-2590.622	182.7737	1.117315	0.4667119	7.850578
49404	-2413.469	-2595.627	182.1585	1.090895	0.5694972	8.104254
49410	-2416.211	-2598.409	182.1987	1.144501	0.5096709	8.104254
49416	-2411.92	-2595.482	183.5614	1.126297	0.5899496	7.318901
49422	-2409.785	-2598.514	188.7293	1.533353	0.538024	4.30562
49428	-2401.1	-2585.773	184.6729	1.352265	0.4803872	6.691918
49434	-2399.443	-2584.296	184.8529	1.364894	0.3760018	6.691918
49440	-2393.139	-2578.924	185.7858	1.322681	0.3303377	6.261177
49446	-2400.434	-2586.384	185.9501	1.300852	0.2827853	6.243139
49452	-2404.818	-2590.883	186.065	1.76881	0.2827853	5.92561
49458	-2405.832	-2592.153	186.3215	1.306114	0.3765744	5.92561
49464	-2407.654	-2598.149	190.4943	1.788743	0.8631018	2.880842
49470	-2405.472	-2589.128	183.6556	1.394648	0.8062104	6.971671
49476	-2409.557	-2597.548	187.9908	1.697903	0.423779	4.737722
49482	-2397.371	-2584.855	187.4848	1.697903	0.423779	5.019595
49488	-2398.378	-2588.523	190.1454	1.697903	0.456689	3.475791
49494	-2403.304	-2593.904	190.5996	1.776186	0.456689	3.162293
49500	-2395.117	-2585.485	190.3674	1.832775	0.3408358	3.398382
49506	-2404.723	-2590.863	186.1397	1.597075	0.7251174	5.565178
49512	-2425.827	-2608.884	183.0575	1.537323	0.8409383	7.195118
49518	-2396.652	-2584.762	188.1096	1.438479	0.4844611	4.756324
49524	-2395.217	-2578.403	183.1864	1.183038	0.5028516	7.562134
49506	-2407.95	-2589.161	181.2105	1.101966	0.3682542	8.788688
49512	-2405.333	-2588.362	183.0289	1.141976	0.5083835	7.663518
49518	-2401.947	-2587.183	185.236	1.122535	0.4352194	6.55456
49524	-2403.784	-2588.762	184.9773	1.257406	0.5070027	6.55456
49530	-2394.118	-2582.539	188.4213	1.423197	0.5070027	4.569279
49536	-2393.968	-2580.557	186.5883	1.369735	0.6813037	5.474815
49542	-2386.941	-2574.614	187.673	1.298718	0.4169446	5.14367
49548	-2384.897	-2573.267	188.3697	1.478487	0.5116171	4.562985
49554	-2429.081	-2613.84	184.7589	1.169666	0.4839952	6.740776
49560	-2417.63	-2605.013	187.3837	1.48749	0.5005061	5.117994
49566	-2402.867	-2590.138	187.2713	1.431419	0.6099544	5.117994
49572	-2402.349	-2588.666	186.317	1.261998	0.5548126	5.781778
49578	-2412.68	-2596.048	183.3673	1.208303	0.5349263	7.423971
49584	-2390.656	-2577.444	186.788	1.317235	0.3732569	5.667925
49590	-2397.055	-2583.047	185.9919	1.30028	0.4137664	6.069153
49596	-2390.628	-2574.997	184.3685	1.191778	0.6039899	6.838438
49602	-2391.495	-2573.836	182.3412	1.008828	0.4800159	8.126961
49608	-2388.687	-2570.123	181.4359	0.868666	0.4800159	8.682755
49614	-2376.347	-2558.006	181.6595	0.9083286	0.5306976	8.498805
49620	-2391.763	-2574.994	183.2311	1.201762	0.3679567	7.660087
49626	-2392.406	-2580.013	187.607	1.371719	0.4483448	5.107966
49632	-2379.604	-2566.873	187.2689	1.407588	0.5534516	5.179032
49638	-2392.255	-2575.395	183.1399	1.226229	0.3696087	7.693959
49644	-2384.846	-2568.602	183.7561	1.154942	0.5199703	7.256761
49650	-2385.915	-2569.691	183.7761	1.100611	0.3977937	7.390629
49656	-2392.511	-2575.313	182.8019	0.9940464	0.3114217	8.065128
49662	-2391.657	-2576.104	184.4463	1.173572	0.3168066	7.082094
49668	-2390.686	-2577.465	186.7785	1.341952	0.5019276	5.530952
49674	-2398.846	-2586.271	187.4251	1.290783	0.4819119	5.221156
49680	-2389.578	-2575.264	185.6862	1.229288	0.4059601	6.282145
49686	-2399.631	-2585.579	185.9485	1.19272	0.4653673	6.10055
49692	-2389.13	-2576.031	186.901	1.30826	0.46576	5.515813
49698	-2395.961	-2582.933	186.9716	1.294924	0.4335544	5.515813
49704	-2389.213	-2573.759	184.5466	1.283906	0.5865992	6.706238
49710	-2391.554	-2577.424	185.8696	1.241214	0.5237066	6.064117
49716	-2390.574	-2574.603	184.0284	1.165991	0.4360622	7.18158
49722	-2392.758	-2577.164	184.4056	1.324642	0.7731098	6.62599
49728	-2394.064	-2580.546	186.4818	1.282075	0.7082337	5.562181
49734	-2402.118	-2588.562	186.4444	1.480817	0.5909731	5.562181
49740	-2398.272	-2587.987	189.7143	2.04648	0.2353685	3.800786
49746	-2386.016	-2574.721	188.7058	1.377958	0.2809842	4.685447
49752	-2395.774	-2584.235	188.4606	1.527993	0.3218886	4.685447
49758	-2388.289	-2576.438	188.149	1.361848	0.5884137	4.685447
49764	-2394.608	-2581.924	187.3162	1.281216	0.4625586	5.305014
49770	-2415.809	-2594.985	179.1767	0.9873679	0.5064601	9.790994
49776	-2408.299	-2590.46	182.1604	1.124639	0.4846618	8.157375
49782	-2408.664	-2594.393	185.7295	1.171837	0.5287692	6.173763
49788	-2401.407	-2589.794	188.388	1.426205	0.6299968	4.481653
49794	-2415.244	-2603.246	188.0018	1.371471	0.5224942	4.818938
49800	-2387.153	-2573.047	185.8939	1.390008	0.4862875	6.003259
49806	-2394.713	-2582.647	187.9334	1.61927	0.5377717	4.705177
49812	-2397.72	-2586.31	188.59	1.729787	0.8963815	4.009441
49818	-2394.99	-2583.846	188.8562	1.729787	0.4674361	4.188342
49824	-2420.076	-2606.337	186.261	1.183149	0.4282493	5.971555
49830	-2405.479	-2592.577	187.0978	1.327296	0.4390769	5.423071
49836	-2412.556	-2600.282	187.7266	1.41138	0.7317517	4.784884
49842	-2399.849	-2589.674	189.8248	1.568866	0.7479489	3.489
49848	-2396.068	-2586.573	190.505	1.515077	0.3527265	3.489
49854	-2401.111	-2590.986	189.8744	1.464347	0.5703819	3.661699
49860	-2409.209	-2599.055	189.846	1.440833	0.5511384	3.708669
49866	-2416.422	-2604.558	188.1354	1.468492	0.5806156	4.6398
49872	-2398.605	-2586.471	187.8659	1.446314	0.4145764	4.957187
49878	-2397.3	-2584.295	186.9953	1.454267	0.5789604	5.283151
49884	-2402.264	-2589.746	187.4818	1.454267	0.6704444	4.941811
49890	-2408.772	-2598.147	189.3751	1.636686	0.580747	3.841349
49896	-2411.311	-2599.809	188.4981	1.472603	0.5268859	4.480288
49902	-2400.744	-2583.499	182.7548	1.11949	0.3036948	8.032768
49908	-2407.852	-2590.251	182.399	1.057426	0.4718838	8.07765
49914	-2418.019	-2597.748	179.7285	0.8903556	0.390185	9.660895
49920	-2417.872	-2601.313	183.4405	1.429688	0.4020803	7.389665
49926	-2408.602	-2591.649	183.0475	1.087501	0.5388126	7.656651
49932	-2395.734	-2577.944	182.2094	0.9745014	0.5183776	8.181603
49938	-2384.869	-2565.889	181.0196	1.102029	0.589477	8.688042
49944	-2397.302	-2582.059	184.7575	1.123198	0.3262397	6.930339
49950	-2406.465	-2596.194	189.7296	1.683455	0.4461794	3.736417
49956	-2407.16	-2596.639	189.4795	1.861761	0.5608405	3.668574
49962	-2397.022	-2584.168	187.1459	1.548148	0.6297616	5.107198
49968	-2393.128	-2579.843	186.7154	1.476207	0.5200876	5.475563
49974	-2395.473	-2580.445	184.9726	1.277415	0.6770122	6.410563
49980	-2394.386	-2580.616	186.2302	1.344088	0.3279966	6.010355
49986	-2396.842	-2582.823	185.9817	1.317189	0.4368459	6.042219
49992	-2394.338	-2582.138	187.8001	1.329989	0.4371892	5.035161
49998	-2390.634	-2573.885	183.2512	1.203867	0.3998735	7.614357
50004	-2402.069	-2584.307	182.2384	1.145559	0.453298	8.133557
50010	-2384.736	-2573.891	189.1555	1.548316	0.4109345	4.179477
50016	-2397.152	-2585.388	188.2359	1.674516	0.695006	4.377768
50022	-2393.022	-2580.326	187.3035	1.559044	0.7077182	4.955411
50028	-2379.486	-2567.75	188.2647	1.455678	0.4000803	4.745028
50034	-2370.328	-2560.077	189.7488	1.659338	0.6285629	3.572269
50040	-2382.721	-2572.605	189.8844	1.740458	0.5758614	3.490568
50046	-2377.107	-2567.799	190.6924	1.740458	0.4511255	3.134233
50052	-2394.496	-2575.603	181.1069	1.224786	0.4043708	8.740711
50058	-2401.529	-2585.159	183.6306	1.277909	0.5537153	7.229614
50064	-2409.851	-2594.196	184.3448	1.195795	0.7047151	6.774672
50070	-2401.457	-2588.127	186.67	1.340734	0.3510656	5.744768
50076	-2392.912	-2579.677	186.7652	1.277348	0.3270553	5.755632
50082	-2386.176	-2572.276	186.1	1.32544	0.5070426	5.907197
50088	-2400.359	-2585.866	185.5072	1.24911	0.3568368	6.421639
50094	-2391.969	-2579.197	187.2281	1.377823	0.5933013	5.185009
50100	-2394.411	-2577.294	182.8827	1.153973	0.4015421	7.836283
50106	-2404.915	-2587.266	182.3509	1.219754	0.5098563	7.982845
50112	-2396.201	-2585.026	188.8255	1.47733	0.3579282	4.465614
50118	-2399.096	-2585.944	186.8487	1.528759	0.3874128	5.502928
50124	-2399.433	-2588.433	189.0003	1.472863	0.5181114	4.204296
50130	-2403.229	-2591.2	187.9709	1.273588	0.3446245	5.072466
50136	-2404.238	-2591.896	187.6582	1.428562	0.3699385	5.130716
50142	-2405.769	-2593.093	187.3241	1.403488	0.5773322	5.130716
50148	-2415.871	-2604.638	188.7671	1.39	0.3362076	4.573404
50154	-2410.752	-2596.813	186.0609	1.369025	0.3854211	6.023873
50160	-2419.796	-2605.387	185.5915	1.119298	0.3237564	6.484765
50166	-2404.145	-2584.645	180.5001	1.090067	0.3370885	9.205698
50172	-2398.546	-2584.848	186.3029	1.462366	0.3662454	5.86185
50178	-2412.274	-2598.437	186.1626	1.49922	0.4192123	5.86185
50184	-2410.082	-2588.751	178.6687	1.070805	0.3772061	10.1375
50190	-2411.233	-2594.34	183.107	1.076912	0.3905268	7.769087
50196	-2405.284	-2589.378	184.094	1.236602	0.4168191	7.127423
50202	-2408.432	-2597.342	188.9093	1.578995	0.2322259	4.528984
50208	-2401.078	-2590.6	189.522	1.578995	0.2200253	4.202109
50214	-2406.496	-2592.839	186.3428	1.308785	0.3786054	5.910302
50220	-2406.224	-2590.422	184.1984	1.288105	0.4151112	7.045269
50226	-2390.394	-2579.008	188.6144	1.237373	0.4685639	4.601475
50232	-2409.236	-2595.999	186.7631	1.255433	0.4581649	5.627856
50238	-2399.326	-2583.272	183.9467	1.439909	0.4523457	7.062497
50244	-2397.863	-2580.61	182.7466	1.06855	0.3495301	8.010413
50250	-2404.373	-2592.575	188.2014	1.441068	0.7625657	4.480648
50256	-2392.301	-2582.011	189.7105	1.536507	0.4749451	3.803087
50262	-2388.162	-2578.85	190.6879	1.723899	0.5372072	3.06112
50268	-2389.526	-2578.214	188.6875	1.6163	0.6944982	4.155325
50274	-2385.555	-2572.159	186.6044	1.628305	0.4366511	5.531329
50280	-2397.02	-2585.492	188.4714	1.605638	0.5482106	4.401482
50286	-2378.299	-2567.244	188.9451	1.528765	0.6061715	4.127598
50292	-2383.869	-2572.534	188.6646	1.594531	0.6061715	4.249561
50298	-2386.657	-2574.166	187.508	1.555377	0.4706153	5.039347
50304	-2385.376	-2571.7	186.3238	1.456282	0.7400127	5.531074
50310	-2390.299	-2578.993	188.6945	1.418392	0.3611156	4.568695
50316	-2394.143	-2582.708	188.5645	1.345006	0.4153937	4.622874
50322	-2403.231	-2585.918	182.6873	1.174412	0.4617775	7.870798
50328	-2400.541	-2583.352	182.8104	1.065353	0.453817	7.870798
50334	-2407.405	-2596.163	188.7585	1.663	1.048939	3.861846
50340	-2399.175	-2588.191	189.0164	1.688035	1.048939	3.698824
50346	-2385.091	-2574.93	189.8398	1.764393	0.7496159	3.364523
50352	-2386.917	-2574.188	187.2713	1.385508	0.5363154	5.204677
50358	-2393.829	-2579.455	185.6258	1.301082	0.6230368	6.082942
50364	-2393.282	-2581.903	188.6211	1.639199	0.4187321	4.422154
50370	-2393.712	-2582.161	188.4484	1.55866	0.6608666	4.348875
50376	-2392.271	-2581.077	188.8059	1.436748	0.5028685	4.348875
50382	-2384.711	-2573.212	188.5018	1.496494	0.3906899	4.599619
50388	-2386.398	-2576.624	190.2262	1.715491	0.4624427	3.412354
50394	-2389.855	-2579.072	189.2167	1.715491	0.5844089	3.883932
50400	-2371.472	-2560.742	189.2708	1.523402	0.6830454	3.883932
50406	-2378.889	-2567.362	188.4733	1.424289	0.4451526	4.598909
50412	-2385.84	-2573.188	187.3482	1.556633	0.7967924	4.870611
50418	-2387.175	-2574.583	187.4081	1.496732	0.7967924	4.870611
50424	-2376.925	-2563.228	186.3028	1.496732	0.897641	5.41959
50430	-2380.418	-2566.136	185.7173	1.25633	0.505022	6.155333
50436	-2386.236	-2572.859	186.6234	1.555696	1.026182	5.136753
50442	-2386.098	-2575.504	189.4051	1.587606	0.6491054	3.796113
50448	-2383.498	-2570.391	186.8928	1.453604	0.6993014	5.247603
50454	-2372.892	-2560.69	187.7985	1.473553	0.492859	4.902386
50460	-2384.202	-2568.62	184.4177	1.222122	0.4354827	6.942464
50466	-2386.339	-2570.483	184.1439	1.200043	0.5025155	7.039336
50472	-2387.962	-2571.339	183.3771	1.296016	0.6795022	7.259544
50478	-2398.252	-2582.419	184.1663	1.373539	1.10248	6.540792
50484	-2401.295	-2589.81	188.5148	1.474999	0.5739749	4.428507
50490	-2403.573	-2594.229	190.6562	1.628288	0.5031639	3.169563
50496	-2400.07	-2590.999	190.9288	1.652746	0.3560057	3.154418
50502	-2397.509	-2588.456	190.9478	1.684667	0.6023587	2.869268
50508	-2404.204	-2593.089	188.8849	1.825663	0.6022416	3.995891
50514	-2386.664	-2574.888	188.2245	1.42482	0.4329299	4.750318
50520	-2398.012	-2586.177	188.1652	1.40514	0.477635	4.750318
50526	-2399.161	-2588.237	189.0766	1.590127	0.4507261	4.159134
50532	-2399.417	-2588.799	189.3815	1.691061	0.4813916	3.897001
50538	-2393.446	-2576.905	183.4585	1.349958	0.7348871	7.148383
50544	-2409.017	-2594.154	185.1371	1.390003	0.9709804	6.074216
50550	-2400.532	-2586.065	185.5326	1.075263	0.4043367	6.450736
50556	-2405.6	-2591.36	185.7607	1.150655	0.3841562	6.3074
50562	-2401.963	-2589.273	187.3104	1.341389	0.4383499	5.298747
50568	-2392.334	-2577.449	185.1151	1.329168	0.5369265	6.415049
50574	-2394.631	-2583.035	188.4038	1.418542	0.389169	4.699887
50580	-2400.11	-2587.668	187.5584	1.616077	0.539077	4.915062
50586	-2407.819	-2595.423	187.6044	1.490672	0.5914076	4.915062
50592	-2398.804	-2587.841	189.037	1.575479	0.4476752	4.192985
50598	-2404.373	-2589.12	184.7473	1.461643	0.291613	6.796022
50604	-2398.534	-2583.599	185.0652	1.380455	0.5322872	6.418266
50610	-2401.576	-2586.737	185.1611	1.400629	0.3580355	6.525719
50616	-2418.028	-2602.729	184.7015	1.18069	0.389591	6.858525
50622	-2406.366	-2591.059	184.6924	1.225754	0.3817492	6.847469
50628	-2411.959	-2600.48	188.5216	1.578796	0.3078392	4.640655
50634	-2401.773	-2591.091	189.3177	1.58333	0.427335	4.049816
50640	-2394.34	-2582.802	188.4618	1.47888	0.6091091	4.427141
50646	-2386.36	-2574.614	188.2544	1.341429	0.3509283	4.869708
50652	-2393.532	-2580.676	187.144	1.440916	0.3535085	5.426625
50658	-2398.154	-2585.261	187.1071	1.463756	0.3602793	5.426625
50664	-2392.359	-2578.848	186.4889	1.458803	0.5385962	5.593473
50670	-2398.277	-2585.964	187.6869	1.372186	0.376898	5.138247
50676	-2390.631	-2574.087	183.4563	1.164305	0.376898	7.549937
50682	-2389.901	-2573.319	183.4188	1.255795	0.3505999	7.549937
50688	-2389.423	-2576.022	186.5992	1.209438	0.407151	5.793981
50694	-2391.529	-2577.791	186.2614	1.264746	0.473694	5.882681
50700	-2403.739	-2589.29	185.551	1.178877	0.473694	6.316423
50706	-2400.559	-2585.698	185.1391	1.035113	0.4606765	6.629755
50712	-2399.055	-2588.752	189.6971	1.479347	0.5628699	3.76205
50718	-2388.328	-2575.349	187.0204	1.414107	0.8125058	5.121705
50724	-2381.284	-2568.866	187.5821	1.382436	0.5378611	5.032823
50730	-2408.957	-2598.661	189.7038	1.474513	0.3894913	3.932408
50736	-2407.615	-2596.945	189.3294	1.444548	0.3894913	4.163114
50742	-2384.246	-2567.866	183.6196	1.222414	0.3763219	7.431886
50748	-2396.895	-2580.086	183.191	1.227704	0.3763219	7.658607
50754	-2386.678	-2571.022	184.3449	1.193645	0.3325913	7.10703
50760	-2390.836	-2575.254	184.4176	1.169577	0.3107376	7.10703
50766	-2402.021	-2588.386	186.3654	1.351995	0.4863072	5.766353
50772	-2423.786	-2608.634	184.8482	1.371274	0.5237758	6.548107
50778	-2411.611	-2599.532	187.9205	1.522177	0.5546872	4.751975
50784	-2403.169	-2590.838	187.6686	1.436394	0.4298703	5.056514
50790	-2399.577	-2584.375	184.7978	1.470159	0.2861866	6.771158
50796	-2386.304	-2571.839	185.535	1.323784	0.4689273	6.250857
50802	-2384.997	-2570.142	185.1457	1.296879	0.3840759	6.561639
50808	-2391.82	-2576.048	184.2282	1.046532	0.4449367	7.129748
50814	-2397.461	-2581.465	184.0044	1.294911	0.431409	7.129748
50820	-2405.93	-2588.611	182.6814	1.177044	0.3950723	7.938122
50826	-2412.025	-2597.042	185.0177	1.161987	0.5704422	6.530456
50832	-2395.787	-2584.77	188.9829	1.736837	0.3852822	4.198606
50838	-2386.08	-2572.371	186.2913	1.48464	0.5142428	5.708986
50844	-2384.328	-2573.61	189.2813	1.470133	0.5769	3.99386
50850	-2392.833	-2580.951	188.1178	1.701587	0.6139864	4.491462
50856	-2395.809	-2585.009	189.1998	1.53539	0.6551602	3.939232
50862	-2397.678	-2584.39	186.7125	1.564234	0.4207606	5.523201
50868	-2398.505	-2587.348	188.8427	1.59079	0.5681733	4.182454
50874	-2395.65	-2581.448	185.7978	1.326201	0.4668696	6.108474
50880	-2394.641	-2582.614	187.9731	1.386254	0.4661149	4.879101
50886	-2402.466	-2589.079	186.6132	1.437321	0.6476467	5.448927
50892	-2415.275	-2601.696	186.4204	1.440073	0.300765	5.887762
50898	-2406.741	-2592.892	186.1508	1.355931	0.4796487	5.887762
50904	-2410.806	-2596.986	186.1802	1.329115	0.5280963	5.842777
50910	-2389.689	-2574.408	184.7193	1.399154	0.579003	6.556664
50916	-2387.891	-2572.509	184.6185	1.214833	0.6182969	6.67992
50922	-2384.391	-2569.041	184.6499	1.355973	0.4461501	6.734596
50928	-2385.322	-2569.976	184.6538	1.303069	0.4741475	6.734596
50934	-2385.978	-2569.392	183.4145	1.171491	0.5491742	7.406493
50940	-2387.525	-2569.624	182.0983	1.077093	0.4096248	8.287209
50946	-2390.092	-2569.569	179.4762	1.00307	0.4096248	9.714728
50952	-2399.91	-2581.816	181.9054	0.8167599	0.4762289	8.464436
50958	-2394.854	-2575.008	180.1547	1.091044	0.5220809	9.206706
50964	-2411.341	-2589.699	178.358	1.26518	0.4874613	10.09239
50970	-2392.053	-2571.806	179.7528	1.059299	0.4286291	9.520478
50976	-2395.527	-2575.417	179.8901	1.379059	0.2246545	9.520478
50982	-2414.129	-2592.482	178.3537	1.132954	0.3259667	10.3271
50988	-2400.94	-2580.7	179.7603	1.253561	0.3095998	9.542306
50994	-2403.38	-2587.391	184.0104	1.142164	0.3381773	7.30787
51000	-2394.796	-2576.856	182.0599	1.23456	0.3381773	8.300616
51006	-2402.904	-2590.534	187.6298	1.446816	0.3067029	5.211879
51012	-2401.004	-2588.329	187.3242	1.723963	0.161279	5.448905
51018	-2399.407	-2586.845	187.4377	1.396197	0.4071773	5.230111
51024	-2402.118	-2587.483	185.3653	1.177048	0.3989688	6.491827
51030	-2400.068	-2581.718	181.65	0.9193545	0.4220257	8.596929
51036	-2406.835	-2591.674	184.839	1.262358	0.6602163	6.503366
51042	-2403.203	-2588.192	184.9897	1.273251	0.2898103	6.769163
51048	-2395.844	-2580.699	184.8547	1.146908	0.4135782	6.769163
51054	-2405.467	-2592.036	186.5694	1.287528	0.7628949	5.473298
51060	-2412.908	-2599.59	186.6812	1.344358	0.3075391	5.788931
51066	-2407.815	-2593.76	185.9453	1.35613	0.5217371	5.961882
51072	-2404.528	-2589.823	185.2951	1.101036	0.3017568	6.682072
51078	-2403.378	-2593.269	189.8918	1.756963	0.6006338	3.455264
51084	-2411.936	-2602.605	190.6691	1.60264	0.5572709	3.12608
51090	-2416.413	-2607.076	190.6627	1.732265	0.3621883	3.25737
51096	-2411.599	-2601.703	190.1036	1.787235	0.5988336	3.314794
51102	-2404.076	-2594.869	190.7926	1.801996	0.3758599	3.122511
51108	-2396.432	-2586.571	190.139	1.824856	0.7194837	3.174573
51114	-2418.84	-2606.765	187.9254	1.432656	0.7081793	4.67861
51120	-2391.081	-2582.063	190.9817	1.77361	0.6272939	2.772941
51126	-2404.758	-2593.872	189.1142	1.794248	0.7793775	3.748245
51132	-2391.989	-2581.655	189.6665	1.710843	0.956323	3.360674
51138	-2399.454	-2588.827	189.3726	1.469718	0.6394027	3.890254
51144	-2410.054	-2599.296	189.242	1.468889	0.5758132	4.017939
51150	-2396.513	-2584.955	188.442	1.454972	0.5614047	4.491508
51156	-2396.127	-2583.962	187.8342	1.433112	0.5186846	4.881402
51162	-2390.034	-2578.105	188.0715	1.341731	0.6537091	4.688257
51168	-2387.737	-2573.57	185.833	1.235499	0.5221957	6.088491
51174	-2389.997	-2573.785	183.7884	1.106533	0.4574258	7.321865
51180	-2389.933	-2574.995	185.0619	1.302507	0.5357665	6.45933
51186	-2374.695	-2558.556	183.861	1.181914	0.6517307	7.080939
51192	-2381.771	-2565.822	184.0513	0.9591618	0.4080169	7.308353
51198	-2374.164	-2556.979	182.8147	1.150043	0.6376958	7.669633
51204	-2386.861	-2574.12	187.2589	1.39564	0.7576905	5.036056
51210	-2382.686	-2570.69	188.0038	1.459674	0.3220984	4.978114
51216	-2387.29	-2574.955	187.6653	1.339084	0.2707747	5.299196
51222	-2399.827	-2583.269	183.4422	1.251613	0.431056	7.455102
51228	-2409.544	-2591.684	182.1406	1.053061	0.6220558	8.093018
51234	-2399.289	-2583.379	184.0897	1.08589	0.5374417	7.099646
51240	-2393.784	-2579.324	185.5402	1.10584	0.3648991	6.472362
51246	-2388.217	-2570.986	182.7686	1.001926	0.3648991	8.017162
51252	-2381.33	-2566.805	185.4755	1.314153	0.3648991	6.394488
51258	-2400.464	-2583.499	183.0357	1.140433	0.5739987	7.605753
51264	-2402.499	-2588.873	186.3746	1.140433	0.4828706	5.880203
51270	-2397.219	-2582.103	184.8844	1.44403	0.2267285	6.821258
51276	-2397.795	-2582.787	184.9925	1.347697	0.333396	6.673893
51282	-2404.819	-2588.048	183.2286	1.242741	0.7311879	7.331945
51288	-2413.334	-2600.932	187.5982	1.489425	0.4117839	5.084817
51294	-2405.659	-2594.973	189.3138	1.590034	0.4971397	3.978509
51300	-2404.818	-2589.28	184.4625	1.145213	0.4031475	6.992244
51306	-2397.407	-2579.139	181.7328	1.123735	0.5872166	8.299358
51312	-2405.915	-2587.328	181.4129	1.135294	0.3346938	8.701075
51318	-2398.631	-2581.35	182.7187	1.227094	0.3346938	7.957644
51324	-2395.57	-2579.171	183.6003	1.227094	0.8331565	7.074814
51330	-2395.93	-2582.688	186.7575	1.409533	0.7833693	5.288696
51336	-2398.482	-2585.857	187.3751	1.401656	0.382069	5.288696
51342	-2402.15	-2590.356	188.2067	1.491041	0.4960035	4.661768
51348	-2408.959	-2595.926	186.9674	1.479534	0.3754095	5.477807
51354	-2405.441	-2592.373	186.9319	1.555589	0.3556199	5.477807
51360	-2401.562	-2588.418	186.8561	1.555589	0.3932409	5.477807
51366	-2406.84	-2594.48	187.6397	1.312291	0.3932409	5.179686
51372	-2393.681	-2580.133	186.4515	1.475025	0.7773783	5.425272
51378	-2402.799	-2586.885	184.0865	1.306335	0.7382024	6.831424
51384	-2393.516	-2576.33	182.8141	0.9911452	0.3902975	7.971471
51390	-2394.127	-2576.829	182.7021	1.115807	0.383893	7.971471
51396	-2398.297	-2577.728	179.4308	1.058864	0.3227324	9.803097
51402	-2393.804	-2582.152	188.3481	1.610667	0.5637147	4.454725
51408	-2388.352	-2577.275	188.9232	1.867334	0.4597745	4.079548
51414	-2394.329	-2584.132	189.8031	1.557424	0.4421037	3.770963
51420	-2394.935	-2584.184	189.249	1.557424	0.5967033	3.94569
51426	-2397.492	-2585.538	188.0467	1.480752	0.5967033	4.669378
51432	-2401.98	-2591	189.0202	1.518579	0.5364201	4.150485
51438	-2394.512	-2581.772	187.2608	1.518579	0.4505902	5.21614
51444	-2393.587	-2581.807	188.2201	1.505895	0.4146568	4.726344
51450	-2409.571	-2596.891	187.3203	1.586822	0.8486728	4.835915
51456	-2401.05	-2588.448	187.3979	1.565742	0.5447823	5.027319
51462	-2398.532	-2582.927	184.3943	1.273668	0.4807674	6.884355
51468	-2408.53	-2587.983	179.4529	1.335595	0.647541	9.349975
51474	-2389.075	-2573.208	184.1325	1.202456	0.760966	6.847468
51480	-2390.033	-2574.467	184.4339	1.323657	0.5083499	6.811243
51486	-2398.705	-2586.894	188.1891	1.733131	0.75887	4.325433
51492	-2397.317	-2585.837	188.5196	1.623991	0.4039018	4.503667
51498	-2392.637	-2579.904	187.2667	1.626215	0.4039018	5.200944
51504	-2400.76	-2588.448	187.6883	1.673559	0.4673166	4.876544
51510	-2393.552	-2580.858	187.3055	1.46448	0.483812	5.189475
51516	-2390.075	-2576.597	186.5221	1.428425	0.3683299	5.758146
51522	-2382.849	-2570.06	187.2115	1.436503	0.457851	5.281635
51528	-2389.342	-2573.123	183.781	1.30738	0.4500077	7.225048
51534	-2391.405	-2576.688	185.2831	1.252382	0.3443097	6.55555
51540	-2397.969	-2585.674	187.7047	1.485258	0.4135267	5.026214
51546	-2392.379	-2577.919	185.5398	1.421002	0.5007869	6.166107
51552	-2410.848	-2596.563	185.7152	1.286369	0.4765291	6.166107
51558	-2398.223	-2584.194	185.9717	1.31414	0.3852929	6.102499
51564	-2394.383	-2577.92	183.5376	1.20144	0.2897629	7.58832
51570	-2400.538	-2584.485	183.9472	1.187281	0.4311331	7.218601
51576	-2395.929	-2574.74	178.8112	1.267204	0.4188827	9.916761
51582	-2384.586	-2562.983	178.3965	1.071663	0.3594181	10.29923
51588	-2401.656	-2582.753	181.0967	0.9688651	0.3617058	8.92663
51594	-2405.822	-2588.144	182.3218	1.191317	0.4596402	8.0588
51600	-2386.704	-2569.34	182.6358	1.368638	0.348492	7.910576
51606	-2389.109	-2576.108	186.9988	1.49386	0.348492	5.483217
51612	-2394.461	-2582.2	187.7387	1.67261	0.4156709	4.900894
51618	-2396.796	-2584.792	187.9958	1.349988	0.3787841	4.977079
51624	-2393.608	-2579.577	185.9693	1.281302	0.4928802	6.015403
51630	-2387.862	-2571.071	183.2093	1.045414	0.4095065	7.711682
51636	-2381.789	-2564.748	182.959	1.121908	0.3426514	7.876374
51642	-2399.45	-2581.81	182.3605	1.018038	0.6583411	7.967579
51648	-2379.474	-2565.839	186.3644	1.331115	0.4417475	5.820838
51654	-2376.43	-2562.879	186.449	1.411799	0.3248717	5.857727
51660	-2373.356	-2560.383	187.0276	1.433199	0.3248717	5.528834
51666	-2392.177	-2579.352	187.1755	1.465728	0.2890494	5.474832
51672	-2396.163	-2582.873	186.7096	1.407339	0.3633156	5.672599
51678	-2384.476	-2569.235	184.7591	1.294277	0.4163253	6.738447
51684	-2385.246	-2569.8	184.5532	1.358173	0.4968587	6.738447
51690	-2403.374	-2591.606	188.2315	1.681943	0.4209609	4.614826
51696	-2388.833	-2572.775	183.9421	1.248548	0.351454	7.272259
51702	-2392.823	-2577.895	185.0729	1.289974	0.5540856	6.444694
51708	-2395.277	-2580.173	184.8959	1.236879	0.6109073	6.523615
51714	-2382.912	-2569.989	187.077	1.343822	0.3890173	5.477338
51720	-2388.351	-2576.049	187.6985	1.457326	0.4081799	5.050762
51726	-2377.215	-2562.839	185.6249	1.373913	0.4912628	6.154047
51732	-2401.547	-2583.929	182.3827	1.211164	0.4707504	8.005415
51738	-2396.649	-2580.787	184.1387	1.373701	0.5132586	6.939159
51744	-2394.574	-2577.369	182.7949	1.307257	0.5450637	7.668998
51750	-2404.528	-2589.573	185.0455	1.194076	0.3237665	6.739652
51756	-2401.893	-2585.777	183.8846	1.195563	0.6956216	7.029253
51762	-2398.35	-2584.509	186.1586	1.399553	0.4479009	5.889889
51768	-2417.883	-2603.389	185.5062	1.263387	0.6543244	6.144922
51774	-2413.802	-2600.308	186.5066	1.291555	0.3760669	5.832988
51780	-2406.618	-2592.802	186.1838	1.353937	0.5714843	5.7905
51786	-2392.738	-2577.405	184.6666	1.252572	0.4643295	6.764087
51792	-2401.874	-2585.203	183.3294	1.137136	0.3983201	7.609825
51798	-2417.058	-2600.591	183.5333	1.133188	0.4483777	7.453001
51804	-2416.16	-2597.677	181.5175	1.351426	0.7243996	8.19293
51810	-2392.268	-2574.812	182.5438	1.222328	0.5120412	7.87665
51816	-2405.246	-2588.762	183.5164	1.184554	0.378662	7.505015
51822	-2413.66	-2599.603	185.9429	1.536451	0.4764301	5.905693
51828	-2410.103	-2590.691	180.5878	1.110147	0.4764301	9.007468
51834	-2406.879	-2592.131	185.2522	1.275539	0.3119878	6.598221
51840	-2422.95	-2607.754	184.8035	1.256611	0.3725052	6.780883
51846	-2418.765	-2602.436	183.6706	1.206665	0.4294903	7.358295
51852	-2406.737	-2592.146	185.4083	1.235345	0.5186907	6.322623
51858	-2401.445	-2585.726	184.2804	1.131666	0.406775	7.093852
51864	-2403.139	-2584.828	181.6894	1.134517	0.406775	8.476992
51870	-2402.431	-2585.021	182.5898	1.262332	0.539523	7.807258
51876	-2409.985	-2593.463	183.4783	1.122774	0.4538124	7.482856
51882	-2392.324	-2577.545	185.2205	1.235873	0.5489291	6.398332
51888	-2386.869	-2572.965	186.096	1.327177	0.5370055	5.88214
51894	-2392.654	-2577.364	184.7095	1.124945	0.6796788	6.633652
51900	-2407.069	-2593.269	186.1994	1.109759	0.6796788	5.831899
51906	-2407.853	-2590.034	182.1811	1.187383	0.6796788	7.957656
51912	-2407.347	-2589.577	182.2299	1.066485	0.6301022	8.032226
51918	-2400.75	-2583.786	183.0361	1.173183	0.4282694	7.717224
51924	-2404.751	-2589.062	184.3119	1.186173	0.4743251	6.981875
51930	-2389.647	-2575.65	186.0023	1.419219	0.590671	5.838444
51936	-2397.589	-2585.46	187.872	1.530243	0.5657461	4.765158
51942	-2396.48	-2583.569	187.089	1.267343	0.4606932	5.439739
51948	-2396.463	-2582.656	186.1925	1.367251	0.4174816	5.919386
51954	-2413.991	-2601.16	187.1692	1.377923	0.5923931	5.218233
51960	-2400.085	-2582.793	182.7083	1.1774	0.425445	7.892839
51966	-2408.538	-2588.069	179.531	1.088528	0.3677034	9.684233
51972	-2406.342	-2589.578	183.2365	1.102263	0.3677034	7.710684
51906	-2401.437	-2581.039	179.6026	1.02882	0.3684046	9.677196
51912	-2393.005	-2572.673	179.6685	0.9629297	0.3684046	9.677196
51918	-2394.803	-2579.007	184.2046	1.175791	0.3684046	7.151524
51924	-2388.129	-2571.907	183.7777	1.315114	0.5287872	7.151524
51930	-2396.082	-2579.807	183.7248	1.127534	0.6960508	7.151524
51936	-2390.551	-2575.504	184.9528	1.13463	0.6960508	6.485081
51942	-2390.141	-2573.94	183.7992	1.050973	0.4882048	7.317509
51948	-2411.784	-2593.596	181.8121	1.050973	0.5417391	8.332604
51954	-2394.763	-2577.954	183.1912	0.9608558	0.4362862	7.739992
51960	-2388.948	-2571.921	182.9732	1.178838	0.4362862	7.739992
51966	-2406.176	-2589.797	183.6214	1.318881	0.4362862	7.317828
51972	-2390.312	-2576.099	185.7864	1.210144	0.4362862	6.20737
51978	-2393.366	-2577.388	184.0215	1.216799	0.4362862	7.157737
51984	-2387.572	-2575.09	187.5183	1.389204	0.4713883	5.125085
51990	-2393.632	-2580.203	186.5702	1.29358	0.4713883	5.700097
51996	-2382.385	-2566.206	183.821	1.124932	0.5536817	7.209557
52002	-2389.833	-2574.396	184.5633	1.359716	0.3388268	6.892695
52008	-2383.688	-2570.845	187.157	1.359716	0.3388268	5.481314
52014	-2393.815	-2578.07	184.2556	1.199945	0.332414	7.151872
52020	-2382.164	-2566.407	184.2432	1.212293	0.332414	7.151872
52026	-2400.078	-2586.644	186.5655	1.212293	0.332414	5.894037
52032	-2390.546	-2576.501	185.9553	1.479665	0.3591051	6.050171
52038	-2387.054	-2573.222	186.1679	1.267007	0.3591051	6.050171
52044	-2381.72	-2566.199	184.4794	1.20378	0.3591051	6.998857
52050	-2384.446	-2568.363	183.9175	1.248283	0.3885093	7.245175
52056	-2378.62	-2566.228	187.6083	1.485142	0.3885093	5.106451
52062	-2394.05	-2579.777	185.7271	1.485142	0.3885093	6.13912
52068	-2390.334	-2576.462	186.1282	1.245577	0.3713696	6.069819
52074	-2394.172	-2579.911	185.7393	1.307528	0.5578979	6.069819
52080	-2389.795	-2575.845	186.0502	1.216074	0.4269944	6.069819
52086	-2384.576	-2569.177	184.6011	1.283569	0.4269944	6.818824
52092	-2401.609	-2588.391	186.7818	1.347448	0.4242094	5.600721
52098	-2390.124	-2576.287	186.163	1.380936	0.4218255	5.923593
52104	-2399.782	-2586.802	187.0208	1.271554	0.4218255	5.513522
52110	-2397.279	-2582.022	184.7429	1.329934	0.4218255	6.722394
52116	-2404.621	-2590.638	186.0165	1.146223	0.4218255	6.131451
52122	-2409.014	-2591.963	182.9484	1.221556	0.3035959	7.875166
52128	-2391.9	-2577.124	185.2244	1.392355	0.4544992	6.395963
52134	-2400.021	-2585.277	185.2566	1.360064	0.4544992	6.395963
52140	-2399.714	-2583.23	183.5162	1.385123	0.4544992	7.321199
52146	-2395.88	-2579.744	183.8644	1.203708	0.4226941	7.262585
52152	-2396.047	-2579.796	183.749	1.319107	0.4226941	7.262585
52158	-2394.318	-2582.74	188.4217	1.288049	0.5149532	4.637601
52164	-2391.829	-2577.978	186.1482	1.472192	0.276362	6.050602
52170	-2391.389	-2576.569	185.1801	1.222728	0.4364729	6.529349
52176	-2394.494	-2579.662	185.1676	1.235314	0.4364729	6.529349
52182	-2399.994	-2585.811	185.8169	1.284428	0.2815049	6.326142
52188	-2385.753	-2571.56	185.807	1.170029	0.3910991	6.264305
52194	-2388.653	-2571.582	182.9283	1.171605	0.3970037	7.807188
52200	-2390.968	-2575.908	184.9398	0.9811526	0.3280829	6.906417
52206	-2395.939	-2580.722	184.7829	1.138055	0.3280829	6.906417
52212	-2391.288	-2577.494	186.2066	1.4107	0.4353725	5.869895
52218	-2382.912	-2567.241	184.3293	1.293565	0.3384839	7.054767
52224	-2394.636	-2581.263	186.6266	1.323801	0.2508179	5.905822
52230	-2391.379	-2577.952	186.5732	1.377208	0.2508179	5.905822
52236	-2401.211	-2587.428	186.2164	1.664833	0.278199	5.905822
52242	-2409.735	-2596.788	187.0531	1.406215	0.2802643	5.586485
52248	-2399.348	-2582.746	183.3976	1.522577	0.2802643	7.503535
52254	-2402.251	-2587.002	184.7509	1.301768	0.2624926	6.918791
52260	-2414.395	-2597.127	182.7318	1.22094	0.2808915	8.019785
52266	-2395.316	-2577.79	182.4736	1.08918	0.3746283	8.117331
52272	-2389.419	-2574.289	184.8695	1.361458	0.3195478	6.7494
52278	-2397.57	-2583.042	185.4715	1.361458	0.3195478	6.423659
52284	-2397.611	-2583.17	185.5588	1.285121	0.3146787	6.423659
52290	-2393.08	-2575.721	182.6413	0.9470151	0.3963644	8.080848
52296	-2386.588	-2573.33	186.7427	1.379249	0.3963644	5.633646
52302	-2382.512	-2566.922	184.4097	1.298243	0.2592946	7.108802
52308	-2383.339	-2567.966	184.6272	1.298243	0.2625397	6.987301
52314	-2388.722	-2571.326	182.6045	1.275043	0.2795599	8.060537
52320	-2393.928	-2578.531	184.6031	1.173342	0.5299592	6.782288
52326	-2389.315	-2574.317	185.0024	1.278816	0.272311	6.782288
52332	-2390.57	-2574.728	184.1581	1.178887	0.272311	7.290518
52338	-2387.93	-2571.74	183.8097	1.25529	0.3969133	7.290518
52344	-2388.852	-2573.293	184.4411	1.282061	0.3743903	6.960514
52350	-2387.882	-2571.867	183.9853	1.463884	0.4307151	7.049799
52356	-2389.81	-2578.658	188.8484	1.737714	0.4307151	4.225384
52362	-2377.591	-2566.674	189.0836	1.745893	0.3111764	4.225384
52368	-2403.625	-2593.521	189.8961	1.598404	0.3691731	3.774053
52374	-2406.515	-2596.288	189.7735	1.598404	0.4710255	3.735003
52380	-2390.907	-2579.055	188.1485	1.598404	0.3539063	4.781975
52386	-2399.601	-2587.762	188.1607	1.643033	0.3539063	4.750224
52392	-2390.747	-2578.929	188.1814	1.622356	0.3539063	4.750224
52398	-2390.954	-2577.655	186.7006	1.382765	0.293631	5.775012
52404	-2393.467	-2579.891	186.4239	1.39162	0.3390471	5.865542
52410	-2402.099	-2588.472	186.3735	1.442654	0.3387362	5.865542
52416	-2390.007	-2574.729	184.7226	1.226758	0.3387362	6.878602
52422	-2385.426	-2568.758	183.3321	1.399138	0.5482623	7.329312
52428	-2404.873	-2591.255	186.3829	1.399138	0.5482623	5.676132
52434	-2407.36	-2594.08	186.7201	1.442539	0.2873691	5.739778
52440	-2404.418	-2590.908	186.4908	1.548366	0.341966	5.739778
52446	-2410.425	-2599.643	189.2186	1.300881	0.341966	4.362391
52452	-2407.469	-2590.829	183.36	1.280343	0.5953217	7.340094
52458	-2406.9	-2594.492	187.5928	1.41079	0.5207248	5.026279
52464	-2414.082	-2602.458	188.3762	1.41079	0.5207248	4.589063
52470	-2400.423	-2585.515	185.0919	1.264151	0.4117224	6.579526
52476	-2393.475	-2578.662	185.1868	1.125685	0.4117224	6.60309
52482	-2399.491	-2581.876	182.3851	1.376862	0.4117224	7.972591
52488	-2398.224	-2585.347	187.1227	1.539372	0.3785924	5.355808
52494	-2387.903	-2574.964	187.0609	1.539372	0.4103292	5.355808
52500	-2391.514	-2578.709	187.1948	1.442554	0.4179434	5.327443
52506	-2384.108	-2571.234	187.1261	1.576687	0.3839765	5.327443
52512	-2389.39	-2576.516	187.1261	1.576687	0.3839765	5.327443
52518	-2388.656	-2576.93	188.274	1.884008	0.3530107	4.552798
52524	-2400.15	-2588.839	188.6881	1.631367	0.2813099	4.552798
52530	-2402.265	-2592.108	189.8429	1.688467	0.7197524	3.429228
52536	-2413.615	-2597.374	183.7584	1.688467	0.3093739	7.18413
52542	-2408.374	-2592.25	183.8756	1.063286	0.3093739	7.45678
52548	-2397.286	-2580.976	183.6901	1.067122	0.3093739	7.554093
52554	-2399.306	-2582.643	183.3365	1.129331	0.4551154	7.554093
52560	-2401.482	-2586.044	184.5614	1.099151	0.3543551	7.016364
52566	-2396.697	-2581.892	185.1953	1.099151	0.3543551	6.674437
52572	-2407.137	-2590.365	183.2287	1.0498	0.3927063	7.716247
52578	-2420.365	-2603.577	183.2123	1.0662	0.3927063	7.716247
52584	-2397.758	-2579.347	181.5894	0.9567608	0.3510135	8.68367
52590	-2395.035	-2575.235	180.2005	0.9567608	0.3686615	9.399483
52596	-2385.827	-2563.793	177.9666	0.9567608	0.3686615	10.57535
52602	-2389.701	-2575.1	185.3991	1.427918	0.3363265	6.406849
52608	-2400.373	-2586.673	186.2997	1.3998	0.5847647	5.69104
52614	-2396.878	-2581.781	184.903	1.122983	0.4041801	6.76565
52620	-2386.047	-2567.419	181.3717	1.01711	0.353138	8.764773
52626	-2395.3	-2577.507	182.2075	1.157891	0.4988964	8.101889
52632	-2397.93	-2580.31	182.3803	1.248631	0.3564726	8.101889
52638	-2390.748	-2574.114	183.3666	1.129762	0.5778435	7.43114
52644	-2390.361	-2574.24	183.8783	1.059717	0.3311644	7.43114
52650	-2397.548	-2584.907	187.3591	1.386229	0.3544879	5.337052
52656	-2407.968	-2595.941	187.9728	1.386229	0.3229346	5.035091
52662	-2406.977	-2591.886	184.9082	1.109242	0.3279785	6.854551
52668	-2398.93	-2581.368	182.4385	1.042858	0.477632	8.059151
52674	-2388.984	-2575.572	186.588	1.363822	0.3506368	5.777502
52680	-2380.222	-2566.846	186.6239	1.327965	0.3506368	5.777502
52686	-2387.373	-2574.789	187.4161	1.483845	0.3506368	5.256175
52692	-2396.05	-2583.394	187.3439	1.483845	0.3860703	5.256175
52698	-2385.365	-2572.646	187.2806	1.447142	0.4389906	5.256175
52704	-2397.759	-2581.731	183.9721	1.340391	0.4389906	7.115196
52710	-2394.295	-2582.684	188.389	1.551121	0.4641195	4.556216
52716	-2400.099	-2588.489	188.3898	1.588855	0.4423623	4.556216
52722	-2395.64	-2584.819	189.179	1.601715	0.3575178	4.195936
52728	-2401.533	-2586.985	185.4527	1.142963	0.5032734	6.362272
52734	-2401.197	-2586.65	185.4527	1.142963	0.5032734	6.362272
52740	-2408.526	-2596.995	188.4689	1.347601	0.2851565	4.829115
52746	-2405.929	-2594.418	188.4885	1.413571	0.3804578	4.664861
52752	-2396.354	-2583.696	187.3426	1.423289	0.3804578	5.296479
52758	-2394.771	-2581.461	186.6902	1.669306	0.7212823	5.224689
52764	-2389.676	-2576.194	186.5187	1.481279	0.4531166	5.642923
52770	-2394.26	-2580.779	186.5188	1.415582	0.4912087	5.642923
52776	-2399.55	-2586.511	186.9616	1.406019	0.3865836	5.509235
52782	-2404.117	-2590.821	186.7045	1.421627	0.5227901	5.509235
52788	-2387.192	-2573.024	185.8319	1.27466	0.3044405	6.29379
52794	-2401.463	-2590.689	189.2255	1.911265	0.4986268	3.843577
52800	-2388.197	-2577.305	189.108	1.706691	0.2952993	4.254596
52806	-2399.598	-2588.636	189.0384	1.706691	0.4912261	4.074779
52812	-2396.842	-2585.298	188.456	1.529046	0.3888559	4.609057
52818	-2398.415	-2586.67	188.2547	1.529046	0.3782187	4.733603
52824	-2396.26	-2582.783	186.5238	1.630172	0.6593881	5.383078
52830	-2399.114	-2586.004	186.8901	1.588957	0.8932766	5.046518
52836	-2403.666	-2591.126	187.4597	1.34787	0.6268358	5.046518
52842	-2400.972	-2586.573	185.601	1.207435	0.4958876	6.253386
52848	-2391.437	-2575.391	183.9539	1.206056	0.4610318	7.176146
52854	-2395.912	-2577.699	181.7867	1.206056	0.6584689	8.173148
52860	-2401.534	-2583.967	182.4323	1.330039	0.2425698	8.173148
52866	-2398.121	-2583.368	185.2468	1.330039	0.301462	6.584691
52872	-2395.241	-2582.361	187.1205	1.280262	0.4706575	5.405755
52878	-2400.086	-2586.847	186.7611	1.324648	0.679571	5.405755
52884	-2408.017	-2596.768	188.7517	1.565454	0.3276669	4.493927
52890	-2396.052	-2583.001	186.9482	1.565454	0.3571172	5.46168
52896	-2394.62	-2579.821	185.2011	1.121113	0.4249621	6.584423
52902	-2403.672	-2586.325	182.6526	1.003909	0.7141164	7.779829
52908	-2401.245	-2586.115	184.87	1.234486	0.3971928	6.730558
52914	-2390.116	-2577.496	187.3797	1.173336	0.4627739	5.329302
52920	-2398.065	-2580.165	182.0999	1.233368	0.5203146	8.100377
52926	-2396.08	-2584.508	188.4286	1.423219	0.622264	4.466631
52932	-2397.649	-2585.239	187.5902	1.517058	0.4074444	5.078464
52938	-2390.724	-2578.29	187.5661	1.541231	0.4074444	5.078464
52944	-2401.93	-2591.298	189.3685	1.639232	0.4074444	4.010136
52950	-2390.492	-2578.014	187.5219	1.52869	0.4074444	5.109886
52956	-2395.375	-2582.964	187.5885	1.521354	0.3771248	5.109886
52962	-2393.067	-2577.925	184.8585	1.389198	0.3771248	6.674533
52968	-2397.221	-2582.307	185.0857	1.219582	0.3771248	6.643412
52974	-2392.393	-2581.742	189.3493	2.171682	0.2598892	3.901532
52980	-2402.576	-2593.999	191.4232	2.645287	0.1890136	2.505577
52986	-2413.552	-2604.048	190.4958	2.739469	0.1662768	3.058244
52992	-2405.11	-2589.084	183.9733	1.02541	0.3741026	7.350266
52998	-2394.595	-2579.933	185.3384	1.328396	0.3741026	6.450962
53004	-2400.941	-2585.582	184.6403	1.153484	0.4059251	6.889147
53010	-2396.497	-2577.806	181.3086	1.153484	0.4059251	8.669924
53016	-2418.47	-2602.781	184.3105	1.077552	0.4059251	7.107626
53022	-2400.388	-2581.494	181.1058	1.163639	0.3880157	8.790551
53028	-2406.381	-2587.505	181.1238	1.145567	0.3880157	8.790551
53034	-2385.666	-2566.899	181.2323	1.037063	0.3880157	8.790551
53040	-2389.637	-2574.189	184.5521	1.243632	0.6057614	6.709949
53046	-2389.747	-2576.139	186.3919	1.304261	0.4727199	5.790672
53052	-2402.53	-2588.917	186.3863	1.29732	0.4800326	5.790672
53058	-2400.421	-2586.709	186.2884	1.29732	0.4800326	5.844233
53064	-2397.623	-2585.744	188.1211	1.435137	0.4683518	4.767118
53070	-2390.398	-2576.235	185.8373	1.373143	0.4683518	6.060029
53076	-2401.982	-2586.563	184.5811	1.16468	0.4683518	6.853904
53082	-2400.997	-2585.643	184.6455	1.385303	0.3224613	6.853904
53088	-2398.908	-2584.234	185.3264	1.291882	0.3081239	6.55395
53094	-2402.271	-2590.345	188.0746	1.256361	0.3081239	5.069173
53100	-2405.044	-2592.438	187.394	1.510453	0.5344114	5.069173
53106	-2409.303	-2596.233	186.9298	1.442218	0.2828901	5.630867
53112	-2416.417	-2603.692	187.2754	1.162458	0.3675275	5.491594
53118	-2403.825	-2587.175	183.3495	1.111333	0.3675275	7.645569
53124	-2404.428	-2589.457	185.0287	1.172782	0.4322405	6.642465
53130	-2408.558	-2594.84	186.2814	1.328833	0.4955602	5.816517
53136	-2410.574	-2599.446	188.8727	1.65599	0.6604937	4.0531
53142	-2404.696	-2593.568	188.8727	1.65599	0.6604937	4.0531
53148	-2394.158	-2584.096	189.9372	1.65599	0.5764843	3.508495
53154	-2431.761	-2619.633	187.8723	1.484881	0.2676384	5.108406
53160	-2417.04	-2604.912	187.8723	1.484881	0.2676384	5.108406
53166	-2407.459	-2593.692	186.2329	1.369711	0.8134417	5.579913
53172	-2400.676	-2587.374	186.6987	1.186011	0.4973227	5.66462
53178	-2402.495	-2589.038	186.5426	1.342077	0.4973227	5.66462
53184	-2417.301	-2600.407	183.1058	1.213413	0.5900783	7.51638
53190	-2411.797	-2593.192	181.3943	1.071465	0.4338145	8.640413
53196	-2403.999	-2587.91	183.9105	1.189234	0.3256638	7.350911
53202	-2396.808	-2586.215	189.4067	1.472172	0.3587422	4.138697
53208	-2406.171	-2592.959	186.7883	1.472172	0.4285121	5.524259
53214	-2395.292	-2582.003	186.7107	1.380285	0.5276336	5.524259
53220	-2391.333	-2578.438	187.1053	1.380285	0.4859366	5.344625
53226	-2384.861	-2572.133	187.2713	1.380285	0.6358263	5.126019
53232	-2394.37	-2581.83	187.4601	1.400927	0.4979057	5.126019
53238	-2378.09	-2567.846	189.7566	1.494495	0.4979057	3.778478
53244	-2389.395	-2577.642	188.2469	1.567381	0.4979057	4.594673
53250	-2398.24	-2584.817	186.577	1.503585	0.570386	5.493566
53256	-2399.099	-2586.046	186.9474	1.353648	0.4368382	5.493566
53262	-2397.765	-2584.773	187.0075	1.349491	0.4067672	5.493566
53268	-2393.435	-2578.007	184.5716	1.336043	0.3358229	6.904486
53274	-2394.74	-2579.866	185.1259	1.260773	0.3358229	6.645926
53280	-2395.45	-2579.709	184.2592	1.308511	0.3771172	7.041265
53286	-2402.435	-2586.732	184.2969	1.27732	0.3738619	7.041265
53292	-2406.114	-2590.411	184.2969	1.27732	0.3738619	7.041265
53298	-2396.71	-2584.188	187.4782	1.374401	0.3738619	5.255878
53304	-2386.64	-2571.19	184.5499	1.209729	0.3738619	6.941464
53310	-2387.956	-2572.964	185.0084	1.165348	0.4307993	6.658892
53316	-2380.412	-2563.529	183.1171	1.284972	0.3938123	7.649008
53322	-2383.615	-2566.808	183.1937	1.111805	0.4455152	7.649008
53328	-2402.788	-2585.805	183.0163	1.111805	0.5524519	7.649008
53334	-2396.632	-2586.39	189.7583	1.599341	0.6519884	3.58276
53340	-2396.114	-2575.912	179.7976	1.156429	0.6001998	9.2979
53346	-2403.187	-2586.53	183.343	1.135717	0.4098133	7.591495
53352	-2395.893	-2577.939	182.0459	1.082432	0.4098133	8.312036
53358	-2392.291	-2574.547	182.256	0.9524093	0.4098133	8.269437
53364	-2400.418	-2578.391	177.9738	0.8770818	0.5110281	10.47774
53370	-2399.423	-2583.886	184.4623	1.141717	0.5110281	6.891713
53376	-2386.009	-2571.838	185.829	1.223591	0.3835941	6.231281
53382	-2378.691	-2564.879	186.1887	1.290838	0.4128298	5.967939
53388	-2405.526	-2589.255	183.7284	1.234758	0.4128298	7.328833
53394	-2384.921	-2568.32	183.3982	1.321331	0.4128298	7.45947
53400	-2384.791	-2568.234	183.4433	1.276245	0.4128298	7.45947
53406	-2384.32	-2567.735	183.4151	1.392432	0.9391875	7.023009
53412	-2375.476	-2564.311	188.8346	1.425977	0.5637166	4.284307
53418	-2387.863	-2576.357	188.494	1.377423	0.4742434	4.584979
53424	-2394.676	-2583.844	189.1671	1.678011	0.6027066	3.918532
53430	-2390.025	-2579.192	189.1671	1.678011	0.6027066	3.918532
53436	-2382.981	-2571.03	188.0491	1.610707	0.4930139	4.685796
53442	-2382.087	-2571.724	189.6372	1.656012	0.4930139	3.758884
53448	-2394.554	-2582.727	188.1726	1.562455	0.6783254	4.488982
53454	-2386.073	-2574.522	188.4492	1.611158	0.4637757	4.488982
53460	-2392.846	-2582.837	189.9917	1.783038	0.6178617	3.366932
53466	-2394.349	-2584.253	189.9039	1.783038	0.6178617	3.418455
53472	-2406.463	-2593.613	187.1499	1.475932	0.6708301	5.113771
53478	-2391.121	-2577.687	186.5664	1.436376	0.8264089	5.35141
53484	-2397.027	-2583.506	186.4787	1.496572	0.6337419	5.500958
53490	-2392.43	-2578.993	186.5636	1.411625	0.6337419	5.500958
53496	-2384.764	-2571.332	186.5686	1.524379	0.5534544	5.500958
53502	-2400.565	-2590.239	189.6746	1.630503	0.6426175	3.62072
53508	-2395.229	-2584.795	189.5656	1.739528	0.6426175	3.62072
53514	-2393.887	-2583.459	189.5727	1.732479	0.6426175	3.62072
53520	-2380.429	-2569.798	189.369	1.689936	0.6426175	3.763131
53526	-2396.65	-2583.801	187.1511	1.42149	0.6426175	5.164562
53532	-2387.982	-2576.769	188.7868	1.537575	0.5795522	4.234676
53538	-2385.926	-2574.929	189.0025	1.537575	0.4470978	4.234676
53544	-2394.586	-2583.598	189.0122	1.527887	0.4470978	4.234676
53550	-2391.636	-2578.426	186.7897	1.311436	0.3194626	5.732792
53556	-2388.474	-2572.296	183.8219	1.268889	0.4785358	7.197098
53562	-2399.945	-2584.085	184.1401	1.258891	0.3911017	7.117124
53568	-2406.368	-2588.87	182.5014	1.953062	0.2581251	7.782257
53574	-2390.291	-2572.911	182.6197	1.139742	0.3561957	8.032653
53580	-2395.076	-2583.328	188.2516	1.624956	0.764159	4.347581
53586	-2405.436	-2594.974	189.5375	1.624956	0.2319041	4.148449
53592	-2389.718	-2577.198	187.4797	1.435238	0.6940219	4.936199
53598	-2387.468	-2574.538	187.0706	1.401849	0.5526492	5.292522
53604	-2402.119	-2588.128	186.009	1.399515	0.5135861	5.910626
53610	-2411.161	-2600.028	188.8676	1.593835	0.6431883	4.104953
53616	-2395.743	-2581.985	186.2414	1.400025	0.8526566	5.533898
53622	-2393.322	-2576.291	182.9691	1.202424	0.8526566	7.415184
53628	-2388.93	-2572.675	183.7455	1.003781	0.4415341	7.415184
53634	-2394.983	-2577.747	182.7649	1.126813	0.4753622	7.84223
53640	-2397.219	-2579.792	182.5735	1.111697	0.4122262	8.013029
53646	-2404.215	-2588.989	184.7741	1.169714	0.5673988	6.660539
53652	-2397.275	-2580.022	182.7466	1.180627	0.3878036	7.909012
53658	-2388.852	-2572.082	183.2304	1.099181	0.4225427	7.658556
53664	-2392.263	-2578.041	185.7787	1.099181	0.4225427	6.285584
53670	-2374.542	-2556.563	182.0204	1.096553	0.4037951	8.324206
53676	-2387.803	-2569.934	182.1313	1.021315	0.3854611	8.324206
53682	-2402.91	-2588.141	185.2314	1.416879	0.6480155	6.21563
53688	-2401.704	-2588.938	187.2342	1.416879	0.454608	5.283081
53694	-2382.916	-2569.2	186.2841	1.420909	0.4053069	5.852595
53700	-2377.238	-2564.823	187.5852	1.321811	0.3808556	5.218044
53706	-2378.392	-2566.641	188.2491	1.723696	0.2818102	4.746365
53712	-2372.946	-2562.866	189.9203	1.723696	0.2818102	3.799488
53718	-2381.74	-2570.772	189.0321	1.723696	0.4057694	4.155507
53724	-2395.049	-2583.924	188.8756	1.880267	0.4057694	4.155507
53730	-2413.792	-2602.507	188.7156	1.839057	0.5208424	4.155507
53736	-2399.701	-2588.518	188.8163	1.738336	0.5208424	4.155507
53742	-2395.061	-2583.644	188.5831	1.827854	0.4830682	4.272376
53748	-2393.567	-2580.817	187.2504	1.703881	0.4802227	5.090752
53754	-2395.183	-2582.459	187.2755	1.507975	0.5882448	5.090752
53760	-2386.317	-2572.615	186.2976	1.507975	0.4356863	5.766574
53766	-2382.822	-2572.537	189.7146	1.592334	0.5796253	3.672082
53772	-2388.094	-2577.608	189.5144	1.592334	0.9145305	3.544579
53778	-2400.325	-2589.849	189.524	1.592334	0.6821731	3.699045
53784	-2408.565	-2597.428	188.8632	1.862644	1.212125	3.600156
53790	-2396.621	-2585.59	188.9686	1.726954	1.212125	3.617733
53796	-2406.439	-2595.964	189.5251	1.684313	0.7185151	3.617733
53802	-2409.971	-2596.749	186.7781	1.425188	0.5170339	5.471856
53808	-2387.928	-2574.413	186.485	1.309411	0.5170339	5.696389
53814	-2401.387	-2589.295	187.9083	1.381221	0.6840162	4.734658
53820	-2411.77	-2600.36	188.5897	1.546528	0.6840162	4.258244
53826	-2402.24	-2591.441	189.2006	1.546528	0.3220431	4.258244
53832	-2387.092	-2575.642	188.5502	1.55917	0.5688172	4.36544
53838	-2394.199	-2583.704	189.5053	1.55917	0.4269929	3.956796
53844	-2398.35	-2585.494	187.1435	1.247686	0.4177261	5.46336
53850	-2388.319	-2574.527	186.2081	1.143212	0.4177261	6.032873
53856	-2402.601	-2588.403	185.8023	1.174037	0.3585652	6.300258
53862	-2399.194	-2584.354	185.1607	1.330907	0.3585652	6.563045
53868	-2395.625	-2579.991	184.366	1.144932	0.5260462	6.928837
53874	-2399.386	-2582.656	183.2696	1.144932	0.4644275	7.572793
53880	-2399.757	-2582.429	182.6722	1.080821	0.4895499	7.90347
53886	-2401.591	-2584.539	182.9484	1.23459	0.2758786	7.90347
53892	-2395.426	-2579.049	183.6229	1.24465	0.2758786	7.537496
53898	-2388.075	-2571.701	183.6257	1.205121	0.299967	7.526267
53904	-2403.379	-2586.899	183.52	1.122518	0.3881182	7.526267
53910	-2399.381	-2582.806	183.4255	1.055452	0.4763073	7.526267
53916	-2405.087	-2590.829	185.7424	1.320464	0.4269902	6.180572
53922	-2413.75	-2599.536	185.7851	1.288433	0.4043508	6.197891
53928	-2395.949	-2581.616	185.6668	1.413759	0.4007238	6.197891
53934	-2400.577	-2586.244	185.6668	1.413759	0.4007238	6.197891
53940	-2406.091	-2588.837	182.7459	1.413759	0.4007238	7.771459
53946	-2409.666	-2595.581	185.9149	1.254471	0.4007238	6.149567
53952	-2411.165	-2596.975	185.8103	1.32879	0.4166568	6.149567
53958	-2395.806	-2582.151	186.3448	1.38999	0.4042177	5.837464
53964	-2400.371	-2584.643	184.2726	1.327938	0.4042177	6.994998
53970	-2402.009	-2588.359	186.3504	1.464662	0.4042177	5.793545
53976	-2398.255	-2583.8	185.5458	1.363651	0.4042177	6.287229
53982	-2392.68	-2576.944	184.2634	1.232544	0.3813703	7.075326
53988	-2395.736	-2579.164	183.4281	1.217172	0.4709287	7.443181
53994	-2391.04	-2575.165	184.1243	1.075807	0.4709287	7.145302
54000	-2406.468	-2590.458	183.9899	1.210271	0.4709287	7.145302
54006	-2407.382	-2589.878	182.4956	1.168078	0.4459745	7.991403
54012	-2415.364	-2599.805	184.4408	1.271836	0.557662	6.793436
54018	-2402.513	-2585.336	182.8234	1.32068	0.6943517	7.532705
54024	-2405.193	-2592.159	186.9659	1.454406	0.5777377	5.300319
54030	-2399.03	-2584.199	185.1695	1.317359	0.5777377	6.357989
54036	-2401.095	-2588.149	187.0543	1.30739	0.5777377	5.332629
54042	-2395.814	-2582.776	186.9617	1.400045	0.5777377	5.332629
54048	-2395.584	-2581.219	185.6352	1.310486	0.4769182	6.196126
54054	-2406.988	-2591.426	184.4376	1.444415	1.128521	6.342294
54060	-2394.974	-2578.328	183.3538	1.444415	0.4161143	7.41399
54066	-2403.154	-2588.466	185.3115	1.171338	0.427884	6.49454
54072	-2404.995	-2589.531	184.5364	1.46863	0.7470419	6.49454
54078	-2405.069	-2589.488	184.4189	1.342187	0.9634643	6.49454
54084	-2402.229	-2586.313	184.0839	1.146394	0.4675054	7.132282
54090	-2399.684	-2586.397	186.7122	1.572926	0.2979542	5.658908
54096	-2407.418	-2594.046	186.6279	1.86612	0.2168763	5.658908
54102	-2394.728	-2578.068	183.3401	1.134846	0.5751693	7.444796
54108	-2406.041	-2587.33	181.2897	1.019218	0.4432187	8.714582
54114	-2407.852	-2589.294	181.4415	0.8673526	0.4432187	8.714582
54120	-2392.777	-2573.496	180.719	0.9476459	0.4432187	9.054847
54126	-2406.824	-2587.532	180.7076	1.070565	0.3840932	9.054847
54132	-2410.835	-2596.008	185.1733	1.346327	0.379427	6.5249
54138	-2419.864	-2604.66	184.7962	1.196835	0.4334954	6.75388
54144	-2406.289	-2594.368	188.0788	1.406314	0.5738021	4.712036
54150	-2418.225	-2606.365	188.1401	1.292459	0.4844262	4.820799
54156	-2411.536	-2598.898	187.3617	1.336258	0.4361833	5.275444
54162	-2398.788	-2585.091	186.3036	1.29051	0.6321749	5.71141
54168	-2397.497	-2582.769	185.2723	1.237947	0.8013115	6.184689
54174	-2401.046	-2586.063	185.0172	1.19044	0.3685566	6.705511
54180	-2392.952	-2575.638	182.6858	0.9397691	0.4133306	8.043701
54186	-2400.018	-2581.384	181.3657	1.028115	0.3212466	8.798619
54192	-2397.249	-2581.299	184.0501	0.9946908	0.3038445	7.40681
54198	-2398.169	-2577.353	179.1846	0.9946908	0.7105033	9.627336
54204	-2387.419	-2570.472	183.0527	0.9330866	0.4124744	7.852359
54210	-2399.045	-2578.687	179.6418	0.9286152	0.4124744	9.663821
54216	-2406.9	-2588.422	181.5218	1.236608	0.5808636	8.356557
54222	-2391.94	-2579.538	187.5981	1.375341	0.3834575	5.17844
54228	-2387.927	-2575.3	187.3726	1.349686	0.5249435	5.17844
54234	-2390.536	-2578.051	187.5146	1.349686	0.4412223	5.17844
54240	-2385.539	-2572.82	187.2804	1.506089	0.4858264	5.17844
54246	-2375.822	-2564.144	188.3223	1.52321	0.5827374	4.502412
54252	-2388.264	-2576.813	188.5487	1.477537	0.5827374	4.400596
54258	-2396.764	-2585.118	188.3535	1.630238	0.5827374	4.424545
54264	-2395.377	-2584.549	189.1722	1.630238	0.6820612	3.879942
54270	-2397.083	-2585.427	188.344	1.406818	0.5751393	4.561986
54276	-2384.166	-2572.314	188.1473	1.371794	0.5751393	4.691893
54282	-2403.442	-2589.373	185.9314	1.371794	0.5751393	5.915732
54288	-2404.654	-2590.725	186.0707	1.361683	0.7062092	5.745446
54294	-2380.324	-2567.371	187.0472	1.373695	0.5164845	5.352465
54300	-2393.457	-2580.922	187.4648	1.581449	0.5164845	5.006378
54306	-2391.806	-2580.211	188.405	1.541284	0.560622	4.464419
54312	-2400.755	-2589.183	188.4282	1.481922	0.584706	4.464419
54318	-2398.585	-2586.584	187.9987	1.466489	0.5791696	4.718658
54324	-2411.236	-2598.043	186.8074	1.537444	0.9140236	5.108559
54330	-2421.124	-2607.783	186.6586	1.686219	0.9140236	5.108559
54336	-2421.149	-2610.149	189	1.53856	0.4914923	4.191983
54342	-2427.877	-2617.46	189.5829	1.603633	0.6117401	3.71455
54348	-2401.882	-2591.734	189.8526	1.569408	0.4625661	3.71455
54354	-2402.039	-2592.657	190.6183	1.569408	0.4514842	3.279086
54360	-2412.29	-2603.696	191.4058	1.814888	0.4514842	2.657523
54366	-2390.232	-2580.423	190.1914	1.666688	0.4514842	3.472535
54372	-2391.304	-2581.471	190.1666	1.666688	0.3833821	3.561405
54378	-2397.059	-2586.597	189.5378	1.666688	0.4967175	3.806427
54384	-2385.54	-2572.969	187.4288	1.456181	0.4967175	5.113794
54390	-2413.64	-2601.077	187.4364	1.401954	0.5561096	5.087135
54396	-2400.266	-2586.465	186.1987	1.229228	0.4061744	6.003001
54402	-2407.239	-2592.92	185.6808	1.149926	0.4385697	6.295287
54408	-2405.241	-2587.74	182.4986	1.149926	0.3288613	8.122918
54414	-2408.007	-2590.39	182.3823	1.131427	0.394136	8.122918
54420	-2409.713	-2596.958	187.2457	1.419205	0.4428971	5.28702
54426	-2394.875	-2578.644	183.7684	1.419205	0.7032417	6.966081
54432	-2406.158	-2590.374	184.2161	1.346021	0.4254679	6.99418
54438	-2403.408	-2587.722	184.3135	1.072574	0.528268	6.99418
54444	-2400.487	-2584.505	184.0177	1.135624	0.3647926	7.277458
54450	-2401.204	-2588.122	186.9184	1.539246	0.2886997	5.576202
54456	-2402.626	-2589.13	186.5038	1.353709	0.4164819	5.757572
54462	-2406.878	-2592.341	185.4626	1.282554	0.3974009	6.383552
54468	-2390.667	-2575.838	185.1714	1.190423	0.3974009	6.591182
54474	-2399.661	-2584.692	185.0312	1.190423	0.4744523	6.591182
54480	-2394.861	-2579.421	184.5602	1.272674	0.3960533	6.878285
54486	-2398.672	-2582.989	184.3174	1.354469	0.4851273	6.878285
54492	-2397.414	-2585.828	188.4142	1.370765	0.5354401	4.577064
54498	-2392.685	-2578.912	186.2261	1.370765	0.4879141	5.830814
54504	-2408.058	-2591.58	183.522	1.196072	0.4879141	7.388627
54510	-2409.448	-2592.212	182.7637	1.101726	0.4866972	7.84603
54516	-2404.767	-2590.425	185.6586	1.357067	0.4866972	6.149033
54522	-2397.125	-2583.527	186.4017	1.409464	0.4075794	5.79216
54528	-2393.292	-2579.694	186.4017	1.409464	0.4075794	5.79216
54534	-2377.001	-2562.659	185.6586	1.409464	0.5216829	6.089185
54540	-2388.967	-2574.34	185.3731	1.323163	0.3948534	6.412733
54546	-2385.528	-2570.199	184.6713	1.378445	0.5344117	6.630821
54552	-2400.015	-2585.255	185.2403	1.252554	0.5891729	6.345554
54558	-2393.895	-2579.191	185.2959	1.268973	0.3977099	6.480931
54564	-2397.088	-2580.619	183.5312	1.329144	0.3196161	7.486425
54570	-2416.336	-2602.006	185.6702	1.284187	0.596613	6.08867
54576	-2410.144	-2594.214	184.0695	1.140614	0.596613	7.032896
54582	-2400.342	-2584.088	183.7455	1.132397	0.596613	7.211507
54588	-2387.828	-2571.427	183.5985	1.21492	0.5607367	7.274912
54594	-2390.075	-2577.064	186.989	1.163509	0.5607367	5.462082
54600	-2388.075	-2574.777	186.7023	1.205039	0.4817726	5.666469
54606	-2389.95	-2575.887	185.9369	1.121587	0.4616201	6.149116
54612	-2395.333	-2581.132	185.7989	1.441195	0.5821642	5.944437
54618	-2402.939	-2589.27	186.3306	1.288306	0.5821642	5.737346
54624	-2415.372	-2604.688	189.3169	1.702174	0.249677	4.202899
54630	-2407.707	-2596.587	188.88	2.445757	0.464885	3.767725
54636	-2394.68	-2585.088	190.4073	2.200835	0.1651119	3.431258
54642	-2396.643	-2587.012	190.3689	2.067561	0.217673	3.437259
54648	-2404.252	-2594.201	189.9489	1.932021	0.5378003	3.374852
54654	-2396.219	-2579.805	183.5864	1.232401	0.4221102	7.396975
54660	-2405.104	-2588.691	183.5864	1.232401	0.4221102	7.396975
54666	-2398.27	-2581.29	183.0202	1.232401	0.4256784	7.696614
54672	-2389.93	-2576.223	186.2926	1.486327	0.4624634	5.755077
54678	-2383.621	-2571.267	187.6459	1.377188	0.5042311	5.030351
54684	-2388.777	-2575.18	186.4037	1.351671	0.3166373	5.925344
54690	-2381.837	-2572.199	190.3629	1.631097	0.6927358	3.177187
54696	-2384.737	-2575.207	190.4703	1.677202	0.5826258	3.177187
54702	-2394.34	-2575.955	181.6155	1.140748	0.5417015	8.389445
54708	-2391.49	-2575.679	184.1885	1.140748	0.4324958	7.112541
54714	-2378.098	-2562.401	184.3026	1.026704	0.4324958	7.112541
54720	-2388.733	-2572.239	183.5059	1.085359	0.419299	7.521691
54726	-2400.306	-2580.793	180.4868	1.163336	0.4147797	9.091283
54732	-2398.495	-2586.465	187.9706	1.395161	0.5282137	4.81804
54738	-2390.58	-2576.928	186.3489	1.395161	0.4128192	5.823446
54744	-2381.235	-2567.395	186.1604	1.271164	0.6025875	5.823446
54750	-2384.779	-2571.42	186.6412	1.271164	0.6025875	5.559887
54756	-2381.441	-2567.796	186.3548	1.290929	0.4990166	5.79395
54762	-2378.101	-2565.442	187.3409	1.290929	0.483524	5.266136
54768	-2390.055	-2575.815	185.7607	1.290929	0.5059762	6.111994
54774	-2391.588	-2577.401	185.8127	1.238911	0.5059762	6.111994
54780	-2394.566	-2578.86	184.2939	1.258801	0.5059762	6.923848
54786	-2397.677	-2584.676	186.9997	1.258801	0.5059762	5.4514
54792	-2396.399	-2581.339	184.9394	1.251325	0.5059762	6.579318
54798	-2398.597	-2582.965	184.3683	1.475894	0.7504609	6.579318
54804	-2395.865	-2583.084	187.2193	1.578513	0.7504609	4.961381
54810	-2379.104	-2565.52	186.4158	1.263975	0.6407166	5.657895
54816	-2377.575	-2564.001	186.4266	1.263975	0.6330116	5.657895
54822	-2369.944	-2554.379	184.4353	1.245459	0.4526364	6.903782
54828	-2391.321	-2577.162	185.8408	1.189763	0.4526364	6.172943
54834	-2377.713	-2561.963	184.2504	1.174185	0.4526364	7.041773
54840	-2380.395	-2564.385	183.9907	1.190686	0.6050513	7.041773
54846	-2388.857	-2573.06	184.2031	1.135209	0.5031521	7.041773
54852	-2391.481	-2575.609	184.1278	0.9196562	0.4257597	7.27062
54858	-2394.04	-2578.824	184.7841	1.037914	0.4257597	6.853847
54864	-2384.428	-2568.588	184.16	1.132231	0.5454665	7.030139
54870	-2395.022	-2579.454	184.4322	1.132231	0.389209	7.030139
54876	-2402.572	-2587.668	185.0964	1.205784	0.389209	6.632083
54882	-2394.199	-2578.934	184.7349	1.205784	0.6051102	6.632083
54888	-2403.157	-2588.09	184.9325	1.092825	0.5485483	6.632083
54894	-2392.785	-2578.722	185.937	1.092825	0.4228563	6.202731
54900	-2394.941	-2580.424	185.4833	1.372785	0.5297475	6.197552
54906	-2394.045	-2582.69	188.6442	1.372785	0.4559895	4.521027
54912	-2391.812	-2579.43	187.6176	1.310008	0.4050011	5.180582
54918	-2384.763	-2570.891	186.1274	1.13549	0.4050011	6.094166
54906	-2382.717	-2568.286	185.5688	1.215639	0.5762484	6.197552
54912	-2389.732	-2574.544	184.8113	1.182272	0.5762484	6.626408
54918	-2402.215	-2587.1	184.8852	1.216985	0.5068532	6.626408
54924	-2400.46	-2585.239	184.7784	1.323829	0.5068532	6.626408
54930	-2385.833	-2573.346	187.5137	1.486035	0.6020008	4.959522
54936	-2397.234	-2587.18	189.9468	1.495388	0.6020008	3.574574
54942	-2381.749	-2567.081	185.3319	1.302731	0.4948075	6.348728
54948	-2384.176	-2568.502	184.3254	1.302731	0.6384037	6.775487
54954	-2392.39	-2578.883	186.4929	1.302146	0.4061936	5.80241
54960	-2384.424	-2570.593	186.1692	1.222629	0.6582743	5.80241
54966	-2390.501	-2574.325	183.8243	1.322017	0.7561489	6.95233
54972	-2396.537	-2580.393	183.8566	1.289684	0.7561489	6.95233
54978	-2398.566	-2582.864	184.2983	1.289684	0.481799	6.92654
54984	-2384.732	-2570.435	185.7027	1.289684	0.5668972	6.091995
54990	-2398.741	-2583.927	185.1864	1.250605	0.6602807	6.321306
54996	-2403.636	-2588.852	185.2166	1.516018	0.6569696	6.163094
55002	-2397.716	-2583.408	185.6923	1.530477	0.3614191	6.163094
55008	-2406.224	-2595.697	189.4732	1.494736	0.3614191	4.084852
55014	-2398.377	-2584.777	186.4002	1.483804	0.6998896	5.502095
55020	-2389.248	-2577.134	187.8854	1.483804	0.6597386	4.708286
55026	-2403.891	-2591.879	187.9884	1.563189	0.5349496	4.708286
55032	-2387.405	-2570.002	182.5969	1.232797	0.609488	7.763162
55038	-2393.994	-2577.315	183.3209	1.0202	0.4746303	7.602649
55044	-2397.124	-2579.544	182.4206	1.030358	0.5962617	7.975593
55050	-2393.527	-2575.948	182.4203	0.9613996	0.6450846	7.975593
55056	-2393.291	-2574.972	181.6809	1.13459	0.5352367	8.363371
55062	-2399.161	-2584.8	185.6389	1.335936	0.603533	6.072016
55068	-2393.717	-2578.887	185.1705	1.392969	0.5515716	6.337962
55074	-2393.702	-2578.99	185.2875	1.40119	0.368828	6.444909
55080	-2384.078	-2571.74	187.6621	1.400259	0.368828	5.145494
55086	-2393.145	-2579.774	186.6292	1.36721	0.4279709	5.669786
55092	-2391.593	-2576.604	185.0117	1.36721	0.3875004	6.592414
55098	-2394.671	-2579.586	184.9157	1.343988	0.3875004	6.656912
55104	-2410.559	-2593.171	182.6124	1.266079	0.9009685	7.543637
55110	-2395.466	-2579.945	184.4785	1.418904	0.5200298	6.725515
55116	-2401.496	-2589.587	188.0918	1.496134	0.5200298	4.701238
55122	-2404.554	-2590.673	186.1184	1.520985	0.284185	6.029863
55128	-2409.64	-2595.426	185.7869	1.466613	0.4732353	6.031944
55134	-2411.986	-2601.565	189.5788	1.911238	0.320161	3.836768
55140	-2420.039	-2607.44	187.4011	1.583554	0.6446136	4.934353
55146	-2406.754	-2594.949	188.1946	1.583554	0.5905974	4.533744
55152	-2396.411	-2584.35	187.9393	1.503636	0.5905974	4.721656
55158	-2393.158	-2579.783	186.6251	1.332227	0.5905974	5.544802
55164	-2381.966	-2569.007	187.0411	1.320973	0.4280911	5.468779
55170	-2406.25	-2593.242	186.9924	1.290871	0.5062818	5.437451
55176	-2418.048	-2601.401	183.3536	1.314828	0.3006429	7.612398
55182	-2398.522	-2582.758	184.2356	1.323597	0.4186403	7.002607
55188	-2388.73	-2573.222	184.4912	1.252213	0.3888006	6.934158
55194	-2414.325	-2597.965	183.6401	1.378209	0.3815079	7.331784
55200	-2401.344	-2585.702	184.3574	1.245158	0.4650894	6.934158
55206	-2389.157	-2574.636	185.4787	1.222417	0.4284681	6.375649
55212	-2390.708	-2579.385	188.6767	1.815925	0.2804954	4.456523
55218	-2403.958	-2593.268	189.3093	1.753637	0.2804954	4.133824
55224	-2412.991	-2595.774	182.783	1.479721	0.3267776	7.797656
55230	-2411.541	-2601.195	189.6541	1.830725	0.2651335	3.914621
55236	-2408.277	-2598.935	190.658	2.213065	0.2651335	3.10578
55242	-2410.551	-2599.831	189.28	1.880722	0.2651335	4.099787
55248	-2399.716	-2586.151	186.4353	1.742826	0.2383379	5.79937
55254	-2406.84	-2593.486	186.6457	1.573927	0.2232247	5.79937
55260	-2405.538	-2588.813	183.2753	1.202233	0.5667178	7.450214
55266	-2400.656	-2584.109	183.4523	1.202233	0.5941755	7.333357
55272	-2397.498	-2580.727	183.2289	1.24837	0.3067513	7.707094
55278	-2415.614	-2596.905	181.2916	1.138395	0.3409241	8.756632
55284	-2394.971	-2576.29	181.3198	0.9348834	0.4294226	8.756632
55290	-2397.522	-2579.781	182.2584	1.03135	0.4459516	8.190701
55296	-2389.35	-2572.002	182.6518	1.069194	0.4459516	7.960836
55302	-2391.587	-2575.221	183.6333	1.165486	0.4459516	7.38435
55308	-2384.213	-2572.333	188.12	1.40241	0.3461965	4.916172
55314	-2382.953	-2571.09	188.1369	1.543908	0.3461965	4.827936
55320	-2401.661	-2590.337	188.6759	1.456319	0.5663459	4.354631
55326	-2393.427	-2579.371	185.9441	1.49946	0.6223889	5.801352
55332	-2383.745	-2572.443	188.6979	1.55805	0.370573	4.477377
55338	-2391.926	-2579.528	187.6015	1.55805	0.3495448	5.113743
55344	-2400.447	-2584.992	184.5451	1.686547	0.3858486	6.673825
55350	-2408.641	-2597.787	189.1463	1.974027	0.3858486	3.969751
55356	-2411.554	-2599.719	188.1653	2.127863	2.109166	3.491741
55362	-2399.864	-2590.283	190.4186	1.891197	0.33326	3.343647
55368	-2389.518	-2580.308	190.7895	1.812452	0.388775	3.102815
55374	-2386.374	-2576.958	190.5838	1.812452	0.5368756	3.07071
55380	-2390.882	-2580.87	189.9883	1.812452	0.403383	3.557679
55386	-2395.787	-2584.103	188.3158	1.626555	0.7357174	4.330301
55392	-2396.798	-2587.544	190.7462	1.899683	1.01537	2.560587
55398	-2391.831	-2582.766	190.9349	1.899683	0.8374789	2.560587
55404	-2399.257	-2585.803	186.5457	1.511406	0.7423203	5.377046
55410	-2390.167	-2576.94	186.7734	1.494729	0.5865159	5.377046
55416	-2398.179	-2585.763	187.5836	1.388457	0.5865159	4.98749
55422	-2397.279	-2575.807	178.5287	0.9360602	0.4299712	10.22879
55428	-2394.356	-2578.724	184.3676	1.088715	0.4299712	7.046702
55434	-2381.953	-2571.663	189.7099	1.65482	0.4299712	3.781217
55440	-2391.407	-2579.793	188.3856	1.676629	0.4299712	4.52193
55446	-2397.936	-2583.725	185.7893	1.647273	0.4810943	5.92471
55452	-2392.22	-2578.038	185.8186	1.541535	0.6656429	5.814285
55458	-2400.949	-2586.399	185.4501	1.365247	0.5265785	6.222464
55464	-2387.593	-2573.472	185.879	1.321864	0.4842369	6.050406
55470	-2387.532	-2573.968	186.4358	1.359663	0.4842369	5.725528
55476	-2389.8	-2571.716	181.9157	1.071159	0.3672789	8.431773
55482	-2402.437	-2585.237	182.7994	1.123784	0.3788617	7.920648
55488	-2396.622	-2582.707	186.0852	1.123784	0.4888408	6.041788
55494	-2384.377	-2569	184.6234	1.188473	0.4888408	6.799384
55500	-2390.459	-2575.229	184.77	1.108588	0.4888408	6.763373
55506	-2399.051	-2583.436	184.3852	1.295665	0.4491119	6.907096
55512	-2393.269	-2577.8	184.5318	1.149122	0.4491119	6.907096
55518	-2400.03	-2585.145	185.115	1.149122	0.4491119	6.592135
55524	-2400.722	-2585.788	185.0665	1.197634	0.4491119	6.592135
55530	-2400.633	-2584.732	184.0986	1.284981	0.4491119	7.067211
55536	-2407.392	-2595.046	187.6535	1.451206	0.4491119	5.037331
55542	-2400.806	-2588.999	188.1926	1.486649	0.3008815	4.884881
55548	-2393.624	-2578.764	185.1404	1.405092	0.565574	6.336114
55554	-2396.264	-2581.915	185.6515	1.405092	0.2925068	6.336114
55560	-2404.901	-2592.12	187.2183	1.405092	0.2925068	5.480139
55566	-2397.29	-2578.285	180.995	1.267701	0.4078797	8.773744
55572	-2407.859	-2591.676	183.8173	1.220291	0.4594617	7.24338
55578	-2419.597	-2603.918	184.321	1.594198	0.4594617	6.770842
55584	-2417.373	-2603.59	186.2172	1.269773	0.4012676	5.975883
55590	-2394.884	-2581.101	186.2172	1.269773	0.4012676	5.975883
55596	-2403.374	-2590.518	187.1444	1.616921	0.3263097	5.361619
55602	-2403.056	-2591.364	188.3076	1.665665	0.2349983	4.813134
55608	-2393.813	-2580.53	186.7168	1.424721	0.421287	5.596944
55614	-2378.988	-2565.873	186.8853	1.3698	0.3631748	5.596944
55620	-2384.519	-2570.4	185.8816	1.331113	0.3631748	6.166579
55626	-2383.2	-2568.813	185.6131	1.331113	0.4536411	6.218948
55632	-2385.986	-2568.974	182.9881	1.110443	0.4536411	7.751956
55638	-2386.022	-2570.165	184.1432	1.110443	0.4536411	7.132793
55644	-2388.263	-2572.542	184.2783	1.110443	0.3815394	7.132793
55650	-2394.559	-2578.603	184.0433	1.345465	0.3815394	7.132793
55656	-2394.634	-2581.12	186.4857	1.293603	0.3815394	5.83731
55662	-2393.61	-2579.211	185.6009	1.226818	0.3815394	6.355637
55668	-2400.039	-2582.302	182.263	1.293484	0.5556322	7.951744
55674	-2399.396	-2586.43	187.0333	1.525515	0.5556322	5.242261
55680	-2408.062	-2591.574	183.5126	1.230402	0.3960012	7.464171
55686	-2403.843	-2587.276	183.433	1.206284	0.4519596	7.464171
55692	-2396.815	-2580.677	183.8621	1.206284	0.4519596	7.233906
55698	-2388.168	-2576.822	188.6545	1.531809	0.4396545	4.442165
55704	-2387.151	-2572.301	185.1499	1.344574	0.4206246	6.4955
55710	-2395.495	-2579.79	184.2953	1.438569	0.3578388	6.972972
55716	-2410.083	-2591.522	181.439	1.170821	0.3862008	8.611844
55722	-2412.135	-2593.301	181.1654	1.155666	0.5523533	8.611844
55728	-2392.081	-2577.528	185.4471	1.201475	0.4024644	6.430631
55734	-2405.243	-2586.226	180.983	0.9327369	0.4024644	8.963059
55740	-2406.303	-2587.068	180.765	1.011781	0.4794083	8.963059
55746	-2403.892	-2585.845	181.9529	1.213698	0.4794083	8.225168
55752	-2388.12	-2570.202	182.082	1.084629	0.4794083	8.225168
55758	-2390.691	-2574.636	183.9448	1.084629	0.3269891	7.387058
55764	-2390.798	-2573.431	182.6335	1.18466	0.4231939	7.931119
55770	-2397.378	-2580.655	183.2775	1.091105	0.5940265	7.486809
55776	-2395.587	-2579.176	183.5887	1.083734	0.5940265	7.323865
55782	-2382.449	-2568.936	186.4873	1.31883	0.4051747	5.797428
55788	-2386.215	-2573.522	187.3069	1.31883	0.5249378	5.231866
55794	-2380.927	-2568.122	187.1952	1.430508	0.5249378	5.231866
55800	-2391.229	-2578.02	186.791	1.663904	0.2810986	5.587767
55806	-2389.587	-2578.967	189.3793	1.424949	0.3129848	4.237359
55812	-2395.963	-2582.917	186.9544	1.424949	0.6578734	5.259833
55818	-2392.875	-2582.198	189.3237	1.526618	0.6866198	3.848952
55824	-2404.007	-2586.955	182.9485	1.21699	0.3388773	7.835514
55830	-2392.831	-2581.056	188.225	1.573092	0.3632145	4.742599
55836	-2385.469	-2571.4	185.9309	1.169202	0.4295514	6.157745
55842	-2384.806	-2569.989	185.1827	1.111414	0.4049004	6.62003
55848	-2387.412	-2571.584	184.1724	1.111414	0.3929846	7.177082
55854	-2393.152	-2575.35	182.1982	1.129809	0.3377847	8.283246
55860	-2401.244	-2583.406	182.1621	1.165855	0.3377847	8.283246
55866	-2390.262	-2571.958	181.6963	1.282919	0.368988	8.433981
55872	-2394.262	-2575.781	181.5191	1.031356	0.6238263	8.433981
55878	-2390.477	-2572.769	182.2915	1.133805	0.3916286	8.172629
55884	-2378.522	-2561.306	182.784	1.133805	0.3944177	7.90715
55890	-2388.972	-2573.107	184.1344	1.133805	0.4693489	7.110151
55896	-2387.976	-2572.073	184.0971	1.1711	0.4693489	7.110151
55902	-2403.575	-2591.008	187.4332	1.490215	0.4276356	5.159438
55908	-2390.98	-2578.55	187.5707	1.352658	0.4276356	5.159438
55914	-2406.066	-2592.701	186.6342	1.158134	0.267143	5.969301
55920	-2395.006	-2581.445	186.439	1.229446	0.3194865	5.969301
55926	-2393.215	-2578.969	185.7537	1.285219	0.3010151	6.334839
55932	-2407.672	-2594.931	187.2588	1.540032	0.3010151	5.372527
55938	-2394.94	-2583.343	188.4029	1.59686	0.2568867	4.766034
55944	-2385.61	-2571.6	185.99	1.420313	0.350736	6.073084
55950	-2388.76	-2574.321	185.5605	1.47456	0.3714416	6.254043
55956	-2388.224	-2571.574	183.3494	1.221121	0.3714416	7.582616
55962	-2378.881	-2562.44	183.5594	1.01112	0.3714416	7.582616
55968	-2387.58	-2570.943	183.3636	1.206958	0.3714416	7.582616
55974	-2400.368	-2583.846	183.4778	1.092715	0.3714416	7.582616
55980	-2378.972	-2562.446	183.4741	1.096427	0.3714416	7.582616
55986	-2381.959	-2566.208	184.249	1.096427	0.3714416	7.166986
55992	-2394.75	-2578.957	184.2073	1.138075	0.3714416	7.166986
55998	-2394.61	-2580.541	185.9313	1.421856	0.3619946	6.091477
56004	-2392.826	-2578.699	185.8727	1.377872	0.3619946	6.147336
56010	-2391.908	-2577.752	185.8436	1.354618	0.3880073	6.147336
56016	-2404.489	-2586.741	182.2524	1.301282	0.4008688	8.094662
56022	-2385.166	-2567.73	182.5642	1.033368	0.3784894	8.094662
56028	-2386.221	-2573.032	186.8112	1.279108	0.3784894	5.670326
56034	-2380.702	-2567.136	186.434	1.279108	0.3691731	5.887083
56040	-2390.587	-2575.448	184.8608	1.351613	0.5727198	6.510844
56046	-2378.522	-2561.597	183.0755	1.225802	0.5608174	7.549406
56052	-2387.003	-2570.171	183.1677	1.133629	0.5608174	7.549406
56058	-2408.672	-2588.891	180.2195	1.170289	0.5608174	9.09848
56064	-2406.748	-2594.066	187.3172	1.294611	0.5723537	5.198902
56070	-2386.676	-2565.883	179.2069	1.006966	0.5723537	9.710268
56076	-2387.118	-2566.4	179.2817	0.9321975	0.5723537	9.710268
56082	-2383.32	-2562.723	179.4028	0.9321975	0.495708	9.710268
56088	-2376.569	-2561.242	184.6732	1.171715	0.3632321	6.907163
56094	-2383.289	-2570.228	186.9384	1.330054	0.3632321	5.589565
56100	-2381.876	-2569.13	187.2542	1.535798	0.493752	5.169136
56106	-2387.258	-2574.269	187.0112	1.450728	0.5161902	5.330123
56112	-2387.191	-2574.931	187.7403	1.494608	0.4118356	5.002987
56118	-2382.88	-2570.259	187.3797	1.607411	0.5579819	5.002987
56124	-2387.214	-2574.753	187.5386	1.433431	0.5418933	5.02519
56130	-2401.788	-2591.561	189.7732	1.624287	0.444058	3.747609
56136	-2399.152	-2588.429	189.277	1.714098	0.7137381	3.747609
56142	-2393.796	-2577.093	183.2966	1.624132	0.4581119	7.307353
56148	-2389.577	-2575.46	185.8834	1.288764	0.2957309	6.269199
56154	-2376.022	-2561.893	185.8707	1.301497	0.2957309	6.269199
56160	-2380.523	-2564.077	183.5546	1.334067	0.2957309	7.500628
56166	-2385.548	-2568.483	182.9357	1.140376	0.4092762	7.807367
56172	-2395.712	-2577.47	181.758	1.382013	0.4250502	8.290631
56178	-2402	-2588.58	186.5807	1.507856	0.3488351	5.704715
56184	-2410.965	-2597.364	186.3993	1.410461	0.4983699	5.704715
56190	-2414.684	-2598.092	183.4077	1.340271	0.7164095	7.19349
56196	-2396.172	-2579.318	183.146	1.021682	0.3946762	7.773398
56202	-2390.531	-2574.799	184.2683	1.09961	0.3910684	7.133896
56208	-2395.351	-2581.529	186.1777	1.472662	0.3446866	5.949153
56214	-2389.684	-2575.75	186.0666	1.273624	0.5121891	5.949153
56220	-2382.773	-2569.543	186.7699	1.292671	0.4963653	5.567827
56226	-2387.063	-2575.102	188.0396	1.44503	0.4963653	4.780595
56232	-2384.186	-2571.096	186.91	1.560566	0.7711684	5.12893
56238	-2388.239	-2576.985	188.7466	1.565551	0.5685264	4.250999
56244	-2405.576	-2591.776	186.1997	1.545159	0.307265	5.94274
56250	-2394.863	-2582.146	187.2834	1.532642	0.5525817	5.102499
56256	-2394.86	-2581.816	186.9551	1.532642	0.5525817	5.284137
56262	-2386.365	-2576.122	189.7567	1.537376	0.4586374	3.792293
56268	-2394.732	-2580.254	185.5216	1.380965	0.4512069	6.243934
56274	-2379.019	-2565.25	186.2307	1.380965	0.4512069	5.857415
56280	-2389.404	-2573.379	183.9746	1.247775	0.4202912	7.182112
56286	-2389.038	-2574.548	185.5096	1.209216	0.4073487	6.387479
56292	-2388.937	-2574.761	185.8246	1.22937	0.4073487	6.205404
56298	-2394.03	-2579.788	185.7573	1.184268	0.4693861	6.205404
56304	-2410.01	-2598.845	188.8345	1.534554	0.7234832	4.096975
56310	-2385.293	-2568.664	183.3712	1.124305	0.4405755	7.552097
56316	-2389.121	-2571.664	182.5424	1.012505	0.4789974	8.018669
56322	-2398.459	-2583.757	185.2974	1.227842	0.5119577	6.392797
56328	-2399.269	-2583.61	184.341	1.293426	0.5355673	6.854106
56334	-2399.635	-2582.216	182.5814	1.202915	0.4784851	7.896765
56340	-2388.289	-2570.444	182.155	1.12303	0.4278303	8.214462
56346	-2389.816	-2572.086	182.2702	0.9684246	0.3748119	8.289761
56352	-2395.811	-2577.258	181.4468	1.005352	0.3748119	8.707562
56358	-2400.982	-2585.424	184.4423	1.386454	0.6134486	6.686119
56364	-2398.264	-2580.545	182.2809	1.148912	0.2165097	8.388332
56370	-2383.867	-2566.318	182.4507	1.083803	0.4277814	8.077866
56376	-2391.989	-2574.363	182.3743	1.160253	0.4277814	8.077866
56382	-2396.303	-2580.623	184.3205	1.156217	0.3196057	7.15566
56388	-2397.57	-2581.954	184.3838	1.250667	0.2539624	7.15566
56394	-2387.36	-2572.703	185.3432	1.103838	0.335522	6.613618
56400	-2388.774	-2574.357	185.5833	1.170541	0.335522	6.447503
56406	-2378.486	-2563.978	185.4916	1.228836	0.2951703	6.514946
56412	-2372.315	-2557.611	185.2964	1.209403	0.2951703	6.631075
56418	-2384.578	-2569.674	185.0952	1.231863	0.3776405	6.631075
56424	-2397.588	-2585.098	187.5097	1.399216	0.752187	4.898381
56430	-2398.057	-2585.113	187.0558	1.544008	1.034915	4.898381
56436	-2400.854	-2587.771	186.9166	1.544008	0.4091193	5.434067
56442	-2392.703	-2576.818	184.1148	1.322831	0.6736964	6.852261
56448	-2390.448	-2575.527	185.0788	1.201876	0.3960761	6.636464
56454	-2385.209	-2567.851	182.6426	1.201876	0.4300311	7.910354
56460	-2403.503	-2592.433	188.9305	2.071329	0.4671029	3.95162
56466	-2398.991	-2586.65	187.659	1.580669	0.4286591	4.982923
56472	-2392.072	-2578.663	186.59	1.580669	0.4142851	5.588105
56478	-2400.429	-2587.299	186.8698	1.580669	0.4498011	5.398445
56484	-2390.991	-2574.932	183.9414	1.493341	0.5240053	6.97165
56490	-2387.666	-2575.627	187.9608	1.73309	0.4423276	4.715828
56496	-2392.618	-2581.141	188.5228	1.397581	0.328211	4.715828
56502	-2396.16	-2582.927	186.7678	1.660575	0.3334155	5.536355
56508	-2408.672	-2596.445	187.7732	1.660575	0.304093	5.017252
56514	-2397.657	-2580.916	183.2585	1.459442	0.7320139	7.198975
56520	-2403.048	-2592.447	189.3986	1.691226	1.038485	3.480799
56526	-2400.063	-2589.749	189.686	1.691226	1.038485	3.312284
56532	-2402.25	-2592.191	189.941	1.739318	0.5070583	3.521007
56538	-2391.242	-2581.067	189.8244	1.656509	0.6395119	3.521007
56544	-2388.321	-2578.199	189.8782	1.602766	0.6395119	3.521007
56550	-2397.173	-2583.296	186.1224	1.602766	0.7115727	5.581092
56556	-2400.773	-2591.163	190.3906	1.667193	0.6988451	3.134552
56562	-2387.596	-2577.289	189.6935	1.713926	0.6988451	3.517336
56568	-2395.166	-2583.921	188.7546	1.643145	0.6848092	4.109145
56574	-2397.717	-2586.499	188.7821	1.643145	0.620164	4.143887
56580	-2388.902	-2577.323	188.4212	1.61828	0.3972557	4.569323
56586	-2404.71	-2588.422	183.7115	1.322772	0.6793663	7.065489
56592	-2412.601	-2596.955	184.3541	1.450754	0.5085948	6.78554
56598	-2400.886	-2586.618	185.7316	1.340445	0.3909328	6.212845
56604	-2407.333	-2592.672	185.3391	1.333423	0.4006729	6.419495
56610	-2411.161	-2597.913	186.7523	1.453223	0.3367608	5.654691
56616	-2410.686	-2599.908	189.2219	1.487705	0.3310875	4.268173
56622	-2395.575	-2583.355	187.7801	1.485956	0.4136389	4.983824
56628	-2392.388	-2580.39	188.0025	1.386208	0.3519154	4.983824
56634	-2398.877	-2586.83	187.9531	1.386208	0.3759911	4.983824
56640	-2388.202	-2575.572	187.3706	1.367613	0.5250112	5.169566
56646	-2383.648	-2571.209	187.5611	1.367613	0.4149366	5.169566
56652	-2400.258	-2589.386	189.1281	1.547819	0.5186397	4.088525
56658	-2403.739	-2592.608	188.8688	1.590068	0.5495283	4.184222
56664	-2405.084	-2592.957	187.8731	1.523102	0.5441148	4.787087
56670	-2388.023	-2578.33	190.3068	1.566302	0.5156131	3.400234
56676	-2390.514	-2579.742	189.2282	1.592524	0.492736	4.03022
56682	-2397.99	-2586.973	188.9829	1.544117	0.6917877	4.03022
56688	-2399.461	-2588.456	188.9948	1.532226	0.6917877	4.03022
56694	-2389.134	-2578.129	188.9948	1.532226	0.6917877	4.03022
56700	-2388.693	-2574.246	185.5532	1.340146	0.4170023	6.282823
56706	-2391.487	-2574.538	183.0506	1.232721	0.4170023	7.688809
56712	-2390.465	-2579.223	188.7577	1.767507	0.3085566	4.4009
56718	-2380.112	-2568.657	188.5447	1.439211	0.3085566	4.704914
56724	-2393.357	-2584.52	191.1639	1.782762	0.5057202	2.768778
56730	-2399.263	-2588.014	188.7515	1.628907	0.4332238	4.33921
56736	-2390.303	-2579.324	189.0206	1.413059	0.4047358	4.33921
56742	-2407.938	-2596.713	188.775	1.452428	0.5227971	4.33921
56748	-2400.506	-2589.464	188.9587	1.452428	0.4166213	4.33921
56754	-2396.857	-2586.372	189.5158	1.683008	0.9698243	3.45715
56760	-2392.071	-2583.228	191.1569	1.75679	0.6246509	2.678228
56766	-2385.105	-2575.189	190.0839	1.632265	0.6246509	3.395682
56772	-2389.49	-2579.209	189.7187	1.775766	0.8820607	3.338311
56778	-2387.987	-2578.146	190.1585	1.656617	0.8820607	3.14879
56784	-2395.595	-2586.135	190.54	1.673704	0.8820607	2.910062
56790	-2408.704	-2596.687	187.9827	1.666112	1.145751	4.251033
56796	-2399.924	-2591.094	191.1699	2.071515	0.9211248	2.245477
56802	-2386.106	-2577.728	191.6214	2.071515	0.9211248	1.948882
56808	-2387.767	-2579.478	191.7104	2.071515	0.9211248	1.88871
56814	-2384.069	-2575.199	191.1302	2.071515	0.9211248	2.270942
56820	-2386.014	-2577.264	191.2497	1.811998	0.6185733	2.592252
56826	-2386.614	-2577.916	191.3025	1.996814	0.6185733	2.44397
56832	-2391.872	-2583.599	191.7272	1.996814	0.6185733	2.172804
56838	-2398.08	-2589.192	191.1124	2.03529	1.040918	2.227502
56844	-2394.706	-2583.385	188.6794	1.691001	0.8361909	4.018816
56850	-2392.086	-2580.354	188.268	1.568582	0.5631363	4.523989
56856	-2393.418	-2581.566	188.1478	1.560397	0.5661142	4.593516
56862	-2396.398	-2584.546	188.1478	1.560397	0.5661142	4.593516
56868	-2382.308	-2570.466	188.1573	1.550924	0.5661142	4.593516
56874	-2378.897	-2566.97	188.0732	1.550924	0.5358763	4.666877
56880	-2372.697	-2560.391	187.6945	1.449243	0.7063559	4.799727
56886	-2370.981	-2559.201	188.2198	1.449243	0.744565	4.478178
56892	-2395.565	-2582.612	187.0473	1.277402	0.539813	5.385045
56898	-2391.532	-2577.601	186.0688	1.485683	0.6092128	5.750931
56904	-2393.467	-2579.639	186.1723	1.273356	0.6092128	5.810527
56910	-2390.674	-2576.739	186.0657	1.379906	0.6092128	5.810527
56916	-2395.196	-2583.223	188.0276	1.413571	0.6242625	4.695491
56922	-2411.117	-2599.182	188.0646	1.413571	0.5984719	4.695491
56928	-2408.09	-2595.558	187.4677	1.367186	0.4732161	5.163551
56934	-2411.169	-2595.366	184.1969	1.367186	0.4732161	6.947307
56940	-2396.3	-2580.497	184.1969	1.367186	0.4732161	6.947307
56946	-2388.921	-2575.47	186.5494	1.45335	0.4732161	5.622169
56952	-2392.756	-2578.93	186.1739	1.41801	0.36254	5.960661
56958	-2407.195	-2593.138	185.9428	1.483319	0.2634841	6.173858
56964	-2403.05	-2588.684	185.6341	1.284537	0.5223442	6.16995
56970	-2399.481	-2586.068	186.5873	1.302549	0.5223442	5.639367
56976	-2407.803	-2592.243	184.4402	1.299336	0.6118649	6.735555
56982	-2398.901	-2582.149	183.2482	1.19626	0.6203038	7.425833
56988	-2410.987	-2594.283	183.2958	1.19626	0.5874344	7.425833
56994	-2404.9	-2592.667	187.7669	1.441671	0.5826647	4.859063
57000	-2403.469	-2591.532	188.0625	1.441671	0.4062658	4.859063
57006	-2405.444	-2590.989	185.5455	1.340952	0.4062658	6.297583
57012	-2399.137	-2584.36	185.2239	1.391516	0.5662855	6.297583
57018	-2392.785	-2579.657	186.8725	1.396127	0.7060081	5.285737
57024	-2400.388	-2587.613	187.2247	1.526088	0.7060081	5.018749
57030	-2398.265	-2586.178	187.9133	1.542554	0.7060081	4.625415
57036	-2400.345	-2588.577	188.2322	1.307629	0.6432083	4.625415
57042	-2394.039	-2580.83	186.7909	1.315271	0.3579096	5.684608
57048	-2391.194	-2577.881	186.6877	1.299987	0.3956148	5.708053
57054	-2403.002	-2588.053	185.0514	1.253428	0.7196004	6.350693
57060	-2403.359	-2588.412	185.0528	1.295128	0.6864035	6.350693
57066	-2393.344	-2579.619	186.2741	1.295128	0.2872315	6.064118
57072	-2401.267	-2592.264	190.9975	1.784235	0.6100274	2.771838
57078	-2397.244	-2586.275	189.0306	1.633502	0.6463518	3.986828
57084	-2414.438	-2603.004	188.5658	1.656386	0.4366705	4.424997
57090	-2400.647	-2589.213	188.5658	1.656386	0.4366705	4.424997
57096	-2411.967	-2600.161	188.1946	1.656386	0.6765918	4.424997
57102	-2410.766	-2598.292	187.5264	1.470588	0.8502582	4.784748
57108	-2386.114	-2574.138	188.0238	1.411104	0.5222607	4.784748
57114	-2389.425	-2576.607	187.1818	1.411104	0.6247862	5.167114
57120	-2389.087	-2577.148	188.0614	1.464994	0.6247862	4.647371
57126	-2402.436	-2590.607	188.1709	1.548425	0.4984408	4.647371
57132	-2400.359	-2589.096	188.7374	1.496578	0.4434208	4.411453
57138	-2393.062	-2579.48	186.4185	1.368171	0.7871591	5.495824
57144	-2396.12	-2584.879	188.7587	1.579015	0.4187326	4.378481
57150	-2401.906	-2586.497	184.5912	1.096449	0.370077	6.984351
57156	-2390.814	-2575.292	184.4782	1.074798	0.3701914	7.056691
57162	-2378.584	-2564.396	185.8126	1.264443	0.3701914	6.232609
57168	-2394.602	-2580.074	185.4715	1.264443	0.3386686	6.453489
57174	-2394.016	-2578.724	184.7082	1.139477	0.5717229	6.708964
57180	-2389.769	-2574.706	184.9363	1.116759	0.4462878	6.708964
57186	-2394.779	-2581.854	187.0747	1.284804	0.4462878	5.452001
57192	-2395.634	-2578.683	183.0489	1.114731	0.3776263	7.793557
57198	-2406.844	-2589.856	183.0117	1.114731	0.3965204	7.793557
57204	-2398.897	-2581.895	182.9977	1.128716	0.3965204	7.793557
57210	-2398.714	-2579.85	181.1361	1.136892	0.5794549	8.615605
57216	-2403.291	-2584.712	181.4215	0.9072804	0.5428263	8.615605
57222	-2404.693	-2586.122	181.4293	1.064416	0.444162	8.615605
57228	-2402.479	-2586.635	184.1563	1.14231	0.4910253	7.073977
57234	-2400.796	-2587.02	186.2237	1.350347	0.4096615	5.919606
57240	-2404.737	-2591.839	187.1014	1.351987	0.4096615	5.437455
57246	-2391.073	-2576.99	185.9171	1.351987	0.4096615	6.085934
57252	-2400.532	-2579.978	179.4459	1.050824	0.3950148	9.720291
57258	-2416.166	-2597.608	181.4421	1.052646	0.4791127	8.582654
57264	-2403.649	-2588.952	185.3033	1.487941	0.5342738	6.228915
57270	-2406.602	-2592.97	186.368	1.245546	0.3085057	6.012836
57276	-2395.157	-2581.356	186.1995	1.182182	0.4211426	6.012836
57282	-2399.904	-2586.594	186.69	1.283865	0.5142247	5.600478
57288	-2393.499	-2579.341	185.8412	1.234417	0.611104	6.011141
57294	-2389.601	-2573.326	183.7244	1.138289	0.4954987	7.304232
57300	-2397.018	-2580.552	183.5339	1.221181	0.5631626	7.304232
57306	-2389.719	-2573.34	183.6211	1.134024	0.5631626	7.304232
57312	-2389.053	-2576.131	187.0785	1.336809	0.5631626	5.315198
57318	-2397.675	-2584.789	187.1146	1.336809	0.5814749	5.280031
57324	-2387.12	-2574.125	187.0048	1.417647	0.7203193	5.190574
57330	-2388.437	-2575.441	187.0048	1.417647	0.7203193	5.190574
57336	-2396.619	-2583.927	187.3078	1.422867	0.8352044	4.942704
57342	-2393.484	-2581.449	187.9646	1.422867	0.4470461	4.882157
57348	-2398.669	-2588.217	189.5475	1.588493	0.4746363	3.86725
57354	-2386.003	-2576.266	190.2629	1.567876	0.4746363	3.46493
57360	-2398.654	-2588.547	189.8934	1.552109	0.4746363	3.688882
57366	-2401.046	-2589.431	188.3851	1.474718	0.5243012	4.544935
57372	-2412.643	-2600.816	188.1728	1.468015	0.3353506	4.863195
57378	-2410.147	-2598.41	188.2632	1.37764	0.3353506	4.863195
57384	-2393.556	-2581.91	188.3539	1.458758	0.3119832	4.796267
57390	-2391.28	-2578.753	187.4729	1.312683	0.6573813	5.035261
57396	-2386.111	-2575.199	189.0881	1.501204	0.4725539	4.181414
57402	-2396.015	-2585.265	189.2501	1.507075	0.3816862	4.181414
57408	-2405.299	-2594.467	189.1681	1.422914	0.3816862	4.275641
57414	-2401.51	-2587.108	185.5978	1.732409	0.1505932	6.407269
57420	-2396.651	-2581.743	185.0926	1.692218	0.161788	6.681723
57426	-2401.85	-2586.624	184.7733	1.692218	0.1549123	6.866746
57432	-2418.376	-2601.707	183.3315	1.121896	0.3154509	7.709265
57438	-2393.508	-2573.571	180.0627	1.094408	0.4129786	9.353715
57444	-2399.499	-2579.288	179.789	1.115733	0.471702	9.431125
57450	-2395.266	-2581.546	186.2796	1.172367	0.5964054	5.817227
57456	-2388.381	-2575.008	186.6271	1.376506	0.2947333	5.817227
57462	-2398.836	-2585.199	186.3628	1.291598	0.2947333	6.007984
57468	-2397.945	-2583.203	185.2576	1.415261	0.6542578	6.19757
57474	-2395.419	-2582.922	187.5035	1.437401	0.5049222	5.075285
57480	-2408.717	-2595.719	187.0013	1.391167	0.4504502	5.429778
57402	-2427.78	-2610.445	182.6648	1.104127	0.397553	7.983318
57408	-2420.376	-2601.935	181.5586	1.093488	0.5818358	8.412303
57414	-2401.945	-2589.106	187.1615	1.362067	0.4174088	5.390769
57420	-2401.008	-2588.018	187.0096	1.513969	0.4174088	5.390769
57426	-2382.345	-2570.31	187.9651	1.509137	0.4671075	4.814114
57432	-2380.892	-2569.241	188.3484	1.528137	0.6908477	4.399989
57438	-2396.386	-2584.734	188.3484	1.528137	0.6908477	4.399989
57444	-2386.949	-2575.854	188.9049	1.639366	0.6908477	4.021063
57450	-2395.637	-2584.855	189.2182	1.639366	0.6908477	3.841617
57456	-2382.301	-2569.152	186.8516	1.580268	0.5584646	5.310009
57462	-2388.512	-2576.154	187.642	1.344546	0.5584646	5.0029
57468	-2403.04	-2590.773	187.7329	1.485645	0.4206584	5.0029
57474	-2385.081	-2574.465	189.3838	1.352691	0.3224123	4.263779
57480	-2390.92	-2576.792	185.8719	1.075609	0.3478848	6.328053
57486	-2376.132	-2562.429	186.2964	1.512695	0.6552367	5.575939
57492	-2389.462	-2575.946	186.4839	1.432405	0.5800293	5.575939
57498	-2397.139	-2582.843	185.7039	1.438057	0.5800293	5.999754
57504	-2388.494	-2572.956	184.4617	1.104672	0.4670056	6.951836
57510	-2385.793	-2570.254	184.4617	1.104672	0.4670056	6.951836
57516	-2403.048	-2587.443	184.3951	1.104672	0.506535	6.951836
57522	-2380.671	-2563.986	183.315	1.07251	0.506535	7.549178
57528	-2391.968	-2575.281	183.3133	1.018811	0.5411617	7.549178
57534	-2381.352	-2564.597	183.2455	1.086625	0.5411617	7.549178
57540	-2388.629	-2570.537	181.9076	0.9383966	0.4266738	8.445418
57546	-2387.228	-2568.727	181.4994	0.9564245	0.6771557	8.445418
57552	-2386.317	-2567.599	181.2811	1.104131	0.7316022	8.445418
57558	-2408.481	-2589.854	181.3733	1.176879	0.6089918	8.445418
57564	-2407.965	-2596.123	188.1575	1.427633	0.4966672	4.724129
57570	-2386.046	-2574.126	188.0802	1.341252	0.6022566	4.724129
57576	-2400.721	-2589.604	188.8832	1.446383	0.4055435	4.397125
57582	-2396.982	-2584.924	187.9427	1.304051	0.4760471	4.932256
57588	-2398.358	-2586.237	187.8787	1.271718	0.4768998	4.985025
57594	-2401.543	-2585.552	184.009	1.19865	0.4288735	7.18148
57600	-2403.604	-2587.543	183.9388	1.075359	0.297101	7.431645
57606	-2412.244	-2590.167	177.9232	1.00342	0.3662851	10.5762
57612	-2391.255	-2572.09	180.8357	1.058118	0.3662851	9.012576
57618	-2385.75	-2568.461	182.711	1.03032	0.3662851	8.031194
57624	-2387.798	-2571.594	183.7961	1.265639	0.3662851	7.324958
57630	-2403.446	-2591.379	187.9332	1.573127	0.4663413	4.796956
57636	-2398.084	-2586.083	187.9987	1.507574	0.4663413	4.796956
57642	-2408.326	-2597.195	188.869	1.529547	0.5410378	4.225947
57648	-2396.034	-2584.874	188.8394	1.529547	0.5602239	4.225947
57654	-2399.408	-2587.958	188.5501	1.529547	0.7738911	4.225947
57660	-2401.148	-2584.253	183.1049	1.070143	0.6336077	7.560154
57666	-2397.377	-2580.653	183.2762	1.213477	0.435454	7.560154
57672	-2392.1	-2575.378	183.2782	1.059445	0.5246907	7.560154
57678	-2379.366	-2564.779	185.4126	1.398953	0.5246907	6.226136
57684	-2404.874	-2592.965	188.091	1.408762	0.6853855	4.615935
57690	-2396.639	-2583.106	186.467	1.409702	0.6373504	5.552362
57696	-2382.141	-2569.595	187.4534	1.311197	0.5472862	5.135521
57702	-2387.25	-2574.154	186.9035	1.496035	0.8211091	5.135521
57708	-2383.132	-2570.394	187.2618	1.464779	0.5163042	5.183739
57714	-2382.636	-2569.882	187.2456	1.501412	0.5163042	5.172459
57720	-2393.082	-2582.316	189.234	1.770131	0.4031628	4.016915
57726	-2391.165	-2581.296	190.1308	1.452583	0.3164931	3.787773
57732	-2391.057	-2575.473	184.4161	1.268985	0.3306573	7.030422
57738	-2398.422	-2583.688	185.2654	1.159118	0.3660953	6.590973
57744	-2392.593	-2577.615	185.0219	1.402599	0.3660953	6.590973
57750	-2392.233	-2577.388	185.1547	1.250448	0.2805477	6.704429
57756	-2401.306	-2586.415	185.1085	1.283493	0.2859925	6.704429
57762	-2401.187	-2586.11	184.9229	1.259466	0.3244217	6.76979
57768	-2390.751	-2573.365	182.6137	1.054986	0.4873986	7.950382
57774	-2396.68	-2585.66	188.9802	1.564224	0.5336311	4.149738
57780	-2390.233	-2577.411	187.1788	1.59476	0.5336311	5.142413
57786	-2392.093	-2579.314	187.2206	1.35542	0.6694661	5.142413
57792	-2397.047	-2582.487	185.44	1.430998	0.5173124	6.200249
57798	-2396.096	-2579.049	182.9537	1.11562	0.5173124	7.710097
57804	-2406.002	-2589.924	183.9225	1.32626	0.3343843	7.260679
57810	-2403.459	-2585.167	181.7078	1.12437	0.3690225	8.512065
57816	-2397.409	-2582.971	185.5621	1.203477	0.5399664	6.238019
57822	-2406.683	-2592.551	185.868	1.337699	0.3894702	6.141697
57828	-2403.277	-2589.145	185.868	1.337699	0.3894702	6.141697
57834	-2400.981	-2587.336	186.3548	1.210181	0.3894702	5.945832
57840	-2410.03	-2593.818	183.7881	1.321753	0.4164833	7.246393
57846	-2400.042	-2583.871	183.8297	1.321753	0.3946907	7.246393
57852	-2398.122	-2581.817	183.6949	1.176978	0.4459679	7.345167
57858	-2391.753	-2577.227	185.4743	1.316118	0.4459679	6.309921
57864	-2398.304	-2583.588	185.2838	1.324335	0.5561084	6.309921
57870	-2397.408	-2581.121	183.713	1.326492	0.4430475	7.257999
57876	-2396.895	-2580.711	183.8164	1.332432	0.3850395	7.257999
57882	-2396.837	-2580.875	184.0377	1.032004	0.4264717	7.257999
57888	-2403.179	-2585.289	182.1097	1.170445	0.4264717	8.214648
57894	-2398.178	-2580.128	181.9503	1.156312	0.4264717	8.307046
57900	-2400.246	-2581.941	181.6955	1.604566	0.3300679	8.307046
57906	-2395.866	-2582.335	186.4683	1.613822	0.4638183	5.58749
57912	-2408.089	-2597.252	189.1631	1.595109	0.4011822	4.159146
57918	-2409.627	-2598.65	189.0229	1.476122	0.5521444	4.159146
57924	-2415.548	-2600.534	184.9863	1.18465	0.5913461	6.518355
57930	-2405.584	-2593.568	187.9839	1.640258	0.5913461	4.619544
57936	-2394.833	-2581.633	186.8	1.48715	0.4910913	5.449161
57942	-2398.195	-2582.584	184.3887	1.325106	0.4910913	6.85026
57948	-2417.603	-2603.09	185.4876	1.344084	0.3607299	6.376372
57954	-2403.214	-2589.306	186.0918	1.399885	0.3375341	6.044059
57960	-2414.656	-2599.771	185.1142	1.392133	0.4140864	6.495725
57966	-2397.541	-2582.135	184.5935	1.081097	0.4140864	6.945017
57972	-2380.586	-2565.971	185.3854	1.299492	0.4140864	6.398969
57978	-2396.675	-2583.276	186.6008	1.459646	0.4140864	5.648798
57984	-2403.489	-2590.392	186.903	1.403179	0.2968421	5.648798
57990	-2405.796	-2592.891	187.0947	1.403179	0.2968421	5.54353
57996	-2414.924	-2600.423	185.4987	1.209507	0.5219898	6.284658
58002	-2409.327	-2595.032	185.7058	1.542202	0.2534688	6.284658
58008	-2412.131	-2597.772	185.6406	1.661206	0.2332119	6.284658
58014	-2417.556	-2604.681	187.1244	1.661206	0.2020908	5.522396
58020	-2404.859	-2596.737	191.878	1.922161	0.6976926	2.052388
58026	-2409.72	-2599.465	189.7452	1.721129	0.6976926	3.483873
58032	-2395.63	-2586.919	191.2888	2.005012	0.6976926	2.379505
58038	-2398.6	-2589.888	191.2888	2.005012	0.6976926	2.379505
58044	-2399.878	-2591.228	191.3492	1.895197	0.7363441	2.379505
58050	-2394.442	-2586.387	191.9447	1.895197	0.6034894	2.111351
58056	-2387.036	-2578.98	191.9447	1.895197	0.6034894	2.111351
58062	-2387.564	-2579.575	192.0113	1.982601	0.5929614	2.019883
58068	-2395.855	-2588.001	192.146	1.847942	0.5929614	2.019883
58074	-2396.935	-2589.477	192.542	1.847942	0.3632396	2.019883
58080	-2392.854	-2575.708	182.854	1.106865	0.4187505	7.859371
58086	-2389.282	-2574.936	185.654	1.150064	0.5445872	6.213135
58092	-2402.932	-2587.365	184.4322	1.264488	0.4655902	6.88293
58098	-2399.824	-2584.546	184.7222	1.264488	0.3180976	6.88293
58104	-2386.956	-2574.189	187.2331	1.246653	0.2906604	5.561517
58110	-2405.012	-2594.693	189.6815	1.771614	0.5707003	3.595103
58116	-2402.175	-2592.618	190.4436	1.771614	0.447726	3.266824
58122	-2404.008	-2595.214	191.2056	2.120773	1.23785	1.993208
58128	-2404.158	-2595.592	191.4337	2.128652	1.23785	1.83347
58134	-2402.873	-2591.036	188.1629	1.397463	0.3608047	4.878029
58140	-2402.684	-2588.455	185.7701	1.24574	0.5960436	6.055633
58146	-2400.153	-2583.199	183.0461	1.309128	0.3295477	7.745004
58152	-2398.23	-2580.979	182.7491	1.215861	0.5418978	7.745004
58158	-2401.607	-2587.039	185.4323	1.180672	0.6152485	6.259797
58164	-2410.342	-2591.35	181.0075	1.180672	0.6152485	8.632875
58170	-2401.756	-2582.931	181.1754	1.012781	0.6152485	8.632875
58176	-2391.492	-2571.378	179.8856	1.073463	0.6152485	9.283786
58182	-2405.992	-2589.674	183.6816	1.214344	0.3840418	7.394757
58188	-2409.567	-2593.073	183.5057	1.39019	0.3840418	7.394757
58194	-2414.056	-2600.053	185.9974	1.406618	0.5286081	5.899874
58200	-2405.783	-2592.05	186.267	1.370069	0.5286081	5.772431
58206	-2407.77	-2591.86	184.0901	1.358279	0.5286081	6.960357
58212	-2398.079	-2585.838	187.7592	1.610817	0.4514547	4.887506
58218	-2392.216	-2579.051	186.8355	1.545591	0.4865918	5.401615
58224	-2388.383	-2570.096	181.7122	1.092309	0.4933918	8.405277
58230	-2398.786	-2580.428	181.642	1.110748	0.525071	8.405277
58236	-2391.716	-2575.63	183.9134	1.110748	0.525071	7.191625
58242	-2406.248	-2591.458	185.21	1.375096	0.525071	6.348805
58248	-2414.17	-2599.2	185.0302	1.413718	0.525071	6.425418
58254	-2410.375	-2597.693	187.3177	1.678684	0.4445806	5.101937
58260	-2404.724	-2592.014	187.2907	1.445967	0.4445806	5.245669
58266	-2403.846	-2588.576	184.7306	1.478668	0.3174905	6.763578
58272	-2403.504	-2584.221	180.7161	1.059105	0.294679	9.158417
58278	-2410.318	-2592.124	181.8064	1.038887	0.294679	8.591428
58284	-2400.643	-2583.18	182.5371	1.176692	0.3942688	8.016117
58290	-2398.703	-2581.376	182.6724	1.041359	0.3942688	8.016117
58296	-2384.796	-2567.334	182.5375	1.041359	0.3942688	8.08806
58302	-2394.42	-2576.942	182.522	1.0568	0.3942688	8.08806
58308	-2397.592	-2579.897	182.3056	1.185444	0.4411516	8.08806
58314	-2419.205	-2606.573	187.3688	1.562296	0.4007128	5.183245
58320	-2396.596	-2577.959	181.3628	1.048162	0.4927882	8.614888
58326	-2403.452	-2584.888	181.4361	0.9747858	0.4927882	8.614888
58332	-2412.257	-2594.467	182.2107	1.273601	0.4927882	8.043902
58338	-2400.376	-2586.493	186.1171	1.22197	0.318525	6.149983
58344	-2380.021	-2565.807	185.7863	1.308743	0.4324099	6.157643
58350	-2380.94	-2567.23	186.2902	1.419009	0.5966019	5.676188
58356	-2384.085	-2570.201	186.1156	1.419009	0.5194637	5.836504
58362	-2381.257	-2564.478	183.2215	1.033831	0.3997103	7.721373
58368	-2382.294	-2566.891	184.5961	1.060762	0.4652063	6.904761
58374	-2380.556	-2567.11	186.5539	1.320064	0.3186744	5.858041
58380	-2380.34	-2565.336	184.9957	1.305041	0.4572017	6.564564
58386	-2386.135	-2571.463	185.3277	1.305041	0.2934996	6.564564
58392	-2380.655	-2566.775	186.1202	1.305041	0.2993454	6.12697
58398	-2395.06	-2580.528	185.4686	1.225634	0.7371825	6.12697
58404	-2390.755	-2578.48	187.725	1.549729	0.558191	4.842745
58410	-2393.252	-2580.729	187.477	1.577092	0.5039822	5.013319
58416	-2381.014	-2569.464	188.4508	1.55274	0.5039822	4.482647
58422	-2380.685	-2569.181	188.4957	1.444929	0.5433176	4.482647
58428	-2388.404	-2578.643	190.2393	1.704017	0.4430744	3.431533
58434	-2406.271	-2596.657	190.3858	1.603634	0.4178895	3.431533
58440	-2405.482	-2593.409	187.9275	1.515416	0.4178895	4.880946
58446	-2403.065	-2592.804	189.739	1.650241	0.6924157	3.532826
58452	-2406.766	-2596.847	190.0812	1.650241	0.5579628	3.444138
58458	-2405.672	-2594.258	188.5857	1.650241	0.4651383	4.388727
58464	-2409.121	-2597.218	188.0977	1.540607	0.4651383	4.72436
58470	-2414.859	-2603.594	188.7354	1.540607	0.4651383	4.366077
58476	-2408.037	-2596.314	188.2772	1.454659	0.5577028	4.587474
58482	-2407.938	-2596.329	188.391	1.340793	0.5577028	4.587474
58488	-2397.402	-2585.272	187.8698	1.540908	0.5577028	4.76728
58494	-2390.959	-2579.896	188.9365	1.540908	0.5577028	4.166548
58500	-2401.849	-2591.473	189.6241	1.793432	0.5577028	3.627207
58506	-2401.044	-2588.052	187.0081	1.580729	0.4110933	5.361318
58512	-2403.419	-2590.427	187.0081	1.580729	0.4110933	5.361318
58518	-2401.4	-2589.088	187.6874	1.59284	0.2966936	5.112012
58524	-2398.366	-2583.558	185.1919	1.270018	0.5528664	6.392029
58530	-2404.911	-2586.574	181.6633	0.9510638	0.3684008	8.628382
58536	-2398.253	-2579.872	181.6188	0.9955464	0.3684008	8.628382
58542	-2404.971	-2584.956	179.9857	1.013877	0.5131893	9.344414
58548	-2391.208	-2571.605	180.3973	1.028275	0.2937461	9.344414
58554	-2414.959	-2595.183	180.2238	1.191203	0.2982107	9.344414
58560	-2418.788	-2598.851	180.0629	1.352161	0.2982107	9.344414
58566	-2403.967	-2583.929	179.962	1.300733	0.2628527	9.470275
58572	-2404.892	-2591.584	186.692	1.457079	0.6761568	5.373341
58578	-2403.971	-2586.668	182.6974	1.149279	0.4374585	7.901958
58584	-2391.622	-2576.796	185.1734	1.211929	0.4374585	6.537871
58590	-2396.286	-2580.504	184.2179	1.361572	0.4190837	6.991254
58596	-2394.168	-2581.848	187.6799	1.361572	0.4190837	5.102798
58602	-2388.539	-2577.984	189.4452	1.571718	0.4190837	3.992376
58608	-2393.781	-2583.808	190.0274	1.54286	0.4190837	3.674167
58614	-2412.041	-2600.578	188.5368	1.54286	0.5420006	4.405442
58620	-2408.899	-2593.094	184.1952	1.036902	0.5203852	7.083854
58626	-2405.773	-2589.866	184.0931	1.188646	0.490152	7.083854
58632	-2408.383	-2592.825	184.4423	1.121679	0.3651524	7.056344
58638	-2402.216	-2584.953	182.7377	1.24041	0.3588054	7.91308
58644	-2401.892	-2591.311	189.4188	1.472293	0.5959843	3.89774
58650	-2401.314	-2590.861	189.5467	1.655997	0.4081944	3.89774
58656	-2393.072	-2582.293	189.2203	1.655997	0.4081944	4.084311
58662	-2408.859	-2598.997	190.1382	1.71696	0.8203258	3.166373
58668	-2392.201	-2582.724	190.5233	1.762152	0.5058335	3.166373
58674	-2400.409	-2590.932	190.5233	1.762152	0.5058335	3.166373
58680	-2391.492	-2582.378	190.8863	1.762152	0.6179256	2.846004
58686	-2384.442	-2574.652	190.2099	1.607602	0.5355867	3.414115
58692	-2397.274	-2587.565	190.2915	1.678935	0.4445309	3.414115
58698	-2393.037	-2583.012	189.9751	1.68915	0.6392677	3.414115
58704	-2403.848	-2593.469	189.6208	1.724855	0.6392677	3.599875
58710	-2402.112	-2591.381	189.2693	1.547501	0.6392677	3.905018
58716	-2393.878	-2581.225	187.3468	1.547501	0.4032382	5.200912
58722	-2387.523	-2575.114	187.5907	1.547501	0.2888745	5.200912
58728	-2402.094	-2590.682	188.5883	1.571837	0.5757079	4.330915
58734	-2393.528	-2582.26	188.7315	1.571837	0.5757079	4.249873
58740	-2387.924	-2576.889	188.9647	1.571837	0.4341899	4.249873
58746	-2393.109	-2581.953	188.8438	1.571837	0.5040596	4.249873
58752	-2386.787	-2572.444	185.6569	1.364765	0.4387812	6.191249
58758	-2387.519	-2573.259	185.7405	1.281254	0.4387812	6.191249
58764	-2400.812	-2584.866	184.0531	1.432903	0.8510236	6.708804
58770	-2390.197	-2575.056	184.8591	1.595375	0.2575394	6.708804
58776	-2391.638	-2576.341	184.7035	1.86566	0.2151856	6.708804
58782	-2380.741	-2566.907	186.1659	1.34379	0.8061273	5.635647
58788	-2393.441	-2578.902	185.4608	1.416734	0.6827574	6.06529
58794	-2393.896	-2580.774	186.8781	1.383129	0.5551117	5.406941
58800	-2385.145	-2569.671	184.5263	1.404284	0.4046035	6.816742
58806	-2393.878	-2579.152	185.2735	1.201671	0.4046035	6.522364
58812	-2386.216	-2568.716	182.4998	1.201671	0.4046035	8.012086
58818	-2390.844	-2573.252	182.4082	1.084739	0.4046035	8.123191
58824	-2391.11	-2571.189	180.0796	1.073499	0.4272544	9.341782
58830	-2390.454	-2573.212	182.7584	1.073499	0.4272544	7.91981
58836	-2387.931	-2570.728	182.7975	1.034401	0.4272544	7.91981
58842	-2389.848	-2572.646	182.7975	1.034401	0.4272544	7.91981
58848	-2392.475	-2575.454	182.9788	0.9853292	0.4272544	7.849225
58854	-2402.443	-2585.293	182.8508	0.9720019	0.4262198	7.925672
58860	-2388.013	-2574.395	186.3821	1.191314	0.4262198	5.903054
58866	-2382.194	-2565.615	183.4217	1.132601	0.4503677	7.511171
58872	-2387.633	-2571.428	183.7951	1.057159	0.3028717	7.511171
58878	-2395.524	-2579.322	183.7986	1.019874	0.3176866	7.511171
58884	-2402.571	-2587.084	184.5127	1.114191	0.3118319	7.084347
58890	-2409.463	-2591.117	181.6542	0.9826052	0.3118319	8.680997
58896	-2394.989	-2575.868	180.8784	1.092226	0.3118319	9.034017
58902	-2392.491	-2573.219	180.7287	0.9462867	0.4607338	9.034017
58908	-2390.284	-2570.748	180.4642	0.9462867	0.4607338	9.173923
58914	-2378.175	-2561.364	183.1885	1.200269	0.4556066	7.594874
58920	-2390.262	-2573.782	183.5203	1.001315	0.3844443	7.594874
58926	-2376.689	-2560.985	184.2955	1.177449	0.499479	6.972556
58932	-2378.378	-2563.939	185.5605	1.315086	0.6081471	6.122466
58938	-2384.584	-2570.555	185.9712	1.056086	0.5090892	6.122466
58944	-2385.155	-2565.45	180.2954	0.9650024	0.3503727	9.364993
58950	-2387.363	-2567.742	180.3795	0.9042729	0.3393933	9.364993
58956	-2385.998	-2566.052	180.0544	1.159014	0.3731554	9.364993
58962	-2382.344	-2562.617	180.2726	0.9407782	0.3731554	9.364993
58968	-2383.242	-2563.253	180.0103	0.8859238	0.4580362	9.448187
58974	-2382.215	-2561.123	178.9077	0.9233889	0.4193241	10.0465
58980	-2376.048	-2555.095	179.0466	0.9233889	0.3492562	10.0465
58986	-2381.102	-2560.108	179.0059	0.9640404	0.3492562	10.0465
58992	-2397.852	-2589.395	191.5435	1.882575	0.719855	2.277109
58998	-2392.718	-2584.328	191.6101	1.882575	0.6689442	2.277109
59004	-2410.433	-2602.316	191.883	1.882575	0.7707138	2.014432
59010	-2396.243	-2583.102	186.8586	1.311378	0.320328	5.693973
59016	-2394.263	-2580.852	186.5889	1.375042	0.4216454	5.693973
59022	-2402.692	-2589.264	186.5723	1.39162	0.4216454	5.693973
59028	-2393.664	-2581.022	187.3581	1.39162	0.3267484	5.36747
59034	-2386.363	-2572.087	185.7231	1.434214	0.3267484	6.23889
59040	-2375.48	-2562.439	186.9588	1.489995	0.2375758	5.652224
59046	-2369.037	-2555.744	186.7065	1.35982	0.407701	5.652224
59052	-2383.987	-2570.18	186.1933	1.35982	0.4902146	5.85267
59058	-2382.401	-2569.142	186.7403	1.35982	0.4902146	5.552872
59064	-2392.255	-2579.191	186.936	1.506861	0.3133247	5.552872
59070	-2386.42	-2574.269	187.8485	1.265774	0.3133247	5.182649
59076	-2401.247	-2584.263	183.0165	1.054521	0.3133247	7.91608
59082	-2401.657	-2583.834	182.1775	1.112562	0.3072178	8.339571
59088	-2403.299	-2583.884	180.5855	1.022248	0.6510907	8.914076
59094	-2391.464	-2572.337	180.8736	1.198191	0.3702445	8.914076
59100	-2386.349	-2571.911	185.5621	1.425267	0.3702445	6.281242
59106	-2390.142	-2573.405	183.2625	1.176746	0.4472874	7.575762
59112	-2392.269	-2575.699	183.4296	1.009574	0.4472874	7.575762
59118	-2390.9	-2573.466	182.5666	1.021879	0.4371241	8.04001
59124	-2391.942	-2572.051	180.1092	1.021879	0.3800056	9.401244
59130	-2386.718	-2567.369	180.6501	1.094151	0.5275505	8.938304
59136	-2388.473	-2570.856	182.3834	1.094151	0.4424188	8.094046
59142	-2395.093	-2577.185	182.0921	1.385436	0.4424188	8.094046
59148	-2381.894	-2564.243	182.3491	1.128439	0.4424188	8.094046
59154	-2380.629	-2562.163	181.5345	1.109122	0.4424188	8.537662
59160	-2375.219	-2559.562	184.3427	1.316191	0.4424188	6.92539
59166	-2392.173	-2576.192	184.0194	1.344387	0.6286883	6.92539
59172	-2395.817	-2582.289	186.4726	1.293151	0.397902	5.827134
59178	-2393.786	-2580.126	186.3401	1.425667	0.397902	5.827134
59184	-2403.658	-2586.746	183.0877	1.176038	0.3693802	7.748971
59190	-2393.995	-2578.835	184.8402	1.103099	0.3693802	6.847326
59196	-2382.258	-2568.164	185.9065	1.247242	0.3693802	6.191773
59202	-2395.725	-2580.968	185.243	1.194441	0.3693802	6.580383
59208	-2391.984	-2574.698	182.7141	1.194441	0.5422445	7.774828
59214	-2404.376	-2586.998	182.622	1.286615	0.5422445	7.774828
59220	-2402.371	-2587.394	185.0222	1.286615	0.504357	6.516797
59226	-2395.09	-2580.017	184.9276	1.440091	0.4694339	6.516797
59232	-2415.239	-2600.289	185.0508	1.245114	0.5122419	6.516797
59238	-2406.775	-2591.522	184.7464	1.388151	0.4875196	6.626294
59244	-2402.193	-2586.886	184.693	1.316861	0.4875196	6.693667
59250	-2397.854	-2582.32	184.4663	1.316861	0.4875196	6.816107
59256	-2403.135	-2588.126	184.9917	1.095258	0.645377	6.522179
59262	-2397.367	-2578.854	181.4867	1.215426	0.4772622	8.474191
59268	-2391.422	-2575.543	184.121	1.23348	0.4590491	7.07342
59274	-2402.29	-2586.263	183.9724	1.139112	0.4726664	7.19134
59280	-2397.268	-2584.569	187.3005	1.414458	0.4115301	5.291303
59286	-2389.228	-2575.937	186.7093	1.436597	0.6367672	5.404703
59292	-2401.151	-2588.232	187.081	1.531756	0.5791645	5.192759
59298	-2398.331	-2587.751	189.4201	1.64299	0.3924479	3.995048
59304	-2412.081	-2601.61	189.5291	1.64299	0.6671976	3.678368
59310	-2400.469	-2588.454	187.9844	1.657607	0.6671976	4.549719
59316	-2407.201	-2597.744	190.5424	1.671853	0.4645831	3.249797
59322	-2408.491	-2596.461	187.9695	1.660759	0.5884202	4.618584
59328	-2398.391	-2586.393	188.0027	1.40669	0.5884202	4.74218
59334	-2396.806	-2581.552	184.7454	1.139516	0.5884202	6.675424
59340	-2395.62	-2579.674	184.0541	1.218747	0.4203369	7.154945
59346	-2396.458	-2581.209	184.7508	1.218747	0.4203369	6.779674
59352	-2395.233	-2581.474	186.2411	1.451468	0.6203874	5.666528
59358	-2392.058	-2571.686	179.6277	1.004874	0.559248	9.499875
59364	-2405.303	-2587.328	182.0248	1.062653	0.5077664	8.242119
59370	-2401.333	-2583.439	182.1054	1.062653	0.7707477	8.002925
59376	-2399.257	-2582.077	182.8205	1.015193	0.4269376	7.918055
59382	-2384.552	-2567.038	182.4861	0.872903	0.4269376	8.172209
59388	-2391.393	-2574.199	182.8061	1.018962	0.2499445	8.129401
59394	-2389.871	-2572.004	182.1324	1.00578	0.6130485	8.129401
59400	-2380.541	-2563.735	183.1941	1.173604	0.6279269	7.4612
59406	-2391.031	-2578.562	187.5309	1.485202	0.8040312	4.803815
59412	-2381.393	-2566.698	185.3055	1.485202	0.8040312	6.030202
59418	-2384.693	-2570.521	185.8286	1.46723	0.4508292	6.030202
59424	-2380.116	-2566.184	186.0683	1.227505	0.4508292	6.030202
59430	-2384.285	-2568.891	184.6055	1.256211	0.4458086	6.812737
59436	-2381.677	-2568.046	186.3686	1.260343	0.4328251	5.866091
59442	-2389.15	-2571.583	182.4332	1.141425	0.4774904	8.009529
59448	-2391.687	-2571.788	180.1014	0.977808	0.3080524	9.509699
59454	-2395.988	-2579.409	183.4217	1.43337	0.3624872	7.439991
59460	-2390.693	-2573.982	183.2891	1.250642	0.5387251	7.439991
59466	-2401.029	-2586.607	185.5783	1.250642	0.2738043	6.484083
59472	-2376.488	-2560.286	183.7985	1.28149	0.3168839	7.371982
59478	-2379.997	-2562.975	182.9783	1.277004	0.6102904	7.534875
59484	-2396.271	-2580.968	184.6968	1.207781	0.6185605	6.641158
59490	-2401.119	-2588.875	187.7568	1.455585	0.4391009	4.987523
59496	-2396.685	-2581.908	185.2238	1.455585	0.4391009	6.376918
59502	-2377.537	-2562.439	184.9019	1.450461	0.4391009	6.554125
59508	-2383.779	-2568.654	184.8749	1.477422	0.4391009	6.554125
59514	-2380.63	-2566.711	186.0813	1.339957	0.7882648	5.695717
59520	-2385.626	-2574.088	188.4625	1.552162	0.4312054	4.547367
59526	-2382.955	-2569.805	186.8506	1.56977	0.4312054	5.433555
59532	-2380.882	-2567.605	186.7228	1.59297	0.4909255	5.433555
59538	-2386.859	-2573.501	186.6414	1.397264	0.5188882	5.560757
59544	-2388.177	-2576.298	188.1208	1.463771	0.5725558	4.657424
59550	-2398.885	-2587.023	188.1385	1.463771	0.7292733	4.526523
59556	-2398.771	-2584.559	185.7884	1.284443	0.7292733	5.925942
59562	-2406.493	-2588.68	182.1864	1.085662	0.5010738	8.149668
59568	-2408.31	-2593.483	185.1734	1.085662	0.5320496	6.519582
59574	-2410.835	-2593.554	182.7194	1.20621	0.59874	7.720206
59580	-2388.82	-2572.792	183.972	1.161733	0.536326	7.123109
59586	-2385.805	-2570.255	184.4498	1.308466	0.5676915	6.76052
59592	-2390.541	-2573.934	183.3933	1.25617	0.5676915	7.357213
59598	-2390.81	-2574.504	183.6945	1.222669	0.4075909	7.35884
59604	-2386.51	-2569.304	182.7941	1.211886	0.6267527	7.655769
59610	-2384.878	-2567.769	182.8906	1.160414	0.5953508	7.655769
59616	-2401.816	-2587.933	186.1166	1.40311	0.4642356	5.895182
59622	-2424.819	-2611.11	186.2909	1.382103	0.3817225	5.895182
59628	-2418.542	-2603.719	185.177	1.433169	0.8251113	6.115169
59604	-2402.943	-2587.68	184.737	1.223089	0.5171114	6.694234
59610	-2389.805	-2575.325	185.52	1.401463	0.415041	6.269535
59616	-2390.703	-2577.52	186.8171	1.387893	0.4469261	5.536384
59622	-2396.876	-2580.003	183.127	1.459587	0.2563345	7.714117
59628	-2405.139	-2590.413	185.2742	2.268204	0.2087072	6.191422
59634	-2391.608	-2573.354	181.7462	1.501775	0.3547742	8.306608
59640	-2397.996	-2583.214	185.218	1.320346	0.5162063	6.381906
59646	-2399.726	-2582.831	183.1052	1.320346	0.49161	7.542078
59652	-2414.323	-2598.961	184.638	1.368173	0.3757654	6.806409
59658	-2418.84	-2606.077	187.2375	1.58767	0.3993734	5.243224
59664	-2401.651	-2586.867	185.2162	1.42022	0.3085541	6.543614
59670	-2400.044	-2585.932	185.888	1.443118	0.3944459	6.068078
59676	-2398.499	-2588.95	190.4512	1.673406	0.3944459	3.378554
59682	-2414.366	-2600.734	186.3679	1.481107	0.4143014	5.764496
59688	-2415.991	-2601.794	185.8033	1.481107	0.4143014	6.072833
59694	-2404.479	-2586.567	182.088	1.353982	0.5687485	8.002175
59700	-2401.028	-2585.121	184.0926	1.642676	0.410563	6.915914
59706	-2388.372	-2573.413	185.0412	1.383775	0.6725879	6.318828
59712	-2403.961	-2589.884	185.9225	1.364927	0.2158194	6.318828
59718	-2397.063	-2582.677	185.6142	1.408833	0.2391043	6.42728
59724	-2377.626	-2562.859	185.2324	1.301819	0.3347369	6.56738
59730	-2407.803	-2593.702	185.8988	1.239394	0.5208077	6.051724
59736	-2401.832	-2586.221	184.3886	1.418615	0.4406601	6.847147
59742	-2412.352	-2597.247	184.8945	1.39647	0.8116196	6.297264
59748	-2393.526	-2580.88	187.3542	1.33562	0.4629749	5.253575
59754	-2397.963	-2588.178	190.2148	1.596403	0.7142382	3.268856
59760	-2393.968	-2583.746	189.7778	1.602353	0.6550752	3.567185
59766	-2403.202	-2592.024	188.8223	1.602353	0.6283195	4.13765
59772	-2393.619	-2582.624	189.0051	1.56641	0.5612922	4.10992
59778	-2394.546	-2584.466	189.9204	1.622319	0.5458075	3.565164
59784	-2391.802	-2580.442	188.6394	1.504746	0.5458075	4.365724
59790	-2386.345	-2574.285	187.9399	1.503658	0.7832459	4.578367
59796	-2399.744	-2586.667	186.9231	1.319763	0.3606329	5.606517
59802	-2370.561	-2552.676	182.1141	0.9295385	0.4777989	8.292087
59808	-2393.287	-2576.499	183.2124	1.004546	0.298115	7.856855
59814	-2377.187	-2562.307	185.1195	1.197551	0.3130785	6.710765
59820	-2372.831	-2561.685	188.8536	1.50725	0.3840164	4.403092
59826	-2387.205	-2575.915	188.7106	1.648902	0.964949	3.945368
59832	-2398.135	-2583.553	185.4173	1.22561	0.2801921	6.576348
59838	-2397.77	-2584.626	186.8562	1.410213	0.425324	5.524192
59844	-2377.676	-2565.321	187.6448	1.357234	0.5586728	4.994064
59850	-2388.828	-2578.183	189.3555	1.684376	0.4824516	3.914764
59856	-2389.808	-2581.008	191.1996	1.76016	0.2755915	3.037243
59862	-2382.202	-2572.97	190.7674	1.617022	0.3129763	3.326232
59868	-2378.22	-2567.433	189.213	1.617022	0.3731705	4.149727
59874	-2388.546	-2577.221	188.6741	1.659609	0.629753	4.18818
59880	-2396.238	-2585.53	189.2921	1.752085	0.7427403	3.695751
59886	-2397.122	-2587.403	190.2816	1.694616	0.3837256	3.477722
59892	-2379.419	-2568.861	189.4415	1.550132	0.6052078	3.832303
59898	-2394.972	-2584.498	189.5262	1.724992	0.546992	3.732987
59904	-2414.508	-2601.352	186.844	1.731231	1.083589	4.886115
59910	-2396.791	-2586.994	190.2034	1.795971	0.5161474	3.325562
59916	-2403.205	-2593.067	189.8621	1.824248	0.5161474	3.508908
59922	-2393.512	-2582.542	189.03	1.847938	0.7649621	3.775897
59928	-2406.374	-2596.085	189.7103	1.776255	0.7649621	3.42243
59934	-2392.128	-2581.583	189.4552	1.593344	0.5377077	3.858008
59940	-2378.233	-2568.244	190.0106	1.565256	0.5377077	3.553229
59946	-2385.264	-2573.223	187.9596	1.438746	0.6006659	4.738383
59952	-2385.904	-2574.18	188.2766	1.452096	0.4019056	4.738383
59958	-2389.751	-2576.711	186.9596	1.492653	0.4062424	5.441679
59964	-2378.48	-2563.764	185.2841	1.525071	1.017613	5.894766
59970	-2388.58	-2574.35	185.77	1.35433	0.5208828	6.059204
59976	-2407.823	-2594.126	186.3034	1.445789	0.473668	5.760717
59982	-2396.751	-2581.694	184.9425	1.460061	0.473668	6.493951
59988	-2389.104	-2572.383	183.2792	1.092525	0.7665412	7.361887
59994	-2394.203	-2577.615	183.4121	1.307529	0.5172292	7.361887
60000	-2382.92	-2562.955	180.0344	1.063309	0.5172292	9.289113
60006	-2397.021	-2577.952	180.9312	1.097555	0.3016167	9.015659
60012	-2395.371	-2578.766	183.3956	1.000649	0.3016167	7.756729
60018	-2393.755	-2578.261	184.5064	1.00804	0.4030237	7.042616
60024	-2393.351	-2578.626	185.2749	1.172529	0.4590554	6.483368
60030	-2387.641	-2573.378	185.7375	1.370739	0.6445693	5.967682
60036	-2388.094	-2571.617	183.5225	1.095589	0.5215344	7.412598
60042	-2386.678	-2570.711	184.0324	1.145439	0.4087918	7.217655
60048	-2380.839	-2569.831	188.9913	1.568805	0.4777806	4.192932
60054	-2391.254	-2579.926	188.6717	1.583866	0.5868699	4.26752
60060	-2386.968	-2573.606	186.6378	1.150442	0.4331727	5.778605
60066	-2379.923	-2566.45	186.5272	1.215614	0.4585626	5.778605
60072	-2386.299	-2574.044	187.745	1.254715	0.4585626	5.086353
60078	-2388.53	-2575.869	187.3383	1.340658	0.6326783	5.113319
60084	-2399.073	-2584.68	185.6063	1.177479	0.3603166	6.402828
60090	-2392.928	-2579.536	186.6079	1.25516	0.4564081	5.714781
60096	-2383.338	-2570.155	186.8162	1.251174	0.3501653	5.714781
60102	-2387.5	-2572.545	185.045	1.267633	0.5677623	6.460623
60108	-2386.743	-2571.871	185.1276	1.267633	0.5149719	6.460623
60114	-2371.579	-2559.194	187.6153	1.489958	0.4617351	5.024657
60120	-2387.513	-2575.388	187.8744	1.439565	0.5209945	4.853348
60126	-2388.92	-2575.39	186.4699	1.439565	0.5465359	5.607674
60132	-2388.573	-2576.754	188.1813	1.394877	0.4073122	4.81781
60138	-2379.394	-2567.335	187.9418	1.394877	0.2735035	5.111678
60144	-2384.074	-2571.616	187.5421	1.632663	0.344165	5.111678
60150	-2386.946	-2572.492	185.546	1.163832	0.3462123	6.458905
60156	-2395.507	-2582.083	186.5759	1.556021	0.4529373	5.570678
60162	-2403.569	-2592.834	189.2646	1.717281	0.478085	3.952185
60168	-2392.998	-2583.068	190.0694	1.559844	0.3007625	3.782114
60174	-2383.728	-2573.708	189.98	1.587728	0.6417419	3.468556
60180	-2393.929	-2581.732	187.8033	1.520286	0.4851568	4.880889
60186	-2389.196	-2575.439	186.2424	1.349473	0.5590294	5.771212
60192	-2388.294	-2572.999	184.7042	1.210597	0.399514	6.830491
60198	-2393.891	-2575.689	181.7976	1.040747	0.3849359	8.491836
60204	-2400.884	-2582.203	181.3198	1.127111	0.5402408	8.55506
60210	-2388.467	-2570.133	181.6665	1.145848	0.3397959	8.55506
60216	-2382.315	-2566.955	184.6397	1.204567	0.4515269	6.816678
60222	-2401.816	-2583.467	181.6507	1.338577	0.4923474	8.307951
60228	-2396.197	-2576.633	180.4363	0.9779531	0.3197383	9.318832
60234	-2401.072	-2583.882	182.8102	1.059909	0.4091222	7.917493
60240	-2406.102	-2588.281	182.1788	1.027786	0.3813329	8.299827
60246	-2412.807	-2594.448	181.6417	0.9247972	0.3813329	8.639988
60252	-2401.648	-2583.524	181.8764	1.030035	0.4230976	8.416797
60258	-2398.317	-2577.04	178.7231	0.8111406	0.3728154	10.25007
60264	-2407.235	-2592.979	185.7437	1.202587	0.4820797	6.191028
60270	-2392.31	-2576.868	184.5582	1.149403	0.6443303	6.7281
60276	-2404.166	-2588.635	184.4683	1.188035	0.6822593	6.7281
60282	-2397.668	-2586.121	188.453	1.427581	0.4601516	4.593526
60288	-2390.674	-2576.55	185.8754	1.391476	0.4828304	6.015735
60294	-2408.665	-2599.631	190.9663	1.926981	0.7679142	2.57502
60300	-2397.073	-2587.734	190.6607	1.926981	0.8414106	2.710239
60306	-2379.641	-2570.413	190.7715	1.832778	0.6957483	2.808419
60312	-2384.607	-2575.422	190.8153	1.693004	0.542952	2.997925
60318	-2395.357	-2583.818	188.4608	1.714172	1.219417	3.914223
60324	-2411.75	-2597.662	185.9119	1.122316	0.6255613	6.022535
60330	-2393.88	-2584.366	190.4851	1.79451	0.7800373	2.940987
60336	-2396.263	-2586.879	190.6154	1.767956	0.7789179	2.879158
60342	-2381.728	-2572.155	190.4273	1.84626	0.9868599	2.806966
60348	-2404.975	-2595.703	190.7274	1.779228	0.7463474	2.828571
60354	-2390.39	-2581.24	190.8505	1.722725	0.694095	2.828571
60360	-2393.039	-2583.017	189.9784	1.538618	0.6558643	3.486819
60366	-2394.601	-2582.107	187.5065	1.401744	0.8475547	4.835968
60372	-2399.961	-2587.977	188.0159	1.566042	1.145707	4.288971
60378	-2405.384	-2592.828	187.4438	1.756524	1.632211	4.288971
60384	-2405.142	-2593.46	188.3181	1.816717	1.307067	3.895158
60390	-2417.922	-2604.092	186.1694	1.502544	0.3100784	5.978989
60396	-2409.364	-2595.006	185.642	1.593318	0.2420583	6.307828
60402	-2397.749	-2586.594	188.8454	1.570664	0.6804137	4.102025
60408	-2394.684	-2584.587	189.9022	1.687701	0.9256803	3.254378
60414	-2414.038	-2599.287	185.2482	1.398623	0.3550137	6.483021
60420	-2403.458	-2584.957	181.4984	1.316707	0.3671595	8.523116
60426	-2405.737	-2591.106	185.3693	1.445913	0.4868454	6.257932
60432	-2409.27	-2591.33	182.0603	0.975215	0.6915383	8.126795
60438	-2400.137	-2584.957	184.8201	1.154159	0.5457517	6.662023
60444	-2403.487	-2590.487	186.9999	1.290794	0.6763809	5.295066
60450	-2385.841	-2574.298	188.4567	1.579813	0.6193473	4.364821
60456	-2388.019	-2574.234	186.2152	1.313406	0.5619917	5.803362
60462	-2393.344	-2579.965	186.6202	1.430133	0.397603	5.671644
60468	-2401.377	-2584.98	183.6022	1.282108	0.4535968	7.331224
60474	-2399.848	-2582.597	182.7485	1.215432	0.6238917	7.680438
60480	-2393.159	-2576.266	183.1071	1.211656	0.5671351	7.534943
60486	-2395.952	-2585.538	189.5862	1.776845	0.3214664	3.908019
60492	-2393.656	-2580.198	186.5419	1.348254	0.2927364	5.881855
60498	-2389.99	-2575.671	185.6814	1.346927	0.2599468	6.394857
60504	-2390.562	-2577.419	186.8576	1.218167	0.3728072	5.684577
60510	-2388.63	-2575.634	187.0039	1.470491	0.3728072	5.465621
60516	-2393.09	-2580.641	187.5506	1.423249	0.4435615	5.115455
60522	-2407.406	-2596.248	188.8421	1.45824	0.4807509	4.337184
60528	-2405.475	-2594.366	188.8909	1.553611	0.5315536	4.208353
60534	-2403.653	-2589.427	185.7732	1.707971	0.5278084	5.858417
60540	-2401.358	-2589.349	187.9912	1.340089	0.2703916	5.118913
60546	-2397.494	-2585.699	188.2056	1.406089	0.4583106	4.745927
60552	-2390.176	-2577.582	187.4067	1.29755	0.533401	5.180991
60558	-2387.701	-2576.222	188.5215	1.426813	0.3821888	4.637045
60564	-2389.998	-2578.498	188.5008	1.447529	0.3821888	4.637045
60570	-2400.301	-2588.763	188.4617	1.474068	0.4697764	4.553146
60576	-2403.486	-2592.317	188.8311	1.431234	0.5569103	4.289227
60582	-2406.25	-2593.001	186.7506	1.396169	0.5407245	5.48221
60588	-2399.667	-2586.909	187.2425	1.364569	0.3774683	5.387365
60594	-2392.049	-2578.567	186.5178	1.333402	0.4716304	5.706765
60600	-2383.174	-2569.241	186.0668	1.193228	0.4283653	6.071871
60606	-2384.9	-2572.491	187.5905	1.474713	0.4082256	5.100995
60612	-2380.004	-2567.262	187.2578	1.386181	0.4472163	5.294269
60618	-2375.478	-2558.623	183.1453	0.9985308	0.3519745	7.832234
60624	-2381.887	-2565.709	183.8212	1.329285	0.4982434	7.14717
60630	-2383.3	-2567.94	184.6399	1.299303	0.5231007	6.700279
60636	-2387.374	-2571.799	184.4256	1.223337	0.3884316	6.985466
60642	-2410.164	-2594.686	184.5223	1.23145	0.6362273	6.709259
60648	-2395.064	-2582.259	187.1948	1.537393	0.6362273	5.08105
60654	-2395.453	-2581.355	185.9017	1.351212	0.4949138	6.012277
60660	-2401.374	-2585.363	183.9892	1.243516	0.5184626	7.08519
60666	-2403.987	-2588.071	184.0839	1.405691	0.3893693	7.070217
60672	-2406.156	-2592.606	186.4496	1.594628	0.3444173	5.734122
60678	-2410.879	-2600.053	189.1735	1.559536	0.5437184	4.033311
60684	-2407.412	-2589.873	182.4604	1.190544	0.4963728	7.951872
60690	-2395.729	-2578.935	183.2059	1.195898	0.3233342	7.727398
60696	-2395.268	-2579.947	184.6784	1.279709	0.3739509	6.834365
60702	-2401.651	-2585.647	183.9959	1.492702	0.2802686	7.198602
60708	-2408.265	-2595.033	186.7679	1.195025	0.2802686	5.858431
60714	-2403.624	-2589.78	186.1567	1.424766	0.4673732	5.858431
60720	-2400.966	-2585.888	184.9229	1.11416	0.4744865	6.690961
60726	-2394.943	-2579.329	184.3864	1.248737	0.3665464	7.016505
60732	-2393.584	-2577.734	184.1496	1.151634	0.6506608	6.942608
60738	-2395.211	-2581.91	186.6986	1.158601	0.3792202	5.797202
60744	-2387.96	-2573.232	185.272	1.223454	0.5331786	6.390501
60750	-2393.782	-2579.25	185.4678	1.125284	0.6167612	6.269402
60756	-2403.548	-2584.143	180.5954	1.279828	0.4522796	8.935856
60762	-2393.846	-2581.779	187.9329	1.480829	0.5622004	4.761722
60768	-2401.728	-2589.101	187.3723	1.671759	0.7218608	4.844244
60774	-2382.22	-2570.064	187.8441	1.40732	0.4549549	4.950081
60780	-2394.236	-2582.212	187.9759	1.451779	0.6172503	4.708594
60786	-2395.256	-2582.067	186.8118	1.451779	0.3100169	5.655426
60792	-2391.07	-2579.833	188.7635	1.506213	0.3100169	4.542817
60798	-2389.862	-2575.188	185.3264	1.162861	0.5759059	6.358159
60804	-2384.133	-2570.115	185.9814	1.211414	0.4360855	6.100766
60810	-2386.568	-2573.282	186.7133	1.344557	0.4618926	5.602665
60816	-2395.952	-2582.723	186.771	1.330935	0.5194721	5.525442
60822	-2404.353	-2592.033	187.6803	1.453196	0.5591429	4.920604
60828	-2407.777	-2594.866	187.0886	1.320238	0.6666582	5.236981
60834	-2392.35	-2583.125	190.7747	1.767382	0.570266	2.952436
60840	-2396.414	-2586.162	189.748	1.527693	0.6016858	3.67139
60846	-2384.262	-2573.277	189.0144	1.499973	0.5317666	4.168495
60852	-2385.046	-2570.887	185.8419	1.293079	0.7383907	5.885744
60858	-2389.113	-2578.021	188.9086	1.543329	0.439699	4.292138
60864	-2384.073	-2568.918	184.8452	1.34366	0.4407963	6.640909
60870	-2392.467	-2574.428	181.9603	1.139802	0.6062527	8.15492
60876	-2376.404	-2560.224	183.8201	1.366503	0.6787343	6.983973
60882	-2393.936	-2579.486	185.5498	1.436015	0.3698269	6.282546
60888	-2395.652	-2580.684	185.0312	1.296351	0.5126367	6.499327
60894	-2393.461	-2577.733	184.2726	1.167239	0.4960097	6.993517
60900	-2393.82	-2578.184	184.364	1.229446	0.3763211	7.028278
60906	-2393.075	-2582.459	189.384	1.623302	0.3763211	4.045131
60912	-2380.28	-2567.677	187.3966	1.429821	0.4441934	5.196445
60918	-2385.515	-2570.55	185.0351	1.300432	0.5031004	6.503475
60924	-2384.76	-2570.048	185.2875	1.282647	0.3796567	6.497319
60930	-2380.978	-2567.15	186.1727	1.237596	0.4679431	5.951408
60936	-2371.368	-2557.426	186.0571	1.355424	0.4679431	5.950159
60942	-2388.25	-2573.361	185.1115	1.358766	0.4895642	6.442648
60948	-2387.961	-2575.377	187.4168	1.511643	0.6514958	4.960357
60954	-2392.228	-2579.28	187.0522	1.689413	0.4847891	5.20424
60960	-2398.663	-2585.773	187.1095	1.45845	0.3472799	5.443164
60966	-2390.096	-2576.919	186.8228	1.45487	0.474562	5.469804
60972	-2406.662	-2593.126	186.4633	1.384518	0.4607546	5.718974
60978	-2393.048	-2579.988	186.9402	1.384518	0.4584263	5.459347
60984	-2385.877	-2572.86	186.9835	1.403418	0.4239019	5.459347
60990	-2392.118	-2577.315	185.1969	1.412532	0.5179914	6.341802
60996	-2395.402	-2582.89	187.4877	1.307242	0.4442115	5.213839
61002	-2394.08	-2581.302	187.2216	1.573325	0.4442115	5.213839
61008	-2389.386	-2576.403	187.017	1.453539	0.4910827	5.348132
61014	-2403.189	-2587.286	184.0968	1.313312	0.5817958	6.936944
61020	-2391.708	-2573.909	182.2003	1.096693	0.4428755	8.189794
61026	-2384.276	-2567.915	183.6386	1.232708	0.3791397	7.413202
61032	-2381.996	-2567.396	185.3993	1.26821	0.4550987	6.367821
61038	-2399.414	-2584.471	185.0568	1.457725	0.5908918	6.332426
61044	-2392.702	-2578.466	185.7637	1.268162	0.3059898	6.332426
61050	-2402.628	-2588.82	186.1921	1.253475	0.3873093	6.01331
61056	-2399.15	-2585.484	186.3343	1.203986	0.3421375	6.01331
61062	-2394.299	-2579.066	184.7667	1.385082	0.4756456	6.627825
61068	-2389.63	-2574.836	185.2057	1.14351	0.3696311	6.627825
61074	-2386.257	-2568.207	181.9501	1.234897	0.2961222	8.409161
61080	-2401.191	-2586.509	185.3182	1.388575	0.4114993	6.389714
61086	-2403.191	-2589.602	186.4115	1.396972	0.4114993	5.789563
61092	-2404.538	-2590.171	185.6321	1.300722	0.3877867	6.29183
61098	-2404.84	-2586.284	181.4439	1.156971	0.5048102	8.503456
61104	-2413.584	-2603.917	190.3324	1.617778	0.5724863	3.302828
61110	-2405.665	-2590.606	184.9405	1.525128	0.6026062	6.349686
61116	-2395.073	-2580.539	185.4666	1.525805	0.7304896	5.96902
61122	-2399.321	-2589.057	189.7358	1.638148	0.506509	3.699375
61128	-2391.869	-2581.262	189.3933	1.765363	1.021363	3.450404
61134	-2391.951	-2583.791	191.84	1.84911	0.6598609	2.158216
61140	-2396.869	-2587.864	190.9951	1.763175	0.6043441	2.791101
61146	-2385.197	-2575.835	190.6373	1.771786	0.8827702	2.791101
61152	-2394.03	-2583.484	189.454	1.660064	0.8118019	3.606993
61158	-2399.138	-2588.842	189.7046	1.573282	0.7857023	3.529703
61164	-2408.677	-2598.184	189.5071	1.62781	0.4571981	3.885236
61170	-2381.902	-2571.87	189.9679	1.526622	0.3841004	3.756787
61176	-2390.456	-2580.726	190.2706	1.43851	0.4143216	3.598881
61182	-2390.446	-2579.941	189.4952	1.551166	0.6862842	3.736283
61188	-2393.491	-2579.24	185.7489	1.445987	0.3475897	6.193964
61194	-2390.74	-2576.071	185.3309	1.261206	0.4194959	6.443772
61200	-2382.999	-2569.062	186.0625	1.253098	0.5480674	5.931491
61206	-2392.343	-2579.761	187.4179	1.338809	0.3855591	5.295966
61212	-2381.734	-2567.578	185.8439	1.305675	0.3795193	6.182911
61218	-2384.212	-2568.778	184.5657	1.156966	0.5969386	6.756329
61224	-2368.523	-2554.841	186.3185	1.228072	0.5058932	5.841992
61230	-2389.231	-2574.975	185.7438	1.242244	0.660397	6.02251
61236	-2389.36	-2573.476	184.1166	1.256699	0.5566703	6.977167
61242	-2390.827	-2577.484	186.657	1.265244	0.5255985	5.618736
61248	-2389.329	-2575.274	185.9448	1.176214	0.4622463	6.114532
61254	-2402.377	-2589.454	187.0768	1.317491	0.7547515	5.182295
61260	-2394.376	-2580.985	186.6091	1.501932	1.011797	5.182295
61266	-2387.028	-2575.106	188.0774	1.498593	0.5670908	4.666793
61272	-2387.189	-2573.855	186.6663	1.295947	0.5476113	5.577785
61278	-2392.49	-2579.726	187.2352	1.347583	0.5844529	5.204983
61284	-2386.391	-2574.922	188.5317	1.479074	0.4735931	4.507345
61290	-2378.005	-2567.296	189.2912	1.53565	0.5700297	3.956632
61296	-2379.874	-2568.454	188.5802	1.449048	0.429422	4.541009
61302	-2380.289	-2568.284	187.9947	1.311181	0.54587	4.835968
61308	-2379.602	-2564.563	184.961	1.145849	0.54587	6.590239
61314	-2386.082	-2570.347	184.2652	1.284301	0.4327881	6.993744
61320	-2392.623	-2577.698	185.0747	1.412502	0.3970658	6.523673
61326	-2395.242	-2580.756	185.5139	1.320376	0.6153155	6.139389
61332	-2390.286	-2574.054	183.7677	1.103038	0.6367196	7.184675
61338	-2386.444	-2570.545	184.1009	1.310906	0.3245114	7.184675
61344	-2382.251	-2566.7	184.4494	1.350611	0.3828816	6.90997
61350	-2378.675	-2565.159	186.4843	1.39136	0.5192998	5.649848
61356	-2370.964	-2558.07	187.1058	1.59018	0.5143973	5.20238
61362	-2378.265	-2562.925	184.6598	1.219595	0.660126	6.623564
61368	-2389.795	-2574.938	185.1434	1.124129	0.4154951	6.623564
61374	-2388.676	-2571.892	183.2153	0.9829581	0.2979709	7.867035
61380	-2406.467	-2594.286	187.8194	1.560669	0.3631572	4.975653
61386	-2406.935	-2594.647	187.7116	1.44151	0.4852664	4.975653
61392	-2398.765	-2586.535	187.7705	1.551401	0.3921942	4.975653
61398	-2389.223	-2576.673	187.4498	1.670446	0.5188483	4.963144
61404	-2393.515	-2579.942	186.427	1.322277	0.4505185	5.782817
61410	-2382.99	-2568.508	185.5172	1.255299	0.6341806	6.15848
61416	-2385.656	-2570.419	184.7631	1.243703	0.6473187	6.564109
61422	-2381.92	-2569.315	187.3944	1.210085	0.5359175	5.234003
61428	-2400.419	-2584.922	184.5026	1.152251	0.5771654	6.808675
61434	-2393.806	-2580.896	187.0897	1.366546	0.4250187	5.420081
61440	-2394.327	-2579.125	184.7978	1.336304	0.6518445	6.491833
61446	-2395.857	-2581.139	185.2818	1.212613	0.4243249	6.491833
61452	-2385.235	-2572.766	187.5311	1.548753	0.3828121	5.12024
61458	-2396.354	-2583.948	187.5942	1.665378	0.8520365	4.636763
61464	-2398.25	-2587.852	189.6023	1.58381	0.8520365	3.538283
61470	-2389.353	-2578.105	188.7519	1.58381	0.5257603	4.275261
61476	-2384.986	-2573.453	188.4662	1.624637	0.4575031	4.478024
61482	-2382.286	-2568.939	186.6529	1.348525	0.4148479	5.680412
61488	-2384.124	-2568.549	184.4254	1.155899	0.4757365	6.935704
61494	-2395.443	-2579.8	184.3567	1.199099	0.3024723	7.134143
61500	-2384.744	-2572.755	188.0113	1.290174	0.2993967	5.096729
61506	-2383.202	-2571.504	188.302	1.244488	0.2993967	4.960694
61512	-2387.651	-2576.194	188.5436	1.413157	0.3716265	4.644181
61518	-2388.664	-2578.085	189.4214	1.573938	0.4867427	3.936086
61524	-2383.565	-2572.742	189.1767	1.77639	0.559617	3.893332
61530	-2390.852	-2581.634	190.7818	1.803539	0.4982439	2.994839
61536	-2383.589	-2573.963	190.3745	1.662866	0.3360464	3.499667
61542	-2377.293	-2565.636	188.3433	1.352984	0.4276554	4.729472
61548	-2378.293	-2566.843	188.5507	1.43692	0.5109551	4.485197
61554	-2384.635	-2573.016	188.3808	1.461444	0.746816	4.379005
61560	-2397.135	-2584.832	187.6967	1.261577	0.4363945	5.131259
61566	-2377.396	-2565.062	187.6654	1.255625	0.4572108	5.131259
61572	-2382.693	-2570.176	187.4831	1.400863	0.5896133	5.03386
61578	-2396.495	-2577.944	181.4491	1.046705	0.3919434	8.66639
61584	-2408.65	-2591.793	183.1432	1.219973	0.2409277	7.855067
61590	-2400.001	-2589.258	189.2569	1.365582	0.3314078	4.317083
61596	-2396.922	-2585.389	188.4672	1.50994	0.7606477	4.293121
61602	-2397.071	-2578.395	181.3244	1.032751	0.3445565	8.791176
61608	-2403.572	-2589.544	185.9721	1.340517	0.2875145	6.203423
61614	-2397.418	-2585.571	188.1529	1.314887	0.3814515	4.906256
61620	-2390.601	-2577.95	187.3487	1.456244	0.3816768	5.273575
61626	-2412.659	-2602.097	189.4382	1.614816	0.498391	3.891908
61632	-2395.411	-2584.527	189.1163	1.600863	0.4059461	4.177261
61638	-2393.457	-2581.048	187.5907	1.437182	0.2514507	5.313401
61644	-2389.158	-2576.316	187.1585	1.25688	0.3719136	5.499073
61650	-2392.356	-2577.354	184.998	1.212349	0.3958509	6.674748
61656	-2395.407	-2577.909	182.5022	1.356234	0.3958509	7.937337
61662	-2400.963	-2584.574	183.6114	1.164043	0.2695798	7.595142
61668	-2393.318	-2579.372	186.0538	1.372411	0.4618874	5.948433
61674	-2392.86	-2578.914	186.0538	1.494234	0.3957368	5.948433
61680	-2392.729	-2579.141	186.4119	1.378261	0.3325732	5.88707
61686	-2399.367	-2586.816	187.4494	1.486122	0.6649527	4.946217
61692	-2389.657	-2576.92	187.263	1.571701	0.3206821	5.328034
61698	-2398.385	-2583.745	185.3605	1.24627	0.4373984	6.417964
61704	-2397.585	-2577.528	179.9427	1.231556	0.4722003	9.288298
61710	-2378.412	-2560.293	181.8816	1.137981	0.4722003	8.309978
61716	-2381.808	-2567.42	185.612	1.31978	0.7306454	6.002007
61722	-2379.837	-2566.832	186.9951	1.497269	0.481996	5.344526
61728	-2395.373	-2583.77	188.3969	1.386291	0.2130733	4.953149
61734	-2390.073	-2576.895	186.8218	1.475521	0.4946361	5.440349
61740	-2389.851	-2576.634	186.7829	1.430198	0.345314	5.640515
61746	-2379.54	-2567.893	188.3536	1.444261	0.345314	4.763619
61752	-2389.726	-2577.255	187.5293	1.439032	0.3080378	5.270042
61758	-2401.475	-2585.619	184.1441	1.163979	0.2511051	7.334929
61764	-2397.651	-2583.77	186.1197	1.3255	0.7007917	5.742271
61770	-2395.194	-2580.416	185.222	1.382815	0.2713045	6.608773
61776	-2397.58	-2584.04	186.4593	1.478838	0.6239968	5.528913
61782	-2394.978	-2581.498	186.5202	1.547768	0.5665377	5.50374
61788	-2391.737	-2578.364	186.627	1.590848	0.7314454	5.295886
61794	-2383.726	-2573.387	189.6608	1.662118	0.7314454	3.542235
61800	-2388.502	-2578.794	190.2917	1.684802	0.3822673	3.479247
61806	-2384.74	-2570.313	185.5736	1.344726	0.7214184	6.015671
61812	-2371.621	-2558.414	186.7934	1.344726	0.3513761	5.67457
61818	-2403.127	-2587.165	184.0383	1.301514	0.2882351	7.268198
61824	-2390.344	-2574.165	183.8216	1.176457	0.4556177	7.268198
61830	-2415.931	-2597.877	181.9458	1.141135	0.4842378	8.263252
61836	-2399.295	-2581.393	182.0981	1.083117	0.4306587	8.263252
61842	-2415.23	-2598.948	183.7175	1.341302	0.4689381	7.223094
61848	-2396.086	-2580.539	184.4533	1.282719	0.4689381	6.858624
61854	-2408.034	-2594.33	186.296	1.437624	0.5084689	5.737323
61860	-2390.271	-2575.681	185.411	1.371019	0.4446188	6.315818
61866	-2404.868	-2589.519	184.6512	1.606603	0.4836299	6.563141
61872	-2405.098	-2590.707	185.6087	1.378018	0.6156996	6.056035
61878	-2396.007	-2584.496	188.4897	1.474428	0.3258546	4.694258
61884	-2399.747	-2587.338	187.5912	1.928328	0.572024	4.694258
61890	-2396.263	-2584.445	188.1819	1.633557	0.4714794	4.619036
61896	-2407.208	-2591.758	184.5506	1.533776	0.5336002	6.612766
61902	-2412.617	-2601.199	188.582	1.715392	0.5431226	4.281458
61908	-2409.364	-2596.048	186.6842	1.471324	0.6186307	5.413463
61914	-2393.128	-2578.978	185.8504	1.538258	0.7245504	5.75653
61920	-2396.479	-2584.895	188.4155	1.491482	0.4267881	4.612348
61926	-2404.684	-2591.326	186.6416	1.486771	0.4544561	5.571116
61932	-2403.659	-2590.285	186.6261	1.50456	0.2860788	5.758963
61938	-2403.438	-2590.961	187.5229	1.484521	0.4133444	5.127659
61944	-2402.804	-2589.563	186.7589	1.454184	0.5873101	5.406723
61950	-2409.123	-2592.019	182.896	1.397431	0.4730368	7.629652
61956	-2417.606	-2602.38	184.7738	1.337572	0.3621321	6.764649
61962	-2414.556	-2599.414	184.8575	1.438706	0.3807832	6.644346
61968	-2411.413	-2590.609	179.1963	1.203952	0.4026612	9.763351
61974	-2400.58	-2587.549	186.9691	1.698919	0.8783212	4.950648
61980	-2404.818	-2592.286	187.4679	1.594721	0.3873819	5.12476
61986	-2391.412	-2578.608	187.1958	1.365646	0.5708701	5.228044
61992	-2404.814	-2591.306	186.4921	1.727449	0.7319538	5.294562
61998	-2389.9	-2578.716	188.8163	1.705421	0.4352889	4.25715
62004	-2398.239	-2588.147	189.9087	1.833702	0.2553976	3.780895
62010	-2412.788	-2599.893	187.1048	1.747687	0.4643644	5.162279
62016	-2404.604	-2593.59	188.9855	1.716464	0.5987331	4.003738
62022	-2387.991	-2577.25	189.2592	1.657122	0.4982648	3.970289
62028	-2408	-2598.043	190.0433	1.879021	0.4509708	3.435553
62034	-2400.104	-2587.879	187.775	1.366218	0.3642977	5.106939
62040	-2396.93	-2586.797	189.8671	1.594352	0.759411	3.441133
62046	-2390.121	-2580.012	189.8911	1.584309	0.759411	3.432961
62052	-2394.266	-2585.724	191.4579	1.799154	0.759411	2.353356
62058	-2384.176	-2575.595	191.4194	1.837625	0.759411	2.353356
62064	-2388.075	-2579.279	191.2039	1.837625	0.8611394	2.414391
62070	-2392.759	-2584.345	191.5859	1.834564	0.7228268	2.278219
62076	-2388.531	-2579.98	191.4489	1.851389	0.7228268	2.354887
62082	-2394.527	-2586.128	191.6011	1.808432	0.6361164	2.358768
62088	-2386.091	-2577.436	191.3448	1.858191	0.7972172	2.358768
62094	-2384.993	-2576.918	191.9245	1.76817	0.3822884	2.444664
62100	-2400.457	-2592.031	191.5736	1.68703	0.6454088	2.444664
62106	-2407.35	-2598.15	190.7998	1.87881	0.4158272	3.026
62112	-2401.365	-2584.354	182.9896	1.249552	0.2905746	7.854541
62118	-2411.853	-2591.661	179.8072	1.012502	0.3606897	9.58624
62124	-2402.667	-2585.781	183.1143	1.127649	0.6565592	7.507327
62130	-2395.609	-2577.605	181.9958	0.9120715	0.4090306	8.430045
62136	-2389.163	-2576.201	187.0376	1.281852	0.6310595	5.313396
62142	-2374.893	-2557.143	182.2502	1.179136	0.6245034	7.965509
62148	-2381.72	-2567.366	185.6464	1.176363	0.3348249	6.410968
62154	-2386.922	-2567.246	180.3243	1.36273	0.1908436	9.352055
62160	-2387.427	-2567.548	180.1208	0.8717832	0.4189754	9.43462
62166	-2380.06	-2562.579	182.5184	1.00164	0.4848395	8.031965
62172	-2385.615	-2568.598	182.9823	1.119491	0.2887232	7.930189
62178	-2376.852	-2561.331	184.479	1.106447	0.3313139	7.083309
62184	-2387.733	-2571.726	183.9923	1.475856	0.2871997	7.200566
62190	-2396.874	-2582.742	185.8681	1.389722	0.2030567	6.355055
62196	-2402.308	-2588.155	185.8467	1.278243	0.3735401	6.202869
62202	-2392.983	-2578.569	185.5863	1.234592	0.3611453	6.381777
62208	-2411.187	-2592.063	180.8757	1.151014	0.4122131	8.894432
62214	-2394.232	-2578.574	184.3419	1.258501	0.4122131	6.986898
62220	-2431.132	-2610.929	179.7971	0.8723177	0.4924724	9.536751
62226	-2414.631	-2592.625	177.9935	0.9465144	0.3625154	10.57322
62232	-2424.507	-2611.645	187.137	1.297873	0.4240823	5.432754
62238	-2394.306	-2580.562	186.2557	1.237553	0.3551531	6.022874
62244	-2396.185	-2584.186	188.0002	1.439558	0.289409	5.033059
62250	-2393.016	-2576.732	183.716	1.380763	0.4629319	7.208318
62256	-2401.932	-2589.393	187.4608	1.344723	0.4194726	5.233002
62262	-2402.626	-2587.711	185.0849	1.159976	0.4798067	6.57364
62268	-2397.503	-2581.746	184.2423	1.167121	0.3999532	7.102281
62274	-2400.384	-2582.306	181.9219	1.027929	0.4409801	8.376359
62280	-2389.421	-2567.586	178.1645	0.9526453	0.2732446	10.58575
62286	-2387.472	-2570.388	182.916	0.9550174	0.3569478	7.972313
62292	-2394.786	-2577.543	182.7565	1.151294	0.3569478	7.952663
62298	-2394.238	-2576.491	182.2532	1.245208	0.4844494	8.043855
62304	-2390.455	-2580.427	189.9717	1.492155	0.4844494	3.668613
62310	-2388.665	-2576.352	187.6872	1.306397	0.4218634	5.126461
62316	-2389.674	-2578.929	189.2554	1.517621	0.4411108	4.108437
62322	-2392.936	-2582.559	189.623	1.608396	0.3919062	3.899271
62328	-2390.166	-2579.906	189.7404	1.541663	0.4724635	3.785382
62334	-2390.132	-2579.171	189.0397	1.633841	0.4121393	4.19537
62340	-2390.202	-2576.949	186.747	1.228866	0.2579801	5.881747
62346	-2387.304	-2576.536	189.2319	1.517277	0.397178	4.168672
62352	-2393.802	-2582.792	188.9899	1.53557	0.583224	4.117387
62358	-2390.897	-2578.468	187.571	1.471149	0.3812818	5.142791
62364	-2378.337	-2565.065	186.7274	1.381671	0.4556794	5.580578
62370	-2389.015	-2574.774	185.7587	1.331943	0.4978819	6.098055
62376	-2388.058	-2576	187.9422	1.488673	0.6038923	4.717566
62382	-2392.006	-2580.977	188.9714	1.589542	0.3271951	4.357067
62388	-2368.167	-2554.381	186.2139	1.343147	0.3198428	6.029644
62394	-2383.469	-2571.986	188.5169	1.424745	0.4941345	4.526677
62400	-2383.965	-2572.116	188.1503	1.452159	0.5209227	4.692299
62406	-2380.435	-2568.175	187.7398	1.458964	0.3893826	5.047093
62412	-2382.668	-2571.038	188.3705	1.583379	0.533611	4.483752
62418	-2382.612	-2568.365	185.7537	1.378049	0.533611	6.044139
62424	-2394.326	-2580.806	186.4798	1.32242	0.2673086	5.963668
62430	-2387.656	-2575.167	187.5116	1.632461	0.6174016	4.866844
62436	-2385.446	-2572.059	186.6135	1.621882	0.3211301	5.657141
62442	-2384.871	-2568.22	183.3492	0.9966905	0.3632142	7.711791
62448	-2408.342	-2591.73	183.388	1.098528	0.3940536	7.60354
62454	-2395.108	-2580.263	185.1548	1.09582	0.5333428	6.523054
62460	-2386.077	-2569.934	183.8574	1.164302	0.3844574	7.32683
62466	-2391.009	-2574.732	183.7228	1.29891	0.3844574	7.32683
62472	-2398.468	-2583.945	185.4776	1.277721	0.3266837	6.457134
62478	-2391.827	-2580.738	188.9106	1.413692	0.2809443	4.550606
62484	-2395.326	-2581.022	185.696	1.41401	0.6132742	5.99071
62490	-2387.039	-2573.213	186.174	1.317896	0.3232493	6.061011
62406	-2479.79	-2662.553	182.7629	1.259625	0.5278563	7.726048
62412	-2391.899	-2577.673	185.7744	1.243076	0.5186723	6.11936
62418	-2406.742	-2593.363	186.6215	1.395059	0.5186723	5.573073
62424	-2399.377	-2586.07	186.6933	1.379304	0.2874274	5.788985
62430	-2400.451	-2588.413	187.962	1.564789	0.2874274	4.987343
62436	-2386.27	-2574.952	188.6818	1.433423	0.4270228	4.495144
62442	-2396.838	-2584.293	187.4554	1.268884	0.4270228	5.270162
62448	-2394.517	-2582.739	188.2214	1.320546	0.4270228	4.816297
62454	-2379.22	-2566.381	187.1604	1.338189	0.5444156	5.285121
62460	-2395.385	-2580.876	185.4916	1.297627	0.3565035	6.404146
62466	-2408.264	-2593.878	185.6139	1.524525	0.54148	6.033756
62472	-2405.277	-2592.746	187.4691	1.513093	0.4078649	5.147344
62478	-2397.802	-2583.931	186.1285	1.50143	0.4078649	5.890961
62484	-2399.129	-2586.571	187.4414	1.494366	0.4400887	5.139977
62490	-2377.873	-2564.646	186.7734	1.411432	0.4400887	5.55419
62496	-2401.486	-2587.584	186.0982	1.315639	0.4400887	5.976352
62502	-2409.172	-2591.077	181.9046	1.077959	0.3481253	8.455212
62508	-2385.465	-2567.396	181.9311	1.051409	0.3481253	8.455212
62514	-2389.787	-2571.838	182.0516	0.9308984	0.3481253	8.455212
62520	-2402.102	-2589.462	187.3593	1.341519	0.3326247	5.387323
62526	-2411.64	-2600.74	189.0999	1.487499	0.6367294	4.038235
62532	-2406.4	-2589.625	183.2247	1.313297	0.2236831	7.786904
62538	-2395.034	-2582.497	187.4633	1.313297	0.5070832	5.164363
62544	-2411.521	-2597.397	185.8757	1.327373	0.5070832	6.028526
62550	-2407.173	-2591.545	184.3713	1.03517	0.5070832	7.0016
62556	-2401.495	-2585.802	184.3072	1.263486	0.4134901	7.0016
62562	-2402.073	-2586.199	184.1263	1.444455	0.4134901	7.0016
62568	-2395.19	-2579.484	184.2936	1.200603	0.4216131	7.034621
62574	-2406.075	-2589.742	183.6672	1.538438	0.5974373	7.034621
62580	-2404.991	-2590.556	185.5644	1.329676	0.5974373	6.120853
62586	-2387.739	-2571.799	184.0597	1.266697	0.3239461	7.231244
62592	-2390.728	-2574.928	184.1992	1.266697	0.264908	7.231244
62598	-2383.511	-2569.67	186.159	1.389042	0.6617006	5.714364
62604	-2390.085	-2570.483	180.3982	1.042345	0.366981	9.25161
62610	-2400.977	-2582.931	181.9541	0.8949455	0.529832	8.350036
62616	-2397.992	-2580.452	182.4601	0.8949455	0.2717231	8.350036
62622	-2406.033	-2582.892	176.859	0.96992	0.3011576	11.22574
62628	-2410.469	-2592.613	182.1441	0.8261486	0.3945858	8.411652
62634	-2411.084	-2591.333	180.2494	0.898892	0.2687686	9.52281
62640	-2395.946	-2575.361	179.4151	1.250339	0.5109082	9.52281
62646	-2396.123	-2582.187	186.0643	1.255821	0.5109082	5.961254
62652	-2404.832	-2594.075	189.2432	1.660393	0.426609	4.049089
62658	-2385.096	-2574.568	189.4725	1.462036	0.426609	4.031425
62664	-2393.087	-2578.245	185.1581	1.275431	0.4339662	6.515189
62670	-2406.108	-2591.409	185.3013	1.260709	0.3673127	6.515189
62676	-2398.361	-2585.499	187.1384	1.341242	0.4671706	5.365559
62682	-2396.414	-2582.116	185.7023	1.341242	0.3036061	6.329057
62688	-2381.05	-2567.013	185.9634	1.201174	0.3036061	6.263363
62694	-2381.054	-2564.923	183.869	1.256982	0.4075525	7.246817
62700	-2376.49	-2558.045	181.5556	1.199021	0.4576011	8.464366
62706	-2383.288	-2565.025	181.737	1.017591	0.4576011	8.464366
62712	-2377.064	-2560.08	183.0158	1.011921	0.4576011	7.786045
62718	-2398.509	-2578.415	179.906	1.074489	0.520451	9.348302
62724	-2393.44	-2574.84	181.3995	1.13392	0.2504546	8.815035
62730	-2384.831	-2568.419	183.5886	1.091061	0.2504546	7.672501
62736	-2391.395	-2575.513	184.1183	1.173201	0.413248	7.152054
62742	-2394.604	-2578.738	184.1343	1.141787	0.413248	7.160324
62748	-2381.196	-2564.576	183.3795	1.141787	0.413248	7.565264
62754	-2384.941	-2567.586	182.6452	0.9685546	0.334341	8.135038
62760	-2382.258	-2564.731	182.4729	1.024693	0.3194965	8.214346
62766	-2400.464	-2580.985	180.5205	0.9336768	0.3194965	9.298033
62772	-2406.337	-2593.04	186.703	1.405193	0.3360489	5.708937
62778	-2390.962	-2577.205	186.2422	1.459426	0.5616417	5.708937
62784	-2393.015	-2571.464	178.4487	0.9910995	0.3003666	10.38218
62790	-2385.111	-2568.271	183.16	1.115656	0.3768244	7.73454
62796	-2406.241	-2589.552	183.311	0.9646167	0.3768244	7.73454
62802	-2403.989	-2587.228	183.2385	1.138774	0.4750001	7.582982
62808	-2395.041	-2578.635	183.5935	1.048091	0.3371461	7.582982
62814	-2391.471	-2573.943	182.4719	1.05681	0.3562096	8.15557
62820	-2393.057	-2575.58	182.5229	1.005874	0.3562096	8.15557
62826	-2386.024	-2565.405	179.3804	1.005874	0.3562096	9.819636
62832	-2393.248	-2572.711	179.4632	0.9230984	0.3562096	9.819636
62838	-2398.003	-2578.394	180.3905	1.005683	0.3562096	9.286809
62844	-2386.495	-2567.82	181.3253	1.02824	0.3363373	8.802431
62850	-2393.48	-2574.578	181.0988	1.1015	0.3035909	8.922414
62856	-2389.404	-2574.319	184.9151	1.336576	0.2962167	6.767089
62862	-2381.815	-2566.886	185.0709	1.180776	0.2962167	6.767089
62868	-2381.821	-2567.766	185.9449	1.301814	0.3822428	6.127127
62874	-2381.415	-2567.497	186.0822	1.16455	0.3822428	6.127127
62880	-2377.928	-2561.756	183.8275	1.178233	0.3822428	7.337772
62886	-2381.618	-2565.408	183.7893	1.154271	0.4678341	7.286031
62892	-2395.833	-2579.622	183.7884	1.002399	0.4678341	7.367984
62898	-2385.726	-2569.717	183.9909	1.041443	0.3420097	7.367984
62904	-2385.192	-2570.246	185.054	1.020911	0.3420097	6.807093
62910	-2392.086	-2577.152	185.0659	1.009074	0.3420097	6.807093
62916	-2394.018	-2579.011	184.9926	1.082299	0.3420097	6.807093
62922	-2388.054	-2572.9	184.8463	1.232555	0.340182	6.807093
62928	-2394.987	-2582.045	187.0583	1.232555	0.340182	5.60382
62934	-2405.189	-2592.538	187.3491	1.404545	0.340182	5.349191
62940	-2392.05	-2583.863	191.813	2.438737	1.403848	1.21628
62946	-2397.327	-2588.98	191.6528	2.438737	1.403848	1.347661
62952	-2399.854	-2584.339	184.485	1.472152	0.3612465	6.848826
62958	-2402.806	-2591.973	189.1663	1.472152	0.4705805	4.155424
62964	-2403.054	-2593.475	190.4209	1.693738	0.4705805	3.302492
62970	-2400.229	-2590.968	190.7383	1.693738	0.4705805	3.114453
62976	-2394.84	-2582.53	187.6905	1.455859	0.4623965	5.00122
62982	-2415.866	-2601.723	185.8568	1.272606	0.3586264	6.217046
62988	-2403.213	-2588.136	184.9229	1.219797	0.3891457	6.718359
62994	-2397.511	-2581.018	183.5076	1.097816	0.2634798	7.694327
63000	-2395.79	-2579.101	183.3109	1.050498	0.3716053	7.694327
63006	-2410.536	-2593.548	183.012	1.120906	0.325816	7.868117
63012	-2416.223	-2599.121	182.8986	1.234395	0.325816	7.868117
63018	-2405.153	-2588.164	183.0117	1.121198	0.325816	7.868117
63024	-2406.483	-2589.419	182.936	0.9294875	0.4701227	7.86108
63030	-2401.426	-2584.038	182.6122	1.02726	0.2288881	8.258302
63036	-2400.737	-2583.126	182.3889	1.237507	0.2336699	8.258302
63042	-2392.594	-2577.066	184.472	1.269296	0.306964	7.028749
63048	-2404.078	-2588.713	184.6351	1.241534	0.2515801	7.028749
63054	-2396.206	-2582.984	186.7786	1.241534	0.3136388	5.784276
63060	-2389.6	-2577.836	188.2359	1.241534	0.4144295	4.86535
63066	-2379.072	-2567.602	188.5302	1.397063	0.4144295	4.613887
63072	-2379.999	-2565.694	185.6952	1.358785	0.2538736	6.389389
63078	-2391.665	-2575.045	183.38	1.085485	0.2538736	7.782224
63084	-2395.062	-2573.941	178.8791	0.9276801	0.2538736	10.24929
63090	-2388.334	-2573.204	184.8693	1.202421	0.3369669	6.814693
63096	-2388.507	-2573.302	184.7949	1.202421	0.372544	6.814693
63102	-2383.842	-2568.835	184.993	1.403005	0.3404106	6.635513
63108	-2402.828	-2589.46	186.6315	1.328834	0.258682	5.889299
63114	-2386.649	-2573.354	186.7048	1.226382	0.5146441	5.623506
63120	-2381.466	-2565.439	183.9735	1.204484	0.2444295	7.414121
63126	-2377.332	-2565	187.6683	1.39836	0.2933535	5.234554
63132	-2392.118	-2579.652	187.5343	1.39836	0.3536777	5.234554
63138	-2396.452	-2583.007	186.5553	1.39836	0.3246153	5.807237
63144	-2404.749	-2592.861	188.1117	1.282101	0.3165878	5.02364
63150	-2386.329	-2568.815	182.4869	1.282101	0.3291829	8.058335
63156	-2390.086	-2576.04	185.9543	1.246448	0.3562175	6.180959
63162	-2403.08	-2581.89	178.8095	0.9090425	0.3562175	10.17108
63168	-2390.66	-2569.444	178.7832	0.9510355	0.3487395	10.17108
63174	-2385.33	-2566.261	180.9311	1.125699	0.333763	8.962625
63180	-2390.46	-2571.532	181.0719	0.9848251	0.333763	8.962625
63186	-2386.904	-2571.467	184.5633	1.134357	0.333763	7.020046
63192	-2399.458	-2584.204	184.7459	1.134357	0.333763	6.921676
63198	-2397.098	-2581.673	184.5754	1.190584	0.3890798	6.921676
63204	-2389.585	-2574.08	184.4951	1.311234	0.3689108	6.921676
63210	-2397.515	-2582.13	184.615	1.191327	0.3689108	6.921676
63216	-2397.178	-2581.595	184.4164	1.127502	0.3689108	7.063027
63222	-2388.08	-2573.862	185.7824	1.127502	0.3808922	6.311734
63228	-2399.584	-2578.959	179.375	0.9574895	0.3808922	9.821483
63234	-2396.086	-2575.414	179.3273	0.9574895	0.4053481	9.821483
63240	-2414.791	-2602.117	187.3254	1.387252	0.4053481	5.299063
63246	-2409.436	-2596.694	187.2579	1.225286	0.5381182	5.299063
63252	-2405.079	-2592.229	187.1493	1.333944	0.5381182	5.299063
63258	-2408.811	-2598.466	189.6554	1.482921	0.598164	3.753725
63264	-2395.534	-2585.514	189.9809	1.575024	0.5165553	3.584445
63270	-2401.575	-2591.973	190.3987	1.55753	0.5624078	3.308207
63276	-2405.408	-2596.187	190.7794	1.55753	0.5624078	3.082551
63282	-2402.061	-2590.767	188.7066	1.437378	0.6671499	4.266636
63288	-2400.529	-2589.221	188.6926	1.301387	0.2995691	4.710928
63294	-2400.391	-2588.957	188.5658	1.246774	0.3840929	4.710928
63300	-2408.863	-2592.481	183.6179	1.246774	0.3840929	7.411471
63306	-2400.941	-2586.336	185.3948	1.145386	0.3872049	6.505451
63312	-2405.867	-2590.434	184.5671	1.139243	0.5014555	6.845009
63318	-2398.022	-2582.611	184.5895	1.139243	0.487973	6.845009
63324	-2411.35	-2595.797	184.4473	1.186311	0.487973	6.896336
63330	-2409.154	-2591.653	182.4985	1.184157	0.4058714	8.02079
63336	-2404.527	-2589.471	184.9443	1.158215	0.4741015	6.655925
63342	-2400.361	-2589.075	188.714	2.002922	0.2481283	4.376163
63348	-2399.259	-2582.329	183.0697	1.309018	0.3368436	7.723935
63354	-2401.73	-2587.556	185.8264	1.154624	0.3814052	6.272534
63360	-2392.657	-2577.034	184.3772	1.154624	0.431805	7.004214
63366	-2395.001	-2579.489	184.4882	1.249908	0.3286942	7.004214
63372	-2402.994	-2589.462	186.4681	1.376146	0.346215	5.841476
63378	-2402.517	-2590.978	188.4605	1.382936	0.346215	4.737118
63384	-2392.468	-2579.846	187.3789	1.350725	0.5721102	5.133889
63390	-2400.166	-2587.639	187.4723	1.334556	0.5224065	5.133889
63396	-2383.399	-2570.85	187.4509	1.189827	0.6197788	5.144559
63402	-2387.77	-2571.49	183.72	1.231001	0.6197788	7.154311
63408	-2388.73	-2571.746	183.0155	1.103905	0.559589	7.647771
63414	-2393.636	-2577.832	184.196	1.36754	0.7460748	6.733977
63420	-2381.129	-2566.981	185.852	1.364366	0.4257016	6.098296
63426	-2375.344	-2564.441	189.0967	1.437225	0.5953466	4.102361
63432	-2382.513	-2571.831	189.3181	1.505994	0.7567283	3.812689
63438	-2387.429	-2576.625	189.1956	1.505994	0.7567283	3.883128
63444	-2403.04	-2592.783	189.7434	1.601748	0.7811181	3.493677
63450	-2391.157	-2580.82	189.663	1.601748	0.7811181	3.540518
63456	-2386.919	-2574.737	187.8179	1.5243	0.5328019	4.827141
63462	-2395.951	-2582.408	186.4573	1.499426	0.9083257	5.326553
63468	-2390.388	-2577.186	186.7982	1.499426	0.6642738	5.300176
63474	-2407.266	-2594.604	187.3377	1.520809	0.3327732	5.300176
63480	-2396.742	-2581.465	184.7226	1.268819	0.3327732	6.862882
63486	-2393.494	-2577.933	184.4385	1.347668	0.4361438	6.862882
63492	-2410.136	-2593.097	182.9611	1.156904	0.3364512	7.863681
63498	-2430.85	-2613.302	182.4521	1.141517	0.6434722	7.863681
63504	-2392.906	-2581.1	188.1942	1.291237	0.6068064	4.684673
63510	-2394.459	-2579.093	184.6335	1.247691	0.6068064	6.662936
63516	-2397.583	-2582.31	184.7267	1.270398	0.6068064	6.600271
63522	-2382.419	-2567.727	185.3083	1.270398	0.4693309	6.402505
63528	-2380.123	-2564.519	184.396	1.299102	0.3147953	7.044009
63534	-2381.473	-2565.001	183.5288	1.093003	0.3147953	7.619951
63540	-2384.596	-2568.075	183.4793	1.159856	0.3071797	7.619951
63546	-2382.208	-2568.967	186.7583	1.455167	0.2434512	5.772566
63552	-2377.685	-2562.494	184.809	1.152151	0.4466837	6.758258
63558	-2388.553	-2573.362	184.809	1.152151	0.4466837	6.758258
63564	-2381.856	-2566.503	184.6477	1.152151	0.5433858	6.758258
63570	-2381.984	-2566.875	184.891	1.286441	0.3363958	6.758258
63576	-2385.623	-2564.822	179.1989	1.12652	0.3363958	9.873858
63582	-2391.815	-2571.223	179.408	0.9119923	0.3389219	9.873858
63588	-2387.283	-2567.34	180.0567	0.9266455	0.3849323	9.474029
63594	-2405.62	-2591.537	185.9179	1.35219	0.4676901	6.028131
63600	-2399.402	-2585.32	185.9179	1.35219	0.4676901	6.028131
63606	-2387.396	-2573.504	186.1082	1.205467	0.4676901	6.004366
63612	-2390	-2577.502	187.5021	1.464066	0.3916733	5.173499
63618	-2390.504	-2578.078	187.5741	1.464066	0.7468877	4.829985
63624	-2395.429	-2583.862	188.4335	1.452085	0.5409107	4.515719
63630	-2401.194	-2589.67	188.4762	1.336486	0.5737359	4.528427
63636	-2396.06	-2582.391	186.3309	1.45084	0.4274205	5.787911
63642	-2394.469	-2580.307	185.8385	1.45084	0.4199912	6.064331
63648	-2389.841	-2572.325	182.4841	1.214178	0.4408329	7.977886
63654	-2395.121	-2578.138	183.0175	1.192881	0.4408329	7.704391
63660	-2386.851	-2568.734	181.8829	1.205274	0.2951372	8.461848
63666	-2388.357	-2570.91	182.5524	1.205274	0.2774676	8.1282
63672	-2385.588	-2571	185.4117	1.441887	0.4356714	6.285687
63678	-2395.461	-2581.059	185.5985	1.25511	0.4356714	6.285687
63684	-2397.583	-2580.769	183.186	1.213394	0.3900486	7.654337
63690	-2387.678	-2571.035	183.3568	1.149448	0.3380744	7.654337
63696	-2393.82	-2582.515	188.6941	1.470345	0.3380744	4.567013
63702	-2389.836	-2575.756	185.92	1.470345	0.4977478	5.934729
63708	-2386.041	-2570.393	184.3522	1.136104	0.4977478	6.965837
63714	-2390.708	-2573.993	183.2849	1.182541	0.4272788	7.580088
63720	-2404.311	-2588.14	183.8293	1.251586	0.4272788	7.251186
63726	-2394.916	-2581.699	186.7838	1.290127	0.4272788	5.627951
63732	-2381.486	-2568.215	186.7288	1.302808	0.4506485	5.627951
63738	-2375.081	-2561.464	186.3826	1.220002	0.4191165	5.894309
63744	-2385.99	-2572.108	186.1183	1.19487	0.3262564	6.154729
63750	-2388.297	-2572.986	184.6889	1.318113	0.2973804	6.897607
63756	-2388.994	-2573.313	184.3185	1.148543	0.5926369	6.897607
63762	-2414.612	-2596.548	181.936	1.068725	0.5926369	8.216221
63768	-2401.596	-2583.913	182.3178	1.196253	0.3106405	8.216221
63774	-2390.001	-2572.317	182.3159	1.21216	0.3477839	8.165372
63780	-2408.072	-2597.663	189.591	1.797482	0.408316	3.790815
63786	-2387.772	-2577.475	189.7037	1.691371	0.4048523	3.790815
63792	-2389.01	-2575.018	186.0082	1.3146	0.6148248	5.873293
63798	-2391.15	-2574.925	183.7743	1.168146	0.3791254	7.375053
63804	-2399.975	-2583.711	183.7368	1.205653	0.3791254	7.375053
63810	-2391.206	-2576.373	185.1669	1.407518	0.3811235	6.493439
63816	-2391.613	-2579.373	187.7594	1.538893	0.3717465	5.011336
63822	-2399.486	-2586.546	187.0591	1.538893	0.4261094	5.340817
63828	-2389.237	-2574.319	185.0815	1.327123	0.2651964	6.723045
63834	-2382.457	-2566.322	183.8654	1.327123	0.4801943	7.140889
63840	-2381.111	-2566.91	185.7992	1.197504	0.4412239	6.202423
63846	-2383.604	-2568.569	184.9649	1.234892	0.4412239	6.634591
63852	-2385.175	-2568.505	183.3294	1.097426	0.3551851	7.677388
63858	-2390.374	-2574.213	183.8389	1.145964	0.3575044	7.375912
63864	-2384.531	-2569.862	185.331	1.308164	0.2944551	6.559833
63870	-2375.029	-2557.323	182.2941	1.199633	0.2449289	8.312802
63876	-2373.7	-2558.644	184.9438	1.43604	0.2449289	6.766868
63882	-2390.664	-2577.386	186.7223	1.295501	0.5166518	5.574163
63888	-2404.777	-2591.038	186.2611	1.468688	0.4631657	5.781311
63894	-2389.43	-2578.807	189.3774	1.532012	0.4631657	4.008338
63900	-2393.988	-2579.072	185.0846	1.251559	0.4631657	6.539744
63906	-2385.033	-2569.969	184.9359	1.251559	0.5540459	6.539744
63912	-2375.048	-2564.486	189.4373	1.548154	0.5540459	3.879677
63918	-2380.341	-2569.355	189.0142	1.637598	0.5540459	4.070499
63924	-2392.233	-2580.522	188.2886	1.500913	0.3465863	4.766762
63930	-2392.102	-2579.179	187.0771	1.443385	0.3465863	5.470106
63936	-2383.012	-2568.104	185.0922	1.244778	0.3465863	6.660293
63942	-2383.936	-2568.808	184.8721	1.222144	0.4742253	6.660293
63948	-2383.76	-2568.942	185.182	1.113926	0.2886074	6.752895
63954	-2379.238	-2564.121	184.8827	1.25459	0.3601024	6.752895
63960	-2387.862	-2572.765	184.9029	1.234379	0.3601024	6.752895
63966	-2395.448	-2579.583	184.1356	1.162798	0.3601024	7.204699
63972	-2387.904	-2569.381	181.4769	1.125346	0.4420141	8.560072
63978	-2394.631	-2575.05	180.4182	1.149465	0.4486208	9.102144
63984	-2392.527	-2577.54	185.0128	1.270478	0.4486208	6.582234
63990	-2400.752	-2585.164	184.411	1.28148	0.3654005	6.986857
63996	-2396.125	-2581.978	185.8527	1.28148	0.2932037	6.293094
64002	-2402.573	-2589.251	186.6773	1.402926	0.3479441	5.710301
64008	-2397.912	-2584.202	186.2904	1.677629	0.4037222	5.710301
64014	-2405.789	-2594.084	188.2947	1.584269	0.5245335	4.533964
64020	-2396.534	-2585.041	188.507	1.551896	0.5245335	4.432713
64026	-2393.637	-2580.416	186.7794	1.443362	0.4739057	5.500619
64032	-2387.991	-2576.224	188.2325	1.516687	0.3672468	4.765321
64038	-2386.408	-2574.594	188.186	1.563109	0.3672468	4.765321
64044	-2381.007	-2569.041	188.0337	1.563109	0.3672468	4.850308
64050	-2387.789	-2574.116	186.3264	1.2708	0.6493454	5.69664
64056	-2391.806	-2575.535	183.7291	1.225154	0.3690699	7.379592
64062	-2387.415	-2570.996	183.5815	1.078412	0.3254813	7.586795
64068	-2387.723	-2573.155	185.4323	1.163834	0.362169	6.502419
64074	-2386.018	-2573.247	187.2297	1.20281	0.4985617	5.36225
64080	-2389.137	-2570.941	181.8049	0.9058289	0.3772096	8.567793
64086	-2386.318	-2567.802	181.4843	1.081459	0.3772096	8.644758
64092	-2380.428	-2562.014	181.5853	1.143407	0.3015617	8.644758
64098	-2379.101	-2560.728	181.6273	1.141406	0.2846543	8.644758
64104	-2377.779	-2561.333	183.5539	1.141406	0.2846543	7.618274
64110	-2394.671	-2576.094	181.4236	1.064891	0.4175319	8.644279
64116	-2391.992	-2575.28	183.2877	1.064891	0.4175319	7.651251
64122	-2385.064	-2565.686	180.6221	1.04853	0.3647289	9.132368
64128	-2377.664	-2558.448	180.7843	0.8863317	0.3647289	9.132368
64134	-2385.62	-2570.207	184.5862	1.251501	0.3647289	6.909353
64140	-2391.754	-2577.158	185.404	1.282795	0.4232316	6.38862
64146	-2385.627	-2574.718	189.0908	1.484941	0.4232316	4.23906
64152	-2382.328	-2570.823	188.4946	1.484941	0.4604581	4.537662
64158	-2376.708	-2565.353	188.6452	1.334342	0.4604581	4.537662
64164	-2389.057	-2576.064	187.0065	1.357833	0.4604581	5.435553
64170	-2380.392	-2564.79	184.3976	1.208105	0.4399061	6.956518
64176	-2387.225	-2571.538	184.3128	1.208105	0.4886013	6.956518
64182	-2395.648	-2583.282	187.634	1.562971	0.5427969	4.899333
64188	-2398.669	-2584.132	185.4629	1.35524	0.3158783	6.436174
64194	-2390.098	-2574.559	184.461	1.188611	0.3777128	6.996562
64200	-2386.24	-2573.186	186.946	1.188611	0.3777128	5.646907
64206	-2390.425	-2576.742	186.3168	1.163282	0.3777128	6.004903
64212	-2383.769	-2566.848	183.0795	1.163282	0.6471646	7.513784
64218	-2381.904	-2561.884	179.9804	1.097409	0.3243828	9.491048
64224	-2368.996	-2551.585	182.5886	1.065095	0.6596618	7.819758
64230	-2380.866	-2563.406	182.54	1.177913	0.6135702	7.819758
64236	-2389.074	-2573.928	184.8542	1.230623	0.4028182	6.735299
64242	-2392.207	-2578.66	186.453	1.588163	0.7415289	5.386336
64248	-2400.229	-2587.532	187.3033	1.771438	0.7415289	4.813324
64254	-2397.513	-2584.816	187.3033	1.771438	0.7415289	4.813324
64260	-2400.203	-2587.307	187.1043	1.771438	0.7749379	4.901368
64266	-2393.891	-2581.816	187.925	1.478781	0.7749379	4.606333
64272	-2391.895	-2580.129	188.2341	1.600423	0.473592	4.606333
64278	-2393.135	-2579.233	186.0979	1.485908	0.3982007	5.926273
64284	-2380.675	-2568.225	187.5506	1.579253	0.5616105	4.920534
64290	-2399.49	-2587.545	188.0558	1.48073	0.3359434	4.920534
64296	-2401.547	-2589.27	187.7237	1.626897	0.4293692	4.920534
64302	-2402.158	-2591.646	189.4882	2.131702	0.2909451	3.800739
64308	-2403.378	-2592.502	189.1243	1.944826	0.2160069	4.226657
64314	-2385.5	-2574.418	188.9178	2.151295	0.2160069	4.226657
64320	-2392.362	-2580.932	188.5697	2.151295	0.3602216	4.226657
64326	-2394.938	-2583.862	188.9243	1.596819	0.3602216	4.339764
64332	-2415.114	-2604.525	189.4103	1.748069	0.7103193	3.653453
64338	-2396.589	-2587.771	191.1825	1.771153	0.621069	2.65679
64344	-2395.916	-2587.338	191.422	1.74332	0.621069	2.525613
64350	-2395.001	-2582.823	187.8225	1.74332	0.6219689	4.627498
64356	-2394.024	-2583.687	189.6637	1.808984	0.3555836	3.802782
64362	-2401.745	-2591.4	189.6549	1.78246	0.372793	3.802782
64368	-2398.715	-2585.685	186.9706	1.546932	0.7239188	5.135382
64374	-2397.39	-2584.721	187.3316	1.413762	0.2723261	5.439925
64380	-2394.214	-2580.276	186.0624	1.490446	0.4537945	5.887039
64386	-2377.5	-2563.979	186.4789	1.313045	0.3317675	5.887039
64392	-2379.058	-2564.209	185.1501	1.269487	0.4781897	6.480523
64398	-2381.526	-2566.586	185.0596	1.125305	0.4781897	6.607606
64404	-2371.8	-2555.758	183.9585	1.194891	0.355059	7.288233
64410	-2398.571	-2580.785	182.2136	1.178991	0.7383496	7.90442
64416	-2400.59	-2585.481	184.8915	1.228614	0.7631448	6.421405
64422	-2409.086	-2594.02	184.934	1.190002	0.5823134	6.550985
64428	-2394.187	-2579.401	185.2146	1.190002	0.326825	6.646836
64434	-2388.878	-2574.101	185.2234	1.181157	0.326825	6.646836
64440	-2391.637	-2571.985	180.3477	0.9816833	0.326825	9.355354
64446	-2401.952	-2581.929	179.9768	0.8477951	0.6145584	9.355354
64452	-2398.76	-2586.168	187.4071	1.308298	0.4646053	5.23787
64458	-2403.324	-2591.312	187.9875	1.399781	0.568856	4.770851
64464	-2389.509	-2577.735	188.226	1.461212	0.3933635	4.770851
64470	-2387.26	-2575.827	188.5666	1.716295	0.714316	4.152606
64476	-2398.387	-2588.94	190.5532	1.779345	0.4876132	3.156371
64482	-2393.465	-2581.816	188.3509	1.487644	0.3686315	4.713772
64488	-2411.37	-2597.903	186.5323	1.470939	0.5281766	5.572025
64494	-2408.036	-2594.143	186.107	1.573382	0.7603867	5.572025
64500	-2389.649	-2577.595	187.9463	1.573382	0.3322637	4.934374
64506	-2392.692	-2581.682	188.9906	1.573382	0.3322637	4.349104
64512	-2392.29	-2581.052	188.7628	1.739816	0.3611974	4.349104
64518	-2397.765	-2586.929	189.1648	1.924792	0.3611974	4.015743
64524	-2389.507	-2578.116	188.6084	1.695702	0.3611974	4.461048
64530	-2392.47	-2581.056	188.5865	1.717622	0.3611974	4.461048
64536	-2395.521	-2583.69	188.169	1.679193	0.2965708	4.796304
64542	-2388.49	-2577.245	188.7549	1.32872	0.2965708	4.664663
64548	-2393.496	-2582.109	188.6135	1.597762	0.2965708	4.593102
64554	-2412.712	-2598.389	185.6772	1.543401	0.6155409	5.928587
64560	-2391.234	-2578.32	187.0862	1.461538	0.3735792	5.424367
64566	-2386.479	-2575.98	189.5007	1.574217	0.3735792	4.009682
64572	-2384.201	-2571.699	187.4978	1.337839	0.3735792	5.265537
64578	-2386.344	-2570.435	184.0918	1.337839	0.3966735	7.094819
64584	-2388.823	-2572.492	183.6692	1.320578	0.6718918	7.094819
64590	-2383.696	-2569.634	185.9382	1.320578	0.4498831	6.051324
64596	-2398.075	-2584.851	186.7759	1.342407	0.6464284	5.412539
64602	-2393.659	-2580.312	186.6528	1.465514	0.6464284	5.412539
64608	-2415.409	-2601.234	185.8247	1.256451	0.2510251	6.378643
64614	-2405.577	-2595.021	189.4434	1.614299	0.4885454	3.898641
64620	-2407.371	-2597.257	189.8852	1.95915	0.4014845	3.534391
64626	-2407.047	-2595.875	188.8275	1.785838	0.3130648	4.345353
64632	-2403.721	-2592.662	188.9412	1.637092	0.3772087	4.287898
64638	-2393.264	-2579.3	186.0357	1.471025	0.6597979	5.738399
64644	-2410.802	-2597.369	186.5671	1.471025	0.3435973	5.738399
64650	-2391.023	-2578.015	186.9921	1.786571	0.3435973	5.331364
64656	-2397.914	-2582.723	184.8086	1.483083	0.3435973	6.688228
64662	-2407.056	-2588.397	181.3411	1.220287	0.3178487	8.713825
64668	-2406.475	-2588.974	182.4996	1.061942	0.4740153	8.01969
64674	-2397.311	-2581.371	184.0602	1.351489	0.4740153	7.028647
64680	-2380.075	-2562.607	182.532	1.105086	0.4709949	7.982144
64686	-2399.08	-2580.234	181.1543	0.9791755	0.4726998	8.780141
64692	-2402.112	-2583.129	181.0166	0.94475	0.5804097	8.780141
64698	-2402.411	-2584.513	182.1019	1.094732	0.4016905	8.283932
64704	-2396.063	-2577.983	181.92	1.094732	0.5042301	8.283932
64710	-2384.668	-2567.299	182.6304	0.9508657	0.5042301	7.982094
64716	-2390.041	-2570.892	180.8512	1.07081	0.5042301	8.864114
64722	-2384.336	-2570.637	186.3013	1.32864	0.5042301	5.797892
64728	-2394.384	-2580.917	186.5332	1.304851	0.3882611	5.797892
64734	-2379.123	-2564.195	185.0722	1.304851	0.5391801	6.449545
64740	-2384.381	-2569.594	185.2129	1.304851	0.4545572	6.449545
64746	-2385.824	-2570.654	184.8296	1.415886	0.4545572	6.597004
64752	-2393.24	-2577.89	184.6508	1.423612	0.4049612	6.738699
64758	-2391.231	-2576.116	184.885	1.121877	0.4413773	6.738699
64764	-2401.392	-2585.836	184.4438	1.236896	0.6496313	6.738699
64770	-2404.789	-2589.626	184.8364	1.178151	0.4371385	6.738699
64776	-2384.353	-2567.038	182.6841	1.246084	0.4554547	7.840157
64782	-2401.442	-2583.717	182.275	1.203292	0.6632662	7.910774
64788	-2409.328	-2594.139	184.811	1.410212	0.440475	6.623715
64794	-2386.574	-2573.737	187.1628	1.537984	0.440475	5.269589
64800	-2385.482	-2572.629	187.1478	1.491063	0.4841059	5.261708
64806	-2388.918	-2575.136	186.2178	1.599765	0.5791877	5.630812
64812	-2387.805	-2574.288	186.4827	1.342963	0.5737983	5.630812
64818	-2378.79	-2564.397	185.6067	1.572577	0.4479024	6.096552
64824	-2389.131	-2573.173	184.042	1.322461	0.4479024	7.078642
64830	-2398.154	-2581.88	183.7263	1.321139	0.6515125	7.078642
64836	-2383.747	-2568.042	184.2946	1.223379	0.3673665	7.078642
64842	-2395.583	-2581.141	185.5573	1.204537	0.5419966	6.238292
64848	-2389.251	-2576.341	187.0901	1.2092	0.3505458	5.587121
64854	-2394.214	-2581.344	187.1308	1.249573	0.37541	5.514451
64860	-2406.882	-2593.167	186.2852	1.481084	0.4830065	5.74265
64866	-2400.842	-2587.464	186.6219	1.47544	0.3131475	5.74265
64872	-2393.018	-2578.929	185.9118	1.469106	0.4510683	5.983592
64878	-2393.182	-2577.747	184.5649	1.272626	0.4974071	6.777829
64884	-2410.086	-2592.216	182.1302	1.098748	0.3865809	8.28241
64890	-2408.445	-2590.944	182.4993	1.011871	0.2602263	8.28241
64896	-2402.077	-2581.44	179.3627	0.9579888	0.3378515	9.874701
64902	-2399.413	-2578.71	179.2975	0.9069804	0.394618	9.874701
64908	-2397.567	-2579.329	181.7627	1.193578	0.4622084	8.352893
64914	-2390.99	-2572.987	181.9975	1.193578	0.3405663	8.352893
64920	-2397.001	-2579.029	182.0284	0.9875854	0.4288605	8.352893
64926	-2398.667	-2580.646	181.9783	1.055105	0.4194637	8.352893
64932	-2384.207	-2569.773	185.5661	1.222591	0.4194637	6.337157
64938	-2386.182	-2567.593	181.4115	0.9762058	0.4194637	8.695836
64944	-2389.568	-2571.204	181.6359	1.080154	0.2048318	8.785259
64950	-2392.1	-2578.519	186.4191	1.149064	0.6338974	5.724319
64956	-2407.823	-2594.576	186.7529	1.453065	0.2811092	5.724319
64962	-2386.981	-2571.145	184.1643	1.25676	0.2949086	7.216047
64968	-2389.873	-2573.563	183.6902	1.109727	0.6456476	7.216047
64974	-2389.345	-2575.766	186.4214	1.250367	0.6456476	5.658574
64980	-2400.976	-2590.864	189.8876	1.809467	0.6551093	3.382083
64986	-2424.287	-2614.874	190.5874	1.809467	0.3595494	3.259474
64992	-2406.874	-2597.461	190.5874	1.809467	0.3595494	3.259474
64998	-2404.653	-2594.783	190.1297	1.751968	0.504527	3.405792
65004	-2459.546	-2645.668	186.1224	1.394895	0.2487898	6.144826
65010	-2423.588	-2600.131	176.5429	0.8702601	0.5073424	11.23447
65016	-2413.788	-2593.779	179.9908	0.7502075	0.4297742	9.556895
65022	-2390.924	-2578.143	187.2194	1.307447	0.4377551	5.368285
65028	-2403.874	-2590.742	186.8686	1.373083	0.4377551	5.52528
65034	-2395.973	-2579.572	183.5984	0.9256451	0.4178097	7.559211
65040	-2400.908	-2581.376	180.4682	1.081335	0.5017515	9.063537
65046	-2386.28	-2570.263	183.9823	1.222555	0.5017515	7.114838
65052	-2381.768	-2568.114	186.3457	1.260323	0.6964441	5.657219
65058	-2383.139	-2569.975	186.8362	1.211209	0.4552809	5.614819
65064	-2397.933	-2583.708	185.7746	1.346901	0.3986573	6.177781
65070	-2403.086	-2587.958	184.8717	1.287469	0.4495758	6.648476
65076	-2392.8	-2578.813	186.0131	1.212317	0.3715896	6.150354
65082	-2392.195	-2575.645	183.4491	1.202911	0.6186683	7.31577
65088	-2392.08	-2576.551	184.4711	1.300253	0.9983122	6.469796
65094	-2393.567	-2576.976	183.4097	1.357315	0.7886482	7.135273
65100	-2403.275	-2589.104	185.8294	1.53493	0.4015828	6.042444
65106	-2406.15	-2592.084	185.9346	1.410234	0.4609386	5.99376
65112	-2406.775	-2592.013	185.2377	1.229896	0.3677727	6.565819
65118	-2403.878	-2589.628	185.75	1.299736	0.3311563	6.292082
65124	-2388.699	-2574.144	185.4447	1.347375	0.4636064	6.292082
65130	-2389.154	-2574.696	185.542	1.281333	0.5682415	6.182916
65136	-2379.848	-2565.351	185.5033	1.344368	0.5523453	6.182916
65142	-2411.213	-2601.272	190.0594	1.881131	1.054103	2.968266
65148	-2399.175	-2589.157	189.9814	1.857135	1.074965	3.017547
65154	-2405.328	-2595.181	189.8532	1.857135	1.074965	3.094214
65160	-2418.787	-2603.416	184.6289	1.308424	0.4108012	6.806727
65166	-2416.061	-2603.196	187.1347	1.519995	0.4535703	5.282101
65172	-2400.682	-2589.706	189.0234	1.443861	0.3370307	4.397835
65178	-2398.12	-2584.676	186.5557	1.252651	0.271323	5.954847
65184	-2407.987	-2595.236	187.2494	1.331676	0.271323	5.531675
65190	-2403.529	-2590.316	186.7873	1.493905	0.4101748	5.531675
65196	-2401.227	-2587.483	186.2555	1.197976	0.436239	5.958501
65202	-2415.209	-2600.056	184.847	1.385018	0.9552714	6.243599
65208	-2408.178	-2594.733	186.555	1.213199	0.5876336	5.651056
65214	-2384.134	-2571.77	187.6367	1.283596	0.3793565	5.212352
65220	-2386.076	-2575.251	189.1747	1.646961	0.3763862	4.150779
65226	-2403.057	-2590.937	187.8801	1.810543	1.538296	4.047931
65232	-2410.194	-2595.828	185.6338	1.560369	0.5667736	5.982141
65238	-2392.828	-2583.201	190.3729	1.679576	0.5110855	3.299091
65244	-2396.608	-2586.201	189.5929	1.679576	0.7721353	3.542324
65250	-2422.426	-2609.3	186.8744	1.350074	0.4946469	5.480427
65256	-2396.518	-2580.28	183.7623	1.053706	0.5760214	7.261119
65262	-2397.913	-2576.981	179.068	0.9941519	0.202891	10.18917
65268	-2399.657	-2578.331	178.6741	0.8591855	0.4336977	10.18917
65274	-2395.682	-2578.105	182.4229	1.067553	0.3406796	8.193454
65280	-2395.967	-2582.199	186.2315	1.572197	0.6487136	5.583832
65286	-2399.939	-2587.8	187.8612	1.427365	0.3621554	5.027606
65292	-2395.757	-2583.682	187.9246	1.557317	0.4920868	4.786092
65298	-2400.242	-2589.431	189.1886	1.622557	0.4955142	4.033017
65304	-2390.821	-2580.046	189.2249	1.582045	0.5904518	3.950612
65310	-2384.519	-2572.842	188.323	1.541778	0.5904518	4.485149
65316	-2388.889	-2577.221	188.332	1.63158	0.5773259	4.440482
65322	-2396.419	-2586.716	190.297	1.590878	0.3815672	3.531745
65328	-2393.062	-2583.289	190.2269	1.50727	0.6455731	3.367957
65334	-2386.698	-2576.302	189.6033	1.561735	0.6571549	3.690328
65340	-2392.391	-2581.236	188.8456	1.703784	1.310404	3.654639
65346	-2406.348	-2597.165	190.817	1.726742	0.8255391	2.748269
65352	-2411.092	-2601.875	190.783	1.760715	0.8255391	2.748269
65358	-2404.12	-2594.95	190.8296	1.714121	0.8255391	2.748269
65364	-2411.763	-2598.12	186.3574	1.46361	0.4098967	5.784329
65370	-2385.282	-2568.493	183.2118	1.303457	0.6673977	7.352932
65376	-2402.997	-2586.633	183.6366	1.339805	0.3827694	7.352932
65382	-2391.742	-2577.643	185.9005	1.319135	0.3529025	6.174454
65388	-2401.485	-2587.178	185.6928	1.233021	0.5062955	6.180215
65394	-2389.356	-2572.564	183.2083	1.117405	0.3914797	7.692256
65400	-2383.512	-2565.277	181.7652	1.197949	0.3914797	8.418663
65406	-2390.16	-2569.492	179.3322	1.027201	0.330702	9.862504
65412	-2387.677	-2570.457	182.7802	1.134639	0.381006	7.922809
65418	-2396.311	-2580.548	184.2377	1.145734	0.3861568	7.130724
65424	-2385.992	-2570.932	184.9395	1.093511	0.4398436	6.726055
65430	-2377.975	-2562.71	184.7354	1.21662	0.4398436	6.769819
65436	-2388.709	-2574.724	186.0145	1.309963	0.4504605	6.014966
65442	-2397.339	-2582.963	185.6241	1.394205	0.4152869	6.216639
65448	-2396.491	-2587.109	190.6171	1.711424	0.728274	2.949931
65454	-2404.719	-2591.638	186.919	1.534135	0.593325	5.269419
65460	-2371.144	-2557.935	186.7904	1.366863	0.4295127	5.579949
65466	-2388.459	-2574.246	185.7871	1.422147	0.4491175	6.079054
65472	-2387.505	-2573.453	185.9485	1.342722	0.4375406	6.045731
65478	-2392.178	-2581.198	189.0204	1.675537	0.4980847	4.096242
65484	-2387.777	-2576.834	189.057	1.911172	0.4373502	4.001032
65490	-2380.838	-2570.276	189.4378	1.660394	0.3506523	4.023359
65496	-2389.227	-2576.695	187.4677	1.501947	0.3947957	5.168193
65502	-2394.359	-2580.047	185.6881	1.4928	0.5520525	6.001614
65508	-2399.138	-2584.566	185.4279	1.423387	0.72302	6.051152
65514	-2390.779	-2577.528	186.7488	1.565659	0.5645048	5.369668
65520	-2397.225	-2579.85	182.6254	1.272554	0.4388685	7.873212
65526	-2397.688	-2583.872	186.1845	1.392115	0.3286497	6.008312
65532	-2390.949	-2578.339	187.3894	1.392115	0.4730467	5.193238
65538	-2416.071	-2601.208	185.1367	1.438094	0.7119689	6.209342
65544	-2417.893	-2603.491	185.5974	1.226126	0.5366213	6.209342
65550	-2412.903	-2599.416	186.5133	1.571767	1.158043	5.120423
65556	-2404.853	-2592.767	187.9147	1.538727	0.6062179	4.703039
65562	-2404.64	-2588.832	184.1912	1.300696	0.5092834	6.953667
65568	-2392.507	-2577.198	184.6911	1.176647	0.5092834	6.750938
65574	-2388.208	-2570.055	181.8468	1.165124	0.40887	8.374919
65580	-2378.091	-2563.201	185.1103	1.25789	0.5320737	6.460445
65586	-2395.825	-2582.291	186.4663	1.49668	0.4548062	5.661566
65592	-2389.657	-2577.455	187.7975	1.595777	0.4548062	4.871251
65598	-2398.138	-2582.273	184.1347	1.335105	0.7171833	6.80427
65604	-2398.355	-2583.768	185.4133	1.457105	0.4421393	6.270223
65610	-2400.691	-2588.191	187.5003	1.433912	0.4421393	5.138818
65616	-2390.984	-2577.442	186.4582	1.377965	0.2779465	5.930785
65622	-2392.722	-2577.382	184.6597	1.146172	0.330802	6.965221
65628	-2401.931	-2587.193	185.2619	1.205948	0.2502681	6.711733
65634	-2414.679	-2601.237	186.5578	1.269831	0.4901725	5.702442
65640	-2407.315	-2592.513	185.1981	1.420389	0.2104106	6.689599
65646	-2392.712	-2577.625	184.9123	1.345207	0.3586516	6.689599
65652	-2404.909	-2584.834	179.9255	1.144465	0.3523151	9.463417
65658	-2408.277	-2593.107	184.8299	1.151606	0.3564614	6.841067
65664	-2397.183	-2580.639	183.4557	1.106255	0.3244626	7.640427
65670	-2403.091	-2582.008	178.9168	1.057073	0.3353754	10.06006
65676	-2398.707	-2575.786	177.0787	0.8857097	0.4349788	11.01124
65682	-2402.07	-2585.88	183.8106	1.376169	0.5533162	7.080356
65688	-2386.45	-2571.26	184.8108	1.21126	0.4645751	6.708308
65694	-2393.759	-2578.025	184.266	1.435613	0.6244646	6.746314
65700	-2399.342	-2588.052	188.7101	1.429718	0.5203147	4.390939
65706	-2396.659	-2582.801	186.1415	2.014455	0.2390675	5.810446
65712	-2404.918	-2592.257	187.3392	2.01387	0.282398	5.090504
65718	-2396.71	-2580.504	183.7941	1.460038	0.4255299	7.159837
65724	-2380.956	-2567.739	186.7825	1.380778	0.4474326	5.558829
65730	-2394.345	-2582.769	188.4239	1.551148	0.6420289	4.381506
65736	-2393.301	-2583.621	190.3209	1.672362	0.6165964	3.239242
65742	-2382.404	-2572.129	189.7251	1.579028	0.7257458	3.557387
65748	-2388.296	-2577.628	189.3321	1.529592	0.4783478	4.020663
65754	-2386.65	-2573.966	187.3163	1.284526	0.4589092	5.30666
65760	-2388.938	-2571.398	182.4595	0.9996996	0.3390339	8.211972
65766	-2396.673	-2581.728	185.055	1.430795	0.5770578	6.359132
65772	-2401.745	-2582.866	181.1213	1.130147	0.2832379	8.920807
65778	-2395.722	-2582.175	186.4529	1.497677	0.3538894	5.774438
65784	-2386.752	-2573.425	186.6731	1.364104	0.3140698	5.774438
65790	-2383.79	-2570.335	186.5452	1.240736	0.4293354	5.783697
65796	-2383.117	-2566.154	183.0368	1.101533	0.4478722	7.736145
65802	-2377.034	-2563.44	186.4061	1.341034	0.376057	5.860881
65808	-2372.626	-2560.66	188.0341	1.634532	0.3931486	4.781428
65814	-2384.442	-2574.377	189.9346	1.652346	0.479041	3.60254
65820	-2391.768	-2579.898	188.1299	1.826408	0.6378206	4.395422
65826	-2399.668	-2586.403	186.7345	1.726777	0.7064552	5.178921
65832	-2403.817	-2587.726	183.9086	1.149818	0.39159	7.299618
65838	-2404.293	-2591.098	186.8047	1.587721	0.5178566	5.366968
65844	-2408.938	-2597.164	188.2268	1.551122	0.290478	4.84353
65850	-2408.862	-2596.183	187.3213	1.469216	0.290478	5.390743
65856	-2402.641	-2586.291	183.6496	1.218435	0.4335991	7.359181
65862	-2400.445	-2584.138	183.693	1.335277	0.3618017	7.347885
65868	-2405.985	-2590.347	184.3627	1.335277	0.427873	6.918604
65874	-2413.211	-2596.252	183.0411	1.2308	0.3915283	7.721005
65880	-2405.783	-2590.355	184.5721	1.177037	0.4560011	6.863732
65886	-2390.743	-2577.266	186.5234	1.383793	0.5140652	5.637218
65892	-2402.437	-2586.554	184.1167	1.256842	0.5042699	7.02181
65898	-2405.84	-2590.664	184.8244	1.403454	0.5042699	6.560711
65904	-2402.607	-2586.545	183.9381	1.203034	0.4129004	7.233224
65910	-2406.484	-2590.74	184.2562	1.28896	0.4991366	6.93398
65916	-2415.6	-2599.324	183.7237	1.228105	0.5938668	7.17398
65922	-2401.608	-2590.53	188.921	1.477772	0.5659265	4.204092
65928	-2403.678	-2588.378	184.6996	1.303725	0.5659265	6.629591
65934	-2396.465	-2580.07	183.6045	1.358346	0.4669836	7.276452
65940	-2397.355	-2579.729	182.3745	1.285367	0.5988574	7.86211
65946	-2405.441	-2586.479	181.0379	1.079677	0.4220674	8.836531
65952	-2410.126	-2593.52	183.3945	1.134695	0.4220674	7.552205
65958	-2408.276	-2591.615	183.3394	1.062487	0.3857322	7.657585
65964	-2402.01	-2587.647	185.637	1.559764	0.4340789	6.10062
65970	-2395.436	-2580.428	184.9923	1.078767	0.3251709	6.828967
65976	-2404.147	-2587.778	183.6306	1.358697	0.4349975	7.292757
65982	-2387.723	-2574.033	186.3095	1.491852	0.4349975	5.769602
65988	-2386.238	-2574.858	188.6204	1.516398	0.4349975	4.474776
65994	-2398.644	-2585.997	187.3526	1.557062	0.3276649	5.278072
66000	-2387.784	-2571.44	183.6557	1.12742	0.5127091	7.331751
66006	-2377.718	-2565.121	187.4034	1.304737	0.4976616	5.210848
66012	-2388.468	-2571.851	183.3826	1.247875	0.4786767	7.443976
66018	-2387.053	-2570.685	183.6324	1.281747	0.3311188	7.443976
66024	-2392.935	-2577.95	185.0153	1.217463	0.4201409	6.637636
66030	-2389.227	-2571.701	182.4745	1.150473	0.3068348	8.161804
66036	-2397.649	-2579.357	181.7077	1.249614	0.5302309	8.292126
66042	-2392.742	-2578.168	185.4255	1.263869	0.4926918	6.320921
66048	-2383.617	-2567.723	184.1056	1.200761	0.3804425	7.178252
66054	-2379.593	-2564.559	184.9664	1.13508	0.6413619	6.517315
66060	-2380.862	-2566.253	185.3909	1.23458	0.4165964	6.428613
66066	-2383.522	-2568.498	184.976	1.224518	0.3594657	6.719435
66072	-2398.002	-2581.968	183.9652	1.283333	0.3594657	7.232243
66078	-2408.261	-2594.72	186.459	1.416537	0.5643675	5.611265
66084	-2393.729	-2580.421	186.6918	1.246923	0.3562699	5.77822
66090	-2390.394	-2575.521	185.1269	1.233541	0.3422885	6.652566
66096	-2380.956	-2567.73	186.7743	1.229866	0.4625508	5.631541
66102	-2373.949	-2560.19	186.2401	1.506044	0.3292685	5.915041
66108	-2373.94	-2559.742	185.8028	1.094569	0.3464797	6.356928
66114	-2389.767	-2572.137	182.3703	1.147377	0.8620955	7.759518
66120	-2385.223	-2569.969	184.7467	1.190629	0.3674846	6.852614
66126	-2390.633	-2574.783	184.1508	1.187121	0.3578472	7.186023
66132	-2394.479	-2576.817	182.3385	1.008848	0.5474012	8.070069
66138	-2392.582	-2577.196	184.6143	1.096949	0.3153763	7.034621
66144	-2396.262	-2584.421	188.1586	1.5975	0.4804004	4.643734
66150	-2389.313	-2576.227	186.9134	1.298807	0.6018344	5.395541
66156	-2394.559	-2579.505	184.9462	1.127485	0.3857706	6.759248
66162	-2392.387	-2576.071	183.6845	1.24374	0.3068143	7.465591
66168	-2388.063	-2576.634	188.5717	1.602159	0.3150588	4.59024
66174	-2389.507	-2577.356	187.849	1.288184	0.3672652	5.105775
66180	-2386.308	-2573.135	186.8271	1.399524	0.4655867	5.506439
66186	-2395.283	-2581.207	185.925	1.539683	0.4913405	5.89997
66192	-2396.338	-2585.103	188.7656	1.435926	0.4536043	4.419542
66198	-2384.448	-2572.334	187.8865	1.532672	0.4326467	4.878994
66204	-2387.614	-2575.945	188.3313	1.377945	0.2960318	4.874496
66210	-2387.742	-2576.497	188.7553	1.58375	0.6384782	4.178215
66216	-2396.377	-2585.08	188.7039	1.573971	0.6836195	4.178215
66222	-2391.933	-2580.158	188.2254	1.74698	0.9444047	4.178215
66228	-2392.269	-2580.85	188.5813	1.441851	0.4969348	4.478184
66234	-2390.184	-2579.131	188.9471	1.637372	0.6082319	4.062909
66240	-2406.871	-2596.455	189.5841	1.682946	0.5551013	3.7166
66246	-2388.108	-2574.156	186.0487	1.347535	0.6373834	5.815773
66252	-2379.342	-2564.772	185.4298	1.356143	0.621171	6.161156
66258	-2391.037	-2579.297	188.2602	1.493241	0.3208299	4.8182
66264	-2387.141	-2571.609	184.4679	1.397479	0.2554434	7.029414
66270	-2390.387	-2575.444	185.0572	1.122266	0.4484909	6.638543
66276	-2390.827	-2575.208	184.3801	1.349481	0.3705083	6.961273
66282	-2391.418	-2574.401	182.9827	1.076258	0.4350351	7.790963
66288	-2394.53	-2575.996	181.466	1.048924	0.3718007	8.677464
66294	-2384.528	-2566.606	182.078	1.113076	0.3699035	8.320296
66300	-2388.999	-2574.435	185.4357	1.217572	0.3699035	6.462908
66306	-2396.099	-2578.109	182.0106	1.250298	0.3456183	8.310038
66312	-2397.823	-2578.616	180.7925	1.179262	0.4810848	8.85825
66318	-2390.722	-2575.033	184.311	1.317293	0.465116	6.920264
66324	-2411.521	-2598.163	186.642	1.255405	0.4050159	5.747609
66330	-2394.523	-2579.804	185.2819	1.42067	0.3235174	6.489556
66336	-2403.376	-2587.408	184.0318	1.424642	0.5225576	6.961234
66342	-2406.044	-2590.459	184.4149	1.405088	0.2797017	7.021102
66348	-2382.652	-2565.816	183.1641	1.045611	0.3225745	7.830938
66354	-2381.755	-2564.05	182.2954	1.066478	0.3825104	8.215957
66360	-2392.493	-2572.437	179.9442	0.9304217	0.4610818	9.456748
66366	-2381.967	-2561.248	179.281	0.9584255	0.4610818	9.791757
66372	-2383.628	-2567.108	183.4793	1.079251	0.4813174	7.480112
66378	-2385.514	-2568.217	182.7035	1.019011	0.4363233	7.969311
66384	-2389.015	-2574.417	185.402	1.236737	0.4363233	6.401663
66390	-2393.188	-2578.502	185.314	1.216494	0.4987843	6.401663
66396	-2397.332	-2581.062	183.7301	1.202647	0.4335152	7.324587
66402	-2397.955	-2578.041	180.0857	1.056422	0.3481197	9.429943
66408	-2383.738	-2566.186	182.448	0.992217	0.5672364	8.004372
66414	-2376.673	-2558.547	181.874	1.058551	0.4545836	8.372625
66420	-2390.23	-2574.566	184.3363	0.9510494	0.4297441	7.137824
66426	-2377.235	-2560.117	182.8822	1.116391	0.3224024	7.943885
66432	-2391.188	-2576.03	184.842	1.146423	0.4821099	6.710179
66438	-2397.017	-2581.633	184.6156	1.203645	0.5552322	6.737839
66444	-2399.696	-2584.991	185.2946	1.366875	0.5552322	6.281692
66450	-2404.8	-2589.774	184.9747	1.298241	0.3302555	6.713945
66456	-2389.613	-2575.623	186.01	1.075558	0.4684545	6.127917
66462	-2390.681	-2573.158	182.477	1.280366	0.4684545	7.92031
66468	-2399.926	-2582.914	182.9875	1.405395	0.2955313	7.766125
66474	-2410.853	-2594.647	183.7932	1.447331	0.3779914	7.216274
66480	-2386.47	-2570.016	183.5463	1.17452	0.3500888	7.525755
66486	-2407.171	-2592.388	185.2167	1.20822	0.3622045	6.5951
66492	-2397.278	-2584.415	187.137	1.238002	0.430534	5.459219
66498	-2395.257	-2582.9	187.6432	1.305488	0.430534	5.142443
66504	-2394.333	-2582.638	188.3052	1.423065	0.430534	4.708611
66510	-2384.143	-2570.036	185.8927	1.399934	0.3371544	6.152939
66516	-2389.919	-2576.832	186.9131	1.344046	0.3921077	5.563989
66522	-2381.385	-2568.049	186.6644	1.262811	0.522131	5.619091
66528	-2393.324	-2579.721	186.3968	1.319917	0.6654165	5.619091
66534	-2394.093	-2581.267	187.1735	1.344047	0.5100371	5.304931
66540	-2406.115	-2593.588	187.4725	1.626318	0.3442169	5.153673
66546	-2399.115	-2586.326	187.211	1.305975	0.6356365	5.200713
66552	-2390.764	-2579.443	188.6792	1.484502	0.4522897	4.442184
66558	-2386.885	-2575.536	188.6515	1.524173	0.4455525	4.442184
66564	-2395.351	-2582.014	186.6621	1.349807	0.6068044	5.501824
66570	-2381.339	-2570.651	189.3115	1.446431	0.5445412	4.01835
66576	-2385.101	-2573.201	188.0994	1.446431	0.7987405	4.510549
66582	-2374.091	-2563.966	189.875	1.685861	0.6997358	3.427047
66588	-2386.375	-2577.208	190.8332	1.69222	0.6550236	2.889207
66594	-2381.411	-2571.919	190.5087	1.778559	0.5946371	3.083462
66600	-2384.949	-2575.773	190.8242	1.832189	0.4975327	2.952836
66606	-2388.551	-2578.492	189.9412	1.851253	0.7172165	3.277668
66612	-2387.84	-2577.101	189.2613	1.574652	0.7143528	3.836517
66618	-2397.501	-2586.877	189.3766	1.694454	0.8413887	3.612203
66624	-2396.581	-2584.209	187.6287	1.75662	0.9397484	4.512696
66630	-2393.447	-2582.999	189.5515	1.703344	0.7714428	3.553091
66636	-2392.56	-2580.826	188.2662	1.384752	0.5283496	4.658512
66642	-2388.162	-2577.741	189.5788	1.699415	0.8505755	3.485547
66648	-2393.106	-2582.093	188.987	1.662484	0.4337118	4.186323
66654	-2384.59	-2573.168	188.5783	1.531654	0.9891958	4.073799
66660	-2388.235	-2571.75	183.5143	1.371415	0.6527377	7.164716
66666	-2392.676	-2577.077	184.4007	1.218754	0.5100941	6.884209
66672	-2396.721	-2583.515	186.7944	1.340796	0.9217919	5.220005
66678	-2393.08	-2577.415	184.3344	1.340796	0.8285491	6.620353
66684	-2397.774	-2581.054	183.2806	1.203461	0.7443389	7.316279
66690	-2393.322	-2574.99	181.6684	1.063776	0.3688078	8.565397
66696	-2392.335	-2573.301	180.966	1.166875	1.085991	8.375599
66702	-2409.79	-2593.914	184.1238	1.200994	0.3216981	7.234803
66708	-2392.94	-2580.841	187.9018	1.539958	0.6871575	4.647132
66714	-2392.746	-2581.196	188.4505	1.419883	0.5563606	4.510799
66720	-2397.027	-2582.703	185.6768	1.236952	0.4074331	6.281551
66726	-2401.821	-2585.177	183.3556	1.155266	0.6313814	7.381861
66732	-2393.535	-2579.316	185.7815	1.319778	0.651228	5.966439
66738	-2397.173	-2584.501	187.3278	1.444976	0.3950082	5.27685
66744	-2401.449	-2589.549	188.0992	1.581631	0.2996869	4.885539
66750	-2399.576	-2587.753	188.1772	1.551208	0.3804211	4.762085
66756	-2402.948	-2590.794	187.8465	1.468863	0.3447357	5.032975
66762	-2385.516	-2570.551	185.0352	1.307356	0.3452881	6.658755
66768	-2402.898	-2588.738	185.8405	1.456188	0.5115345	5.973486
66774	-2399.996	-2586.697	186.7005	1.418139	0.5595002	5.481744
66780	-2400.387	-2586.682	186.2946	1.254508	0.4747791	5.869143
66786	-2397.388	-2583.427	186.0398	1.461983	0.5029506	5.869143
66792	-2400.851	-2584.024	183.1735	1.089833	0.4009718	7.715768
66798	-2400.114	-2582.841	182.7265	1.021891	0.5588591	7.846683
66804	-2399.245	-2583.191	183.9463	1.234828	0.4385159	7.186305
66810	-2385.562	-2569.257	183.6955	1.073919	0.4385159	7.407272
66816	-2379.539	-2561.031	181.4928	0.9775868	0.3361669	8.740653
66822	-2384.777	-2567.685	182.9072	1.080814	0.3778621	7.887107
66828	-2412.728	-2598.078	185.3503	1.080814	0.3651784	6.588444
66834	-2397.489	-2580.502	183.0136	1.276165	0.5358778	7.576298
66840	-2394.608	-2580.54	185.9323	1.316354	0.3888252	6.118967
66846	-2384.365	-2571.894	187.5288	1.535653	0.5306436	4.983685
66852	-2387.978	-2576.727	188.749	1.587459	0.5355045	4.266075
66858	-2397.326	-2583.941	186.6152	1.723451	0.5012012	5.411553
66864	-2392.086	-2580.705	188.6187	1.544901	0.4677726	4.426907
66870	-2400.785	-2589.618	188.833	1.477375	0.4634765	4.348294
66876	-2401.657	-2590.703	189.0465	1.470319	0.4455287	4.249463
66882	-2386.003	-2574.342	188.3396	1.489215	0.4704119	4.61261
66888	-2386.587	-2576.555	189.9675	1.611477	0.5686333	3.52368
66894	-2380.012	-2570.367	190.3555	1.834391	0.6399117	3.103103
66900	-2385.944	-2575.581	189.6368	1.655831	0.5883644	3.672874
66906	-2384.579	-2573	188.4211	1.483264	0.4897491	4.551746
66912	-2384.517	-2569.019	184.5015	1.503668	0.6241378	6.582475
66918	-2385.031	-2573.647	188.6153	1.628577	0.3608822	4.495331
66924	-2392.821	-2578.694	185.873	1.237323	0.4766265	6.106789
66930	-2396.44	-2580.501	184.0607	1.30843	0.4766265	7.049167
66936	-2383.717	-2566.627	182.9099	0.9974557	0.3729391	7.935446
66942	-2382.529	-2566.814	184.2854	1.18345	0.5257499	6.95176
66948	-2380.274	-2565.272	184.9976	1.101915	0.4249523	6.704858
66954	-2380.697	-2567.024	186.3263	1.234019	0.41983	5.91667
66960	-2386.801	-2568.487	181.6861	1.12541	0.4158568	8.474453
66966	-2391.605	-2573.345	181.7406	0.9782612	0.4672219	8.474453
66972	-2392.719	-2574.978	182.2588	1.30193	0.4464299	8.045871
66978	-2400.524	-2583.135	182.6111	1.159001	0.6135083	7.791906
66984	-2394.796	-2583.708	188.9126	1.424233	0.3261665	4.484727
66990	-2376.965	-2565.216	188.2516	1.36716	0.5327578	4.672632
66996	-2369.227	-2559.284	190.0569	1.673114	0.5996702	3.408565
67002	-2396.828	-2586.202	189.3736	2.025141	0.6309843	3.575797
67008	-2384.331	-2574.697	190.3658	1.809793	0.544386	3.195
67014	-2384.746	-2575.428	190.6813	1.857615	0.8857677	2.709753
67020	-2393.186	-2583.656	190.4702	1.724822	0.8332196	2.954347
67026	-2401.808	-2591.723	189.915	1.590136	0.3767264	3.759173
67032	-2392.892	-2583.616	190.724	1.745721	0.5462674	3.017961
67038	-2403.873	-2593.852	189.9793	1.7415	0.5462674	3.460905
67044	-2388.258	-2578.43	190.1716	1.744377	0.5462674	3.346527
67050	-2394.331	-2585.37	191.039	1.774002	0.5239138	2.832213
67056	-2392.053	-2583.326	191.2734	1.743156	0.3213194	2.938939
67062	-2384.297	-2573.638	189.3408	1.743156	0.4035801	3.970798
67068	-2385.658	-2575.071	189.4137	1.750757	0.6054003	3.732578
67074	-2384.043	-2574.106	190.0637	1.744186	0.543542	3.412447
67080	-2378.226	-2565.91	187.6846	1.552645	0.59933	4.829372
67086	-2370.946	-2559.123	188.1771	1.478848	0.3567666	4.829372
67092	-2375.653	-2562.443	186.7907	1.280199	0.3504961	5.712443
67098	-2384.202	-2567.32	183.1183	1.138058	0.4453954	7.675432
67104	-2373.458	-2558.373	184.9149	1.302526	0.539789	6.535514
67110	-2383.678	-2568.774	185.0963	1.140712	0.4302287	6.625249
67116	-2376.365	-2561.077	184.7121	1.288723	0.5729022	6.625249
67122	-2381.974	-2567.046	185.0725	1.220748	0.5827163	6.45898
67128	-2383.43	-2569.553	186.123	1.28863	0.4384913	5.979098
67134	-2394.631	-2580.974	186.343	1.30197	0.4384913	5.851698
67140	-2383.05	-2565.598	182.5484	1.39574	0.8101427	7.563169
67146	-2388.902	-2573.65	184.7474	1.166022	0.4871895	6.74608
67152	-2371.13	-2555.993	184.8634	1.30045	0.4427172	6.652549
67158	-2376.954	-2561.762	184.8086	1.211266	0.5572582	6.62777
67164	-2378.996	-2562.608	183.6115	1.175285	0.8577182	7.081726
67170	-2388.876	-2573.613	184.7369	1.586819	0.7238743	6.337513
67176	-2383.294	-2570.316	187.0218	1.293997	0.3677025	5.558528
67182	-2380.298	-2566.418	186.1197	1.322045	0.6974286	5.746572
67188	-2369.017	-2558.213	189.1959	1.567914	0.8549394	3.780992
67194	-2380.686	-2570.61	189.9231	1.441191	0.4304384	3.780992
67200	-2376.517	-2561.263	184.7462	1.404452	0.5351405	6.575629
67206	-2379.324	-2565.172	185.8472	1.327139	0.4500901	6.097149
67212	-2378.967	-2565.307	186.3403	1.393733	0.4500901	5.79156
67218	-2386.136	-2572.19	186.0543	1.332211	0.4500901	5.981486
67224	-2385.428	-2574.284	188.8554	1.64547	0.7392936	4.010381
67230	-2376.914	-2564.772	187.8578	1.51433	0.7720634	4.625994
67236	-2385.496	-2572.568	187.072	1.384082	0.4900886	5.357032
67242	-2385.6	-2573.878	188.2783	1.52444	0.6914528	4.441142
67248	-2382.723	-2570.901	188.1775	1.664563	0.6619157	4.441142
67254	-2388.543	-2574.3	185.7568	1.655033	0.5648481	5.864841
67260	-2390.974	-2576.565	185.5908	1.655033	0.682044	5.864841
67266	-2392.605	-2578.495	185.8907	1.334724	0.430004	6.089042
67272	-2398.512	-2586.208	187.6957	1.531807	0.3141889	5.118866
67278	-2411.274	-2600.264	188.9894	1.585619	0.3498893	4.321504
67284	-2409.956	-2596	186.0434	1.288309	0.3352393	6.133925
67290	-2401.999	-2588.274	186.2747	1.300265	0.4549403	5.873877
67296	-2402.386	-2589.903	187.5173	1.359785	0.3410863	5.279962
67302	-2393.467	-2575.524	182.0566	1.180084	0.3547941	8.312601
67308	-2386.45	-2569.252	182.8016	1.099686	0.5296969	7.789281
67314	-2384.337	-2569	184.6627	1.356822	0.4467487	6.726666
67320	-2374.514	-2559.726	185.2116	1.252859	0.5385587	6.402664
67326	-2380.103	-2565.334	185.2311	1.242078	0.5330643	6.402664
67332	-2381.713	-2564.281	182.5681	1.072624	0.5316413	7.926783
67338	-2372.777	-2561.471	188.6939	1.429083	0.3745656	4.547582
67344	-2377.5	-2565.394	187.8943	1.542835	0.5568212	4.753262
67350	-2383.436	-2564.599	181.1622	0.9256598	0.5176259	8.764655
67356	-2387.786	-2569.446	181.6603	1.153291	0.3840002	8.505934
67362	-2395.765	-2579.998	184.2323	1.330236	0.4606561	6.959881
67368	-2408.337	-2589.495	181.1581	1.229181	0.3434262	8.776449
67374	-2403.26	-2587.19	183.9305	1.254697	0.3355281	7.29345
67380	-2403.983	-2584.881	180.898	1.091153	0.3788056	8.948698
67386	-2405.526	-2588.825	183.2993	1.095731	0.4962511	7.554254
67392	-2393.114	-2577.798	184.6835	1.189571	0.3705205	6.883928
67398	-2387.795	-2573.79	185.9951	1.332528	0.7651311	5.762282
67404	-2382.16	-2566.424	184.2645	1.287905	0.6076713	6.83981
67410	-2383.814	-2569.502	185.6877	1.333561	0.4409553	6.189363
67416	-2390.818	-2576.43	185.6122	1.220794	0.3189467	6.424361
67422	-2397.19	-2583.075	185.8845	1.261416	0.6307456	5.957605
67428	-2384.294	-2571.661	187.3665	1.341647	0.489457	5.218431
67434	-2388.911	-2575.23	186.3189	1.322681	0.3895363	5.903928
67440	-2395.028	-2581.762	186.7331	1.269728	0.4388513	5.655354
67446	-2396.817	-2584.254	187.4368	1.285572	0.5573598	5.150312
67452	-2394.649	-2582.057	187.4082	1.348547	0.5745073	5.116874
67458	-2401.751	-2590.937	189.1856	1.676842	0.4764392	4.022125
67464	-2396.402	-2582.892	186.4898	1.540032	0.7144593	5.411463
67470	-2381.834	-2570.478	188.6441	1.53752	0.4261419	4.458712
67476	-2374.806	-2563.016	188.2099	1.558538	0.6937968	4.458712
67482	-2377.774	-2562.724	184.9497	1.352237	0.6937968	6.370385
67488	-2385.738	-2571.803	186.0654	1.425143	0.7232693	5.701576
67494	-2379.888	-2567.88	187.9918	1.524262	0.7232693	4.579215
67500	-2376.15	-2563.697	187.547	1.60001	1.131505	4.54144
67506	-2389.69	-2573.953	184.2631	1.507699	0.9710677	6.485039
67512	-2376.841	-2561.194	184.3535	1.143094	0.30558	7.162108
67518	-2380.808	-2564.421	183.6135	1.018543	0.5400438	7.389387
67524	-2378.896	-2562.523	183.6269	1.216489	0.4165111	7.389387
67530	-2382.547	-2565.448	182.9008	1.209566	0.5510095	7.659672
67536	-2378.673	-2561.723	183.0501	1.095744	0.528369	7.659672
67542	-2376.718	-2558.433	181.715	1.106507	0.528369	8.365928
67548	-2368.338	-2555.01	186.6725	1.263066	0.3424083	5.795938
67554	-2381.081	-2564.941	183.8594	1.204539	0.2595641	7.454192
67560	-2381.059	-2566.296	185.2372	1.302239	0.4530643	6.439263
67566	-2386.213	-2572.821	186.6077	1.504964	0.5147088	5.523769
67572	-2383.34	-2570.075	186.7357	1.393788	0.5597536	5.475562
67578	-2368.876	-2555.593	186.7169	1.479732	0.5169667	5.475562
67584	-2382.131	-2570.528	188.3962	1.410152	0.3591588	4.742653
67590	-2392.147	-2575.505	183.3576	1.371185	0.6473417	7.253009
67596	-2388.81	-2575.092	186.2823	1.471438	0.6698609	5.595482
67602	-2408.496	-2596.957	188.4607	1.663621	0.3634144	4.559599
67608	-2398.214	-2586.666	188.4517	1.672579	0.3634144	4.559599
67614	-2399.828	-2587.727	187.8997	1.463489	0.5116732	4.834318
67620	-2411.77	-2599.857	188.0865	1.583788	0.4362924	4.735134
67626	-2410.976	-2599.095	188.1193	1.553568	0.8931602	4.378691
67632	-2395.373	-2583.19	187.8166	1.423356	0.6367244	4.798198
67638	-2389.273	-2574.626	185.3534	1.301014	0.4750845	6.356063
67644	-2395.68	-2579.783	184.1022	1.21134	0.5417144	7.021812
67650	-2402.335	-2587.585	185.2501	1.182266	0.4002925	6.54999
67656	-2400.539	-2583.577	183.0379	1.19928	0.5262324	7.612631
67662	-2409.406	-2594.144	184.7379	1.021245	0.4285779	6.884921
67668	-2405.569	-2589.925	184.356	1.108842	0.6325519	6.867951
67674	-2421.567	-2598.556	176.9897	0.9109445	0.3911982	11.08791
67680	-2397.827	-2578.559	180.7316	1.075949	0.5526462	8.88397
67686	-2396.86	-2581.89	185.0298	1.358866	0.4752051	6.500066
67692	-2400.067	-2584.536	184.4692	1.275766	0.5754325	6.761429
67698	-2403.408	-2590.145	186.7373	1.593146	0.4174743	5.497014
67704	-2379.531	-2566.969	187.4383	1.289928	0.5622475	5.142969
67710	-2394.065	-2581.016	186.9512	1.583707	0.3919793	5.411308
67716	-2381.605	-2565.028	183.4229	1.229822	0.5020921	7.411023
67722	-2401.423	-2584.999	183.5762	1.275294	0.5375483	7.273746
67728	-2391.714	-2576.526	184.8118	1.254722	0.6314426	6.543702
67734	-2397.193	-2581.597	184.4031	1.435141	0.7233283	6.600928
67740	-2393.382	-2580.021	186.6382	1.473986	0.887659	5.253085
67746	-2394.242	-2582.779	188.5377	1.473986	0.5684406	4.420899
67752	-2410.012	-2597.921	187.9086	1.798817	0.3901904	4.76303
67758	-2394.127	-2581.49	187.363	1.574448	0.503757	5.078282
67764	-2401.987	-2591.67	189.6835	1.610343	0.9245556	3.429167
67770	-2388.856	-2576.598	187.7413	1.575486	0.7196134	4.693544
67776	-2397.096	-2584.31	187.2144	1.362337	0.3619498	5.421452
67782	-2393.87	-2582.375	188.5057	1.493927	0.5684934	4.427635
67788	-2395.082	-2583.145	188.0627	1.544652	0.8737851	4.427635
67794	-2399.209	-2587.371	188.1624	1.512513	0.6017812	4.582574
67800	-2404.911	-2594.661	189.7502	1.666951	0.7075831	3.505064
67806	-2390.919	-2580.17	189.2512	1.614932	0.8024467	3.756778
67806	-2475.34	-2660.923	185.5835	1.502809	0.4723691	6.123829
67812	-2406.564	-2594.961	188.3964	1.600985	0.8091318	4.248811
67818	-2409.441	-2598.342	188.9001	1.421527	0.7274146	4.121096
67824	-2418.975	-2608.92	189.9452	1.545386	0.3861818	3.756696
67830	-2407.34	-2594.519	187.1784	1.38376	0.5787005	5.221117
67836	-2396.36	-2580.568	184.2077	1.251286	0.5787005	6.913055
67842	-2406.676	-2588.288	181.6118	1.219681	0.4731565	8.40914
67848	-2386.438	-2569.19	182.752	1.200648	0.4731565	7.811731
67854	-2386.377	-2571.589	185.2118	1.181301	0.3953642	6.576416
67860	-2390.636	-2575.687	185.0515	1.341575	0.3953642	6.576416
67866	-2393.629	-2578.856	185.2272	1.341575	0.3116586	6.576416
67872	-2413.613	-2601.607	187.9939	1.582951	0.2840346	4.964044
67878	-2398.498	-2583.824	185.3263	1.641533	0.3099158	6.362329
67884	-2392.228	-2581.551	189.3231	1.641533	0.3304667	4.124192
67890	-2390.722	-2575.492	184.7698	1.353054	0.4549545	6.662939
67896	-2394.947	-2577.081	182.1343	1.091433	0.4104503	8.259563
67902	-2398.928	-2580.42	181.492	0.9796187	0.3108319	8.769841
67908	-2397.053	-2578.562	181.5091	0.9625006	0.3108319	8.769841
67914	-2392.963	-2574.357	181.394	1.010153	0.3413786	8.769841
67920	-2399.779	-2583.252	183.473	1.222575	0.4973665	7.392206
67926	-2394.441	-2577.933	183.4917	1.203906	0.4973665	7.392206
67932	-2401.057	-2587.115	186.0582	1.286943	0.5302817	5.93058
67938	-2399.581	-2588.291	188.71	1.693578	0.446685	4.312403
67944	-2403.894	-2594.608	190.7139	1.55813	0.446685	3.23433
67950	-2402.457	-2593.119	190.6612	1.55813	0.4768265	3.23433
67956	-2404.68	-2595.213	190.5331	1.624194	0.5141295	3.23433
67962	-2400.739	-2590.098	189.3586	1.726431	0.5141295	3.85868
67968	-2404.342	-2594.826	190.4842	1.682109	0.4595934	3.283258
67974	-2393.43	-2583.26	189.8299	1.532019	0.5994682	3.623302
67980	-2391.576	-2579.676	188.1009	1.41879	0.4801875	4.776222
67986	-2401.159	-2588.368	187.2084	1.267741	0.4106439	5.423916
67992	-2398.658	-2585.779	187.1213	1.287373	0.4112649	5.460391
67998	-2399.235	-2586.208	186.9731	1.374435	0.3991447	5.506796
68004	-2403.402	-2590.682	187.2801	1.224492	0.3991447	5.420357
68010	-2402.565	-2589.415	186.8499	1.235695	0.4490369	5.599893
68016	-2396.73	-2582.466	185.7354	1.235695	0.4490369	6.208785
68022	-2396.263	-2582.168	185.9049	1.421786	0.4897757	5.976716
68028	-2406.508	-2594.39	187.8816	1.43167	0.684529	4.720981
68034	-2407.951	-2595.123	187.1724	1.669171	0.3976768	5.235974
68040	-2397.916	-2585.874	187.9584	1.811335	0.3304264	4.797285
68046	-2397.791	-2585.879	188.0882	1.437205	0.4550961	4.797285
68052	-2406.488	-2596.559	190.0705	1.873233	0.8363485	3.102672
68058	-2403.902	-2595.182	191.2798	1.84023	0.6365896	2.54028
68064	-2405.37	-2596.879	191.5088	1.726202	0.5578216	2.54028
68070	-2401.332	-2592.29	190.9584	1.830428	0.9083808	2.54028
68076	-2420.879	-2612.162	191.2831	1.871584	0.9083808	2.309742
68082	-2428.546	-2619.943	191.3976	1.871584	0.7263009	2.371791
68088	-2407.771	-2598.94	191.1691	1.871584	0.9541104	2.351627
68094	-2400.137	-2590.139	190.0023	1.66639	0.8973328	3.225742
68100	-2402.908	-2591.74	188.8319	1.793496	0.5115647	4.123797
68106	-2393.953	-2583.054	189.1012	1.552976	0.5115647	4.107414
68112	-2397.223	-2585.606	188.3837	1.580443	0.5115647	4.497842
68118	-2405.14	-2590.16	185.0197	1.72387	0.6027666	6.198555
68124	-2412.937	-2601.078	188.1412	2.030473	0.4255968	4.4649
68130	-2412.514	-2600.647	188.1329	1.552442	0.7504861	4.4649
68136	-2410.892	-2599.674	188.7821	1.93714	0.7195552	3.899678
68142	-2386.598	-2575.981	189.3831	1.761609	0.4376246	3.899678
68148	-2391.345	-2580.465	189.1195	1.579757	0.661958	3.954523
68154	-2399.209	-2588.768	189.5591	1.579757	0.385327	3.959725
68160	-2424.645	-2611.196	186.5513	1.264923	0.7693106	5.491365
68166	-2420.818	-2606.755	185.9366	1.19162	0.3195887	6.263372
68172	-2400.218	-2589.738	189.5203	1.489282	0.5576052	3.862687
68178	-2398.636	-2586.227	187.5904	1.36688	0.6312185	4.959969
68184	-2395.187	-2584.154	188.9669	1.419515	0.6312185	4.15709
68190	-2391.985	-2580.971	188.9864	1.423114	0.6148806	4.15709
68196	-2398.348	-2587.641	189.2933	1.452762	0.6148806	3.965201
68202	-2397.121	-2586.754	189.6325	1.543923	0.6148806	3.717781
68208	-2398.984	-2588.68	189.6957	1.543923	0.8028132	3.540137
68214	-2396.581	-2586.007	189.4259	1.653135	0.6019178	3.784724
68220	-2406.418	-2595.822	189.4035	1.566709	0.8300827	3.678135
68226	-2412.996	-2602.835	189.8393	1.924209	1.304681	2.941327
68232	-2404.351	-2591.88	187.5289	1.376338	0.5805	5.029541
68238	-2403.773	-2590.569	186.7961	1.367429	0.5805	5.439597
68244	-2399.53	-2589.357	189.8261	1.942937	1.304681	2.93803
68250	-2402.835	-2592.538	189.7028	1.942937	1.304681	3.012145
68256	-2404.723	-2594.336	189.613	2.054813	1.277872	3.012145
68262	-2411.137	-2598.65	187.5128	1.401047	0.4157211	5.176996
68268	-2396.928	-2581.262	184.3335	1.334816	0.3862688	6.977291
68274	-2403.089	-2583.046	179.9573	1.084887	0.4728071	9.357552
68280	-2398.06	-2584.366	186.3065	1.321035	0.4728071	5.828136
68286	-2404.299	-2590.019	185.7196	1.321035	0.9698086	5.794486
68292	-2399.457	-2588.066	188.609	1.624315	0.8125192	4.112555
68298	-2411.369	-2600.864	189.495	1.624315	0.8125192	3.603497
68304	-2401.02	-2589.729	188.7088	1.478188	0.4302161	4.451449
68310	-2407.666	-2595.848	188.1815	1.466003	0.8015897	4.451449
68316	-2416.359	-2599.663	183.3048	1.062959	0.3507799	7.713893
68322	-2406.198	-2596.333	190.1351	1.924745	0.9533812	2.956968
68328	-2393.376	-2583.511	190.1351	1.924745	0.9533812	2.956968
68334	-2393.286	-2583.343	190.0568	1.924745	1.287574	2.817926
68340	-2411.41	-2601.661	190.2511	1.86392	1.287574	2.736527
68346	-2423.974	-2614.491	190.517	1.835519	1.023466	2.736527
68352	-2421.529	-2610.012	188.4825	1.376662	0.3715974	4.698895
68358	-2421.11	-2607.03	185.9194	1.476673	0.686415	5.779451
68364	-2408.883	-2594.455	185.5722	1.435628	1.03006	5.779451
68370	-2397.409	-2583.798	186.3884	1.296103	0.4916573	5.779451
68376	-2397.604	-2584.539	186.9352	1.275535	0.4723264	5.508746
68382	-2392.705	-2579.22	186.5152	1.457461	0.7458572	5.421126
68388	-2392.679	-2580.074	187.3951	1.316676	0.5819356	5.135665
68394	-2408.095	-2592.654	184.5592	1.338994	0.5819356	6.673432
68400	-2395.91	-2581.92	186.0102	1.238387	0.4420526	6.064502
68406	-2401.054	-2585.778	184.7233	1.235428	0.5119035	6.699496
68412	-2399.419	-2586.022	186.6029	1.535208	0.4862471	5.535621
68418	-2404.436	-2591.289	186.8525	1.285674	0.4862471	5.535621
68424	-2396.017	-2579.944	183.9268	1.277468	0.6574344	6.989898
68430	-2398.317	-2582.311	183.9944	1.425118	0.2325034	7.301782
68436	-2399.961	-2583.115	183.1536	1.204889	0.476499	7.591632
68442	-2388.485	-2571.697	183.2116	1.109562	0.498694	7.591632
68448	-2388.137	-2568.51	180.3736	0.8968432	0.4104242	9.296383
68454	-2384.527	-2565.402	180.8752	0.982708	0.4966814	8.904702
68460	-2388.047	-2569.587	181.5404	0.9937557	0.4996274	8.543443
68466	-2388.191	-2573.109	184.918	1.132359	0.2797744	6.896888
68472	-2387.715	-2569.735	182.02	1.077608	0.3592406	8.381686
68478	-2393.602	-2575.755	182.1537	1.063497	0.3592406	8.318043
68484	-2396.132	-2578.003	181.8711	1.186737	0.4418757	8.318043
68490	-2403.727	-2585.753	182.0269	0.9983353	0.4602311	8.318043
68496	-2389.826	-2571.718	181.8916	0.9983353	0.5421005	8.318043
68502	-2376.958	-2563.352	186.3944	1.296554	0.4455235	5.819592
68508	-2394.609	-2579.086	184.4776	1.334989	0.4128509	6.871904
68514	-2394.34	-2579.118	184.7773	1.397733	0.4128509	6.676243
68520	-2400.231	-2581.967	181.7365	1.192934	0.468889	8.360985
68526	-2394.982	-2576.451	181.4688	1.025936	0.468889	8.591951
68532	-2390.063	-2574.895	184.8321	1.261505	0.5219849	6.617788
68538	-2379.639	-2564.282	184.6428	1.161015	0.4855289	6.806766
68544	-2388.638	-2574.677	186.0391	1.191306	0.4855289	6.033132
68550	-2377.091	-2560.699	183.6075	1.132877	0.4855289	7.378842
68556	-2377.274	-2561.06	183.7854	1.106717	0.4011822	7.378842
68562	-2388.872	-2570.474	181.6012	1.106717	0.3354198	8.615504
68568	-2401.364	-2582.698	181.3337	1.002422	0.5382807	8.615504
68574	-2416.316	-2597.92	181.6041	1.268211	0.3677159	8.492126
68580	-2420.474	-2602.141	181.667	0.8904231	0.4338625	8.591679
68586	-2408.091	-2589.523	181.4325	0.9478851	0.438747	8.680925
68592	-2413.038	-2594.939	181.9007	1.017574	0.4368916	8.397064
68598	-2414.847	-2596.785	181.9376	0.9987371	0.4269993	8.397064
68604	-2412.813	-2592.754	179.9407	1.044244	0.4269993	9.430805
68610	-2406.468	-2590.598	184.1302	1.027693	0.4623849	7.175969
68616	-2411.722	-2595.052	183.3295	0.9765485	0.4443272	7.649863
68622	-2407.669	-2589.014	181.3451	0.9765485	0.4443272	8.70675
68628	-2401.14	-2582.621	181.4806	0.8411181	0.4443272	8.70675
68634	-2403.897	-2587.897	183.9999	0.9888505	0.4443272	7.284022
68640	-2406.916	-2592.019	185.1033	1.196086	0.4443272	6.577677
68646	-2391.659	-2575.234	183.5754	1.097772	0.4443272	7.453268
68652	-2386.504	-2570.342	183.8379	1.246865	0.4443272	7.23242
68658	-2405.563	-2589.5	183.9375	1.304626	0.4496918	7.142704
68664	-2409.365	-2594.115	184.7492	1.113431	0.3811995	6.87802
68670	-2415.953	-2600	184.0471	1.387857	0.5577221	6.943084
68676	-2397.352	-2582.424	185.0718	1.322793	0.3365472	6.640789
68682	-2403.455	-2589.395	185.9399	1.257411	0.3672593	6.170445
68688	-2398.666	-2583.952	185.2857	1.257411	0.3911481	6.499629
68694	-2410.541	-2596.07	185.5291	1.243818	0.285011	6.499629
68700	-2390.609	-2577.319	186.7094	1.499813	0.285011	5.717327
68706	-2395.11	-2577.802	182.6921	0.9478762	0.3251759	8.131797
68712	-2397.984	-2578.69	180.7054	1.084468	0.3251759	9.113859
68718	-2399.289	-2582.912	183.623	1.13534	0.4242739	7.42724
68724	-2410.449	-2594.407	183.958	1.046385	0.4242739	7.295249
68730	-2400.274	-2584.896	184.6218	1.122652	0.4242739	6.897135
68736	-2406.498	-2590.968	184.4708	1.168388	0.4837557	6.897135
68742	-2408.235	-2596.148	187.9134	1.379689	0.3364076	5.055251
68748	-2392.642	-2578.606	185.9639	1.291571	0.4625882	6.040924
68754	-2382.476	-2565.315	182.8388	1.053963	0.4898655	7.828548
68760	-2378.185	-2564.27	186.0854	1.32307	0.3754351	6.046395
68766	-2374.921	-2560.663	185.742	1.412174	0.5169686	6.046395
68772	-2382.48	-2570.374	187.8938	1.245957	0.4570582	5.010061
68778	-2386.116	-2572.054	185.9389	1.319859	0.3343001	6.174763
68784	-2392.615	-2578.384	185.7684	1.502782	0.4885811	6.008105
68790	-2407.225	-2595.917	188.6919	1.630377	0.6486965	4.179723
68796	-2398.005	-2584.461	186.456	1.546595	0.6486965	5.474498
68802	-2392.844	-2576.992	184.1471	1.335414	0.3790081	7.085052
68808	-2397.341	-2584.536	187.1946	1.340691	0.3110102	5.504949
68814	-2414.442	-2601.814	187.3723	1.454778	0.4981288	5.144585
68820	-2398.914	-2585.029	186.1155	1.39663	0.5733467	5.802961
68826	-2398.375	-2584.619	186.2439	1.262591	0.5771184	5.802961
68832	-2416.321	-2603.589	187.268	1.384172	0.2301436	5.551695
68838	-2405.274	-2590.856	185.5819	1.425057	0.3635751	6.278034
68844	-2402.158	-2589.481	187.3236	1.368855	0.5568863	5.167278
68850	-2400.633	-2589.202	188.5692	1.465833	0.5568863	4.417623
68856	-2395.855	-2582.114	186.2587	1.465833	0.4204045	5.826335
68862	-2392.141	-2576.849	184.7079	1.394857	0.4204045	6.707678
68868	-2395.171	-2580.091	184.9203	1.225555	0.4204045	6.684379
68874	-2399.179	-2584.005	184.8255	1.320372	0.4204045	6.684379
68880	-2394.304	-2580.422	186.1177	1.352033	0.4605514	5.92595
68886	-2405.453	-2591.531	186.078	1.454637	0.4605514	5.891609
68892	-2406.756	-2587.971	181.2151	1.076787	0.3481776	8.821659
68898	-2397.291	-2582.298	185.0066	1.17772	0.3351787	6.755965
68904	-2385.968	-2573.504	187.536	1.434786	0.1999589	5.423999
68910	-2404.951	-2592.253	187.3021	1.50564	0.2590277	5.423999
68916	-2397.291	-2582.374	185.0832	1.441979	0.2590277	6.668527
68922	-2413.776	-2600.538	186.7625	1.212525	0.5721449	5.550147
68928	-2393.764	-2577.775	184.0103	1.14734	0.4605748	7.177797
68934	-2407.783	-2594.104	186.3206	1.240881	0.3968838	5.939854
68940	-2384.742	-2566.896	182.1538	1.132159	0.4602098	8.179289
68946	-2385.78	-2569.761	183.9814	1.144909	0.463082	7.192293
68952	-2392.85	-2576.802	183.9518	1.563319	0.2742438	7.192293
68958	-2374.279	-2558.001	183.7227	1.247201	0.5590148	7.192293
68964	-2379.529	-2564.995	185.4666	1.148492	0.3850478	6.467157
68970	-2376.555	-2562.571	186.016	1.387945	0.3850478	6.038421
68976	-2384.929	-2570.378	185.4488	1.314715	0.3850478	6.386672
68982	-2377.022	-2559.911	182.8891	1.304203	0.5595458	7.608265
68988	-2386.25	-2569.822	183.5715	1.304203	0.4386527	7.350177
68994	-2390.517	-2577.459	186.9421	1.455211	0.3815473	5.498396
69000	-2386.735	-2572.737	186.0014	1.357802	0.3815473	6.066628
69006	-2384.731	-2570.789	186.058	1.357802	0.3629703	6.056229
69012	-2396.712	-2582.945	186.2328	1.422113	0.3629703	5.925816
69018	-2392.099	-2580.382	188.2825	1.417123	0.5388746	4.62189
69024	-2384.355	-2572.645	188.2902	1.451897	0.5123177	4.62189
69030	-2375.75	-2563.822	188.0714	1.433541	0.5287137	4.739871
69036	-2387.981	-2575.27	187.2897	1.424389	0.5287137	5.179683
69042	-2394.574	-2581.214	186.6396	1.309189	0.4306005	5.693246
69048	-2380.812	-2567.496	186.6835	1.322151	0.4003304	5.693246
69054	-2393.099	-2579.787	186.6882	1.322151	0.4003304	5.690641
69060	-2390.998	-2577.352	186.3545	1.285759	0.3762979	5.91899
69066	-2379.413	-2564.226	184.8132	1.279035	0.5685492	6.57935
69072	-2387.387	-2574.944	187.5566	1.376954	0.4197782	5.161888
69078	-2383.984	-2568.392	184.4079	1.270277	0.4216096	6.935543
69084	-2381.897	-2567.528	185.631	1.280064	0.3057548	6.398286
69090	-2383.008	-2568.174	185.1658	1.324547	0.542024	6.385719
69096	-2387.77	-2573.731	185.9618	1.508411	0.8720956	5.616033
69102	-2380.641	-2563.765	183.1239	1.180139	0.5317867	7.572107
69108	-2389.703	-2572.571	182.8681	1.093335	0.3052591	7.984416
69114	-2380.185	-2561.569	181.3845	0.9970417	0.4716701	8.649492
69120	-2383.098	-2568.499	185.4008	1.251509	0.4647356	6.366889
69126	-2393.061	-2580.331	187.27	1.482959	0.3627201	5.323421
69132	-2388.98	-2572.857	183.8778	1.335297	0.5319809	7.084125
69138	-2398.053	-2581.92	183.8675	1.345587	0.5319809	7.084125
69144	-2384.155	-2568.298	184.1428	1.08764	0.6034097	7.016608
69150	-2394.98	-2574.768	179.7888	1.076812	0.435198	9.485876
69156	-2412.673	-2594.248	181.5751	1.250691	0.3083226	8.584975
69162	-2412.796	-2595.094	182.2975	1.046121	0.3825187	8.225681
69168	-2409.428	-2591.344	181.9158	1.061614	0.3825187	8.420446
69174	-2402.199	-2583.299	181.0998	1.040224	0.3927886	8.85417
69180	-2400.045	-2580.804	180.759	1.209343	0.4876974	8.85417
69186	-2399.532	-2580.061	180.5295	1.125337	0.7004419	8.85417
69192	-2385.436	-2568.935	183.4984	1.322485	0.876924	7.051887
69198	-2387.418	-2571.82	184.4022	1.117112	0.5833046	6.876836
69204	-2388.369	-2572.692	184.3228	1.196514	0.5833046	6.876836
69210	-2395.305	-2580.536	185.2304	1.196514	0.6206561	6.356607
69216	-2393.911	-2577.404	183.4927	1.1257	0.5303706	7.404875
69222	-2397.505	-2576.65	179.1455	1.014057	0.5837071	9.72997
69228	-2386.599	-2570.851	184.2528	1.093699	0.3964451	7.139792
69234	-2393.121	-2576.887	183.7656	1.05215	0.3660966	7.45603
69240	-2406.59	-2588.975	182.3854	1.293537	0.4613833	7.968752
69246	-2385.012	-2569.218	184.2056	1.091009	0.4613833	7.102329
69252	-2392.826	-2578.912	186.0854	1.347136	0.3804337	6.027834
69258	-2389.127	-2576.186	187.0584	1.202856	0.3804337	5.574392
69264	-2389.406	-2576.018	186.6124	1.449388	0.5171595	5.549551
69270	-2406.374	-2586.446	180.0722	1.229849	0.5216373	9.177343
69276	-2400.569	-2582.752	182.1826	1.025805	0.4197012	8.259546
69282	-2397.391	-2584.492	187.1003	1.395662	0.4590238	5.364429
69288	-2397.107	-2585.863	188.7565	1.476148	0.4878676	4.368616
69294	-2393.993	-2582.004	188.011	1.362194	0.45427	4.882947
69300	-2401.177	-2587.781	186.6045	1.412956	0.5217304	5.569854
69306	-2411.273	-2598.134	186.8615	1.412956	0.3779498	5.569854
69312	-2394.885	-2582.029	187.1442	1.605825	0.4047342	5.279068
69318	-2392.926	-2581.227	188.3007	1.762495	0.3607587	4.596959
69324	-2396.843	-2581.786	184.9427	1.208918	0.4226892	6.678932
69330	-2404.193	-2591.849	187.6558	1.581431	0.7613322	4.708855
69336	-2394.995	-2584.08	189.085	1.727169	0.7613322	3.816326
69342	-2399.183	-2585.695	186.5115	1.4756	0.6552051	5.478134
69348	-2382.783	-2568.073	185.2897	1.381626	0.3352092	6.492563
69354	-2390.548	-2577.485	186.9365	1.319336	0.3603608	5.599715
69360	-2404.145	-2591.991	187.8453	1.352597	0.3904036	5.046476
69366	-2394.986	-2581.403	186.4172	1.468968	0.3904036	5.769224
69372	-2391.93	-2578.828	186.8981	1.407987	0.3481577	5.586166
69378	-2395.478	-2580.905	185.4271	1.385286	0.4027587	6.341442
69384	-2393.982	-2578.7	184.7174	1.326958	0.9625576	6.341442
69390	-2388.884	-2572.627	183.7426	1.326958	0.394843	7.290238
69396	-2396.839	-2583.841	187.0022	1.398303	0.2270028	5.694558
69402	-2401.183	-2587.551	186.3681	1.408733	0.4146272	5.803631
69408	-2401.517	-2587.4	185.8831	1.408733	0.4700897	6.013993
69414	-2405.596	-2592.338	186.7417	1.349453	0.587599	5.473673
69420	-2422.265	-2613.065	190.8002	1.968931	0.5338772	2.849188
69426	-2421.334	-2609.868	188.5332	2.087684	1.83409	3.395593
69432	-2397.56	-2581.477	183.9166	1.335906	0.4947679	7.09543
69438	-2401.198	-2585.17	183.9725	1.297996	0.4840462	7.09543
69444	-2392.914	-2580.182	187.2677	1.609753	0.4522232	5.160248
69450	-2395.212	-2579.958	184.7454	1.387429	0.6761557	6.47471
69456	-2409.935	-2595.42	185.4849	1.638535	0.6761557	5.935961
69462	-2415.435	-2603.586	188.1509	1.265391	0.2938858	5.04021
69468	-2404.669	-2591.155	186.4858	1.236272	0.2895177	5.977784
69474	-2397.118	-2585.788	188.6705	1.426429	0.2736407	4.688147
69480	-2387.931	-2574.976	187.045	1.235789	0.5334884	5.414718
69486	-2389.482	-2576.51	187.0276	1.316971	0.3112523	5.60943
69492	-2378.649	-2565.79	187.1413	1.335488	0.413642	5.420464
69498	-2376.73	-2563.739	187.0097	1.467012	0.413642	5.420464
69504	-2373.376	-2559.161	185.7843	1.381331	0.3253153	6.236103
69510	-2380.925	-2566.03	185.1042	1.133629	0.4680716	6.588364
69516	-2393.085	-2577.988	184.9031	1.180835	0.5630237	6.588364
69522	-2385.392	-2570.245	184.8529	1.249986	0.550624	6.588364
69528	-2382.289	-2567.184	184.8955	1.16732	0.5769992	6.588364
69534	-2383.855	-2568.236	184.3809	1.451518	0.5769992	6.712909
69540	-2380.212	-2564.545	184.3327	1.499736	0.5769992	6.712909
69546	-2381.755	-2565.476	183.7211	1.226292	0.5348392	7.224516
69552	-2389.92	-2576.684	186.7638	1.321245	0.463375	5.586309
69558	-2387.756	-2574.52	186.7638	1.321245	0.463375	5.586309
69564	-2371.833	-2558.332	186.4987	1.31455	0.4462513	5.751976
69570	-2386.328	-2572.202	185.8737	1.469568	0.7677641	5.751976
69576	-2388.494	-2576.125	187.631	1.297972	0.5721325	5.023318
69582	-2395.199	-2583.294	188.0953	1.529664	0.4177866	4.77956
69588	-2386.814	-2573.454	186.6402	1.170129	0.3812074	5.820691
69594	-2395.142	-2581.514	186.3718	1.31114	0.3812074	5.890351
69600	-2384.107	-2569.7	185.5929	1.443832	0.3812074	6.242476
69606	-2388.907	-2574.768	185.8606	1.358464	0.3812074	6.143319
69612	-2415.71	-2599.541	183.8312	1.348428	0.730868	6.951349
69618	-2404.79	-2588.821	184.0311	1.250601	0.6531269	6.951349
69624	-2396.353	-2580.15	183.7974	1.235556	0.8541236	6.951349
69630	-2400.035	-2585.76	185.7243	1.300461	0.3915001	6.237942
69636	-2392.347	-2577.814	185.467	1.261066	0.3999356	6.390153
69642	-2384.928	-2570.55	185.6225	1.253688	0.4119656	6.297306
69648	-2405.35	-2593.365	188.0153	1.307398	0.4932752	4.873799
69654	-2406.276	-2593.524	187.2475	1.663187	0.2988976	5.313521
69660	-2390.727	-2570.741	180.0141	1.105713	0.3787768	9.408491
69666	-2412.624	-2589.245	176.6212	0.8644824	0.3787768	11.31792
69672	-2400.135	-2581.136	181.0009	0.9795939	0.3787768	8.953342
69678	-2393.801	-2575.522	181.7213	1.148791	0.2540704	8.631454
69684	-2387.497	-2569.009	181.5118	0.9363264	0.4529778	8.631454
69690	-2389.167	-2570.443	181.2759	1.049451	0.5260918	8.631454
69696	-2392.831	-2574.295	181.4648	0.960452	0.4660423	8.631454
69702	-2389.117	-2570.822	181.7051	0.9700306	0.3366692	8.631454
69708	-2396.043	-2579.943	183.9005	1.055019	0.5599619	7.19923
69714	-2388.648	-2574.379	185.731	1.298235	0.4509913	6.175271
69720	-2387.702	-2574.023	186.3208	1.218645	0.3147503	6.045479
69726	-2384.069	-2569.667	185.5982	1.223787	0.5757167	6.177546
69732	-2382.453	-2569.203	186.7505	1.393575	0.4490897	5.567753
69738	-2395.278	-2582.808	187.5299	1.38485	0.4165232	5.175666
69744	-2383.818	-2572.072	188.2538	1.34945	0.341423	4.876804
69750	-2379.43	-2566.752	187.3223	1.496818	0.8617117	4.876804
69756	-2385.979	-2572.136	186.1571	1.392289	0.475008	5.868793
69762	-2395.883	-2580.015	184.1325	1.244408	0.6383163	6.911032
69768	-2390.675	-2577.332	186.6575	1.365474	0.3968812	5.687404
69774	-2393.512	-2579.229	185.7171	1.293287	0.4027964	6.233879
69780	-2405.827	-2597.313	191.4855	1.937306	0.7794144	2.23181
69786	-2398.891	-2590.77	191.8784	1.985124	0.7170289	1.993741
69792	-2390.817	-2582.567	191.7501	1.985124	0.7170289	2.078731
69798	-2393.206	-2585.025	191.8189	1.985124	0.6113789	2.127396
69804	-2398.297	-2589.857	191.5605	2.118278	0.703286	2.127396
69810	-2422.952	-2608.851	185.8987	1.529329	0.6151254	5.815519
69816	-2411.923	-2598.771	186.8477	1.50046	0.6151254	5.309992
69822	-2405.039	-2595.77	190.7308	1.829787	0.6664259	2.858537
69828	-2406.639	-2594.802	188.163	1.796878	0.3152982	4.709803
69834	-2395.937	-2584.165	188.2281	1.533177	0.4575126	4.66302
69840	-2387.293	-2574.254	186.9614	1.483934	0.4462363	5.40479
69846	-2388.549	-2575.322	186.7723	1.368291	0.4462363	5.572432
69852	-2393.277	-2579.929	186.6521	1.368291	0.516999	5.572432
69858	-2398.792	-2585.04	186.2482	1.486736	0.3786313	5.864733
69864	-2397.29	-2579.442	182.1516	1.239293	0.4053094	8.176854
69870	-2402.174	-2592.063	189.8892	1.568235	0.7285639	3.465898
69876	-2398.57	-2588.318	189.7477	1.620512	0.8840633	3.41116
69882	-2390.819	-2576.863	186.0438	1.379457	0.5462407	5.874237
69888	-2382.21	-2568.301	186.0912	1.332049	0.5462407	5.874237
69894	-2385.159	-2571.273	186.1143	1.415529	0.6742671	5.715088
69900	-2384.737	-2571.325	186.5886	1.415529	0.4892495	5.606458
69906	-2387.713	-2573.455	185.742	1.32325	0.4892495	6.11972
69912	-2402.19	-2591.124	188.9343	1.638028	0.4892495	4.174937
69918	-2411.474	-2597.296	185.8216	1.526715	0.4892495	5.965384
69924	-2395.546	-2581.324	185.7781	1.6182	0.4612634	5.965384
69930	-2401.281	-2588.143	186.8613	1.539581	0.3817837	5.496153
69936	-2399.471	-2586.583	187.112	1.555423	0.3817837	5.349333
69942	-2400.653	-2586.647	185.9947	1.519316	0.3494919	6.018001
69948	-2391.425	-2579.915	188.4904	1.471495	0.6465598	4.385444
69954	-2381.029	-2570.544	189.5155	1.51051	0.4994316	3.906372
69960	-2392.588	-2580.621	188.0332	1.441567	0.4994316	4.783271
69966	-2403.481	-2590.966	187.4848	1.65424	0.7331502	4.783271
69972	-2396.858	-2584.676	187.8186	1.43306	0.3426844	5.070755
69978	-2396.868	-2586.662	189.794	2.102358	0.334368	3.583873
69984	-2389.943	-2579.711	189.7674	1.810856	0.334368	3.76793
69990	-2396.559	-2586.109	189.5492	1.947315	0.3734271	3.76793
69996	-2397.877	-2587.733	189.8559	1.690474	0.7316865	3.411578
70002	-2404.669	-2593.299	188.6292	1.519191	0.7316865	4.216451
70008	-2394.879	-2580.181	185.3018	1.411704	0.54992	6.257902
70014	-2397.668	-2585.338	187.6706	1.411704	0.445738	5.053106
70020	-2399.133	-2586.792	187.6591	1.396671	0.5195238	4.998366
70026	-2423.567	-2609.351	185.7844	1.384968	0.7239908	5.876877
70032	-2423.886	-2604.904	181.0171	1.179766	0.2556977	8.986109
70038	-2414.505	-2601.831	187.3262	1.433166	0.4116489	5.266619
70044	-2399.502	-2581.803	182.3005	1.298353	0.7221888	7.805128
70050	-2390.119	-2573.01	182.891	1.114093	0.4501948	7.805128
70056	-2399.609	-2581.626	182.017	0.9386776	0.4503102	8.364352
70062	-2419.872	-2601.788	181.916	1.039708	0.4503102	8.364352
70068	-2405.55	-2588.691	183.1407	1.198019	0.4182565	7.657903
70074	-2403.574	-2590.336	186.7623	1.272508	0.3750905	5.704466
70080	-2398.497	-2582.644	184.1469	1.115218	0.3933636	7.188369
70086	-2400.702	-2585.34	184.639	1.227812	0.5573831	6.710417
70092	-2406.495	-2596.145	189.6495	1.601251	0.9176109	3.458639
70098	-2395.818	-2584.72	188.902	1.570134	0.4528009	4.267443
70104	-2391.156	-2579.408	188.2522	1.66239	0.8525633	4.267443
70110	-2390.712	-2580.381	189.6699	1.706673	0.7629078	3.488208
70116	-2391.838	-2581.842	190.0041	1.798352	0.4750728	3.481012
70122	-2401.475	-2591.551	190.0761	1.678203	0.4664263	3.517826
70128	-2394.285	-2581.366	187.0811	1.431983	0.6281613	5.208657
70134	-2410.496	-2597.511	187.0153	1.383121	0.3889955	5.489656
70140	-2394.818	-2578.703	183.8846	1.374712	0.4942572	7.092203
70146	-2392.483	-2576.786	184.3027	1.215998	0.4942572	6.952592
70152	-2406.077	-2591.055	184.9774	1.379303	0.8442826	6.241121
70158	-2410.695	-2596.15	185.4553	1.319548	0.5278145	6.243371
70164	-2411.273	-2593.825	182.5521	1.131697	0.5449886	7.892576
70170	-2402.641	-2586.069	183.428	1.131697	0.5965598	7.382352
70104	-2444.496	-2632.708	188.2126	1.349333	0.330129	4.913448
70110	-2386.121	-2573.011	186.89	1.415962	0.5409102	5.394435
70116	-2401.484	-2588.81	187.3259	1.1481	0.5409102	5.301728
70122	-2403.201	-2586.107	182.9063	1.281259	0.2854782	7.888591
70128	-2396.565	-2584.092	187.5276	1.344553	0.2769999	5.363674
70134	-2391.839	-2579.686	187.8467	1.303125	0.6171737	4.86384
70140	-2401.936	-2587.762	185.8261	1.24156	0.5170335	6.09346
70146	-2402.665	-2588.559	185.8947	1.17302	0.5170335	6.09346
70152	-2397.928	-2582.929	185.0011	1.185989	0.4213482	6.661152
70158	-2398.518	-2583.463	184.9447	1.242368	0.4213482	6.661152
70164	-2401.378	-2586.381	185.0026	1.184423	0.4213482	6.661152
70170	-2397.619	-2584.249	186.629	1.41506	0.4213482	5.650343
70176	-2403.396	-2590.343	186.9475	1.29149	0.4213482	5.543314
70182	-2405.45	-2589.852	184.4021	1.285709	0.4552484	6.89748
70188	-2398.478	-2585.262	186.7834	1.317343	0.2896776	5.77066
70194	-2399.781	-2582.836	183.0552	1.48825	1.041136	7.109811
70200	-2393.45	-2580.324	186.8744	1.520726	0.4181625	5.460722
70206	-2393.831	-2582.763	188.9324	1.46991	0.4181625	4.342558
70212	-2407.901	-2596.398	188.4971	1.493763	0.4181625	4.574309
70218	-2401.017	-2589.324	188.3061	1.684776	0.4181625	4.574309
70224	-2401.678	-2587.895	186.2173	1.525404	0.7102487	5.572387
70230	-2400.847	-2586.76	185.9126	1.637951	0.6522672	5.719999
70236	-2409.01	-2598.708	189.6981	1.521092	0.6561041	3.659804
70242	-2402.251	-2591.239	188.9883	1.521092	0.6561041	4.067487
70248	-2406.229	-2594.897	188.6683	1.518222	0.709827	4.210638
70254	-2418.621	-2599.392	180.7714	1.187384	0.518113	8.832648
70260	-2424.409	-2613.899	189.4904	1.935923	0.3982065	3.780169
70266	-2409.129	-2597.397	188.2675	1.742889	0.4931387	4.488898
70272	-2394.321	-2582.884	188.5632	1.543291	0.4378729	4.488898
70278	-2394.611	-2581.24	186.6291	1.302158	0.4378729	5.695555
70284	-2397.815	-2581.29	183.4754	1.302158	0.4169156	7.424263
70290	-2395.279	-2579.455	184.1755	1.302158	0.4176756	7.047482
70296	-2407.193	-2591.115	183.9227	1.456865	0.4723534	7.047482
70302	-2397.789	-2583.361	185.5723	1.412763	0.4723534	6.178994
70308	-2411.663	-2597.483	185.8195	1.423197	0.3381023	6.178994
70314	-2399.192	-2582.79	183.5977	1.149086	0.3381023	7.525516
70320	-2397.182	-2581.539	184.3562	1.294254	0.6543879	6.751488
70326	-2387.052	-2571.66	184.6081	1.381488	0.6543879	6.568178
70332	-2392.077	-2577.217	185.1397	1.381488	0.3400655	6.568178
70338	-2389.486	-2574.621	185.1347	1.394819	0.5873404	6.327091
70344	-2401.921	-2588.499	186.578	1.252479	0.3777866	5.813409
70350	-2402.534	-2587.157	184.6235	1.252479	0.3777866	6.874498
70356	-2394.998	-2579.737	184.7387	1.137225	0.3777866	6.874498
70362	-2394.107	-2578.961	184.8539	1.139319	0.3221871	6.874498
70368	-2400.214	-2584.802	184.5881	1.083151	0.4896724	6.874498
70374	-2397.569	-2582.97	185.401	1.314122	0.4549311	6.342153
70380	-2397.936	-2583.978	186.0427	1.556455	0.4549311	5.860659
70386	-2417.205	-2605.918	188.7127	1.416928	0.4549311	4.458713
70392	-2386.498	-2574	187.5013	1.418837	0.4549311	5.133965
70398	-2397.198	-2586.19	188.9916	1.652419	0.3895947	4.236769
70404	-2395.265	-2584.183	188.9188	1.679931	0.4130943	4.236769
70410	-2410.274	-2596.925	186.6503	1.579576	0.650958	5.347613
70416	-2399.696	-2586.702	187.0055	1.579576	0.4473408	5.326687
70422	-2404.047	-2590.898	186.851	1.549125	0.5594627	5.326687
70428	-2404.78	-2593.015	188.235	1.726407	0.3137796	4.710864
70434	-2408.59	-2596.007	187.4163	1.58543	0.4318457	5.111735
70440	-2399.382	-2587.411	188.0291	1.58543	0.3895177	4.815601
70446	-2417.776	-2605.36	187.5842	1.570133	0.3895177	5.071575
70452	-2415.978	-2603.707	187.7291	1.411441	0.3895177	5.07925
70458	-2413.239	-2598.644	185.4052	1.411441	0.5732844	6.18247
70464	-2408.767	-2593.335	184.5675	1.393076	0.3605726	6.847736
70470	-2406.894	-2591.963	185.0684	1.177006	0.4653987	6.586765
70476	-2418.074	-2600.35	182.2762	1.277251	0.7610663	7.803501
70482	-2406.376	-2595.258	188.8822	1.564494	0.3437643	4.401322
70488	-2397.435	-2586.175	188.7397	1.418219	0.4979137	4.401322
70494	-2400.015	-2586.116	186.1011	1.456358	0.3858093	5.95389
70500	-2397.834	-2584.166	186.332	1.225443	0.3858093	5.95389
70506	-2409.432	-2593.257	183.8248	1.407042	0.3596865	7.240932
70512	-2399.958	-2587.304	187.3457	1.315275	0.510565	5.225218
70518	-2397.712	-2586.313	188.6008	1.503638	0.510565	4.419754
70524	-2396.841	-2585.233	188.3922	1.468568	0.6762443	4.419754
70530	-2397.748	-2584.031	186.2831	1.396937	0.3310464	5.949014
70536	-2414.315	-2600.945	186.6307	1.396937	0.3310464	5.758999
70542	-2391.866	-2574.465	182.5992	1.14756	0.4202344	7.972158
70548	-2390.341	-2572.983	182.6417	1.14756	0.3978676	7.972158
70554	-2381.222	-2568.103	186.8812	1.272042	0.3978676	5.614878
70560	-2400.203	-2587.949	187.746	1.371172	0.4298239	5.049796
70566	-2399.493	-2587.117	187.6239	1.35474	0.509934	5.049796
70572	-2410.677	-2598.443	187.7663	1.444984	0.3805975	5.049796
70578	-2398.148	-2585.709	187.5606	1.444984	0.5523295	4.997546
70584	-2402.114	-2589.185	187.0714	1.444984	0.5523295	5.268517
70590	-2391.58	-2579.269	187.6886	1.521655	0.4206271	5.007553
70596	-2396.952	-2586.239	189.2869	1.539307	0.4206271	4.099508
70602	-2392.944	-2582.187	189.2435	1.844874	0.2950457	4.099508
70608	-2385.157	-2574.075	188.9181	1.732756	0.5222276	4.099508
70614	-2395.716	-2584.748	189.0322	1.528002	0.5222276	4.151092
70620	-2382.43	-2571.163	188.7326	1.534147	0.4177155	4.419574
70626	-2396.019	-2584.488	188.4687	1.638845	0.5088834	4.419574
70632	-2392.952	-2583.505	190.5531	1.638845	0.5088834	3.218856
70638	-2401.324	-2591.758	190.434	1.649536	0.578369	3.218856
70644	-2389.304	-2578.924	189.6196	1.649536	0.7708179	3.545194
70650	-2404.266	-2590.227	185.9607	1.824528	0.1663036	6.130975
70656	-2401.257	-2587.499	186.2419	1.560051	0.2303538	6.016705
70662	-2396.471	-2581.477	185.0059	1.532024	0.4540458	6.439095
70668	-2397.279	-2582.376	185.0972	1.440765	0.4540458	6.439095
70674	-2390.868	-2577.167	186.2991	1.440765	0.4540458	5.784521
70680	-2395.682	-2582.311	186.6288	1.285706	0.362383	5.784521
70686	-2397.461	-2585.464	188.0033	1.596043	0.3001131	4.930385
70692	-2396.349	-2581.061	184.7125	2.00111	0.5272879	6.277138
70698	-2408.358	-2594.312	185.9539	1.61491	0.1689642	6.243893
70704	-2400.293	-2582.654	182.3608	1.292487	0.2638197	8.201898
70710	-2392.016	-2574.226	182.2103	1.394404	0.2834724	8.201898
70716	-2400.175	-2583.506	183.3302	1.106529	0.2512208	7.801265
70722	-2409.198	-2593.305	184.1064	1.562505	0.6926609	6.713907
70728	-2411.743	-2590.958	179.2153	1.095426	0.3329743	9.885495
70734	-2406.249	-2590.384	184.1346	1.114114	0.3329743	7.262346
70740	-2396.76	-2581.38	184.6195	1.114114	0.3517556	6.979971
70746	-2399.001	-2580.819	181.8181	1.131686	0.2872787	8.545257
70752	-2393.083	-2577.864	184.7812	1.066858	0.3595409	6.909555
70758	-2384.749	-2573.774	189.0255	1.518744	0.5588028	4.12763
70764	-2385.249	-2571.654	186.4048	1.331698	0.2649099	6.002847
70770	-2391.354	-2575.374	184.0198	1.235308	0.3398585	7.2509
70776	-2397.98	-2579.2	181.2204	1.105923	0.3398585	8.812818
70782	-2397.579	-2578.093	180.5141	0.971407	0.3398585	9.257859
70788	-2388.555	-2567.159	178.6037	1.101162	0.4375815	10.09522
70794	-2392.395	-2573.478	181.0829	1.174427	0.4727488	8.714425
70800	-2395.074	-2580.196	185.1216	1.306105	0.3269887	6.63414
70806	-2392.481	-2579.042	186.5607	1.306105	0.5700889	5.611316
70812	-2384.905	-2571.309	186.4033	1.333147	0.661345	5.611316
70818	-2386.029	-2569.951	183.9219	1.148165	0.4148914	7.269355
70824	-2381.77	-2566.312	184.5427	1.397324	0.4904582	6.728724
70830	-2385.161	-2566.838	181.6774	1.165678	0.4904582	8.387394
70836	-2389.926	-2571.661	181.7341	1.108979	0.4904582	8.387394
70842	-2386.273	-2567.757	181.4835	1.004948	0.5039793	8.563908
70848	-2393.291	-2574.538	181.2477	1.004948	0.5039793	8.689064
70854	-2406.719	-2587.769	181.05	1.136753	0.6565654	8.603035
70860	-2391.752	-2575.885	184.1332	1.098261	0.5726474	7.040521
70866	-2385.354	-2569.451	184.0965	1.190152	0.5569269	7.023642
70872	-2381.298	-2562.285	180.9871	1.046365	0.5246671	8.787507
70878	-2378.915	-2560.251	181.3357	1.071237	0.3247851	8.787507
70884	-2391.305	-2572.375	181.0695	1.264929	0.3339924	8.815263
70890	-2390.425	-2575.359	184.9338	1.359321	0.3677439	6.660216
70896	-2398.633	-2583.831	185.1981	1.242743	0.5402259	6.414077
70902	-2399.305	-2581.862	182.5569	1.164833	0.5402259	7.876327
70908	-2395.017	-2581.352	186.3353	1.314608	0.5402259	5.755372
70914	-2390.642	-2575.496	184.8541	1.268346	0.4770875	6.6424
70920	-2398.957	-2582.705	183.748	1.268346	0.4788073	7.236807
70926	-2403.759	-2587.581	183.8222	1.196374	0.6848013	7.070072
70932	-2407.701	-2594.375	186.6739	1.340048	0.6766074	5.447463
70938	-2410.388	-2596.06	185.6719	1.317556	0.4874989	6.162585
70944	-2394.837	-2582.141	187.3044	1.33998	0.4612593	5.280324
70950	-2398.243	-2586.741	188.4984	1.745113	0.3652512	4.490497
70956	-2388.695	-2575.653	186.9575	1.374259	0.3652512	5.552501
70962	-2405.891	-2595.837	189.9468	1.837014	0.4806464	3.486381
70968	-2391.123	-2580.617	189.4937	1.825256	0.3569611	3.889464
70974	-2398.312	-2587.806	189.4937	1.825256	0.3569611	3.889464
70980	-2400.344	-2590.142	189.798	1.668279	0.3569611	3.804814
70986	-2386.971	-2573.478	186.5071	1.482804	0.4827306	5.620302
70992	-2404.4	-2589.432	185.0324	1.329512	0.3653526	6.625683
70998	-2406.525	-2593.4	186.8751	1.62022	0.3653526	5.462442
71004	-2421.937	-2612.148	190.2112	1.923585	0.3292561	3.451413
71010	-2421.418	-2611.124	189.7058	1.792964	0.3202492	3.831636
71016	-2417.577	-2607.384	189.8067	1.692057	0.3202492	3.831636
71022	-2418.174	-2607.344	189.1694	2.121251	0.3978087	3.858679
71028	-2416.167	-2604.07	187.9035	1.798309	0.3978087	4.757839
71034	-2412.077	-2599.704	187.6262	1.798309	0.3978087	4.912507
71040	-2408.579	-2589.619	181.0403	1.110448	0.2928812	8.961937
71046	-2395.068	-2576.171	181.1029	1.047861	0.2928812	8.961937
71052	-2394.828	-2575.991	181.1633	1.201271	0.4063964	8.721225
71058	-2389.202	-2574.582	185.3798	1.3502	0.2534878	6.565467
71064	-2401.917	-2588.305	186.3875	1.536227	0.2534878	5.916566
71070	-2405.512	-2588.125	182.6128	1.304909	0.2384644	8.096266
71076	-2403.898	-2588.907	185.0091	1.322033	0.3614135	6.646695
71082	-2402.304	-2585.742	183.438	1.043665	0.3743354	7.627022
71088	-2398.373	-2587.12	188.7473	1.444902	0.3792236	4.50347
71094	-2392.629	-2580.298	187.6687	1.444902	0.3792236	5.10549
71100	-2394.053	-2582.267	188.2144	1.516088	0.3792236	4.762215
71106	-2384.342	-2571.738	187.3955	1.357593	0.3792236	5.304889
71112	-2386.406	-2572.315	185.9095	1.32024	0.3792236	6.139611
71118	-2392.471	-2580.413	187.9421	1.611175	0.7323494	4.551878
71124	-2389.309	-2579.182	189.8725	1.639611	0.5950816	3.539734
71130	-2388.936	-2579.268	190.3318	1.684433	0.3144766	3.539734
71136	-2394.269	-2580.963	186.6937	1.511584	0.3144766	5.681841
71142	-2401.583	-2588.021	186.438	1.370964	0.528353	5.678511
71148	-2393.851	-2582.512	188.6612	1.390809	0.528353	4.433151
71154	-2405.156	-2593.658	188.5023	1.685704	0.3699467	4.516309
71160	-2402.745	-2585.194	182.4488	1.255044	0.3699467	8.047221
71166	-2403.753	-2593.139	189.3859	1.883875	0.3699467	3.902361
71172	-2412.128	-2599.003	186.8749	1.273544	0.4449921	5.569345
71178	-2401.417	-2588.311	186.8935	1.254964	0.4449921	5.569345
71184	-2407.867	-2592.953	185.0861	1.344809	0.4449921	6.505814
71190	-2396.732	-2583.031	186.2993	1.244529	0.4449921	5.900524
71196	-2404.077	-2590.447	186.3699	1.210317	0.4250463	5.900524
71202	-2403.176	-2588.77	185.5937	1.131092	0.4250463	6.366198
71208	-2403.686	-2589.356	185.6692	1.206472	0.3486546	6.366198
71214	-2409.551	-2595.22	185.6692	1.206472	0.3486546	6.366198
71220	-2397.445	-2583.126	185.681	1.276474	0.3113355	6.366198
71226	-2396.951	-2580.44	183.4899	1.230317	0.3113355	7.571522
71232	-2400.03	-2583.338	183.3077	1.086313	0.4777203	7.571522
71238	-2402.33	-2583.921	181.5907	0.9794311	0.6926339	8.373756
71244	-2400.543	-2579.828	179.2854	0.9794311	0.5352532	9.713523
71250	-2409.27	-2588.549	179.2783	0.9149714	0.5820237	9.713523
71256	-2398.679	-2578.931	180.2527	0.9149714	0.3823212	9.379436
71262	-2419.94	-2601.903	181.962	1.142706	0.5015419	8.238378
71268	-2402.335	-2582.412	180.0763	1.130322	0.6036962	9.161714
71274	-2395.665	-2576.289	180.6235	0.8895102	0.500813	9.083671
71280	-2403.719	-2585.104	181.3855	1.161214	0.3294755	8.70793
71286	-2399.306	-2580.019	180.7133	1.055165	0.3319935	9.117263
71292	-2397.775	-2577.809	180.0342	1.055165	0.4768005	9.328993
71298	-2396.515	-2578.307	181.7928	1.058954	0.2905367	8.593205
71304	-2409.16	-2591.026	181.8655	0.9862827	0.2905367	8.593205
71310	-2407.286	-2589.074	181.7879	0.8399728	0.394935	8.593205
71316	-2404.069	-2585.509	181.4398	1.124852	0.4283539	8.593205
71322	-2408.469	-2591.306	182.8379	1.093712	0.6896743	7.649717
71328	-2405.265	-2588.4	183.1347	1.102973	0.4837358	7.649717
71334	-2396.979	-2580.008	183.0287	1.182987	0.4619016	7.683666
71340	-2396.72	-2581.709	184.9895	1.144706	0.4619016	6.650227
71346	-2384.464	-2570.866	186.4025	1.310347	0.591828	5.678034
71352	-2386.664	-2571.215	184.5514	1.125781	0.4331949	6.924544
71358	-2391.731	-2573.907	182.1757	1.125781	0.5814344	8.066972
71364	-2389.436	-2570.822	181.3861	1.125781	0.3892216	8.660661
71370	-2405.133	-2586.046	180.9137	0.9675618	0.3892216	8.994922
71376	-2403.576	-2586.705	183.1292	1.192704	0.3892216	7.696647
71382	-2389.796	-2573.511	183.7141	1.276843	0.4663961	7.261918
71388	-2392.277	-2578.823	186.5456	1.439011	0.7687905	5.399008
71394	-2379.214	-2565.863	186.6485	1.399628	0.4997973	5.572666
71400	-2386.15	-2572.716	186.5651	1.482974	0.4997973	5.572666
71406	-2392.654	-2579.089	186.4345	1.364596	0.5554477	5.660688
71412	-2403.036	-2589.461	186.4246	1.321777	0.5904878	5.660688
71418	-2385.768	-2573.203	187.435	1.321777	0.5904878	5.103706
71424	-2397.993	-2586.816	188.8222	1.437264	0.5904878	4.262291
71430	-2394.118	-2581.611	187.4926	1.458758	0.4380104	5.133438
71436	-2397.259	-2584.491	187.2317	1.458758	0.5991441	5.133438
71442	-2392.377	-2579.599	187.2218	1.468682	0.5991441	5.133438
71448	-2390.902	-2576.592	185.6892	1.259911	0.5404816	6.137734
71454	-2397.955	-2581.645	183.6902	1.191214	0.5404816	7.255222
71460	-2403.003	-2588.253	185.25	1.172002	0.6297199	6.352377
71466	-2391.87	-2574.42	182.5508	1.061131	0.4838513	7.983866
71472	-2390.311	-2571.822	181.5109	1.061131	0.4838513	8.537301
71478	-2393.023	-2574.703	181.6806	1.003981	0.4204516	8.537301
71484	-2384.868	-2566.253	181.3854	1.086313	0.5457574	8.537301
71490	-2393.602	-2579.275	185.6727	1.292154	0.4608803	6.200797
71496	-2395.42	-2582.18	186.7593	1.349533	0.4608803	5.57568
71502	-2392.957	-2579.381	186.4236	1.48515	0.4716344	5.675244
71508	-2395.15	-2579.909	184.759	1.579368	0.4716344	6.530593
71514	-2391.231	-2578.806	187.5748	1.579368	0.4311415	5.02788
71520	-2400.356	-2586.223	185.8671	1.443917	0.4562583	6.016701
71526	-2399.239	-2582.041	182.8015	1.015349	0.4772992	7.880436
71532	-2399.581	-2586.956	187.3751	1.48944	0.5909218	5.043578
71538	-2389.03	-2574.312	185.282	1.159338	0.5909218	6.372116
71544	-2386.846	-2570.265	183.4194	1.159338	0.5909218	7.376585
71550	-2388.056	-2571.479	183.4223	1.469642	0.4034784	7.376585
71556	-2393.294	-2577.906	184.6113	1.244356	0.4592905	6.803133
71562	-2409.911	-2594.572	184.6619	1.258369	0.4592905	6.768267
71568	-2394.469	-2580.27	185.8017	1.258369	0.5599888	6.060892
71574	-2399.257	-2585.123	185.866	1.43263	0.418381	6.060892
71580	-2398.044	-2584.208	186.1639	1.356472	0.3106935	6.060892
71586	-2392.122	-2579.5	187.3778	1.970015	0.3106935	5.056581
71592	-2395.075	-2580.324	185.2491	1.487483	0.3106935	6.486723
71598	-2386.659	-2573.607	186.9486	1.562251	0.3106935	5.518799
71604	-2384.921	-2571.711	186.7903	1.587379	0.3728345	5.518799
71610	-2375.816	-2564.541	188.7246	1.587379	0.5522445	4.265194
71616	-2377.421	-2563.829	186.4079	1.369293	0.5522445	5.675376
71622	-2382.197	-2568.763	186.5661	1.508594	0.3817173	5.675376
71628	-2385.344	-2572.578	187.2343	1.506519	0.3648956	5.327661
71634	-2385.454	-2572.825	187.3715	1.442725	0.7671795	4.940866
71640	-2401.426	-2589.924	188.4977	1.32907	0.7671795	4.373622
71646	-2395.917	-2577.528	181.6109	1.405703	0.3402019	8.44605
71652	-2387.196	-2570.792	183.5958	1.321412	0.4830111	7.286198
71658	-2388.288	-2573.008	184.7204	1.217311	0.4830111	6.736745
71664	-2391.513	-2576.554	185.0408	1.217311	0.5244189	6.526668
71670	-2406.63	-2590.518	183.888	1.184687	0.5113916	7.177388
71676	-2382.198	-2567.778	185.5792	1.234334	0.5113916	6.236744
71682	-2394.274	-2579.916	185.6427	1.204144	0.4911833	6.236744
71688	-2384.44	-2571.955	187.5145	1.346069	0.3274996	5.305417
71694	-2407.379	-2594.345	186.9665	1.894039	0.3274996	5.305417
71700	-2389.235	-2577.069	187.8335	1.411224	0.6858037	4.75835
71706	-2390.173	-2579.119	188.9458	1.467755	0.4124052	4.342329
71712	-2382.531	-2571.358	188.8264	1.466464	0.4797754	4.342329
71718	-2370.351	-2558.939	188.5883	1.466464	0.6345982	4.342329
71724	-2384.036	-2570.38	186.3437	1.554976	0.899875	5.363609
71730	-2385.581	-2573.197	187.616	1.514597	0.4434249	5.028628
71736	-2391.737	-2579.668	187.9303	1.709461	0.4434249	4.744991
71742	-2379.215	-2569.605	190.3897	1.758071	0.5192106	3.235093
71748	-2380.577	-2569.597	189.0201	1.67437	0.8427233	3.828818
71754	-2387.535	-2576.531	188.9964	1.67437	0.8427233	3.842448
71760	-2387.28	-2576.027	188.7464	1.572681	0.3330769	4.48619
71766	-2385.571	-2572.049	186.4778	1.470323	0.3219641	5.813474
71772	-2385.587	-2572.775	187.1875	1.335181	0.4803767	5.329313
71778	-2393.976	-2578.545	184.5693	1.119759	0.4350298	6.916368
71784	-2389.98	-2576.268	186.2884	1.357344	0.4350298	5.854697
71790	-2384.437	-2564.276	179.8394	1.154765	0.7439656	9.174597
71796	-2393.649	-2574.28	180.6309	1.190475	0.263241	9.174597
71802	-2382	-2572.898	190.8985	1.845216	0.3394486	3.078714
71808	-2389.144	-2580.574	191.4305	1.740189	0.4341753	2.707341
71814	-2385.062	-2570.241	185.1788	1.248636	0.3964588	6.556698
71820	-2387.15	-2574.935	187.7848	1.445763	0.6357199	4.804194
71826	-2375.278	-2560.501	185.2232	1.178327	0.6357199	6.358899
71832	-2374.773	-2562.46	187.6867	1.668151	0.8876806	4.56112
71838	-2378.921	-2566.608	187.6867	1.668151	0.8876806	4.56112
71844	-2381.683	-2570.107	188.4236	1.48735	0.5746129	4.472423
71850	-2393.022	-2582.302	189.2808	1.742667	0.564199	3.848959
71856	-2399.974	-2587.68	187.7056	1.474244	0.52208	4.927111
71862	-2386.488	-2574.342	187.8543	1.47072	0.2902797	5.095589
71868	-2398.803	-2585.687	186.884	1.592337	0.5582547	5.285626
71874	-2395.439	-2583.918	188.4791	1.499699	0.542739	4.461635
71880	-2389.94	-2573.493	183.5522	1.499699	0.542739	7.161688
71886	-2383.836	-2569.949	186.1128	1.499699	0.3128383	6.007992
71892	-2391.514	-2576.48	184.966	1.216256	0.3128383	6.783841
71898	-2392.506	-2580.082	187.5752	1.396954	0.3128383	5.261861
71904	-2397.328	-2583.838	186.5096	1.355697	0.7348538	5.487771
71910	-2403.355	-2588.144	184.7892	1.25364	0.546999	6.623905
71916	-2398.095	-2583.182	185.0866	1.149506	0.4320763	6.623905
71922	-2397.746	-2582.908	185.1616	1.074563	0.4320763	6.623905
71928	-2393.798	-2576.64	182.8415	1.104501	0.4013725	7.884913
71934	-2402.524	-2585.35	182.8258	1.16138	0.3803252	7.884913
71940	-2393.523	-2576.592	183.069	1.133976	0.3959163	7.753252
71946	-2408.741	-2594.944	186.2026	1.081437	0.3959163	6.092173
71952	-2409.607	-2595.523	185.9157	1.368328	0.3959163	6.092173
71958	-2402.934	-2590.078	187.1444	1.368328	0.3959163	5.419283
71964	-2386.646	-2572.952	186.3056	1.389373	0.4775578	5.786786
71970	-2406.072	-2593.06	186.9886	1.389373	0.4375315	5.450523
71976	-2400.247	-2587.3	187.0524	1.513052	0.4813448	5.304811
71982	-2388.865	-2573.748	184.8821	1.17908	0.4813448	6.671581
71988	-2384.044	-2570.268	186.2243	1.183998	0.4340679	5.985331
71994	-2387.968	-2574.489	186.5213	1.20561	0.4449201	5.800533
72000	-2387.651	-2574.324	186.6732	1.20561	0.4449201	5.717346
72006	-2387.322	-2573.27	185.9486	1.397299	0.8187647	5.717346
72012	-2382.951	-2569.701	186.7497	1.131321	0.4437057	5.717346
72018	-2387.102	-2575.414	188.3113	1.446304	0.5200302	4.606194
72024	-2388.166	-2576.185	188.0193	1.531262	0.5200302	4.72215
72030	-2387.412	-2574.457	187.0444	1.388927	0.4249302	5.432753
72036	-2383.085	-2569.341	186.2564	1.388927	0.3848437	5.906929
72042	-2385.661	-2573.15	187.4894	1.363776	0.3848437	5.24344
72048	-2391.691	-2578.974	187.283	1.363776	0.2859565	5.475836
72054	-2397.428	-2584.068	186.64	1.454586	0.2801461	5.786598
72060	-2392.797	-2578.765	185.9679	1.436123	0.3230608	6.109115
72066	-2412.409	-2599.114	186.7051	1.510134	0.681085	5.333245
72072	-2400.124	-2586.204	186.0798	1.225048	0.3839985	6.093585
72078	-2386.949	-2573.349	186.4	1.216747	0.3839985	5.923434
72084	-2392.93	-2579.333	186.4024	1.383283	0.434326	5.778853
72090	-2396.091	-2583.075	186.9835	1.443507	0.4333664	5.427697
72096	-2400.192	-2586.013	185.8214	1.665464	0.4339193	5.942603
72102	-2409.365	-2599.329	189.964	1.665464	0.739551	3.357021
72108	-2409.692	-2597.543	187.8511	1.665464	0.7970636	4.528122
72114	-2397.801	-2579.955	182.1537	0.9748497	0.4086981	8.313052
72120	-2410.08	-2593.505	183.4248	1.080217	0.4086981	7.578585
72126	-2395.841	-2579.514	183.6727	1.080217	0.2915741	7.578585
72132	-2397.948	-2577.813	179.8646	0.9688644	0.4353345	9.502693
72138	-2398.249	-2580.969	182.7201	1.232733	0.3012921	7.993886
72144	-2419.885	-2603.895	184.01	1.368977	0.4666563	7.053101
72150	-2404.112	-2587.974	183.8624	1.368977	0.5572406	7.053101
72156	-2391.559	-2575.422	183.8624	1.368977	0.5572406	7.053101
72162	-2393.37	-2578.965	185.5953	1.473812	0.4151056	6.189202
72168	-2408.194	-2595.46	187.2655	1.547948	0.4041252	5.244677
72174	-2408.689	-2596.841	188.1518	1.526192	0.3417412	4.834764
72180	-2396.957	-2583.45	186.4927	1.239981	0.4813619	5.762585
72186	-2392.055	-2579.611	187.5558	1.52058	0.4880009	5.015709
72192	-2385.755	-2575.648	189.8922	1.735542	0.4200824	3.639788
72198	-2395.357	-2582.482	187.1246	1.492717	0.80035	5.028184
72204	-2396.146	-2583.067	186.9214	1.347849	0.3920934	5.557367
72210	-2395.082	-2581.479	186.3976	1.832145	0.1695274	5.882745
72216	-2392.931	-2577.548	184.6179	1.277348	0.2988735	6.955935
72222	-2398.138	-2583.457	185.3194	1.300275	0.2988735	6.564785
72228	-2389.614	-2575.457	185.8439	1.450267	0.2988735	6.198878
72234	-2404.556	-2588.816	184.2606	1.450267	0.3612452	6.981558
72240	-2400.738	-2584.292	183.5547	1.058992	0.6235358	7.332626
72246	-2397.896	-2583.58	185.6842	1.100887	0.507122	6.256002
72252	-2387.258	-2572.797	185.5392	1.100887	0.507122	6.334752
72258	-2394.229	-2574.671	180.4424	1.016792	0.507122	9.106641
72264	-2408.319	-2588.654	180.3356	1.123672	0.507122	9.106641
72270	-2406.434	-2586.067	179.6332	1.221244	0.9835336	9.106641
72276	-2415.181	-2595.62	180.4382	1.175946	0.8536416	8.777634
72282	-2404.726	-2586.71	181.984	1.275385	0.8536416	7.902515
72288	-2393.423	-2576.584	183.1611	1.296885	0.5767139	7.45261
72294	-2401.063	-2585.027	183.9643	1.241908	0.4074064	7.203835
72300	-2414.338	-2599.267	184.9287	1.241908	0.4074064	6.684219
72306	-2414.841	-2595.004	180.1627	1.268333	0.4085591	9.21335
72312	-2390.536	-2575.853	185.317	1.268333	0.412618	6.454402
72318	-2412.426	-2597.634	185.2083	1.25026	0.483638	6.454402
72324	-2395.524	-2581.444	185.9195	1.421409	0.6926193	5.805174
72330	-2397.309	-2584.752	187.4431	1.421409	0.7328017	4.936527
72336	-2412.167	-2601.048	188.8808	1.64195	0.6790121	4.042277
72342	-2394.923	-2585.378	190.4549	1.719584	0.4533719	3.284882
72348	-2396.353	-2586.528	190.175	1.536009	0.4533719	3.556346
72354	-2396.468	-2586.624	190.156	1.565656	0.4473981	3.556346
72360	-2379.317	-2569.021	189.7037	1.565656	0.4473981	3.817983
72366	-2382.955	-2572.103	189.1488	1.395458	0.3802284	4.303744
72372	-2383.257	-2572.104	188.8463	1.589151	0.4374542	4.303744
72378	-2396.187	-2585.091	188.9042	1.56186	0.3399958	4.394932
72384	-2409.007	-2593.281	184.2743	1.505911	0.3782625	6.925574
72390	-2431.088	-2614.778	183.6905	1.233408	0.5130995	7.255825
72396	-2429.666	-2614.943	185.2773	1.496181	0.393324	6.372465
72402	-2426.181	-2612.098	185.9173	1.502004	0.4361568	5.977251
72408	-2407.911	-2595.273	187.3617	1.469153	0.4163132	5.222261
72414	-2394.569	-2580.375	185.8059	1.369198	0.7249934	5.873022
72420	-2404.539	-2589.522	184.9837	1.343658	0.5205534	6.492496
72426	-2408.8	-2593.809	185.0094	1.31948	0.5196258	6.492496
72432	-2393.938	-2578.947	185.0094	1.31948	0.5196258	6.492496
72438	-2412.264	-2600.06	187.7959	1.686138	0.7168021	4.602964
72444	-2399.565	-2586.457	186.8925	1.537748	0.5091358	5.353879
72450	-2398.86	-2584.026	185.166	1.353199	0.4523906	6.450882
72456	-2396.125	-2581.9	185.7753	1.316492	0.36038	6.235522
72462	-2394.677	-2580.245	185.5683	1.317332	0.4697038	6.235522
72468	-2405.807	-2587.413	181.6055	1.140018	0.6103393	8.340505
72474	-2409.42	-2590.549	181.1291	1.140018	0.5722548	8.62335
72480	-2405.459	-2591.581	186.1227	1.321868	0.6337487	5.792075
72486	-2410.797	-2595.129	184.3317	1.444727	0.6337487	6.69885
72492	-2402.788	-2588.947	186.1593	1.389083	0.6180194	5.747402
72498	-2414.695	-2600.753	186.0581	1.490238	0.6180194	5.747402
72504	-2391.902	-2577.54	185.6387	1.490238	0.4796846	6.093842
72510	-2386.731	-2575.07	188.3388	1.39603	0.4073274	4.72921
72516	-2408.481	-2596.156	187.6756	1.750577	0.6511559	4.682963
72522	-2389.549	-2577.808	188.2593	1.406652	0.4923702	4.682963
72528	-2388.18	-2573.671	185.4908	1.406652	0.3670749	6.333576
72534	-2387.081	-2575.735	188.6544	1.591162	0.3670749	4.487202
72540	-2388.648	-2576.167	187.5187	1.591162	0.3908498	5.094787
72546	-2402.976	-2592.185	189.2081	1.76241	0.5221431	3.916999
72552	-2405.406	-2594.199	188.7934	1.70467	0.5221431	4.186486
72504	-2454.629	-2632.461	177.8323	1.061247	0.3282955	10.63577
72510	-2434.675	-2619.283	184.6076	1.249157	0.419837	6.841028
72516	-2420.78	-2605.602	184.8223	1.198675	0.6602248	6.546886
72522	-2401.427	-2590.237	188.8104	2.07954	0.2805995	4.231924
72528	-2400.411	-2588.597	188.1867	2.021589	0.2001385	4.737277
72534	-2400.152	-2585.687	185.5346	1.320373	0.3048517	6.429807
72540	-2406.031	-2598.045	192.0144	2.134365	0.8245249	1.708671
72546	-2399.115	-2591.205	192.09	2.134365	0.7609347	1.708671
72552	-2402.267	-2594.341	192.0739	2.142088	0.7678251	1.708671
72558	-2416.773	-2608.894	192.1208	2.095156	0.7678251	1.708671
72564	-2394.947	-2587.053	192.1058	2.23947	0.69013	1.686626
72570	-2407.411	-2599.517	192.1058	2.23947	0.69013	1.686626
72576	-2402.611	-2594.972	192.3608	2.23947	0.69013	1.500761
72582	-2408.625	-2601.264	192.6391	2.23947	0.69013	1.283402
72588	-2398.863	-2591.788	192.9254	2.23947	0.4891321	1.292537
72594	-2407.73	-2600.637	192.9069	2.159915	0.5500204	1.292537
72600	-2403.542	-2596.377	192.835	2.159915	0.5304068	1.374641
72606	-2407.794	-2598.294	190.4996	2.159915	1.833715	2.147272
72612	-2409.934	-2601.954	192.02	1.932239	0.6692931	1.976208
72618	-2411.156	-2603.161	192.0055	1.946828	0.6692931	1.976208
72624	-2391.276	-2583.281	192.0055	1.946828	0.6692931	1.976208
72630	-2381.878	-2573.172	191.2943	2.151801	1.130796	1.976208
72636	-2400.498	-2591.952	191.4535	2.151801	0.9660615	1.976208
72642	-2395.278	-2587.018	191.7396	2.044093	0.8035398	1.976208
72648	-2397.775	-2589.383	191.6083	2.025151	0.8531683	2.038198
72654	-2393.372	-2584.846	191.4742	2.025151	0.8531683	2.126463
72660	-2392.085	-2583.754	191.6692	2.025151	0.8459816	2.003137
72666	-2403.134	-2595.015	191.8815	2.025151	0.8459816	1.859898
72672	-2406.187	-2597.821	191.6341	2.025151	0.8445951	2.02754
72678	-2398.187	-2589.841	191.6537	2.025151	0.8445951	2.014485
72684	-2421.539	-2613.141	191.6025	1.992228	0.9212429	2.014485
72690	-2395.799	-2587.4	191.6011	1.992228	0.9225214	2.014485
72696	-2387.465	-2579.293	191.828	2.022608	0.702822	2.014485
72702	-2390.1	-2581.932	191.8328	2.071246	0.9577168	1.778375
72708	-2396.805	-2588.472	191.6668	2.071246	0.9577168	1.892456
72714	-2399.622	-2590.808	191.1862	1.911427	0.9577168	2.313007
72720	-2389.484	-2580.577	191.093	1.911427	0.9577168	2.372268
72726	-2389.383	-2581.03	191.647	1.991621	0.942729	1.970068
72732	-2406.375	-2598.527	192.1516	2.010475	0.5928864	1.907125
72738	-2398.738	-2590.638	191.8999	2.02471	0.771414	1.907125
72744	-2387.597	-2578.487	190.8894	2.02471	1.034868	2.380438
72750	-2393.165	-2584.245	191.0799	1.932484	0.9377025	2.380438
72756	-2398.058	-2588.225	190.1675	1.73738	0.9377025	3.05969
72762	-2400.191	-2590.541	190.3493	1.745811	0.7690112	3.05969
72768	-2412.981	-2603.318	190.3365	1.745811	0.7795662	3.05969
72774	-2396.845	-2587.777	190.9324	1.669601	0.5961322	2.893184
72780	-2406.172	-2596.183	190.0108	1.59784	0.6779844	3.41586
72786	-2397.138	-2587.473	190.3347	1.491999	0.6236192	3.331625
72792	-2392.745	-2582.176	189.4313	1.491999	0.5894746	3.884744
72798	-2380.299	-2568.021	187.722	1.52524	0.4444459	4.962785
72804	-2387.336	-2575.409	188.073	1.308239	0.3739645	4.962785
72810	-2390.38	-2578.262	187.8823	1.50618	0.3385767	4.999701
72816	-2394.208	-2581.535	187.327	1.362954	0.3667834	5.353603
72822	-2402.725	-2590.821	188.0956	1.395494	0.3565151	4.921512
72828	-2410.105	-2597.454	187.3487	1.576565	0.3415475	5.252847
72834	-2404.008	-2591.594	187.5859	1.339317	0.3415475	5.252847
72840	-2408.826	-2596.161	187.3344	1.429479	0.6252787	5.071989
72846	-2411.526	-2596.345	184.8185	1.499505	0.4110965	6.600719
72852	-2407.199	-2593.54	186.341	1.166861	0.4110965	5.954246
72858	-2395.1	-2578.544	183.4442	1.104712	0.4308898	7.532897
72864	-2393.348	-2576.046	182.6978	1.025262	0.3027058	8.114598
72870	-2391.195	-2573.752	182.5568	1.025262	0.3676358	8.114598
72876	-2390.136	-2572.635	182.4989	1.131044	0.3446903	8.114598
72882	-2394.69	-2576.167	181.4765	1.160169	0.3446903	8.642745
72888	-2411.168	-2593.824	182.6567	0.9213998	0.3446903	8.142194
72894	-2426.571	-2618.76	192.1894	2.161049	0.7402516	1.636983
72900	-2417.925	-2604.294	186.3682	1.334562	0.4176588	5.841025
72906	-2433.948	-2620.763	186.8147	1.553613	0.4176588	5.475987
72912	-2423.585	-2615.329	191.7439	2.131981	1.115503	1.690167
72918	-2407.38	-2599.308	191.9283	2.266618	1.115503	1.456053
72924	-2401.995	-2587.574	185.5789	1.464075	0.3174357	6.312285
72930	-2414.059	-2605.908	191.8491	2.266618	1.115503	1.515788
72936	-2419.189	-2611.032	191.8439	2.266618	1.115503	1.51968
72942	-2427.911	-2615.477	187.5653	1.624118	0.411315	5.028818
72948	-2423.788	-2614.737	190.9495	1.835843	0.6597795	2.727154
72954	-2406.657	-2597.202	190.5452	1.91318	0.9344017	2.727154
72960	-2394.455	-2585.079	190.624	1.834347	0.9344017	2.727154
72966	-2410.459	-2601.711	191.2519	1.834347	0.719997	2.491999
72972	-2397.808	-2589.06	191.2519	1.834347	0.719997	2.491999
72978	-2404.339	-2595.548	191.2099	1.876358	0.719997	2.491999
72984	-2419.567	-2609.272	189.705	1.943985	1.39213	2.968314
72990	-2402.748	-2592.388	189.6393	1.96298	1.39213	2.996356
72996	-2401.307	-2591.454	190.1471	1.96298	1.226353	2.771022
73002	-2399.348	-2590.06	190.7121	1.970888	1.105351	2.483754
73008	-2391.251	-2581.8	190.5483	1.921975	0.9878126	2.686109
73014	-2403.88	-2595.394	191.5144	1.820603	0.5232907	2.511642
73020	-2398.926	-2588.665	189.7391	1.844083	0.8342816	3.317623
73026	-2400.48	-2591.459	190.9792	1.844083	0.8342816	2.56992
73032	-2394.528	-2585.8	191.272	1.844083	0.7224225	2.47139
73038	-2395.302	-2586.158	190.8561	1.786679	0.7224225	2.763993
73044	-2405.064	-2596.82	191.7561	1.786679	0.5221701	2.382212
73050	-2406.071	-2593.142	187.0709	1.265627	0.4779398	5.434221
73056	-2412.061	-2598.056	185.9952	1.331121	0.4779398	5.987871
73062	-2427.92	-2610.749	182.8287	1.149953	0.8145618	7.541922
73068	-2406.325	-2589.035	182.7103	1.268358	0.8145618	7.541922
73074	-2388.609	-2572.442	183.8334	1.032209	0.2732894	7.541922
73080	-2388.121	-2571.77	183.6497	1.033711	0.353551	7.541922
73086	-2387.244	-2571.874	184.6299	1.297324	0.3212474	6.911208
73092	-2387.985	-2573.716	185.7311	1.313751	0.4015842	6.216375
73098	-2406.072	-2586.067	179.9944	1.080274	0.62193	9.217679
73104	-2397.458	-2579.74	182.2825	1.174478	0.370927	8.177677
73110	-2395.776	-2576.292	180.5162	1.122343	0.5476152	8.977573
73116	-2399.064	-2585.203	186.1392	1.122343	0.4684357	6.032086
73122	-2390.206	-2573.332	183.1259	1.038223	0.4625458	7.708529
73128	-2383.315	-2565.835	182.5204	1.185127	0.2865616	8.144226
