Iteration	Posterior	Likelihood	Prior	rate_log_sd	rate_neo	tree_length
0	-2389.509	-2575.388	185.8794	1.506312	0.4683426	5.964423
6	-2392.369	-2578.141	185.7718	1.524671	0.4986138	5.985153
12	-2389.41	-2575.769	186.3595	1.394657	0.3433497	5.894045
18	-2396.173	-2577.35	181.1763	1.301484	0.5709794	8.513573
24	-2409.979	-2589.414	179.4354	1.078363	0.473221	9.636045
30	-2394.314	-2574.165	179.8508	0.9769705	0.3920944	9.548722
36	-2388.089	-2567.597	179.5076	1.112418	0.5086315	9.548722
42	-2378.237	-2562.067	183.8306	1.366641	0.3426394	7.278767
48	-2381.599	-2565.582	183.9829	1.2819	0.3426394	7.24251
54	-2388.939	-2573.195	184.2553	1.296231	0.3535677	7.075939
60	-2397.686	-2584.451	186.7648	1.553075	0.3985666	5.523718
66	-2403.202	-2586.692	183.4899	1.533431	0.491925	7.221163
72	-2406.014	-2592.309	186.2946	1.377698	0.3683711	5.910242
78	-2398.304	-2585.726	187.4221	1.666003	0.3564814	5.145286
84	-2407.57	-2594.979	187.409	1.647498	0.3719138	5.145286
90	-2411.695	-2595.707	184.0119	1.242179	0.3978658	7.18798
96	-2395.244	-2579.048	183.804	1.320153	0.4689398	7.18798
102	-2395.209	-2582.389	187.1799	1.38692	0.5580462	5.235816
108	-2394.986	-2577.489	182.5029	1.134942	0.5702627	7.896452
114	-2395.379	-2574.905	179.5261	1.105397	0.5790924	9.484636
120	-2403.881	-2586.095	182.2141	1.139472	0.3386218	8.268672
126	-2409.174	-2591.106	181.9329	1.26591	0.4205006	8.26388
132	-2398.096	-2579.297	181.2018	1.169708	0.7143222	8.464399
138	-2406.002	-2589.914	183.9124	1.207812	0.5660667	7.105702
144	-2394.152	-2578.779	184.6271	1.170152	0.5101146	6.788269
150	-2393.473	-2579.841	186.3676	1.314586	0.3901961	5.88106
156	-2396.458	-2577.198	180.7403	1.161273	0.3482643	9.028306
162	-2392.957	-2576.687	183.7305	1.035695	0.4216543	7.42561
168	-2394.527	-2578.498	183.9705	1.144295	0.2604971	7.42561
174	-2391.209	-2573.326	182.1168	0.9897849	0.3776004	8.357009
180	-2400.296	-2582.194	181.8973	1.162023	0.4016584	8.357009
186	-2395.839	-2577.163	181.3244	1.139249	0.4076353	8.66738
192	-2389.505	-2574.672	185.1675	1.130388	0.227463	6.836602
198	-2391.099	-2575.129	184.0301	0.9342449	0.3334038	7.414409
204	-2389.535	-2571.034	181.4984	1.261366	0.3334038	8.590274
210	-2383.227	-2564.747	181.5197	1.073313	0.4160387	8.590274
216	-2384.734	-2567.59	182.856	0.9527631	0.2340973	8.160598
222	-2380.106	-2557.349	177.2428	0.8410114	0.351387	11.03421
228	-2375.121	-2558.356	183.2349	0.9316863	0.3773904	7.792242
234	-2373.692	-2551.996	178.3042	0.9672113	0.3776553	10.38308
240	-2385.696	-2564.06	178.3642	1.010683	0.5306835	10.18582
246	-2381.722	-2564.073	182.3506	1.157766	0.3423127	8.18202
252	-2385.309	-2565.852	180.5435	1.045484	0.5899054	8.970031
258	-2387.005	-2571.361	184.3557	1.255199	0.5354742	6.866886
264	-2384.607	-2571.785	187.1776	1.522564	0.4270862	5.283445
270	-2396.727	-2583.694	186.9664	1.410858	0.3295429	5.569047
276	-2392.351	-2580.898	188.5474	1.505085	0.6504444	4.331229
282	-2387.422	-2570.233	182.8108	1.287929	0.3111894	7.903894
288	-2384.088	-2567.955	183.8671	1.153296	0.2675603	7.466678
294	-2380.744	-2564.807	184.0631	1.153576	0.4553395	7.151038
300	-2386.791	-2567.806	181.0154	0.9895616	0.3423397	8.980252
306	-2381.349	-2566.537	185.1879	1.276244	0.3423397	6.596414
312	-2388.052	-2572.859	184.8067	1.328155	0.3399909	6.777071
318	-2388.739	-2567.198	178.4591	0.9309008	0.5266722	10.18121
324	-2395.565	-2576.978	181.4133	1.173135	0.4182012	8.591663
330	-2389.428	-2574.493	185.0652	1.301553	0.659055	6.360318
336	-2392.909	-2574.406	181.4973	1.164718	0.3548368	8.617951
342	-2398.307	-2581.69	183.3833	1.356016	0.5386675	7.332986
348	-2387.675	-2569.926	182.2506	1.114652	0.6863834	7.95461
354	-2400.268	-2580.903	180.6345	1.113335	0.2925785	9.175508
360	-2397.292	-2579.516	182.2236	1.193064	0.3192716	8.25772
366	-2401.099	-2584.437	183.3382	1.29788	0.2905365	7.642432
372	-2393.504	-2577.896	184.3917	1.015053	0.4360922	7.067327
378	-2391.833	-2573.605	181.7722	1.027484	0.387684	8.509496
384	-2388.353	-2569.746	181.3931	1.056269	0.6329227	8.480913
390	-2386.506	-2568.907	182.4008	1.047551	0.4564119	8.096353
396	-2386.939	-2569.41	182.4716	0.9792322	0.454976	8.096353
402	-2394.846	-2576.822	181.9754	1.140678	0.6738672	8.096353
408	-2395.266	-2580.999	185.7326	1.116751	0.4379919	6.285697
414	-2398.057	-2579.732	181.6744	1.38168	0.8029049	8.04211
420	-2390.085	-2571.326	181.2412	1.114695	0.5206348	8.619881
426	-2386.491	-2568.463	181.9725	1.087206	0.3750284	8.384675
432	-2385.693	-2570.177	184.4831	1.247497	0.4317242	6.897212
438	-2390.056	-2575.171	185.1149	1.502654	0.8385124	6.102794
444	-2386.745	-2569.111	182.3655	1.255113	0.5511955	7.921171
450	-2390.395	-2577.883	187.4874	1.392441	0.5525887	5.067114
456	-2391.7	-2577.629	185.9287	1.424763	0.5499492	5.909211
462	-2395.546	-2583.44	187.8933	1.496766	0.5865149	4.754588
468	-2395.913	-2582.702	186.7885	1.540775	0.4920976	5.425071
474	-2400.815	-2584.634	183.8187	1.42024	0.2683788	7.348362
480	-2406.696	-2589.645	182.9494	1.297659	0.7188372	7.4606
486	-2396.536	-2580.003	183.4672	1.297255	0.5031153	7.35019
492	-2400.189	-2580.324	180.1356	0.9461795	0.5231453	9.292508
498	-2404.222	-2589.613	185.3902	1.150555	0.3709493	6.522697
504	-2390.568	-2574.837	184.2696	1.174636	0.5476193	6.946481
510	-2397.672	-2580.039	182.3663	1.150878	0.5476193	7.979345
516	-2382.819	-2566.326	183.5072	1.180732	0.2906471	7.614521
522	-2394.189	-2575.912	181.7232	1.151403	0.5173282	8.347132
528	-2396.153	-2574.443	178.2895	0.9905228	0.337339	10.42256
534	-2403.608	-2585.045	181.4367	1.150028	0.4483537	8.562251
540	-2403.386	-2589.094	185.7074	1.047311	0.3621236	6.416558
546	-2414.249	-2596.536	182.2864	1.522048	0.2341374	8.160692
552	-2395.805	-2581.683	185.8786	1.362464	0.6561034	5.886459
558	-2395.659	-2583.142	187.483	1.4767	0.2665709	5.329662
564	-2375.723	-2562.376	186.6535	1.262476	0.4259242	5.715909
570	-2375.466	-2559.512	184.0464	0.9271879	0.4259242	7.310143
576	-2375.546	-2558.721	183.1746	0.9973611	0.4853713	7.683405
582	-2383.352	-2565.769	182.4166	1.108599	0.5673458	7.958936
588	-2392.175	-2573.036	180.861	1.031865	0.5673458	8.826868
594	-2397.354	-2579.999	182.646	1.038839	0.3442204	8.085872
600	-2393.088	-2574.847	181.7594	1.022916	0.5576903	8.362472
606	-2391.203	-2576.516	185.3124	1.239124	0.3001833	6.599994
612	-2390.855	-2573.396	182.5414	1.167846	0.3241036	8.096161
618	-2393.412	-2575.727	182.3148	1.089187	0.4822365	8.096161
624	-2398.687	-2582.965	184.2778	1.066667	0.2523079	7.313736
630	-2390.129	-2572.401	182.2713	1.204558	0.4964635	8.045147
636	-2396.888	-2580.517	183.6298	1.224013	0.612515	7.21214
642	-2394.607	-2580.084	185.4767	1.498731	0.5109643	6.149027
648	-2389.819	-2576.316	186.4969	1.416829	0.33314	5.818845
654	-2389.833	-2576.992	187.1593	1.494846	0.4561462	5.279937
660	-2395.914	-2580.103	184.1885	1.413652	0.6600718	6.773415
666	-2386.403	-2569.426	183.0233	1.097695	0.5704767	7.638076
672	-2394.014	-2585.474	191.4605	1.670773	0.4947115	2.666834
678	-2390.451	-2579.82	189.3695	1.617545	0.7599734	3.716448
684	-2378.208	-2565.977	187.769	1.300882	0.3741577	5.135341
690	-2390.335	-2577.575	187.2395	1.398913	0.6332484	5.135341
696	-2389.765	-2575.893	186.1281	1.281622	0.5105456	5.912655
702	-2379.92	-2563.977	184.0569	1.281394	0.4057519	7.134558
708	-2388.956	-2568.812	179.8565	1.016568	0.7162088	9.257142
714	-2398.532	-2582.139	183.6065	1.209417	0.3299892	7.497949
720	-2397.954	-2580.044	182.0893	1.138271	0.4221433	8.246948
726	-2388.847	-2571.156	182.3083	1.115182	0.3252661	8.246948
732	-2391.438	-2579.419	187.9816	1.6414	0.3738389	4.828261
738	-2388.936	-2573.925	184.9886	1.164728	0.5810602	6.536123
744	-2392.879	-2578.91	186.0309	1.379329	0.589254	5.845804
750	-2377.079	-2564.044	186.9646	1.277554	0.4862494	5.478413
756	-2386.058	-2572.152	186.0943	1.147197	0.3895798	6.12207
762	-2378.287	-2565.091	186.8042	1.224138	0.4239261	5.656359
768	-2384.21	-2572.479	188.2694	1.420433	0.3723727	4.792621
774	-2387.236	-2573.581	186.345	1.288581	0.5468266	5.75866
780	-2393.595	-2577.868	184.2733	1.374693	0.3916746	6.982504
786	-2402.346	-2584.722	182.376	1.057373	0.5600653	8.01381
792	-2402.018	-2586.528	184.5099	1.231836	0.6519954	6.703963
798	-2391.641	-2576.333	184.692	1.3433	0.8152875	6.433705
804	-2393.32	-2583.741	190.4211	1.919376	0.6322713	3.019449
810	-2380.214	-2569.918	189.7037	1.747589	0.7515828	3.452699
816	-2392.989	-2583.136	190.1469	1.72737	0.4886677	3.425559
822	-2390.811	-2579.911	189.1003	1.688501	0.483389	4.057371
828	-2389.088	-2574.384	185.2967	1.225221	0.4968059	6.408095
834	-2385.74	-2571.196	185.4567	1.219954	0.4095324	6.408095
840	-2388.631	-2571.73	183.0988	0.9870757	0.4264665	7.784934
846	-2377.853	-2562.813	184.9596	1.192799	0.4264665	6.674754
852	-2386.333	-2571.006	184.6728	1.095634	0.4264665	6.882048
858	-2387.554	-2570.789	183.2352	1.266585	0.3927903	7.5967
864	-2388.21	-2574.452	186.2418	1.262856	0.5788399	5.802595
870	-2401.099	-2585.303	184.2049	1.271368	0.3006314	7.179187
876	-2391.66	-2579.549	187.8889	1.526602	0.2660073	5.078349
882	-2378.742	-2567.146	188.4037	1.353355	0.5103776	4.615224
888	-2387.449	-2575.185	187.7354	1.266902	0.4591096	5.084342
894	-2395.096	-2584.493	189.3968	1.539414	0.6384301	3.837106
900	-2387.552	-2576.893	189.341	1.595205	0.6384301	3.837106
906	-2376.607	-2565.466	188.8593	1.594545	0.4319095	4.299066
912	-2385.871	-2571.82	185.9485	1.612162	0.6670112	5.703514
918	-2389.52	-2577.861	188.3416	1.575091	0.5826174	4.462417
924	-2385.906	-2574.273	188.3676	1.57621	0.5826174	4.447145
930	-2387.688	-2575.256	187.5678	1.37428	0.5650836	5.021964
936	-2393.135	-2579.3	186.1656	1.236809	0.4010938	6.022235
942	-2393.161	-2577.749	184.5872	1.240152	0.6294083	6.674625
948	-2385.882	-2571.506	185.6242	1.237814	0.4673875	6.250516
954	-2406.179	-2593.2	187.021	1.384221	0.4673875	5.406395
960	-2397.741	-2584.64	186.899	1.407803	0.4883648	5.440902
966	-2390.243	-2573.596	183.3529	1.237859	0.5204904	7.428191
972	-2392.075	-2577.974	185.8982	1.237859	0.5482197	6.029331
978	-2378.02	-2563.768	185.7484	1.257385	0.636929	6.029331
984	-2389.249	-2572.376	183.1261	1.247772	0.4621639	7.596647
990	-2390.065	-2576.39	186.3247	1.223025	0.3507733	5.998139
996	-2388.98	-2575.185	186.2058	1.315294	0.7201186	5.687024
1002	-2398.412	-2584.372	185.9607	1.501456	0.7075893	5.728152
1008	-2394.046	-2580.985	186.9385	1.434292	0.643987	5.273996
1014	-2385.854	-2573.362	187.508	1.435211	0.5438297	5.039461
1020	-2393.489	-2581.035	187.5467	1.396516	0.5438297	5.039461
1026	-2393.909	-2583.558	189.6485	1.542809	0.4627797	3.847214
1032	-2395.293	-2584.185	188.8914	1.491737	0.6659318	4.131783
1038	-2386.095	-2575.429	189.334	1.569882	0.6611013	3.837788
1044	-2388.044	-2577.674	189.6304	1.541062	0.4838823	3.837788
1050	-2387.768	-2578.749	190.9815	1.888557	0.7864045	2.575608
1056	-2394.727	-2585.905	191.178	1.760649	0.7305275	2.575608
1062	-2387.385	-2573.262	185.8762	1.236607	0.6217721	5.982549
1068	-2382.487	-2568.721	186.2341	1.296252	0.4739439	5.880159
1074	-2387.928	-2572.61	184.6821	1.31371	0.3875866	6.799337
1080	-2375.507	-2556.516	181.0083	0.9487106	0.5605892	8.798292
1086	-2384.762	-2567.919	183.157	1.130592	0.3422513	7.766441
1092	-2378.032	-2561.831	183.7996	1.239001	0.4216318	7.27951
1098	-2395.983	-2579.576	183.5933	1.0008	0.4862786	7.456557
1104	-2394.436	-2578.815	184.3794	1.015629	0.4611881	7.049554
1110	-2398.341	-2582.154	183.8126	1.081363	0.4611881	7.318863
1116	-2404.077	-2587.249	183.1718	1.173726	0.3144122	7.768189
1122	-2394.076	-2576.643	182.5668	1.177182	0.6642522	7.768189
1128	-2405.69	-2591.161	185.4713	1.139909	0.4204415	6.432423
1134	-2394.663	-2580.239	185.5757	1.270625	0.6556454	6.10213
1140	-2395.24	-2577.84	182.6007	1.068016	0.5250407	7.917467
1146	-2399.073	-2583.071	183.9973	1.18492	0.4876876	7.139583
1152	-2397.364	-2582.652	185.2882	1.057668	0.4876876	6.511741
1158	-2400.267	-2586.856	186.589	1.111224	0.4876876	5.774501
1164	-2401.188	-2586.127	184.9385	1.192875	0.5930411	6.538393
1170	-2384.131	-2568.488	184.3575	1.259402	0.5792987	6.827431
1176	-2391.488	-2577.194	185.7062	1.279892	0.4357832	6.213603
1182	-2397.105	-2581.272	184.1673	1.248567	0.4091507	7.089338
1188	-2384.866	-2569.735	184.8694	1.18278	0.4500933	6.70578
1194	-2396.691	-2581.39	184.6988	1.137146	0.5835073	6.70578
1200	-2397.351	-2582.013	184.6612	1.174745	0.5835073	6.70578
1206	-2390.603	-2575.276	184.6733	1.204072	0.6195009	6.655149
1212	-2392.733	-2578.578	185.8452	1.204072	0.44662	6.168608
1218	-2385.485	-2572.877	187.3915	1.238103	0.3960282	5.354772
1224	-2380.942	-2569.711	188.7686	1.445357	0.5548156	4.318398
1230	-2390.734	-2578.79	188.0559	1.445598	0.6065149	4.67594
1236	-2397.009	-2585.574	188.5649	1.37937	0.3502359	4.67594
1242	-2393.369	-2582.788	189.4186	1.451636	0.5480049	3.951057
1248	-2388.593	-2577.094	188.5013	1.449404	0.5480049	4.472882
1254	-2391.006	-2579.827	188.8215	1.46133	0.5458789	4.287232
1260	-2387.427	-2575.936	188.5088	1.478624	0.460255	4.533435
1266	-2393.795	-2582.278	188.4832	1.435323	0.5007916	4.533435
1272	-2396.752	-2583.454	186.7021	1.349803	0.5474337	5.528649
1278	-2391.661	-2575.803	184.1421	1.290982	0.6445467	6.876118
1284	-2387.602	-2574.532	186.9297	1.377914	0.3937082	5.534524
1290	-2401.545	-2586.42	184.8755	1.110073	0.8691555	6.427456
1296	-2399.909	-2583.447	183.5375	1.224316	0.5994476	7.271635
1302	-2376.823	-2558.618	181.7954	1.128077	0.4848204	8.349654
1308	-2389.03	-2572.029	182.9987	1.056589	0.3298334	7.904844
1314	-2390.289	-2573.185	182.896	1.118324	0.4953817	7.75871
1320	-2397.131	-2580.239	183.108	1.068003	0.4101894	7.753067
1326	-2390.431	-2575.519	185.0879	1.304179	0.4701236	6.502948
1332	-2388.154	-2573.02	184.8662	1.199173	0.4867591	6.664373
1338	-2384.576	-2572.363	187.7869	1.330921	0.4372586	5.041909
1344	-2394.911	-2582.395	187.4838	1.422955	0.5196097	5.080981
1350	-2387.147	-2574.3	187.1535	1.301754	0.5387879	5.313924
1356	-2384.917	-2570.915	185.9976	1.328164	0.323477	6.151224
1362	-2390.103	-2575.713	185.6099	1.18744	0.6259842	6.151224
1368	-2393.527	-2574.555	181.0276	0.9856027	0.4673708	8.848763
1374	-2400.351	-2581.921	181.57	1.006258	0.3602724	8.657451
1380	-2401.719	-2580.144	178.4249	1.136494	0.7526454	9.924911
1386	-2389.139	-2570.305	181.1658	0.934526	0.5079339	8.766403
1392	-2390.116	-2571.416	181.2999	1.12617	0.3342197	8.766403
1398	-2392.168	-2575.376	183.2084	1.20758	0.3599817	7.677844
1404	-2397.167	-2581.373	184.2059	1.162843	0.3599817	7.167054
1410	-2393.269	-2578.113	184.8437	1.159861	0.462283	6.720429
1416	-2399.373	-2584.037	184.6649	1.166314	0.5685671	6.720429
1422	-2398.356	-2585.604	187.2472	1.376423	0.3250148	5.439047
1428	-2380.047	-2564.942	184.8945	1.146919	0.4080767	6.753293
1434	-2390.545	-2576.333	185.7874	1.215022	0.5590964	6.092995
1440	-2388.184	-2575.438	187.2547	1.285084	0.4850617	5.315543
1446	-2375.953	-2563.736	187.7824	1.368606	0.5104189	4.953625
1452	-2378.614	-2565.492	186.8774	1.42233	0.4704273	5.461561
1458	-2380.075	-2567.313	187.2378	1.387103	0.4704273	5.282286
1464	-2380.756	-2565.895	185.1392	1.26817	0.3624382	6.604344
1470	-2390.1	-2577.484	187.3844	1.239803	0.4776597	5.275839
1476	-2400.406	-2587.23	186.8244	1.39941	0.5143149	5.462976
1482	-2387.636	-2576.508	188.8712	1.66909	0.6286465	4.071572
1488	-2385.929	-2574.827	188.8977	1.66909	0.6103483	4.071258
1494	-2391.872	-2581.728	189.8564	1.795609	0.5607095	3.488092
1500	-2386.579	-2576.894	190.3152	1.779146	0.5201499	3.265777
1506	-2396.395	-2585.652	189.2567	1.491093	0.5546238	4.015211
1512	-2379.109	-2566.932	187.8228	1.538095	0.7298108	4.661595
1518	-2389.722	-2576.777	187.0548	1.436362	0.58461	5.25554
1524	-2398.08	-2585.555	187.4753	1.429343	0.5412485	5.063136
1530	-2394.194	-2582.383	188.1895	1.565051	0.5244416	4.60394
1536	-2388.941	-2578.17	189.2294	1.486904	0.5014045	4.08152
1542	-2396.803	-2584.673	187.8693	1.516971	0.3417072	4.997181
1548	-2399.991	-2589.231	189.2403	1.47655	0.4284893	4.153456
1554	-2387.012	-2572.582	185.57	1.349762	0.4312894	6.254068
1560	-2383.424	-2570.02	186.5957	1.349762	0.5725582	5.566044
1566	-2393.841	-2579.613	185.7723	1.31107	0.4740922	6.123866
1572	-2397.006	-2581.618	184.6118	1.236022	0.4791542	6.78882
1578	-2403.774	-2587.126	183.3524	1.125359	0.5704368	7.447088
1584	-2405.392	-2590.283	184.8911	1.466387	0.5546123	6.447181
1590	-2401.186	-2588.597	187.4113	1.35775	0.5295328	5.148511
1596	-2402.993	-2591.341	188.3483	1.290302	0.4548892	4.734253
1602	-2402.89	-2589.534	186.6433	1.362288	0.330833	5.771319
1608	-2395.237	-2580.917	185.6804	1.374108	0.3364967	6.283214
1614	-2392.029	-2576.309	184.2803	1.133964	0.3726757	7.128651
1620	-2389.589	-2576.045	186.4561	1.348976	0.7093182	5.538754
1626	-2397.343	-2585.162	187.8192	1.524375	0.6711255	4.714009
1632	-2393.982	-2582.734	188.752	1.752229	0.7563547	3.99638
1638	-2401.822	-2592.102	190.2803	1.877678	0.6232098	3.13602
1644	-2376.483	-2561.236	184.7534	1.223854	0.3694865	6.828886
1650	-2380.974	-2565.595	184.6208	1.161373	0.4741144	6.828886
1656	-2377.377	-2563.566	186.1892	1.366589	0.560699	5.789545
1662	-2392.177	-2575.659	183.4815	1.175053	0.7752678	7.203303
1668	-2387.091	-2572.649	185.5579	1.131148	0.379345	6.433198
1674	-2387.904	-2573.595	185.6908	1.186413	0.394657	6.314758
1680	-2389.838	-2573.742	183.9039	1.139641	0.5482215	7.161633
1686	-2388.784	-2570.477	181.6923	1.247706	0.4448258	8.377876
1692	-2383.843	-2568.134	184.2911	1.119695	0.3837361	7.118608
1698	-2381.356	-2567.729	186.3735	1.324351	0.3927062	5.869775
1704	-2381.324	-2565.599	184.2742	1.099967	0.3554903	7.169157
1710	-2388.773	-2574.158	185.3844	0.9589853	0.4215454	6.576408
1716	-2391.937	-2575.257	183.3204	0.9948635	0.5838102	7.523462
1722	-2384.752	-2573.489	188.737	1.477715	0.4137188	4.453134
1728	-2370.617	-2559.383	188.766	1.509471	0.4611487	4.37035
1734	-2376.851	-2565.778	188.9275	1.493197	0.3830932	4.37035
1740	-2382.024	-2569.231	187.2074	1.419001	0.3315362	5.429643
1746	-2377.213	-2564.447	187.2345	1.521123	0.4936014	5.188337
1752	-2372.364	-2558.524	186.1596	1.365122	0.7165829	5.687509
1758	-2367.827	-2554.658	186.8312	1.259824	0.5278631	5.524067
1764	-2384.712	-2570.56	185.8483	1.231805	0.7754514	5.890826
1770	-2393.931	-2583.593	189.6621	1.628667	0.6548275	3.619333
1776	-2393.13	-2583.217	190.0869	1.720268	0.524345	3.43061
1782	-2395.476	-2584.854	189.3776	1.637809	0.7934723	3.676711
1788	-2399.611	-2589.801	190.1896	1.633666	0.6008531	3.352819
1794	-2396.04	-2584.57	188.53	1.507717	0.6469875	4.342292
1800	-2384.055	-2572.595	188.5393	1.60974	0.5696733	4.342292
1806	-2392.086	-2580.26	188.1736	1.607462	0.3972003	4.714214
1812	-2382.14	-2570.663	188.5236	1.333153	0.3639574	4.708949
1818	-2376.914	-2565.191	188.277	1.558408	0.4865707	4.593435
1824	-2376.4	-2564.873	188.4739	1.467557	0.4298877	4.589817
1830	-2372.383	-2559.617	187.2343	1.43151	0.3601439	5.374414
1836	-2385.124	-2569.488	184.364	1.288162	0.3979313	6.973714
1842	-2378.952	-2565.404	186.4526	1.240097	0.6123289	5.672753
1848	-2389.33	-2574.52	185.1902	1.38628	0.4189274	6.452783
1854	-2390.867	-2575.686	184.8187	1.170411	0.6106358	6.601592
1860	-2390.736	-2577.534	186.798	1.252359	0.4107982	5.657742
1866	-2384.01	-2569.16	185.1495	1.344606	0.561506	6.367339
1872	-2387.141	-2573.435	186.2936	1.385677	0.5595856	5.722866
1878	-2369.442	-2556.931	187.489	1.345594	0.4147797	5.221777
1884	-2372.047	-2559.765	187.7182	1.355948	0.419999	5.083721
1890	-2379.898	-2566.9	187.0018	1.381806	0.419999	5.465191
1896	-2381.574	-2570.558	188.984	1.466356	0.4303019	4.3027
1902	-2383.887	-2568.701	184.8141	1.474098	0.7430056	6.343703
1908	-2395.37	-2581.761	186.3909	1.306135	0.4228954	5.838863
1914	-2396.98	-2585.207	188.2278	1.432159	0.4228954	4.754687
1920	-2407.212	-2595.981	188.7684	1.756084	0.3892108	4.304844
1926	-2407.684	-2594.301	186.6173	1.518182	0.6455116	5.403749
1932	-2399.475	-2586.801	187.3256	1.518182	0.6773009	4.988007
1938	-2394.466	-2580.721	186.2549	1.69205	0.6981179	5.468749
1944	-2390.817	-2575.345	184.5283	1.443085	0.5096296	6.694694
1950	-2405.513	-2596.416	190.9028	1.783869	0.6678549	2.780759
1956	-2405.739	-2593.996	188.2562	1.581931	0.4449247	4.632478
1962	-2404.178	-2591.214	187.0358	1.495741	0.2952998	5.527039
1968	-2397.196	-2584.78	187.5836	1.41863	0.3199725	5.236358
1974	-2392.058	-2580.234	188.1753	1.540538	0.363297	4.788465
1980	-2388.956	-2577.254	188.2981	1.53127	0.3679114	4.719719
1986	-2386.629	-2574.822	188.1935	1.421556	0.4835269	4.719719
1992	-2393.692	-2579.904	186.212	1.421556	0.4073333	5.889518
1998	-2405.73	-2591.346	185.6157	1.197987	0.3214174	6.431869
2004	-2390.874	-2576.951	186.0761	1.310826	0.4428673	5.988311
2010	-2388.389	-2576.563	188.1743	1.585933	0.5197794	4.604927
2016	-2388.396	-2576.127	187.7306	1.585933	0.4036708	4.966284
2022	-2392.626	-2581.393	188.7671	1.654717	0.4034096	4.347349
2028	-2402.518	-2588.988	186.4697	1.254272	0.346777	5.906568
2034	-2395.335	-2583.031	187.6967	1.492266	0.3703884	5.07356
2040	-2391.283	-2582.152	190.8697	1.868649	0.5923258	2.813901
2046	-2388.689	-2576.118	187.4288	1.640643	0.4942572	5.013749
2052	-2391.072	-2579.493	188.421	1.639701	0.3784124	4.578216
2058	-2411.668	-2598.745	187.0773	1.441032	0.3400585	5.478943
2064	-2393.405	-2582.166	188.7609	1.651777	0.4289612	4.325384
2070	-2397.204	-2588.336	191.1319	1.77653	0.4995568	2.798248
2076	-2396.15	-2587.053	190.904	1.880129	0.4995568	2.873734
2082	-2394.613	-2580.975	186.3618	1.353987	0.3328947	5.927329
2088	-2398.967	-2586.555	187.5884	1.360074	0.3364811	5.246033
2094	-2400.217	-2587.527	187.3103	1.384583	0.46795	5.246033
2100	-2402.023	-2590.561	188.5386	1.515195	0.5079873	4.450692
2106	-2393.216	-2580.892	187.6757	1.450138	0.509215	4.968681
2112	-2388.654	-2573.484	184.8291	1.307416	0.509215	6.605783
2118	-2393.084	-2579.889	186.8043	1.432142	0.6133101	5.373053
2124	-2391.501	-2576.019	184.5178	1.336685	0.364444	6.900665
2130	-2390.557	-2575.683	185.126	1.269975	0.5053862	6.468683
2136	-2393.683	-2580.389	186.7065	1.379211	0.5101896	5.542613
2142	-2388.099	-2570.519	182.4205	1.148034	0.2934212	8.208518
2148	-2389.504	-2573.672	184.1672	1.277646	0.3589927	7.127238
2154	-2388.115	-2573.118	185.0034	1.223431	0.4422379	6.618967
2160	-2385.852	-2574.307	188.4552	1.500702	0.4422379	4.569122
2166	-2402.366	-2591.353	188.9874	1.579463	0.4422379	4.224452
2172	-2395.889	-2584.664	188.7751	1.653861	0.9865581	3.892923
2178	-2390.844	-2579.121	188.2769	1.680405	0.4059455	4.606052
2184	-2386.769	-2574.969	188.1995	1.47461	0.2920323	4.899323
2190	-2381.833	-2569.242	187.409	1.492696	0.3233226	5.287794
2196	-2391.745	-2577.588	185.8432	1.583072	0.2033229	6.263148
2202	-2380.194	-2568.655	188.4606	1.353174	0.4029729	4.689694
2208	-2375.918	-2560.049	184.1307	1.179877	0.4350252	7.120128
2214	-2385.652	-2571.819	186.1665	1.276645	0.4223142	5.978109
2220	-2400.178	-2589.376	189.1975	1.482771	0.4813319	4.121164
2226	-2413.925	-2602.636	188.7111	1.716366	0.785945	4.019743
2232	-2402.696	-2592.448	189.7515	1.647122	0.4798997	3.710785
2238	-2409.867	-2597.897	188.0303	1.492907	0.5275402	4.730692
2244	-2413.648	-2601.644	187.9957	1.478522	0.4866367	4.795471
2250	-2403.193	-2591.003	187.8106	1.612839	0.4866367	4.823828
2256	-2409.219	-2597.666	188.4467	1.735531	0.8090941	4.143863
2262	-2408.751	-2596.906	188.1552	1.537358	0.6723513	4.517421
2268	-2420.082	-2604.36	184.2779	1.336507	0.342522	7.054694
2274	-2415.455	-2598.886	183.4305	1.457164	0.274641	7.528336
2280	-2403.077	-2591.612	188.5358	1.618428	0.2413281	4.702503
2286	-2398.498	-2585.242	186.744	1.353469	0.5316151	5.517266
2292	-2401.487	-2587.899	186.4121	1.589248	0.4694687	5.626485
2298	-2401.744	-2590.436	188.6921	1.504059	0.4761209	4.400471
2304	-2394.453	-2581.703	187.2495	1.504059	0.4699796	5.211635
2310	-2385.511	-2572.818	187.3072	1.504059	0.43735	5.211635
2316	-2390.012	-2576.229	186.2169	1.279299	0.43735	5.934065
2322	-2390.694	-2575.994	185.2997	1.153205	0.4883929	6.453138
2328	-2392.829	-2576.663	183.8332	1.049963	0.4363135	7.34841
2334	-2400.402	-2582.991	182.5886	1.091466	0.362889	8.067594
2340	-2392.172	-2576.61	184.4373	1.265399	0.3758911	6.969895
2346	-2391.958	-2573.038	181.0796	1.015538	0.3758911	8.895669
2352	-2389.249	-2573.205	183.9563	1.163347	0.4476569	7.210486
2358	-2414.606	-2596.187	181.5812	1.033753	0.3411281	8.65832
2364	-2409.026	-2590.168	181.1416	0.9539712	0.3411281	8.933674
2370	-2404.588	-2586.582	181.9937	1.054775	0.5911347	8.194127
2376	-2400.306	-2581.126	180.8203	1.142144	0.5911347	8.771139
2382	-2395.836	-2582.511	186.675	1.265046	0.5911347	5.553903
2388	-2399.274	-2587.963	188.6887	1.443407	0.4166133	4.496578
2394	-2395.567	-2581.589	186.0224	1.40196	0.4166133	5.994184
2400	-2382.606	-2566.708	184.1018	1.303647	0.4973557	7.010816
2406	-2386.262	-2570.166	183.904	1.194203	0.4973557	7.176068
2412	-2378.289	-2565.894	187.6058	1.339993	0.7322805	4.891686
2418	-2388.616	-2577.307	188.6912	1.388874	0.7322805	4.254757
2424	-2401.646	-2584.894	183.2476	1.133658	0.3549123	7.702046
2430	-2397.222	-2578.854	181.6313	1.067786	0.435511	8.514877
2436	-2394.498	-2574.907	180.4084	0.9749014	0.435511	9.212101
2442	-2393.72	-2575.006	181.2859	0.9765747	0.552655	8.642725
2448	-2398.149	-2582.914	184.7649	1.110414	0.4487108	6.802625
2454	-2380.577	-2564.059	183.4814	1.080607	0.4553761	7.502292
2460	-2382.297	-2565.785	183.4883	0.9903202	0.4918539	7.513397
2466	-2385.772	-2571.29	185.5182	1.212948	0.378248	6.411579
2472	-2387.663	-2570.323	182.6598	1.08399	0.355799	8.041411
2478	-2389.511	-2572.139	182.6277	1.061897	0.3539943	8.072335
2484	-2390.388	-2572.725	182.3372	1.261114	0.3994279	8.072335
2490	-2397.808	-2584.354	186.5453	1.31424	0.7004269	5.515168
2496	-2401.789	-2589.02	187.2309	1.302388	0.3778006	5.427636
2502	-2387.669	-2571.665	183.9957	1.209422	0.5861925	7.043794
2508	-2398.185	-2583.551	185.3657	1.21163	0.5861925	6.302067
2514	-2402.294	-2587.466	185.1723	1.397262	0.5914724	6.302067
2520	-2399.74	-2581.743	182.0033	0.9194104	0.4503378	8.38184
2526	-2402.014	-2584.661	182.6463	0.9886758	0.3600151	8.094784
2532	-2405.835	-2596.147	190.3117	1.6496	0.7555622	3.149264
2538	-2403.283	-2593.422	190.139	1.758249	0.8088505	3.149264
2544	-2399.321	-2589.008	189.6863	1.669213	0.9705344	3.364894
2550	-2392.776	-2582.977	190.2014	1.585768	0.7164437	3.281381
2556	-2401.314	-2589.6	188.2855	1.715891	0.7164437	4.310722
2562	-2404.757	-2590.878	186.1203	1.485019	0.7723677	5.605262
2568	-2396.435	-2581.622	185.1872	1.485019	0.407612	6.412472
2574	-2385.857	-2572.557	186.7005	1.573603	0.3480291	5.603856
2580	-2387.605	-2577.995	190.3896	1.594038	0.3979573	3.457105
2586	-2387.993	-2577.218	189.2243	1.7645	0.7141313	3.7486
2592	-2385.351	-2573.999	188.6473	1.66108	0.7141313	4.138252
2598	-2380.113	-2568.362	188.2495	1.621474	0.6713865	4.417654
2604	-2396.408	-2585.27	188.8625	1.65517	0.4429902	4.251559
2610	-2409.162	-2594.6	185.4382	1.477599	0.5615479	6.138142
2616	-2403.415	-2585.567	182.1513	1.283662	0.4639821	8.096384
2622	-2396.463	-2581.166	184.7026	1.300093	0.4431811	6.739173
2628	-2401.299	-2587.779	186.4801	1.491673	0.3026038	5.824614
2634	-2395.508	-2581.379	185.871	1.635212	0.5947714	5.788866
2640	-2400.305	-2586.657	186.3523	1.498221	0.3902983	5.788866
2646	-2398.254	-2582.884	184.6304	1.324208	0.3902983	6.818721
2652	-2407.928	-2593.069	185.1406	1.570837	0.7021202	6.141925
2658	-2399.29	-2584.124	184.8342	1.289221	0.560832	6.568809
2664	-2399.394	-2584.332	184.9379	1.229135	0.6021056	6.511919
2670	-2396.398	-2581.457	185.0594	1.239025	0.5176021	6.510761
2676	-2398.451	-2583.287	184.8359	1.20735	0.6185666	6.566162
2682	-2400.455	-2583.941	183.4866	1.262649	0.3786217	7.479177
2688	-2399.381	-2582.668	183.2871	1.232815	0.5055006	7.479177
2694	-2385.754	-2569.444	183.6908	1.048078	0.4319192	7.430126
2700	-2396.15	-2581.221	185.0708	1.217162	0.408265	6.619895
2706	-2403.803	-2589.916	186.1127	1.607673	0.4353676	5.813536
2712	-2404.796	-2596.745	191.9486	2.05709	0.6476596	1.960116
2718	-2414.461	-2604.519	190.058	1.939783	1.038972	2.942626
2724	-2407.939	-2596.467	188.528	1.666465	0.4530647	4.424059
2730	-2409.71	-2599.512	189.802	1.733845	0.7990052	3.369602
2736	-2403.482	-2594.101	190.6196	1.676284	0.4579319	3.208398
2742	-2399.917	-2590.579	190.6617	1.76862	0.6640013	2.939224
2748	-2403.68	-2591.634	187.9539	1.721208	0.7082511	4.500678
2754	-2402.3	-2590.806	188.5056	1.532355	0.5483055	4.423457
2760	-2413.197	-2597.287	184.0904	1.16772	0.5023819	7.085637
2766	-2408.832	-2592.758	183.9265	1.16772	0.5253107	7.153742
2772	-2406.015	-2587.492	181.477	1.023794	0.2787334	8.794472
2778	-2399.043	-2583.543	184.4998	1.153772	0.3523465	7.022384
2784	-2402.217	-2588.637	186.4196	1.264098	0.5427044	5.734762
2790	-2417.428	-2603.103	185.6749	1.373256	0.6956814	5.962974
2796	-2417.703	-2604.485	186.7818	1.795809	0.3466923	5.438544
2802	-2407.287	-2592.863	185.5753	1.634182	0.4518515	6.076262
2808	-2412.781	-2597.042	184.2613	1.45465	0.2876357	7.066778
2814	-2411.682	-2597.505	185.823	1.181578	0.3497323	6.294949
2820	-2398.087	-2583.361	185.2745	1.150618	0.3535306	6.604738
2826	-2411.559	-2600.923	189.3643	1.522504	0.55534	3.935117
2832	-2402.72	-2589.878	187.1579	1.50855	0.8033052	4.998947
2838	-2401.686	-2588.142	186.4556	1.223941	0.5056427	5.769497
2844	-2396.683	-2585.722	189.0396	1.529472	0.5793515	4.095819
2850	-2397.58	-2586.059	188.4794	1.4399	0.5793515	4.463712
2856	-2406.884	-2595.075	188.1909	1.371551	0.4452845	4.786314
2862	-2399.487	-2585.297	185.81	1.380876	0.6108656	5.948456
2868	-2406.083	-2591.704	185.6213	1.228796	0.4350697	6.288167
2874	-2410.625	-2593.453	182.8277	1.204565	0.5918082	7.66857
2880	-2393.42	-2579.747	186.3274	1.354502	0.4444834	5.825577
2886	-2398.996	-2584.423	185.4269	1.484862	0.5357341	6.16209
2892	-2392.849	-2576.361	183.5125	1.095406	0.4127672	7.519351
2898	-2384.894	-2568.065	183.171	1.091173	0.4168777	7.700251
2904	-2391.217	-2575.628	184.411	1.163147	0.4197942	6.99337
2910	-2405.253	-2587.495	182.2421	1.00953	0.3271698	8.336201
2916	-2403.675	-2583.959	180.2843	0.9750813	0.5131184	9.207187
2922	-2416.135	-2595.43	179.2944	1.312666	0.3484989	9.711844
2928	-2406.985	-2591.268	184.2835	1.315946	0.5542161	6.857316
2934	-2411.626	-2597.59	185.9641	1.319878	0.6257667	5.886046
2940	-2404.722	-2590.775	186.0523	1.401003	0.5136568	5.886046
2946	-2399.072	-2586.288	187.2155	1.454027	0.5136568	5.21771
2952	-2392.714	-2580.579	187.8645	1.718906	0.5205051	4.703317
2958	-2392.779	-2579.381	186.6026	1.536855	0.4466546	5.572682
2964	-2398.909	-2585.411	186.5023	1.4048	0.3916967	5.756388
2970	-2390.773	-2576.929	186.1558	1.4111	0.3926695	5.941375
2976	-2395.577	-2581.692	186.1152	1.362498	0.4903327	5.89377
2982	-2399.671	-2585.116	185.4454	1.382113	0.5903206	6.162777
2988	-2394.381	-2582.149	187.7685	1.611442	0.4137987	4.920286
2994	-2395.833	-2582.884	187.0516	1.314607	0.5661055	5.339833
3000	-2394.109	-2581.645	187.5363	1.409403	0.4579189	5.116887
3006	-2394.295	-2580.666	186.3709	1.361772	0.4981949	5.747106
3012	-2397.052	-2579.708	182.6559	1.029832	0.5135271	7.91827
3018	-2396.502	-2582.527	186.0246	1.280393	0.5135271	5.967154
3024	-2381.671	-2566.627	184.9567	1.424776	0.5840143	6.410122
3030	-2398.514	-2587.842	189.3285	1.637847	0.5840143	3.864692
3036	-2386.882	-2575.741	188.859	1.654603	0.5840143	4.123433
3042	-2394.255	-2582.475	188.2199	1.514293	0.4328964	4.702848
3048	-2378.937	-2567.724	188.7867	1.500618	0.4562379	4.368481
3054	-2386.379	-2573.941	187.5618	1.469306	0.5402965	4.993762
3060	-2389.688	-2577.325	187.6375	1.468946	0.4936431	4.993762
3066	-2396.381	-2584.203	187.822	1.573244	0.4656905	4.859551
3072	-2396.44	-2584.847	188.4064	1.606432	0.4766296	4.503215
3078	-2394.768	-2583.623	188.8543	1.641126	0.3638427	4.350058
3084	-2390.583	-2578.907	188.3238	1.406285	0.4063436	4.732859
3090	-2396.577	-2584.595	188.0186	1.658467	0.4063436	4.762521
3096	-2411.86	-2602.471	190.6118	1.635771	0.4981401	3.19637
3102	-2412.725	-2602.26	189.5356	1.758775	0.366046	3.892845
3108	-2399.718	-2586.936	187.218	1.47019	0.5072327	5.213169
3114	-2399.005	-2585.137	186.1321	1.286898	0.5072327	5.910549
3120	-2403.056	-2587.913	184.8564	1.232027	0.3567991	6.782999
3126	-2401.513	-2585.633	184.1197	1.234187	0.4104638	7.121346
3132	-2395.553	-2577.416	181.8635	1.03332	0.3981986	8.446984
3138	-2392.011	-2576.381	184.3701	1.186937	0.3573101	7.068785
3144	-2402.805	-2587.861	185.0559	1.140454	0.448493	6.629409
3150	-2395.401	-2579.136	183.7351	1.218023	0.53341	7.222687
3156	-2404.465	-2587.65	183.1848	1.233393	0.3955909	7.638516
3162	-2383.766	-2567.048	183.2811	1.274326	0.3290594	7.638516
3168	-2385.936	-2571.27	185.3335	1.207876	0.4152842	6.475522
3174	-2381.495	-2565.458	183.9628	1.23779	0.2845111	7.347697
3180	-2392.63	-2576.44	183.8109	1.304708	0.3277059	7.339981
3186	-2392.34	-2577.197	184.8572	1.24207	0.383538	6.74779
3192	-2392.704	-2575.667	182.9631	1.246979	0.383538	7.762422
3198	-2395.358	-2579.878	184.5194	1.34085	0.4944646	6.7682
3204	-2398.368	-2579.205	180.8372	1.129379	0.3320824	9.01233
3210	-2395.124	-2579.631	184.507	1.167081	0.485963	6.876358
3216	-2403.364	-2588.486	185.1221	1.28102	0.4528017	6.513348
3222	-2405.582	-2588.613	183.0303	1.408048	0.4691707	7.555638
3228	-2403.256	-2587.779	184.5235	1.233259	0.5399944	6.784373
3234	-2394.161	-2578.897	184.7359	1.222205	0.5399944	6.675627
3240	-2390.758	-2574.784	184.026	1.086548	0.3702955	7.293301
3246	-2378.992	-2562.615	183.6229	1.061022	0.4786389	7.415361
3252	-2386.293	-2565.928	179.6345	1.110569	0.4219422	9.562346
3258	-2389.533	-2572.908	183.3751	1.227556	0.5303913	7.413325
3264	-2380.847	-2567.968	187.1205	1.246012	0.3555283	5.544455
3270	-2383.143	-2568.824	185.6812	1.220324	0.5065461	6.193173
3276	-2389.528	-2572.807	183.2788	1.209548	0.848699	7.247544
3282	-2383.535	-2569.989	186.4546	1.194055	0.4131768	5.875241
3288	-2385.309	-2571.006	185.6963	1.409996	0.7773865	5.875241
3294	-2394.248	-2579.878	185.6297	1.363808	0.875221	5.875241
3300	-2397.238	-2582.848	185.6099	1.488728	0.9038812	5.800623
3306	-2398.058	-2582.742	184.6843	1.415744	0.656502	6.506798
3312	-2393.572	-2578.916	185.3443	1.321686	0.656502	6.199645
3318	-2388.575	-2572.016	183.4412	1.1778	0.9899154	7.096425
3324	-2386.164	-2570.52	184.3565	1.176198	0.3444547	7.096425
3330	-2392.017	-2577.989	185.9717	1.176198	0.3554159	6.21059
3336	-2390.524	-2575.756	185.2318	1.221344	0.6242899	6.339599
3342	-2394.213	-2580.966	186.7531	1.317397	0.4796696	5.578912
3348	-2397.983	-2584.975	186.9921	1.317352	0.5282254	5.403517
3354	-2403.4	-2591.233	187.8334	1.485597	0.5521561	4.823215
3360	-2405.029	-2590.477	185.4472	1.222994	0.5381289	6.291375
3366	-2385.319	-2573.156	187.8373	1.589325	0.6587822	4.676844
3372	-2379.499	-2567.301	187.8023	1.536849	0.6279978	4.749628
3378	-2404.93	-2590.341	185.4109	1.647998	0.6540567	5.987478
3384	-2396.397	-2583.13	186.7329	1.580725	0.6540567	5.299051
3390	-2392.113	-2581.258	189.145	1.732454	0.6608976	3.85314
3396	-2395.069	-2584.417	189.3485	1.594134	0.3928034	4.063426
3402	-2398.529	-2585.113	186.5841	1.553811	0.4594027	5.561139
3408	-2389.429	-2574.421	184.9922	1.279241	0.4594027	6.57836
3414	-2388.91	-2575.41	186.5004	1.277348	0.4594027	5.758632
3420	-2390.263	-2575.925	185.6613	1.284103	0.5467823	6.134373
3426	-2377.764	-2563.886	186.1221	1.284103	0.518201	5.907766
3432	-2374.21	-2560.21	186.0006	1.271197	0.8663424	5.728334
3438	-2380.8	-2566.31	185.51	1.24357	0.5613624	6.226578
3444	-2390.593	-2573.938	183.3443	1.24357	0.4272913	7.51557
3450	-2386.462	-2571.708	185.2458	1.233553	0.4272913	6.497031
3456	-2382.013	-2569.883	187.8699	1.470862	0.3307507	5.035632
3462	-2395.055	-2583.751	188.6962	1.768748	0.4163	4.309112
3468	-2392.099	-2583.35	191.2513	1.895485	0.6356783	2.524362
3474	-2398.463	-2590.843	192.3799	2.007267	0.4237319	1.942793
3480	-2388.801	-2579.3	190.4992	1.898703	0.4237319	3.184527
3486	-2384.514	-2573.851	189.3373	1.533168	0.4594114	4.034369
3492	-2387.808	-2576.735	188.9272	1.600377	0.6858419	4.034369
3498	-2401.23	-2589.677	188.4474	1.449212	0.738324	4.354291
3504	-2414.062	-2602.983	188.9209	1.481899	0.5524997	4.213452
3510	-2395.404	-2583.829	188.4247	1.466757	0.4851571	4.563292
3516	-2386.602	-2570.764	184.1624	1.123095	0.4635301	7.10633
3522	-2388.521	-2572.578	184.0566	1.13384	0.5203231	7.10633
3528	-2387.726	-2571.027	183.3012	1.296981	0.4468335	7.491053
3534	-2385.508	-2570.877	185.3694	1.277451	0.816314	6.100743
3540	-2377.606	-2563.461	185.8543	1.235219	0.495577	6.100743
3546	-2375.007	-2559.894	184.887	1.199041	0.3820907	6.756478
3552	-2381.012	-2566.781	185.7687	1.147658	0.4106651	6.276816
3558	-2377.289	-2561.844	184.5552	1.221572	0.6132498	6.714378
3564	-2387.427	-2569.86	182.4335	1.009563	0.4312116	8.123233
3570	-2384.339	-2565.385	181.0465	1.221614	0.4312116	8.747781
3576	-2400.669	-2586.151	185.4816	1.475581	0.4846632	6.182722
3582	-2400.585	-2587.901	187.3159	1.264496	0.4846632	5.293479
3588	-2397.37	-2581.92	184.5505	1.148345	0.4588428	6.888153
3594	-2395.921	-2582.329	186.4083	1.093278	0.3080695	6.074381
3600	-2388.322	-2571.756	183.4338	1.066646	0.4152262	7.574429
3606	-2385.306	-2568.517	183.2106	1.145845	0.4967931	7.574429
3612	-2388.153	-2570.884	182.7313	1.010293	0.4967931	7.903099
3618	-2402.403	-2584.536	182.133	1.22406	0.4967931	8.108185
3624	-2412.489	-2596.994	184.5049	1.297212	0.4764785	6.815945
3630	-2400.202	-2582.56	182.3582	1.150334	0.5266518	8.001531
3636	-2403.29	-2585.049	181.7588	1.205306	0.3545074	8.457889
3642	-2399.326	-2584.106	184.7806	1.391225	0.3545074	6.740508
3648	-2400.698	-2589.375	188.6771	1.440043	0.3824794	4.542002
3654	-2408.022	-2595.176	187.154	1.412654	0.3859346	5.40036
3660	-2406.464	-2592.829	186.3646	1.294963	0.565619	5.728654
3666	-2406.525	-2593.989	187.4637	1.465973	0.3401448	5.252069
3672	-2395.41	-2581.243	185.8326	1.542458	0.7688695	5.733847
3678	-2398.836	-2589.051	190.2146	1.659975	0.8562212	3.130499
3684	-2398.483	-2587.459	188.9762	1.623944	0.9163465	3.836476
3690	-2395.347	-2583.605	188.2572	1.511587	0.4195513	4.697312
3696	-2396.912	-2581.853	184.9411	1.42082	0.8508812	6.234275
3702	-2407.016	-2594.301	187.2843	1.329846	0.6748698	5.117256
3708	-2398.39	-2586.48	188.09	1.404505	0.4185162	4.851574
3714	-2404.818	-2592.16	187.3425	1.554172	0.3817652	5.222787
3720	-2381.784	-2567.791	186.0076	1.401203	0.3698538	6.052396
3726	-2386.046	-2568.4	182.3535	1.062076	0.3442213	8.229303
3732	-2396.454	-2577.661	181.2072	0.9522649	0.3242806	8.91926
3738	-2394.271	-2574.527	180.2559	1.154566	0.5661132	9.083286
3744	-2406.602	-2589.38	182.7777	1.184285	0.4955502	7.786489
3750	-2405.971	-2595.469	189.4987	1.447653	0.4487749	4.001779
3756	-2396.018	-2584.319	188.3005	1.402097	0.7178001	4.478331
3762	-2393.081	-2582.418	189.3373	1.457443	0.6694761	3.893971
3768	-2400.655	-2590.241	189.5858	1.606829	0.6694761	3.664707
3774	-2396.974	-2584.943	187.9691	1.606829	0.9497058	4.399487
3780	-2391.916	-2580.151	188.2349	1.42849	0.5323662	4.647934
3786	-2395.576	-2579.364	183.788	1.276801	0.520854	7.173433
3792	-2388.609	-2573.289	184.6802	1.251675	0.3848994	6.836699
3798	-2391.669	-2575.532	183.8626	1.18728	0.4937876	7.205237
3804	-2394.788	-2579.336	184.5484	1.417821	0.2553472	6.975244
3810	-2383.229	-2567.488	184.2594	1.052054	0.2510892	7.333136
3816	-2386.934	-2570.689	183.755	1.327998	0.348741	7.333136
3822	-2380.67	-2563.115	182.4448	1.032378	0.5523696	7.996765
3828	-2382.243	-2566.885	184.6426	1.244636	0.5231207	6.728354
3834	-2385.219	-2568.107	182.8879	1.091712	0.3505036	7.921538
3840	-2402.952	-2583.88	180.9274	1.044535	0.3353503	9.005713
3846	-2402.595	-2585.323	182.7283	1.268798	0.3267898	7.939482
3852	-2393.271	-2578.868	185.5972	1.220395	0.372503	6.370933
3858	-2389.35	-2575.143	185.7926	1.496907	0.4304044	6.05374
3864	-2374.448	-2560.482	186.0342	1.48566	0.3785937	5.982192
3870	-2385.982	-2571.569	185.587	1.271715	0.2671852	6.476846
3876	-2391.777	-2579.71	187.9326	1.516639	0.2827671	5.036682
3882	-2394.431	-2579.55	185.1193	1.516735	0.452977	6.38694
3888	-2392.891	-2580.576	187.6849	1.498886	0.4161366	5.026883
3894	-2407.421	-2594.302	186.8813	1.309169	0.3619666	5.633787
3900	-2398.754	-2586.228	187.4742	1.397026	0.4154451	5.20086
3906	-2396.676	-2581.801	185.1258	1.27123	0.3516011	6.622124
3912	-2401.31	-2588.24	186.9299	1.523134	0.3101169	5.551286
3918	-2403.807	-2587.18	183.3733	1.373732	0.5980126	7.280722
3924	-2390.62	-2574.402	183.7824	1.276041	0.5122877	7.184254
3930	-2400.679	-2581.722	181.0433	1.101758	0.4433628	8.801306
3936	-2392.63	-2577.231	184.6013	1.159013	0.4495586	6.863867
3942	-2394.63	-2578.139	183.5083	1.202146	0.3905506	7.487317
3948	-2392.584	-2575.582	182.9978	1.205753	0.3905506	7.758549
3954	-2403.385	-2583.514	180.1299	0.9408444	0.4460627	9.367202
3960	-2390.164	-2573.182	183.0178	1.078474	0.5463488	7.671071
3966	-2399.14	-2582.908	183.7681	1.010032	0.5224486	7.325967
3972	-2398.958	-2580.389	181.4304	1.081636	0.4317418	8.617854
3978	-2402.982	-2585.943	182.961	1.164941	0.4873029	7.706241
3984	-2393.23	-2579.274	186.0444	1.17975	0.4873029	6.034906
3990	-2391.689	-2576.986	185.2972	1.477496	0.2974394	6.482682
3996	-2393.776	-2578.9	185.1236	1.277597	0.486722	6.482682
4002	-2395.628	-2576.274	180.6457	0.889415	0.3857301	9.181706
4008	-2397.192	-2578.238	181.0468	1.038728	0.457678	8.819384
4014	-2396.385	-2580.503	184.1181	1.076328	0.4862891	7.134325
4020	-2389.889	-2576.172	186.2837	1.161899	0.4135946	5.985694
4026	-2400.585	-2589.191	188.606	1.652682	0.421016	4.420638
4032	-2397.504	-2586.219	188.7145	1.652682	0.4929977	4.287723
4038	-2398.932	-2588.499	189.5667	1.604785	0.5055226	3.817086
4044	-2402.55	-2590.674	188.124	1.629179	0.5066592	4.620826
4050	-2407.566	-2594.777	187.2115	1.569626	0.5045966	5.164137
4056	-2408.538	-2595.034	186.4962	1.492365	0.8213185	5.362476
4062	-2405.363	-2591.524	186.1613	1.396834	0.6555837	5.713391
4068	-2406.23	-2594.511	188.2802	1.469833	0.5788787	4.559263
4074	-2387.835	-2575.896	188.0615	1.51406	0.4794377	4.74571
4080	-2391.732	-2580.166	188.4341	1.521775	0.388384	4.625967
4086	-2393.393	-2580.506	187.1132	1.521775	0.4484717	5.297997
4092	-2387.211	-2575.557	188.346	1.669622	0.3901724	4.590466
4098	-2388.844	-2576.767	187.9226	1.615725	0.3901724	4.857387
4104	-2386.748	-2573.786	187.0379	1.548364	0.6040065	5.187236
4110	-2396.488	-2582.942	186.4539	1.580045	0.350453	5.732725
4116	-2386.849	-2574.78	187.9312	1.467737	0.4247734	4.898348
4122	-2389.353	-2578.215	188.8617	1.438347	0.3570224	4.468207
4128	-2380.713	-2565.871	185.1576	1.216553	0.3770439	6.606242
4134	-2379.833	-2567.67	187.8373	1.584534	0.301106	5.027713
4140	-2380.422	-2569.024	188.6023	1.405685	0.5113188	4.473396
4146	-2392.515	-2577.902	185.3871	1.339127	0.3287501	6.470449
4152	-2396.706	-2579.982	183.2755	1.053858	0.5170028	7.571235
4158	-2399.452	-2585.421	185.9689	1.393935	0.3982538	6.046772
4164	-2395.786	-2579.307	183.521	1.14797	0.4059063	7.49362
4170	-2390.258	-2574.529	184.2713	1.375923	0.5630241	6.824281
4176	-2391.748	-2575.981	184.2331	1.169914	0.3762074	7.130833
4182	-2397.545	-2578.454	180.9095	1.05673	0.5056281	8.839474
4188	-2405.091	-2589.391	184.3003	1.099867	0.6195282	6.912739
4194	-2409.802	-2596.136	186.3348	1.542045	0.3715061	5.794942
4200	-2407.484	-2594.228	186.7438	1.584565	0.3205334	5.606831
4206	-2401.881	-2589.039	187.158	1.530697	0.3012811	5.432867
4212	-2403.727	-2590.056	186.3288	1.306108	0.3012811	6.010222
4218	-2400.808	-2581.753	180.9449	1.32073	0.4727347	8.709996
4224	-2385.913	-2572.979	187.0655	1.481778	0.4689322	5.326578
4230	-2387.986	-2573.438	185.4521	1.55907	0.4056997	6.230399
4236	-2391.628	-2579.494	187.8659	1.619719	0.4504953	4.824034
4242	-2401.428	-2589.519	188.0916	1.775584	0.461956	4.599303
4248	-2409.807	-2597.889	188.0816	1.686276	0.4934793	4.62479
4254	-2411.047	-2596.829	185.7825	1.218597	0.4672414	6.175029
4260	-2410.922	-2596.124	185.2016	1.391562	0.6434212	6.249016
4266	-2405.612	-2593.169	187.5573	1.401485	0.3293429	5.248896
4272	-2391.273	-2579.004	187.731	1.41539	0.6755215	4.820887
4278	-2407.264	-2593.51	186.2463	1.261313	0.5134891	5.856558
4284	-2390.322	-2575.477	185.1544	1.423876	0.5168473	6.359717
4290	-2411.29	-2596.539	185.2484	1.291571	0.430395	6.461081
4296	-2403.409	-2586.804	183.395	1.251496	0.430395	7.481099
4302	-2403.898	-2588.354	184.4561	1.454852	0.4381207	6.793648
4308	-2405.545	-2589.354	183.8097	1.21394	0.2581363	7.477727
4314	-2401.594	-2585.153	183.5593	1.391857	0.3082395	7.451592
4320	-2406.193	-2593.751	187.5577	1.481662	0.2757175	5.273163
4326	-2405.295	-2591.72	186.4255	1.493648	0.4855946	5.656481
4332	-2402.463	-2589.08	186.6169	1.652725	0.6281502	5.343112
4338	-2398.022	-2584.727	186.7048	1.547819	0.5180538	5.443818
4344	-2396.936	-2583.114	186.1777	1.558982	0.3863269	5.855424
4350	-2387.497	-2574.578	187.0819	1.471068	0.3863269	5.407472
4356	-2396.172	-2586.778	190.6065	1.815807	0.3963949	3.20075
4362	-2398.903	-2587.433	188.5304	1.460512	0.261076	4.765037
4368	-2406.695	-2594.296	187.6012	1.579643	0.4947256	4.951413
4374	-2405.876	-2593.009	187.1325	1.795636	0.6834219	4.936612
4380	-2407.769	-2593.657	185.888	1.304487	0.3870815	6.15141
4386	-2406.864	-2593.767	186.9028	1.389245	0.3406853	5.602605
4392	-2424.289	-2610.997	186.708	1.500579	0.250412	5.765167
4398	-2414.541	-2601.736	187.195	1.382022	0.287631	5.511993
4404	-2401.12	-2587.405	186.2844	1.382022	0.3589759	5.924038
4410	-2406.835	-2595.703	188.8679	1.620093	0.2587045	4.489767
4416	-2399.22	-2587.824	188.6046	1.620093	0.3867558	4.476776
4422	-2400.555	-2588.758	188.2029	1.8036	0.4112743	4.572772
4428	-2399.487	-2587.912	188.4245	1.642609	0.42666	4.522609
4434	-2402.764	-2589.135	186.3709	1.312478	0.3562709	5.917844
4440	-2401.379	-2587.869	186.4896	1.546963	0.4041324	5.67231
4446	-2401.697	-2589.098	187.4009	1.657818	0.4693947	5.043153
4452	-2397.503	-2585.454	187.9505	1.48502	0.5005025	4.80417
4458	-2410.782	-2598.074	187.2918	1.500215	0.539056	5.127474
4464	-2411.658	-2598.668	187.0103	1.681313	0.9852916	4.87467
4470	-2416.294	-2602.601	186.307	1.268309	1.070749	5.446431
4476	-2403.077	-2589.106	186.0293	1.34869	0.8643978	5.671333
4482	-2404.048	-2591.072	187.0246	1.403031	0.5316911	5.335325
4488	-2398.082	-2586.062	187.9795	1.531622	0.4816228	4.779607
4494	-2396.112	-2583.465	187.3537	1.413738	0.4816228	5.192946
4500	-2389.783	-2575.339	185.5551	1.28817	0.5273371	6.20658
4506	-2400.531	-2583.998	183.4669	1.134696	0.4661597	7.470991
4512	-2393.82	-2577.827	184.0072	1.395265	0.5510432	6.966147
4518	-2402.543	-2588.696	186.1536	1.431215	0.44973	5.873526
4524	-2406.502	-2592.493	185.9913	1.649194	0.6660693	5.660423
4530	-2403.596	-2593.261	189.6644	1.590659	0.676152	3.623347
4536	-2404.897	-2594.801	189.9035	1.777227	0.4070436	3.623347
4542	-2408.437	-2596.852	188.4149	1.653919	0.513899	4.436804
4548	-2415.808	-2601.256	185.4479	1.534645	0.3805565	6.272597
4554	-2402.864	-2587.802	184.9382	1.263874	0.4076186	6.667018
4560	-2395.128	-2581.128	185.9998	1.242437	0.3486199	6.167033
4566	-2395.636	-2580.869	185.2326	1.414149	0.2895509	6.562045
4572	-2394.212	-2575.134	180.9215	1.065801	0.4619412	8.867515
4578	-2383.122	-2568.271	185.1492	1.355877	0.3580225	6.556407
4584	-2391.069	-2568.287	177.2184	0.8655043	0.4459376	10.93829
4590	-2384.994	-2563.349	178.3553	0.9129367	0.4299048	10.33212
4596	-2400.685	-2583.659	182.9737	0.9711759	0.375339	7.912795
4602	-2395.747	-2578.36	182.6129	1.251114	0.4170221	7.912795
4608	-2392.269	-2578.474	186.205	1.356584	0.3153264	6.03268
4614	-2391.489	-2577.794	186.3048	1.493178	0.3526541	5.859311
4620	-2399.644	-2585.437	185.7933	1.55203	0.2437349	6.24563
4626	-2400.035	-2583.418	183.3832	1.581563	0.2494208	7.52137
4632	-2410.918	-2595.144	184.2252	1.264958	0.6281114	6.857663
4638	-2409.275	-2592.861	183.5857	1.250678	0.558966	7.264018
4644	-2416.432	-2601.871	185.4394	1.568431	0.5498297	6.097828
4650	-2420.191	-2608.755	188.5635	1.482812	0.4502246	4.510312
4656	-2412.767	-2601.33	188.5627	1.420471	0.4502246	4.545763
4662	-2401.684	-2591.119	189.4349	1.447092	0.4502246	4.037052
4668	-2404.827	-2593.293	188.4656	1.435964	0.4852412	4.557553
4674	-2399.782	-2587.002	187.2194	1.538232	0.4852412	5.194987
4680	-2400.692	-2588.701	188.0087	1.45241	0.3181785	4.984245
4686	-2409.16	-2597.614	188.4534	1.43138	0.4504764	4.600769
4692	-2411.169	-2600.066	188.8969	1.657702	0.5211711	4.15525
4698	-2402.548	-2587.08	184.5326	1.339228	0.3092302	6.95569
4704	-2410.852	-2595.883	185.0307	1.360327	0.4548112	6.518004
4710	-2404.903	-2587.835	182.9327	1.106556	0.4291828	7.807158
4716	-2408.999	-2590.071	181.0718	1.036122	0.3084532	8.965417
4722	-2408.657	-2589.143	180.486	1.136732	0.573029	8.965417
4728	-2393.02	-2575.92	182.9002	1.081619	0.4372784	7.829991
4734	-2399.358	-2582.485	183.1262	1.081619	0.4741186	7.674445
4740	-2394.393	-2577.58	183.1875	1.05374	0.4022165	7.726312
4746	-2388.825	-2571.503	182.6789	1.065168	0.4444504	7.949959
4752	-2393.637	-2576.59	182.9524	1.255688	0.5892015	7.576542
4758	-2399.741	-2581.4	181.659	1.136404	0.6230547	8.304349
4764	-2394.045	-2573.593	179.5481	1.01361	0.5255857	9.565045
4770	-2392.064	-2571.938	179.8736	0.7816912	0.4692068	9.565045
4776	-2392.912	-2575.155	182.2426	0.9308208	0.3071556	8.401699
4782	-2391.121	-2570.833	179.712	1.085312	0.4234168	9.533328
4788	-2395.177	-2579.105	183.9278	1.086844	0.5494685	7.176093
4794	-2395.771	-2575.852	180.0804	1.096839	0.3825762	9.374162
4800	-2392.413	-2574.919	182.5066	1.226885	0.5881702	7.831121
4806	-2392.848	-2576.022	183.1738	1.056207	0.4433193	7.691487
4812	-2391.164	-2574.312	183.1483	1.130988	0.3935866	7.714896
4818	-2376.881	-2560.954	184.0737	1.159836	0.3935866	7.203491
4824	-2383.999	-2571.511	187.5114	1.287573	0.3436688	5.320041
4830	-2387.776	-2572.972	185.1969	1.200512	0.468922	6.501171
4836	-2393.993	-2577.664	183.6717	1.182623	0.4540973	7.346826
4842	-2393.156	-2576.52	183.3644	1.097968	0.6397361	7.401622
4848	-2394.228	-2578.175	183.9466	0.9471619	0.3786943	7.401622
4854	-2389.082	-2572.154	183.0715	0.9952666	0.57526	7.66326
4860	-2395.456	-2580.676	185.22	1.14586	0.6496786	6.367751
4866	-2389.161	-2573.913	184.7519	1.297505	0.9115323	6.367751
4872	-2393.44	-2579.9	186.46	1.358998	0.5196953	5.680578
4878	-2392.065	-2580.1	188.0353	1.356913	0.5196953	4.810877
4884	-2393.227	-2578.671	185.4437	1.186895	0.5196953	6.328796
4890	-2404.515	-2588.855	184.3401	1.216134	0.394568	7.028891
4896	-2397.339	-2576.428	179.089	0.9629603	0.4155912	9.933903
4902	-2395.439	-2578.625	183.1855	1.13466	0.4155912	7.670524
4908	-2388.723	-2573.315	184.5924	1.160014	0.4134709	6.903714
4914	-2401.886	-2584.8	182.9139	1.160014	0.7194749	7.552929
4920	-2404.766	-2592.741	187.9743	1.408009	0.5565402	4.784091
4926	-2413.19	-2599.516	186.3267	1.302683	0.5774134	5.735454
4932	-2404.988	-2591.308	186.3208	1.269174	0.6042215	5.735454
4938	-2415.293	-2600.46	185.1672	1.369343	0.3596054	6.537578
4944	-2398.639	-2583.868	185.2294	1.48909	0.331744	6.47108
4950	-2397.031	-2581.779	184.7478	1.37232	0.3335715	6.792509
4956	-2407.461	-2591.659	184.1971	1.104843	0.3335715	7.233035
4962	-2404.338	-2591.966	187.6285	1.54173	0.5851546	4.878355
4968	-2398.546	-2581.424	182.878	1.122114	0.6476965	7.643291
4974	-2397.234	-2578.503	181.269	1.165909	0.6838983	8.451754
4980	-2389.81	-2574.948	185.1375	1.257811	0.6467026	6.354031
4986	-2391.421	-2576.193	184.7718	1.308761	0.5534636	6.598105
4992	-2384.933	-2571.133	186.2	1.307985	0.5534636	5.821797
4998	-2386.271	-2571.508	185.2371	1.17719	0.3404405	6.625609
5004	-2398.38	-2583.657	185.2777	1.20307	0.5079609	6.420422
5010	-2401.976	-2588.944	186.968	1.218996	0.5079609	5.488918
5016	-2388.062	-2573.092	185.0295	1.261973	0.5079609	6.523
5022	-2391.539	-2579.103	187.5642	1.402575	0.3524623	5.217075
5028	-2393.295	-2580.886	187.5907	1.414425	0.6608269	4.910586
5034	-2401.667	-2591.749	190.0819	1.658152	0.6938274	3.326391
5040	-2394.046	-2585.095	191.0497	1.792606	0.5539602	2.785702
5046	-2395.101	-2585.796	190.6958	1.792606	0.7206676	2.859237
5052	-2411.435	-2602.171	190.7362	1.743644	0.4487033	3.108807
5058	-2398.577	-2588.447	189.8694	1.769554	0.5780441	3.480429
5064	-2390.549	-2577.661	187.1118	1.486113	0.4432322	5.323647
5070	-2389.786	-2575.506	185.7204	1.288997	0.6812473	5.994477
5076	-2395.519	-2577.052	181.5331	1.142257	0.6812473	8.325775
5082	-2399.709	-2586.088	186.3794	1.17323	0.4445462	5.896177
5088	-2402.994	-2589.184	186.1898	1.253462	0.5084873	5.896177
5094	-2391.031	-2576.628	185.5967	1.157739	0.5022564	6.276953
5100	-2394.929	-2579.093	184.1649	1.155399	0.3648205	7.187709
5106	-2405.458	-2587.463	182.0043	1.10614	0.3648205	8.368721
5112	-2397.786	-2581.252	183.466	1.27781	0.4014232	7.458104
5118	-2394.221	-2580.481	186.2601	1.406771	0.3105429	5.981194
5124	-2398.545	-2584.987	186.4422	1.494847	0.4170623	5.713422
5130	-2400.269	-2589.842	189.573	1.630675	0.4466545	3.856495
5136	-2403.69	-2591.989	188.2994	1.683473	0.7314365	4.310382
5142	-2410.789	-2598.629	187.84	1.576231	0.64115	4.696223
5148	-2411.128	-2600.806	189.6781	1.667903	0.7031592	3.54983
5154	-2400.2	-2582.731	182.5313	0.9775711	0.5430211	7.987589
5160	-2403.555	-2586.816	183.2603	1.269754	0.4296786	7.544168
5166	-2397.641	-2582.19	184.5493	1.1873	0.6225238	6.728942
5172	-2406.712	-2590.237	183.525	1.103872	0.4077566	7.513214
5178	-2407.784	-2591.469	183.6855	1.143547	0.6677174	7.184228
5184	-2398.437	-2583.35	184.913	1.072612	0.5444085	6.657014
5190	-2391.73	-2578.991	187.2611	1.253697	0.5527295	5.269088
5196	-2392.204	-2579.162	186.9585	1.309333	0.7302728	5.269088
5202	-2397.368	-2584.93	187.562	1.463821	0.5425778	4.994694
5208	-2406.61	-2594.291	187.6811	1.691445	0.3539516	4.990429
5214	-2414.469	-2602.717	188.2479	1.550404	0.4682093	4.631846
5220	-2393.974	-2577.827	183.8532	1.06028	0.3763765	7.393549
5226	-2398.374	-2581.731	183.3571	1.201953	0.4877952	7.473985
5232	-2399.985	-2585.921	185.9356	1.272419	0.3704913	6.161022
5238	-2401.954	-2586.24	184.2866	1.164673	0.4282762	7.051062
5244	-2401.682	-2585.084	183.402	1.237063	0.5347261	7.3901
5250	-2403.516	-2586.975	183.4591	1.23368	0.5014673	7.3901
5256	-2411.899	-2597.414	185.5148	1.325338	0.4400366	6.288688
5262	-2412.244	-2595.097	182.8529	1.264583	0.3228445	7.879861
5268	-2408.545	-2594.332	185.7873	1.349002	0.5824352	6.000886
5274	-2408.156	-2593.078	184.9218	1.330705	0.2761619	6.792626
5280	-2401.437	-2589.749	188.3118	1.457702	0.4220317	4.694334
5286	-2400.417	-2583.718	183.3014	1.053297	0.4220317	7.64561
5292	-2408.427	-2593.218	184.7914	1.273628	0.4220317	6.726423
5298	-2397.456	-2582.332	184.8755	1.188725	0.4224152	6.726423
5304	-2388.735	-2573.919	185.1837	1.231806	0.4224152	6.536461
5310	-2396.534	-2578.767	182.2329	1.140941	0.4058853	8.185341
5316	-2401.227	-2582.708	181.4811	0.994215	0.5333078	8.545774
5322	-2396.421	-2579.209	182.7885	1.156375	0.3420484	7.949676
5328	-2388.351	-2573.596	185.2447	1.218781	0.5310429	6.409657
5334	-2400.533	-2585.924	185.391	1.300762	0.4000888	6.409657
5340	-2396.231	-2583.433	187.2017	1.455458	0.5187771	5.219956
5346	-2396.98	-2585.974	188.9944	1.82167	0.4978181	4.028038
5352	-2401.932	-2590.373	188.4413	1.741687	0.4830912	4.40123
5358	-2396.741	-2583.484	186.7432	1.350461	0.4830912	5.562985
5364	-2392.68	-2582.462	189.7821	1.541087	0.4830912	3.751188
5370	-2387.586	-2577.072	189.4856	1.683395	0.478775	3.844206
5376	-2384.75	-2574.815	190.0642	1.672962	0.4672787	3.526922
5382	-2390.581	-2576.755	186.174	1.380218	0.712328	5.674348
5388	-2387.457	-2575.765	188.3074	1.640161	0.424615	4.591881
5394	-2391.26	-2580.097	188.8374	1.802983	0.5098777	4.116841
5400	-2384.955	-2573.121	188.1652	1.499973	0.439875	4.734398
5406	-2382.696	-2570.597	187.9013	1.644577	0.4031053	4.8392
5412	-2396.948	-2580.798	183.8499	1.247681	0.4031053	7.266594
5418	-2387.829	-2572.775	184.9458	1.285026	0.4031053	6.656134
5424	-2392.037	-2578.196	186.1591	1.347875	0.6837047	5.720721
5430	-2404.485	-2591.378	186.8927	1.349208	0.4352149	5.527708
5436	-2411.58	-2596.362	184.7824	1.539142	0.2842744	6.744695
5442	-2413.118	-2600.106	186.9876	1.598081	0.3922934	5.382982
5448	-2416.499	-2600.431	183.9321	1.439315	0.5657404	6.970777
5454	-2404.431	-2592.445	188.0143	1.467755	0.7666234	4.568068
5460	-2408.269	-2591.644	183.3753	1.147674	0.4780135	7.50219
5466	-2394.78	-2580.561	185.7814	1.236239	0.4100775	6.222369
5472	-2405.36	-2591.064	185.7041	1.197779	0.4468654	6.248503
5478	-2402.169	-2585.77	183.6015	1.104653	0.4027978	7.476862
5484	-2405.233	-2589.739	184.5057	1.480474	0.4630807	6.729081
5490	-2402.986	-2587.503	184.517	1.171641	0.5106648	6.846401
5496	-2413.163	-2597.523	184.3602	1.400613	0.76194	6.616765
5502	-2410.322	-2597.63	187.3078	1.419749	0.4342982	5.261003
5508	-2403.662	-2592.474	188.8119	1.590431	0.7374213	4.067959
5514	-2397.588	-2584.545	186.9567	1.61027	0.4185143	5.365708
5520	-2405.96	-2592.433	186.4734	1.785067	0.4009247	5.553878
5526	-2422.682	-2605.604	182.9222	1.493965	0.3642331	7.673099
5532	-2417.451	-2606.617	189.1667	1.89799	0.466693	3.916003
5538	-2418.951	-2603.763	184.812	1.324699	0.5016749	6.612353
5544	-2405.726	-2593.83	188.1037	1.778601	0.3475936	4.713754
5550	-2408.886	-2596.718	187.8328	1.354242	0.55952	4.890463
5556	-2393.659	-2581.272	187.6129	1.603246	0.4092123	5.016186
5562	-2403.471	-2594.232	190.7615	1.948438	0.5348016	2.884139
5568	-2403.52	-2594.404	190.8835	1.765048	0.4229471	3.036075
5574	-2399.748	-2588.589	188.8412	1.589347	0.6053975	4.152901
5580	-2404.967	-2591.853	186.8858	1.586414	0.5498505	5.295025
5586	-2408.541	-2596.938	188.3973	1.604762	0.4926398	4.494106
5592	-2409.914	-2598.262	188.3482	1.604762	0.4989703	4.515758
5598	-2410.557	-2595.298	184.741	1.324155	0.3422417	6.812117
5604	-2424.115	-2608.305	184.1901	1.612871	0.4801545	6.812117
5610	-2413.98	-2598.242	184.2617	1.206201	0.2932835	7.192961
5616	-2404.121	-2588.378	184.2568	1.13476	0.3267216	7.192961
5622	-2404.324	-2588.663	184.3391	1.184986	0.2701286	7.192961
5628	-2403.132	-2588.29	185.1576	1.190981	0.4251621	6.569932
5634	-2400.872	-2586.038	185.166	1.375267	0.4367978	6.454039
5640	-2406.29	-2594.02	187.7299	1.561024	0.3581452	5.030937
5646	-2406.347	-2593.895	187.5481	1.619576	0.4208532	5.030937
5652	-2405.128	-2589.929	184.8019	1.310564	0.4409241	6.682106
5658	-2409.531	-2596.57	187.0389	1.457446	0.6189688	5.225088
5664	-2401.752	-2589.377	187.6248	1.432949	0.4621477	5.050663
5670	-2405.193	-2593.005	187.8117	1.224595	0.277111	5.272944
5676	-2401.508	-2590.332	188.8245	1.617852	0.4502282	4.286854
5682	-2410.644	-2598.579	187.9357	1.617852	0.4178882	4.819317
5688	-2409.313	-2597.724	188.4115	1.34973	0.3164547	4.819317
5694	-2406.07	-2594.019	187.9491	1.413873	0.3263938	5.028612
5700	-2414.776	-2603.054	188.2777	1.660902	0.5218839	4.502832
5706	-2413.753	-2603.412	189.6594	1.601526	0.4617982	3.808179
5712	-2411.033	-2601.24	190.2075	1.645434	0.535996	3.392966
5718	-2414.017	-2603.424	189.4066	1.71426	0.6005104	3.761822
5724	-2407.193	-2595.341	188.1486	1.336638	0.5308155	4.749019
5730	-2398.791	-2582.766	183.9749	1.18335	0.426978	7.209945
5736	-2399.47	-2581.749	182.2786	1.111256	0.4898764	8.096854
5742	-2398.835	-2580.131	181.2953	0.8957007	0.4428315	8.777461
5748	-2406.359	-2587.377	181.0182	1.058861	0.4428315	8.837874
5754	-2409.491	-2593.923	184.4322	1.143196	0.3999102	7.013013
5760	-2400.48	-2587.714	187.2337	1.418502	0.5483063	5.196872
5766	-2413.226	-2598.928	185.7024	1.550588	0.3459189	6.164325
5772	-2417.43	-2601.171	183.7406	1.268531	0.6550505	7.096659
5778	-2395.42	-2580.953	185.5328	1.415266	0.4636438	6.207314
5784	-2392.679	-2579.229	186.5503	1.504139	0.4650669	5.601507
5790	-2406.018	-2596.581	190.563	1.578068	0.3628751	3.405915
5796	-2409.257	-2598.574	189.3167	1.598935	0.6837497	3.813581
5802	-2406.916	-2597.149	190.2328	1.614848	0.7467442	3.223119
5808	-2399.337	-2590.87	191.5327	1.744111	0.4017059	2.679524
5814	-2398.868	-2590.253	191.3854	1.647645	0.5428179	2.679524
5820	-2397.397	-2588.451	191.0544	1.721415	0.6129304	2.772897
5826	-2400.538	-2589.989	189.4517	1.605751	0.2318592	4.208139
5832	-2391.315	-2580.919	189.6041	1.446204	0.6753474	3.742399
5838	-2405.709	-2595.083	189.3748	1.432024	0.6753474	3.882562
5844	-2407.801	-2596.378	188.577	1.367761	0.6498189	4.392559
5850	-2403.688	-2590.102	186.4145	1.660493	0.2923831	5.781203
5856	-2399.575	-2586.025	186.45	1.469795	0.5177138	5.627044
5862	-2395.929	-2582.385	186.4563	1.48548	0.5042344	5.627044
5868	-2399.381	-2585.777	186.3956	1.389708	0.5602462	5.664202
5874	-2405.903	-2592.598	186.6949	1.531658	0.9291383	5.165179
5880	-2426.734	-2609.898	183.1637	1.403706	1.096723	7.068506
5886	-2415.007	-2597.877	182.8699	1.32265	0.5150573	7.646133
5892	-2413.117	-2595.94	182.8223	1.106434	0.5150573	7.787181
5898	-2390.34	-2573.066	182.7258	1.407325	0.3477549	7.842689
5904	-2397.595	-2584.585	186.9902	1.556815	0.4558506	5.339319
5910	-2411.954	-2599.498	187.5444	1.562344	0.4801647	5.006224
5916	-2409.631	-2595.652	186.0202	1.522798	0.4990293	5.850151
5922	-2399.93	-2584.26	184.3299	1.258309	0.5294994	6.884236
5928	-2405.705	-2589.983	184.2789	1.290739	0.5412648	6.884236
5934	-2408.63	-2597.137	188.5068	1.625091	0.524701	4.391391
5940	-2399.515	-2586.765	187.2497	1.644888	0.5778569	5.037685
5946	-2404.564	-2594.577	190.0133	1.474108	0.7717409	3.417106
5952	-2392.898	-2582.556	189.6585	1.687949	0.8029459	3.477745
5958	-2401.96	-2591.814	189.8531	1.746649	0.9578382	3.228623
5964	-2401.535	-2592.06	190.5256	1.746649	0.6226099	3.068439
5970	-2394.547	-2585.064	190.517	1.679943	0.6061245	3.127354
5976	-2389.964	-2578.236	188.2716	1.458444	0.3568162	4.787991
5982	-2390.015	-2575.763	185.7483	1.128675	0.3881635	6.321761
5988	-2399.603	-2584.689	185.0864	1.281939	0.4024182	6.582453
5994	-2397.921	-2581.16	183.2394	1.219449	0.5811146	7.448669
6000	-2391.572	-2575.932	184.3599	1.318463	0.3491057	7.012698
6006	-2391.268	-2577.084	185.8156	1.44826	0.5936872	5.922198
6012	-2389.263	-2575.27	186.0065	1.325617	0.4187664	6.042264
6018	-2394.9	-2579.875	184.9752	1.121914	0.383168	6.74939
6024	-2408.973	-2595.921	186.9485	1.301962	0.5282947	5.43598
6030	-2398.51	-2583.44	184.9307	1.214708	0.5282947	6.584329
6036	-2396.796	-2582.799	186.003	1.214708	0.4020929	6.12182
6042	-2395.275	-2580.531	185.2558	1.295235	0.482129	6.405647
6048	-2397.992	-2585.016	187.0235	1.366249	0.6514705	5.258939
6054	-2400.957	-2588.633	187.6759	1.305138	0.6269546	4.950074
6060	-2394.164	-2581.072	186.9078	1.267975	0.4561099	5.543488
6066	-2387.088	-2572.407	185.3189	1.322303	0.4210963	6.415533
6072	-2393.841	-2578.237	184.3961	1.199474	0.5313411	6.878686
6078	-2400.051	-2584.665	184.6132	1.069027	0.5370807	6.827036
6084	-2390.831	-2574.189	183.3579	1.182152	0.4789939	7.492168
6090	-2380.213	-2565.184	184.9713	1.275208	0.4438115	6.606784
6096	-2388.865	-2570.916	182.0514	1.101681	0.3809175	8.328752
6102	-2404.394	-2591.634	187.2396	1.418865	0.4934326	5.242222
6108	-2400.464	-2587.24	186.7756	1.523293	0.4934326	5.440546
6114	-2399.648	-2587.126	187.4782	1.389956	0.4887063	5.130539
6120	-2400.201	-2587.039	186.8382	1.247522	0.4887063	5.562155
6126	-2399.655	-2584.785	185.13	1.130149	0.4607732	6.583144
6132	-2406.351	-2585.683	179.3315	0.9217409	0.5470533	9.709865
6138	-2401.826	-2587.248	185.4221	1.217619	0.6404101	6.225962
6144	-2416.637	-2600.115	183.4777	1.247772	0.3755095	7.495269
6150	-2422.959	-2606.311	183.3523	1.036536	0.5012822	7.55312
6156	-2425.536	-2606.78	181.2433	1.010996	0.4383135	8.748244
6162	-2427.342	-2609.705	182.3636	0.9517497	0.4383135	8.184376
6168	-2414.186	-2600.928	186.7419	1.149552	0.383891	5.773376
6174	-2410.177	-2594.775	184.5979	1.201617	0.4908611	6.804206
6180	-2405.7	-2588.17	182.4698	0.9994983	0.5871343	7.97299
6186	-2414.984	-2595.092	180.1082	1.053905	0.3885822	9.375862
6192	-2397.66	-2584.21	186.5506	1.287004	0.4039022	5.781511
6198	-2399.442	-2580.859	181.4174	1.198974	0.4460968	8.548661
6204	-2393.658	-2574.161	180.5023	1.183582	0.3153786	9.180447
6210	-2392.333	-2575.995	183.6619	1.183582	0.3010324	7.517127
6216	-2395.589	-2580.957	185.3677	1.243615	0.4903797	6.365378
6222	-2399.556	-2585.546	185.9895	1.247139	0.359142	6.158109
6228	-2389.654	-2577.465	187.8104	1.296886	0.3174104	5.181421
6234	-2387.216	-2569.771	182.5546	1.114157	0.5296415	7.913508
6240	-2390.541	-2577.648	187.107	1.372585	0.2612259	5.601352
6246	-2397.636	-2584.491	186.8552	1.436421	0.2794972	5.67952
6252	-2399.708	-2585.942	186.2338	1.297771	0.2473176	6.139171
6258	-2396.972	-2582.734	185.7626	1.139117	0.5695708	6.139171
6264	-2417.672	-2603.789	186.1177	1.447839	0.5313768	5.809148
6270	-2408.361	-2598.518	190.1577	1.525297	0.5987132	3.436886
6276	-2401.121	-2592.278	191.1563	1.734176	0.4394369	2.872275
6282	-2406.631	-2596.154	189.523	1.901202	0.2562522	3.962286
6288	-2391.361	-2578.804	187.4431	2.046309	0.2562522	5.051094
6294	-2395.063	-2583.368	188.3051	1.482036	0.4115022	4.695489
6300	-2392.621	-2576.947	184.326	1.182494	0.3827679	7.067078
6306	-2389.619	-2576.416	186.7975	1.196204	0.3991643	5.701017
6312	-2397.067	-2580.368	183.3008	1.233232	0.4311592	7.540629
6318	-2394.92	-2575.501	180.5807	1.127631	0.4515881	9.024877
6324	-2399.662	-2584.205	184.5431	1.487168	0.70589	6.509104
6330	-2386.667	-2570.851	184.184	1.326456	0.4377654	7.009904
6336	-2381.684	-2568.914	187.2302	1.430797	0.7941068	5.008013
6342	-2394.613	-2583.533	188.9201	1.650656	0.3409485	4.334666
6348	-2392.035	-2579.441	187.406	1.448016	0.5321289	5.099142
6354	-2389.333	-2576.436	187.1028	1.408513	0.781974	5.099142
6360	-2387.017	-2575.748	188.7309	1.38168	0.4910209	4.433379
6366	-2388.209	-2576.433	188.2248	1.308649	0.6357528	4.634812
6372	-2395.755	-2581.915	186.1599	1.285251	0.539541	5.867943
6378	-2386.158	-2572.59	186.432	1.379517	0.3388694	5.867943
6384	-2376.17	-2562.956	186.7852	1.335575	0.5781692	5.465059
6390	-2376.46	-2565.607	189.1471	1.409971	0.5929434	4.091187
6396	-2381.576	-2570.031	188.4544	1.426234	0.5929434	4.474195
6402	-2379.859	-2569.518	189.6588	1.493209	0.5929434	3.750252
6408	-2384.482	-2572.64	188.1584	1.556493	0.6964116	4.486935
6414	-2387.144	-2577.331	190.1875	1.563309	0.5026338	3.484125
6420	-2394.925	-2583.647	188.722	1.636899	1.058795	3.892361
6426	-2394.593	-2581.732	187.139	1.44774	0.5584617	5.224453
6432	-2386.043	-2573.353	187.3104	1.284973	0.3833648	5.387325
6438	-2399.467	-2584.354	184.8873	1.374885	0.6005024	6.461645
6444	-2394.45	-2581.486	187.036	1.48368	0.5090494	5.304623
6450	-2408.714	-2594.163	185.4485	1.172962	0.395126	6.453022
6456	-2396.389	-2581.852	185.463	1.167694	0.3363025	6.51331
6462	-2399.664	-2584.997	185.3326	1.306138	0.3927733	6.446107
6468	-2397.294	-2582.577	185.2831	1.33478	0.403581	6.446107
6474	-2395.381	-2583.203	187.8225	1.919858	0.3099201	4.838127
6480	-2390.67	-2577.721	187.051	1.320694	0.3934767	5.499554
6486	-2404.919	-2593.12	188.2017	1.502112	0.5132468	4.642496
6492	-2392.807	-2577.371	184.5646	1.306527	0.3993678	6.854233
6498	-2395.667	-2580.708	185.0409	1.492494	0.3952953	6.500526
6504	-2396.015	-2577.279	181.2639	1.325294	0.3422549	8.670722
6510	-2398.014	-2579.528	181.5135	1.152168	0.5183852	8.457292
6516	-2387.832	-2573.949	186.1167	1.47334	0.6652833	5.688692
6522	-2398.472	-2584.597	186.1246	1.319711	0.5244722	5.881443
6528	-2392.234	-2578.529	186.2946	1.275815	0.4496726	5.881443
6534	-2381.036	-2566.895	185.8594	1.311423	0.403943	6.145406
6540	-2387.93	-2575.565	187.6354	1.416055	0.3211434	5.207731
6546	-2383.791	-2568.797	185.0068	1.533766	0.4912635	6.402954
6552	-2377.968	-2563.479	185.5116	1.419855	0.643406	6.064914
6558	-2386.216	-2573.637	187.4207	1.795904	0.3571559	5.073304
6564	-2385.127	-2569.645	184.5183	1.216335	0.3571559	6.973341
6570	-2393.279	-2579.908	186.6292	1.31984	0.3332447	5.799416
6576	-2403.87	-2588.957	185.0866	1.305658	0.6243144	6.372619
6582	-2399.342	-2586.324	186.9813	1.523323	0.293789	5.543785
6588	-2395.29	-2582.571	187.2807	1.500149	0.3111431	5.369602
6594	-2396.662	-2582.823	186.1615	1.387764	0.3392138	6.010723
6600	-2394.482	-2578.117	183.6344	1.24991	0.3134761	7.480988
6606	-2403.119	-2585.851	182.7321	1.243783	0.4735065	7.799003
6612	-2399.716	-2584.865	185.149	1.183378	0.4007932	6.603591
6618	-2394.387	-2576.978	182.5907	1.420122	0.4007932	7.850869
6624	-2385.543	-2568.015	182.4711	1.246216	0.4531279	7.955995
6630	-2383.299	-2566.506	183.2068	1.086216	0.446093	7.655124
6636	-2404.215	-2587.218	183.0027	1.166064	0.5193684	7.655124
6642	-2401.498	-2587.35	185.8523	1.157894	0.4398552	6.196445
6648	-2395.682	-2580.826	185.1437	1.368765	0.3589204	6.551388
6654	-2387.596	-2572.815	185.219	1.494544	0.590408	6.224688
6660	-2388.404	-2575.649	187.2447	1.459094	0.4460913	5.262328
6666	-2387.554	-2574.744	187.1908	1.309458	0.3646726	5.460503
6672	-2380.116	-2567.212	187.0965	1.309655	0.4125124	5.460503
6678	-2383.352	-2568.446	185.0935	1.449487	0.4125124	6.477481
6684	-2378.122	-2565.451	187.3286	1.493154	0.519158	5.12852
6690	-2380.067	-2567.653	187.5863	1.654876	0.6720443	4.770573
6696	-2388.777	-2578.987	190.2095	1.654876	0.7282545	3.226896
6702	-2394.322	-2583.73	189.4073	1.767302	0.7282545	3.630771
6708	-2397.119	-2582.778	185.6596	1.766499	0.8440645	5.657477
6714	-2391.498	-2578.616	187.1184	1.459766	0.4105462	5.367809
6720	-2391.665	-2576.107	184.4414	1.498926	1.371523	6.198917
6726	-2391.735	-2579.156	187.4205	1.415447	0.4637245	5.17208
6732	-2403.94	-2591.74	187.7997	1.652344	0.3792975	4.917403
6738	-2388.547	-2574.496	185.9496	1.42142	0.7343227	5.759404
6744	-2383.167	-2569.202	186.0348	1.42142	0.4407356	5.952545
6750	-2389.321	-2575.137	185.8165	1.329028	0.6376412	5.952545
6756	-2385.795	-2570.586	184.7912	1.356337	0.6671849	6.473223
6762	-2407.925	-2595.815	187.8903	1.917703	0.5285306	4.570267
6768	-2394.302	-2580.854	186.5522	1.581926	0.3293447	5.702706
6774	-2399.698	-2581.375	181.6767	1.29988	0.6336272	8.199989
6780	-2391.036	-2572.01	180.9745	1.126492	0.3657817	8.90342
6786	-2393.234	-2573.622	180.3884	1.414599	0.53201	8.90342
6792	-2394.707	-2577.422	182.7143	1.333015	0.8166662	7.503797
6798	-2389.404	-2572.119	182.7143	1.333015	0.8166662	7.503797
6804	-2395.929	-2580.072	184.1438	1.252444	0.5500538	6.970341
6810	-2390.07	-2572.773	182.7025	1.166382	0.634999	7.722911
6816	-2406.327	-2589.476	183.1486	1.220171	0.4889993	7.57483
6822	-2395.231	-2580.231	185	1.193483	0.5304621	6.556445
6828	-2390.54	-2575.924	185.3842	1.262712	0.4095011	6.424236
6834	-2385.902	-2570.654	184.7524	1.352879	0.7710274	6.424236
6840	-2385.84	-2571.828	185.9884	1.611758	0.4936125	5.823802
6846	-2392.587	-2581.204	188.6166	1.802033	0.4995373	4.252407
6852	-2396.628	-2584.757	188.1294	1.726435	0.518186	4.552702
6858	-2410.383	-2599.309	188.926	1.766467	0.4432502	4.152084
6864	-2404.755	-2590.211	185.4565	1.396666	0.4431344	6.278578
6870	-2413.142	-2603.057	189.9154	1.928845	0.780582	3.200633
6876	-2400.455	-2590.728	190.2724	1.725896	0.6599111	3.200633
6882	-2409.998	-2599.957	189.9593	1.737706	0.9103983	3.200633
6888	-2420.056	-2610.157	190.1014	1.905057	0.9103983	3.01625
6894	-2406.142	-2596.334	190.1915	1.814912	0.9103983	3.01625
6900	-2404.099	-2590.053	185.9542	1.205673	0.3425263	6.218912
6906	-2412.505	-2600.827	188.3224	1.302095	0.4286695	4.768526
6912	-2414.615	-2601.081	186.4662	1.362417	0.7255711	5.514395
6918	-2406.201	-2590.584	184.3829	1.505496	0.3236219	6.929304
6924	-2400.724	-2587.487	186.7621	1.430837	0.3236219	5.677396
6930	-2412.568	-2601.224	188.6565	1.729176	0.439196	4.330129
6936	-2396.495	-2585.006	188.5105	1.731873	0.6361915	4.234888
6942	-2391.61	-2580.487	188.8779	1.754503	0.549514	4.085576
6948	-2404.98	-2595.415	190.4353	2.057703	0.4419923	3.108171
6954	-2400.735	-2590.586	189.8507	1.692555	0.7465346	3.402516
6960	-2408.326	-2596.111	187.785	1.307985	0.5726726	4.931726
6966	-2405.231	-2594.585	189.3541	1.620046	0.2595249	4.213947
6972	-2408.904	-2596.99	188.086	1.614394	0.5716995	4.593171
6978	-2400.01	-2590.91	190.8992	1.678691	0.5185734	2.979381
6984	-2391.101	-2580.814	189.713	1.595774	0.5185734	3.725717
6990	-2391.605	-2578.483	186.8772	1.446797	0.4999747	5.42073
6996	-2412.347	-2600.136	187.7894	1.302933	0.4694399	5.024422
7002	-2418.062	-2606.195	188.1329	1.501539	0.54085	4.656686
7008	-2389.743	-2579.295	189.5513	1.550475	0.4703667	3.891093
7014	-2396.128	-2581.958	185.8302	1.278047	0.2955263	6.304188
7020	-2389.979	-2572.745	182.7658	1.152562	0.4919918	7.812987
7026	-2402.079	-2588.02	185.9412	1.396014	0.3290803	6.138276
7032	-2400.271	-2584.719	184.448	1.132335	0.3290803	7.088667
7038	-2393.446	-2576.547	183.1013	1.178896	0.2803608	7.845728
7044	-2390.43	-2575.687	185.2564	1.278886	0.2826473	6.631313
7050	-2399.26	-2589.544	190.2837	1.621141	0.4020249	3.498561
7056	-2387.967	-2576.451	188.4848	1.77134	0.4020249	4.442328
7062	-2402.256	-2589.147	186.8908	1.373384	0.2486951	5.737218
7068	-2410.811	-2594.868	184.0567	1.321753	0.2853968	7.251114
7074	-2407.477	-2596.397	188.9197	1.332523	0.3852128	4.462986
7080	-2404.857	-2593.372	188.5154	1.573856	0.2538556	4.720392
7086	-2399.601	-2587.76	188.1584	1.387823	0.5246439	4.720392
7092	-2395.507	-2582.451	186.9439	1.376252	0.5102352	5.413609
7098	-2389.172	-2575.1	185.9276	1.37801	0.3687432	6.109827
7104	-2390.19	-2579.527	189.3366	1.623899	0.7486872	3.739822
7110	-2402.284	-2590.103	187.8188	1.533649	0.8356909	4.595065
7116	-2395.422	-2585.177	189.7557	1.436567	0.4035799	3.908753
7122	-2393.284	-2582.546	189.2623	1.550291	0.4691561	4.057663
7128	-2396.576	-2584.196	187.6197	1.56273	0.5555704	4.896394
7134	-2397.938	-2584.518	186.5795	1.345013	0.3175373	5.831834
7140	-2403.129	-2591.007	187.8778	1.505344	0.4397134	4.891939
7146	-2399.47	-2586.406	186.9356	1.495721	0.4047762	5.45473
7152	-2385.204	-2571.497	186.2927	1.39098	0.4999718	5.772334
7158	-2399.354	-2585.735	186.3816	1.450276	0.3689521	5.822413
7164	-2387.87	-2571.615	183.7447	1.21601	0.3230164	7.428586
7170	-2389.539	-2571.707	182.1687	1.241569	0.3230164	8.256637
7176	-2379.985	-2562.538	182.553	1.109423	0.4212772	8.016097
7182	-2390.157	-2573.565	183.4078	1.174543	0.4674214	7.480132
7188	-2383.515	-2568.689	185.1735	1.184657	0.4674214	6.52385
7194	-2386.117	-2570.22	184.1034	1.283987	0.3065202	7.219621
7200	-2385.428	-2568.07	182.6417	1.401031	0.4052958	7.829242
7206	-2381.748	-2567.533	185.7854	1.263759	0.4777259	6.139072
7212	-2389.525	-2576.002	186.4762	1.298579	0.2631932	5.984336
7218	-2380.939	-2564.414	183.4745	1.361102	0.5509931	7.271054
7224	-2381.843	-2563.347	181.5036	1.137958	0.3535554	8.630199
7230	-2379.553	-2560.653	181.1002	1.265337	0.3744751	8.753846
7236	-2381.353	-2565.947	184.5941	1.07421	0.3744751	6.989994
7242	-2376.02	-2560.557	184.5365	1.185339	0.3484933	6.989994
7248	-2381.571	-2566.112	184.5412	1.088716	0.3938257	6.989994
7254	-2371.799	-2554.485	182.6862	1.204218	0.498276	7.822349
7260	-2377.391	-2560.137	182.7455	1.084458	0.498276	7.854589
7266	-2380.725	-2564.027	183.3019	1.084458	0.5619555	7.50293
7272	-2391.837	-2575.604	183.7677	1.25182	0.391368	7.320714
7278	-2392.61	-2579.057	186.4468	1.276608	0.5681535	5.691588
7284	-2389.816	-2573.023	183.2071	1.217921	0.3536298	7.680098
7290	-2388.414	-2575.595	187.1805	1.379407	0.2954304	5.511243
7296	-2399.149	-2585.817	186.6683	1.595088	0.3778707	5.576026
7302	-2392.01	-2581.419	189.4093	1.811	0.2532676	4.083146
7308	-2395.612	-2584.014	188.4022	1.792931	0.3581455	4.525935
7314	-2391.168	-2577.736	186.5682	1.701436	0.3343907	5.622336
7320	-2401.536	-2591.929	190.3926	1.901797	0.3343907	3.351274
7326	-2391.729	-2582.017	190.2882	2.042998	0.2824763	3.399465
7332	-2384.963	-2570.387	185.4238	1.467386	0.251197	6.481408
7338	-2388.234	-2575.372	187.1385	1.28702	0.4193711	5.442762
7344	-2377.635	-2563.574	185.9388	1.452542	0.2732578	6.179469
7350	-2379.069	-2563.814	184.7455	1.212492	0.3749494	6.833315
7356	-2380.736	-2562.707	181.9715	1.352082	0.3083252	8.320422
7362	-2379.25	-2561.158	181.9085	1.300293	0.3611542	8.320422
7368	-2381.989	-2566.093	184.1043	1.078416	0.4058566	7.218066
7374	-2388.269	-2572.494	184.2253	1.364885	0.3754109	7.031032
7380	-2386.393	-2574.704	188.311	1.557173	0.3227538	4.751741
7386	-2393.834	-2578.224	184.3904	1.293106	0.4216547	6.932601
7392	-2399.136	-2583.132	183.9957	1.210086	0.6420344	7.000437
7398	-2388.866	-2573.16	184.2945	1.350971	0.3761457	7.000437
7404	-2393.013	-2577.269	184.2555	1.407721	0.4403592	6.92507
7410	-2408.008	-2594.781	186.7735	1.675334	0.2684261	5.608261
7416	-2392.621	-2579.297	186.6758	1.614214	0.3368519	5.608261
7422	-2377.878	-2563.881	186.0035	1.495746	0.261681	6.136576
7428	-2388.006	-2574.438	186.4319	1.534133	0.3122654	5.815613
7434	-2389.212	-2577.142	187.9301	1.684459	0.2740501	4.95665
7440	-2396.834	-2586.464	189.6303	1.691949	0.4333251	3.802143
7446	-2400.424	-2590.616	190.1921	1.98142	0.4333251	3.30669
7452	-2397.169	-2586.633	189.4636	1.855012	0.5140818	3.724205
7458	-2387.522	-2577.785	190.2629	1.743999	0.4021366	3.438775
7464	-2387.632	-2576.42	188.7887	1.794312	0.2984078	4.381512
7470	-2386.489	-2572.981	186.4919	1.281346	0.6385415	5.608303
7476	-2396.745	-2580.666	183.921	1.523573	0.5388199	6.953707
7482	-2407.498	-2593.931	186.4332	1.623948	0.9736821	5.2333
7488	-2406.002	-2593.556	187.5537	1.492174	0.3881814	5.133166
7494	-2398.008	-2586.514	188.5058	1.58411	0.4122825	4.524847
7500	-2390.915	-2576.577	185.6617	1.527454	0.6200074	5.942274
7506	-2386.203	-2571.712	185.5088	1.30382	0.4860994	6.259995
7512	-2386.317	-2572.339	186.0226	1.515554	0.3442323	6.010938
7518	-2381.91	-2569.71	187.8009	1.36831	0.6012366	4.865793
7524	-2388.371	-2573.962	185.5914	1.33934	0.7493893	5.98977
7530	-2395.232	-2580.764	185.5312	1.416931	0.309252	6.373805
7536	-2393.812	-2578.736	184.9243	1.416931	0.4590145	6.540943
7542	-2387.44	-2571.094	183.6542	1.188554	0.4695725	7.338538
7548	-2389.409	-2573.363	183.9543	1.05118	0.4000404	7.319228
7554	-2393.202	-2572.984	179.7818	0.8752968	0.3956193	9.635161
7560	-2386.717	-2567.69	180.9724	0.9144657	0.3239444	9.063988
7566	-2390.22	-2571.767	181.5471	1.09767	0.3661596	8.614669
7572	-2384.452	-2569.773	185.3215	1.227864	0.3257165	6.569879
7578	-2389.254	-2573.636	184.3825	1.224741	0.5040323	6.89617
7584	-2395.818	-2578.69	182.8724	0.9693102	0.507123	7.840546
7590	-2380.404	-2566.219	185.8154	1.291396	0.5112887	6.077257
7596	-2390.939	-2575.3	184.3605	1.305925	0.4780562	6.88771
7602	-2404.992	-2590.977	185.9853	1.375609	0.3900448	6.056526
7608	-2391.654	-2577.551	185.8962	1.403796	0.2865991	6.211514
7614	-2407.455	-2592.86	185.405	2.056347	0.510868	5.884153
7620	-2388.034	-2578.258	190.2234	1.527328	0.3809637	3.612169
7626	-2378.212	-2568.426	190.213	1.597659	0.3217127	3.649706
7632	-2368.843	-2553.636	184.7938	1.353837	0.3531458	6.755145
7638	-2374.531	-2558.358	183.8272	1.232218	0.4038494	7.286344
7644	-2385.679	-2569.106	183.4271	1.07857	0.4957622	7.495462
7650	-2378.335	-2562.702	184.3675	1.07088	0.3566749	7.133289
7656	-2382.62	-2569.919	187.2989	1.382849	0.3431469	5.385324
7662	-2388.7	-2575.359	186.6591	1.540329	0.5758463	5.423655
7668	-2380.763	-2567.577	186.8133	1.43318	0.5450317	5.423655
7674	-2372.556	-2560.368	187.8116	1.50672	0.5945068	4.788067
7680	-2385.906	-2571.381	185.4751	1.587352	0.4408045	6.167122
7686	-2378.077	-2560.239	182.1621	1.194334	0.5018452	8.104081
7692	-2375.861	-2557.95	182.0889	1.057553	0.4144976	8.297726
7698	-2385.149	-2566.466	181.3164	1.140469	0.4799892	8.601936
7704	-2378.162	-2558.347	180.1856	1.09075	0.4760943	9.230796
7710	-2386.44	-2571.136	184.6959	1.151863	0.4760943	6.791679
7716	-2380.558	-2566.198	185.6404	1.246168	0.3555968	6.352338
7722	-2380.763	-2569.195	188.4315	1.674437	0.3708316	4.561398
7728	-2388.06	-2573.753	185.6923	1.303988	0.3572287	6.290928
7734	-2384.959	-2570.157	185.1983	1.110891	0.3618572	6.658036
7740	-2387.293	-2566.757	179.4642	0.9401237	0.4379671	9.726516
7746	-2395.461	-2578.762	183.3002	1.005363	0.4749577	7.621398
7752	-2395.581	-2580.761	185.1802	1.199861	0.4749577	6.504944
7758	-2390.85	-2575.357	184.5063	1.285681	0.5322211	6.771947
7764	-2396.897	-2582.06	185.1633	1.240557	0.5322211	6.440956
7770	-2390.203	-2575.447	185.244	1.240557	0.48296	6.440956
7776	-2397.039	-2583.446	186.4065	1.379995	0.48296	5.731602
7782	-2390.948	-2580.076	189.1272	1.556532	0.3631873	4.244277
7788	-2392.578	-2579.315	186.7367	1.476019	0.3761881	5.605678
7794	-2392.3	-2576.913	184.6131	1.323253	0.4215072	6.79641
7800	-2405.687	-2593.684	187.9974	1.562692	0.3841612	4.851852
7806	-2402.778	-2590.208	187.43	1.683724	0.5361754	4.951436
7812	-2399.591	-2588.694	189.1029	1.486393	0.6268816	4.045056
7818	-2390.203	-2578.301	188.0982	1.466226	0.3551244	4.882341
7824	-2385.097	-2569.155	184.058	1.321525	0.5534538	6.976515
7830	-2394.045	-2581.479	187.4335	1.391892	0.3979208	5.244651
7836	-2390.095	-2573.983	183.8875	1.170741	0.3389243	7.357635
7842	-2387.477	-2571.048	183.5705	1.173109	0.5073474	7.357635
7848	-2383.364	-2565.932	182.5684	1.110865	0.5073474	7.927055
7854	-2398.403	-2581.689	183.2861	0.995272	0.4607691	7.647456
7860	-2399.604	-2581.631	182.0269	1.155297	0.3850942	8.308876
7866	-2376.322	-2560.017	183.695	1.310902	0.3850942	7.334663
7872	-2390.397	-2579.099	188.7015	1.642347	0.3429194	4.460315
7878	-2397.189	-2585.643	188.4544	1.478607	0.4972507	4.528614
7884	-2398.026	-2585.217	187.1906	1.41175	0.7166408	5.09353
7890	-2395.981	-2581.766	185.7846	1.187483	0.4356889	6.221311
7896	-2391.105	-2577.065	185.9597	1.233967	0.3845669	6.15347
7902	-2390.526	-2575.779	185.253	1.299663	0.3845669	6.501485
7908	-2397.982	-2584.662	186.6794	1.384112	0.5423173	5.526664
7914	-2389.116	-2574.29	185.1736	1.413998	0.3419949	6.530008
7920	-2397.771	-2581.847	184.0753	1.092054	0.3440994	7.293143
7926	-2403.614	-2589.74	186.1256	1.320475	0.3440994	6.061251
7932	-2395.737	-2580.287	184.5501	1.232817	0.4184551	6.882225
7938	-2403.124	-2586.502	183.3781	1.295832	0.2797483	7.63604
7944	-2396.926	-2579.586	182.6598	1.116795	0.2835669	8.110213
7950	-2389.99	-2574.234	184.2439	1.116795	0.3246834	7.21194
7956	-2384.033	-2568.887	184.8549	1.179706	0.5935427	6.590402
7962	-2383.739	-2569.731	185.9922	1.271351	0.4775892	6.022406
7968	-2400.01	-2587.993	187.9831	1.168984	0.4775892	4.98344
7974	-2391.843	-2579.214	187.3713	1.492684	0.4482515	5.17161
7980	-2394.088	-2580.351	186.2638	1.229086	0.4476687	5.925763
7986	-2390.578	-2575.096	184.5181	1.094563	0.3795004	7.014482
7992	-2388.927	-2573.679	184.7516	1.220088	0.4404428	6.758579
7998	-2400.393	-2583.253	182.8607	1.3877	0.2381329	7.920376
8004	-2397.046	-2582.946	185.8997	1.192457	0.466504	6.126157
8010	-2386.957	-2569.702	182.7455	1.059496	0.4868081	7.878185
8016	-2406.27	-2589.721	183.4509	1.160493	0.6391678	7.322087
8022	-2396.298	-2580.334	184.0357	0.9875226	0.3881841	7.322087
8028	-2383.343	-2567.319	183.9764	1.024807	0.4193274	7.301859
8034	-2381.84	-2566.747	184.9065	1.024807	0.5445366	6.686245
8040	-2370.631	-2555.695	185.064	1.305142	0.6154377	6.391983
8046	-2389.108	-2575.36	186.2522	1.569434	0.7577779	5.496149
8052	-2387.291	-2575.49	188.1982	1.81821	0.4406729	4.536735
8058	-2393.279	-2579.847	186.5681	1.602614	0.7192808	5.330384
8064	-2387.311	-2574.186	186.8748	1.371603	0.5118512	5.452731
8070	-2390.66	-2574.176	183.5152	1.226458	0.3480007	7.51694
8076	-2394.238	-2578.673	184.4344	1.248631	0.3718202	6.984944
8082	-2395.631	-2576.365	180.7339	1.07399	0.3718202	9.052134
8088	-2393.984	-2575.454	181.4694	0.9995553	0.429225	8.643137
8094	-2391.176	-2572.355	181.1788	1.039231	0.3867285	8.819095
8100	-2382.065	-2567.335	185.2698	1.318361	0.3867285	6.47995
8106	-2388.71	-2574.312	185.6023	1.484348	0.5007801	6.097576
8112	-2380.873	-2566.219	185.3464	1.17565	0.4037473	6.497864
8118	-2379.87	-2563.016	183.1457	1.023699	0.4037473	7.763139
8124	-2383.353	-2569.453	186.1	1.175204	0.4909638	6.003706
8130	-2406.349	-2592.612	186.2626	1.829569	0.2977265	5.764899
8136	-2398.922	-2586.743	187.8206	1.386402	0.3904747	5.041341
8142	-2381.638	-2569.562	187.9241	1.606561	0.3435078	4.914746
8148	-2382.037	-2569.805	187.7687	1.42679	0.3043007	5.149124
8154	-2393.404	-2580.963	187.5596	1.40751	0.4141667	5.149124
8160	-2392.841	-2581.004	188.1629	1.588846	0.3775241	4.752248
8166	-2405.396	-2593.699	188.3036	1.69884	0.3516063	4.641754
8172	-2411.641	-2594.425	182.7841	1.126692	0.3191955	7.994523
8178	-2404.747	-2588.493	183.7465	1.109739	0.3182459	7.490297
8184	-2415.425	-2600.492	185.0674	1.204473	0.4088647	6.62795
8190	-2389.451	-2577.896	188.445	1.504892	0.3297376	4.697453
8196	-2383.901	-2573.609	189.7079	1.533169	0.3684694	3.920555
8202	-2387.127	-2574.713	187.5865	1.438078	0.3684694	5.166813
8208	-2386.119	-2572.884	186.765	1.302359	0.3042296	5.770228
8214	-2392.218	-2580.761	188.543	1.424157	0.4639713	4.541219
8220	-2388.944	-2576.983	188.0391	1.395721	0.451365	4.851514
8226	-2383.817	-2568.675	184.8577	1.311368	0.451365	6.641377
8232	-2392.139	-2579.41	187.2704	1.307147	0.6234391	5.176653
8238	-2387.933	-2574.293	186.3601	1.308797	0.4760935	5.802376
8244	-2383.077	-2569.566	186.4893	1.182211	0.4746153	5.802376
8250	-2389.348	-2571.981	182.633	1.042561	0.3878758	8.043194
8256	-2396.235	-2579.904	183.6683	1.112044	0.3692117	7.472681
8262	-2396.963	-2580.677	183.7137	1.141398	0.3336216	7.472681
8268	-2395.725	-2580.506	184.7812	1.093893	0.4394803	6.811668
8274	-2384.589	-2571.968	187.3781	1.366167	0.555802	5.139515
8280	-2389.854	-2577.759	187.9047	1.302629	0.373615	5.05972
8286	-2386.768	-2574.079	187.3115	1.186845	0.2584766	5.594892
8292	-2396.984	-2577.855	180.871	1.036769	0.4179716	8.951699
8298	-2400.463	-2581.211	180.7488	1.193374	0.409986	8.94144
8304	-2385.191	-2570.025	184.8334	1.31548	0.4375666	6.665671
8310	-2390.748	-2572.825	182.0772	1.130636	0.4124946	8.267038
8316	-2400.21	-2584.786	184.5759	1.119836	0.4124946	6.935291
8322	-2385.076	-2568.746	183.6701	1.206075	0.2964776	7.506347
8328	-2396.057	-2579.736	183.6789	1.216944	0.2882008	7.506347
8334	-2396.053	-2579.662	183.6087	1.297067	0.3118168	7.471516
8340	-2397.013	-2578.573	181.5606	1.138849	0.3684118	8.583183
8346	-2395.271	-2578.707	183.436	1.144684	0.3911329	7.556207
8352	-2399.924	-2587.886	187.962	1.370713	0.4135117	4.946866
8358	-2399.187	-2585.822	186.6346	1.380243	0.7665822	5.383812
8364	-2392.23	-2582.059	189.8289	1.46522	0.3785991	3.878409
8370	-2395.304	-2583.298	187.9935	1.333747	0.4970461	4.867765
8376	-2408.748	-2596.372	187.624	1.406479	0.6996718	4.867765
8382	-2413.462	-2596.176	182.7137	1.29653	0.650176	7.636087
8388	-2406.439	-2590.177	183.7374	1.067202	0.4275113	7.399223
8394	-2405.295	-2593.788	188.4927	1.464765	0.4991709	4.51307
8400	-2402.473	-2590.269	187.7956	1.299848	0.4357535	5.055844
8406	-2400.835	-2582.344	181.5082	1.021001	0.4886485	8.555772
8412	-2394.613	-2576.643	182.0295	1.287963	0.2387607	8.415269
8418	-2386.239	-2572.16	185.9202	1.087582	0.4197177	6.217847
8424	-2403.131	-2587.7	184.5694	1.527725	0.1954232	6.994774
8430	-2382.278	-2565.419	183.141	1.121833	0.3200118	7.805638
8436	-2407.405	-2592.457	185.0514	1.240093	0.2747336	6.773512
8442	-2394.047	-2576.444	182.3968	1.139083	0.3228858	8.189937
8448	-2404.324	-2587.487	183.163	1.230145	0.4660096	7.582798
8454	-2383.609	-2569.919	186.3098	1.146213	0.4392391	5.954154
8460	-2376.833	-2557.486	180.6534	1.032661	0.3427696	9.148519
8466	-2381.256	-2561.72	180.4642	1.04605	0.4318336	9.148519
8472	-2375.71	-2555.521	179.8111	0.9727444	0.4166722	9.547075
8478	-2384.041	-2566.701	182.6603	1.118091	0.2755076	8.119737
8484	-2394.868	-2576.936	182.068	0.9602183	0.4880901	8.291023
8490	-2385.579	-2569.554	183.9757	1.037967	0.2261842	7.528714
8496	-2386.379	-2571.441	185.0617	1.107665	0.5109864	6.586396
8502	-2386.374	-2572.86	186.4858	1.131044	0.3116827	6.007044
8508	-2391.982	-2576.789	184.8073	1.232448	0.376636	6.787366
8514	-2407.257	-2594.786	187.5286	1.248955	0.508445	5.162644
8520	-2401.895	-2588.813	186.9175	1.348389	0.508445	5.44508
8526	-2408.426	-2590.35	181.9236	1.302091	0.3112196	8.368935
8532	-2399.709	-2582.21	182.5007	1.116456	0.402025	8.059661
8538	-2409.726	-2590.634	180.9078	1.037212	0.2296376	9.156093
8544	-2399.411	-2584.025	184.6136	1.106002	0.30556	7.04216
8550	-2390.77	-2575.839	185.0694	1.144005	0.3467567	6.726888
8556	-2396.884	-2581.21	184.3255	1.257715	0.5618048	6.859822
8562	-2387.635	-2572.254	184.6186	1.257146	0.3278658	6.931065
8568	-2391.887	-2574.818	182.9309	1.060624	0.3480251	7.917999
8574	-2394.802	-2574.069	179.2674	1.024447	0.3577687	9.86767
8580	-2394.242	-2576.699	182.4574	0.9772386	0.3128078	8.25589
8586	-2393.233	-2579.849	186.6159	1.134255	0.3978265	5.835772
8592	-2394.963	-2580.129	185.1658	1.138568	0.3978265	6.621828
8598	-2395.805	-2577.871	182.0654	1.197148	0.3660654	8.28646
8604	-2396.333	-2580.315	183.9817	1.40499	0.4357847	7.078438
8610	-2388.383	-2572.674	184.2903	1.435221	0.2369203	7.130939
8616	-2391.956	-2575.969	184.013	1.311845	0.3333316	7.221016
8622	-2387.019	-2568.989	181.9708	1.248952	0.3237494	8.357141
8628	-2380.835	-2563.712	182.8763	1.216585	0.3588228	7.851809
8634	-2381.436	-2562.221	180.7851	1.10658	0.2491174	9.15665
8640	-2392.373	-2580.012	187.6387	1.356181	0.2491174	5.334964
8646	-2389.197	-2574.95	185.7531	1.349664	0.2756553	6.33311
8652	-2404.319	-2589.015	184.696	1.363698	0.309201	6.854462
8658	-2420.854	-2604.907	184.0535	1.466404	0.319416	7.132694
8664	-2412.958	-2596.582	183.6234	1.095102	0.4339829	7.438991
8670	-2400.094	-2587.981	187.8874	1.483891	0.5803046	4.770227
8676	-2385.425	-2569.286	183.8614	1.191436	0.5803046	7.130401
8682	-2396.031	-2582.555	186.5238	1.211806	0.3433629	5.904173
8688	-2393.21	-2576.373	183.1629	1.211806	0.5044656	7.557876
8694	-2401.876	-2586.821	184.9446	1.262711	0.4017155	6.670254
8700	-2390.962	-2575.359	184.3964	1.269666	0.7374694	6.684387
8706	-2397.993	-2583.413	185.4196	1.391242	0.4081203	6.336717
8712	-2395.863	-2582.977	187.1134	1.600815	0.3374144	5.374208
8718	-2397.776	-2584.798	187.0218	1.59398	0.3850744	5.374208
8724	-2407.098	-2593.929	186.8313	1.663187	0.4497918	5.374208
8730	-2396.322	-2583.057	186.7346	1.619539	0.6976339	5.244495
8736	-2399.768	-2587.158	187.3902	1.429498	0.3820465	5.265018
8742	-2408.023	-2595.572	187.5499	1.484219	0.4982341	5.029684
8748	-2396.946	-2584.732	187.7864	1.383702	0.5489837	4.908926
8754	-2404.022	-2591.951	187.9289	1.465853	0.6182057	4.726289
8760	-2394.232	-2579.44	185.2081	1.403875	0.4660772	6.387532
8766	-2402.878	-2588.84	185.9614	1.625301	1.021809	5.466172
8772	-2391.412	-2577.982	186.5703	1.693869	0.4864211	5.466172
8778	-2398.197	-2583.306	185.1085	1.534095	0.298937	6.552314
8784	-2388.3	-2572.325	184.0251	1.251197	0.5567904	7.029311
8790	-2388.725	-2571.968	183.243	1.326687	0.4535288	7.499941
8796	-2394.672	-2579.778	185.1068	1.239264	0.5600325	6.448843
8802	-2391.162	-2576.272	185.1094	1.20956	0.2859097	6.743956
8808	-2395.198	-2578.146	182.9477	1.135882	0.4885813	7.727761
8814	-2397.729	-2582.27	184.5412	1.337756	0.4484355	6.800891
8820	-2398.646	-2586.651	188.0057	1.559481	0.4973693	4.734646
8826	-2392.646	-2578.514	185.8679	1.560469	0.3555193	6.057812
8832	-2397.144	-2585.273	188.1287	1.566632	0.4623032	4.695233
8838	-2392.808	-2579.023	186.2155	1.597335	0.3971757	5.802181
8844	-2397.588	-2586.272	188.6837	1.696778	0.7413073	4.077639
8850	-2398.099	-2584.389	186.29	1.49324	0.5730931	5.65468
8856	-2403.609	-2589.639	186.0302	1.617044	0.6988624	5.632908
8862	-2406.672	-2594.332	187.6595	1.368271	0.5608408	4.977958
8868	-2406.267	-2590.286	184.0189	1.241372	0.7630431	6.88635
8874	-2399.46	-2584.017	184.557	1.263284	0.2912582	7.005975
8880	-2409.655	-2592.453	182.7987	1.220656	0.2985349	7.961834
8886	-2402.668	-2587.742	185.0739	1.164394	0.5314988	6.531265
8892	-2401.949	-2586.669	184.7201	1.226668	0.7393352	6.531265
8898	-2400.986	-2587.505	186.5185	1.398059	0.4158476	5.725901
8904	-2409.482	-2596.31	186.8275	1.395573	0.2729595	5.725901
8910	-2399.447	-2585.895	186.4471	1.547074	0.4273085	5.67167
8916	-2396.968	-2584.674	187.7058	1.621389	0.4475661	4.915225
8922	-2392.027	-2580.541	188.5136	1.48134	0.3310852	4.670565
8928	-2396.27	-2584.713	188.4429	1.49243	0.594009	4.442471
8934	-2394.497	-2582.233	187.7362	1.522764	0.3541351	5.0533
8940	-2399.083	-2587.523	188.4401	1.431603	0.463608	4.595143
8946	-2407.546	-2593.567	186.0212	1.538987	0.4957942	5.843689
8952	-2398.104	-2584.231	186.127	1.554721	0.4263854	5.843689
8958	-2397.516	-2585.156	187.6407	1.58209	0.402291	5.01983
8964	-2392.934	-2580.214	187.2794	1.58138	0.2791205	5.367094
8970	-2396.789	-2585.153	188.3636	1.58138	0.2796726	4.764786
8976	-2404.1	-2593.324	189.2243	1.594226	0.5010467	4.023553
8982	-2412.241	-2600.322	188.0815	1.594226	0.4940917	4.675839
8988	-2402.439	-2590.651	188.2121	1.524999	0.458242	4.675839
8994	-2390.504	-2576.138	185.6338	1.488852	0.3932279	6.18288
9000	-2413.431	-2600.324	186.8927	1.55576	1.009666	4.996364
9006	-2410.872	-2598.421	187.5487	1.434416	0.5985608	4.971504
9012	-2410.671	-2599.672	189.0003	1.678772	0.5775298	4.034674
9018	-2402.88	-2592.406	189.5256	1.581781	0.5000867	3.859088
9024	-2405.039	-2595.187	190.1485	1.560246	0.5353889	3.477904
9030	-2388.443	-2574.864	186.4204	1.252492	0.5620606	5.724334
9036	-2389.101	-2575.6	186.4986	1.287445	0.3008238	5.928362
9042	-2385.684	-2574.709	189.0246	1.52596	0.5869895	4.099881
9048	-2395.257	-2582.285	187.0277	1.428384	0.3593491	5.490808
9054	-2385.324	-2572.895	187.571	1.320143	0.4880442	5.118438
9060	-2391.458	-2576.605	185.1465	1.225598	0.7149986	6.317393
9066	-2395.669	-2578.381	182.7121	1.416684	0.7149986	7.526575
9072	-2387.031	-2571.993	184.9626	1.171858	0.645658	6.496244
9078	-2404.093	-2588.44	184.3467	1.019506	0.3846839	7.141561
9084	-2412.879	-2594.759	181.8803	1.174787	0.44696	8.314638
9090	-2395.373	-2579.601	184.2271	1.254582	0.3793656	7.085119
9096	-2392.374	-2580.308	187.9343	1.384846	0.4803838	4.887861
9102	-2390.197	-2577.876	187.6796	1.368305	0.4339524	5.084032
9108	-2394.065	-2578.588	184.5232	1.253	0.5665124	6.751816
9114	-2402.226	-2586.838	184.6116	1.338868	0.4594531	6.751816
9120	-2385.768	-2571.885	186.1179	1.483056	0.3792598	5.937257
9126	-2394.169	-2578.671	184.502	1.237107	0.2540191	7.099348
9132	-2389.166	-2575.862	186.6964	1.311324	0.502443	5.592442
9138	-2391.366	-2575.643	184.2774	1.313746	0.502443	6.906249
9144	-2375.738	-2560.102	184.3635	1.346392	0.502443	6.842227
9150	-2385.625	-2572.434	186.8091	1.515078	0.3882288	5.531341
9156	-2386.847	-2574.448	187.6017	1.526721	0.4350274	5.038258
9162	-2403.827	-2590.223	186.3962	1.588675	0.3977988	5.707278
9168	-2396.46	-2585.754	189.2948	1.845043	0.3985074	3.944403
9174	-2393.823	-2580.986	187.1637	1.611249	0.3985074	5.271891
9180	-2398.863	-2584.515	185.6516	1.611249	0.4101311	6.08884
9186	-2399.74	-2584.683	184.9428	1.428548	0.3349355	6.655216
9192	-2403.632	-2588.368	184.7354	1.34373	0.6303048	6.537773
9198	-2409.028	-2596.331	187.3025	1.498555	0.6303048	5.047471
9204	-2427.134	-2609.84	182.7069	1.085979	0.6078279	7.784118
9210	-2405.273	-2592.018	186.7452	1.401091	0.5539996	5.471183
9216	-2399.273	-2586.107	186.8342	1.323235	0.5449742	5.472716
9222	-2414.605	-2597.675	183.07	1.129943	0.4239068	7.726506
9228	-2405.448	-2586.883	181.4354	1.091866	0.6120417	8.455263
9234	-2423.797	-2604.47	180.6728	1.066552	0.373295	9.086807
9240	-2423.77	-2604.953	181.1823	1.267312	0.7555049	8.395353
9246	-2413.8	-2595.649	181.8493	1.105684	0.4346643	8.37968
9252	-2416.089	-2599.409	183.3198	1.143715	0.4346643	7.574959
9258	-2403.831	-2585.632	181.8012	1.249629	0.4497597	8.31427
9264	-2412.4	-2596.949	184.5488	1.190027	0.3361517	6.995054
9270	-2404.098	-2589.814	185.7166	1.267991	0.4248276	6.225331
9276	-2401.189	-2588.483	187.2945	1.34252	0.3968256	5.349841
9282	-2401.86	-2590.753	188.8931	1.532863	0.482762	4.264211
9288	-2405.946	-2593.908	187.962	1.372534	0.4549088	4.903841
9294	-2402.562	-2591.513	188.9509	1.377372	0.4168793	4.385756
9300	-2402.397	-2591.163	188.7659	1.521082	0.411289	4.414954
9306	-2403.154	-2589.287	186.1335	1.391554	0.4639347	5.892551
9312	-2422.766	-2604.551	181.7853	1.290012	0.3297461	8.426923
9318	-2413.102	-2600.499	187.3969	1.490876	0.3021946	5.32192
9324	-2391.299	-2579.323	188.0236	1.502767	0.5438628	4.714567
9330	-2391.055	-2577.41	186.3549	1.352414	0.5440333	5.720693
9336	-2390.976	-2574.204	183.2283	1.289388	0.4980724	7.486936
9342	-2393.968	-2578.822	184.8545	1.100094	0.4980724	6.714
9348	-2398.677	-2582.319	183.6423	1.15109	0.453194	7.380377
9354	-2392.636	-2579.232	186.5958	1.315096	0.4990501	5.648638
9360	-2386.869	-2575.131	188.262	1.534891	0.4990501	4.603325
9366	-2395.058	-2582.95	187.8925	1.461448	0.504214	4.846292
9372	-2392.455	-2578.994	186.539	1.481134	0.356336	5.733584
9378	-2399.784	-2585.346	185.562	1.351063	0.4348793	6.254169
9384	-2397.074	-2582.377	185.3027	1.398179	0.289638	6.532637
9390	-2387.061	-2575.72	188.6589	1.577699	0.3622982	4.497781
9396	-2403.53	-2594.974	191.4446	1.796788	0.5500381	2.54375
9402	-2401.279	-2592.034	190.755	1.644261	0.5500381	3.056649
9408	-2392.964	-2583.57	190.606	1.881587	0.816697	2.788742
9414	-2386.955	-2578.374	191.4193	1.801172	0.4548206	2.653985
9420	-2392.734	-2584.165	191.4312	1.788353	0.4756298	2.632241
9426	-2386.804	-2576.66	189.8562	1.642637	0.5962986	3.546424
9432	-2382.089	-2572.842	190.7532	1.687229	0.5351632	3.045902
9438	-2375.689	-2562.602	186.913	1.355806	0.5801316	5.381916
9444	-2385.696	-2573.636	187.9407	1.394247	0.42924	4.929383
9450	-2392.97	-2578.647	185.6764	1.184092	0.4814928	6.238228
9456	-2406.895	-2591.146	184.2507	1.186994	0.4764384	7.012427
9462	-2394.112	-2578.321	184.2085	1.264219	0.3346104	7.140031
9468	-2393.016	-2578.979	185.9634	1.296325	0.452035	6.048717
9474	-2390.81	-2577.147	186.3375	1.206791	0.3099927	6.048717
9480	-2387.999	-2576.452	188.4524	1.437674	0.4229137	4.625881
9486	-2401.344	-2586.178	184.8342	1.389072	0.5274375	6.542887
9492	-2402.064	-2588.22	186.1564	1.281156	0.4217188	5.98177
9498	-2395.878	-2581.912	186.0344	1.23094	0.4765353	6.022405
9504	-2395.211	-2580.985	185.7738	1.36612	0.2781076	6.309663
9510	-2399.058	-2584.992	185.9348	1.22734	0.3999141	6.15432
9516	-2399.778	-2588.099	188.3208	1.39944	0.4232114	4.720668
9522	-2401.572	-2587.31	185.7378	1.36994	0.3864754	6.198194
9528	-2394.879	-2582.857	187.9779	1.489896	1.329187	4.265033
9534	-2385.639	-2572.738	187.0993	1.342406	0.5478823	5.313571
9540	-2402.343	-2590.473	188.1301	1.516043	0.3924525	4.794732
9546	-2408.122	-2592.416	184.2939	1.353078	0.434931	6.939117
9552	-2392.196	-2576.48	184.2845	1.278078	0.48304	6.939117
9558	-2394.641	-2581.314	186.6737	1.314788	0.4574693	5.645022
9564	-2394.772	-2577.778	183.0055	1.283156	0.4022525	7.700901
9570	-2392.926	-2579.717	186.791	1.389027	0.515299	5.486207
9576	-2395.627	-2582.129	186.5021	1.342011	0.3943993	5.788004
9582	-2393.378	-2576.813	183.4345	1.361755	0.3212823	7.518776
9588	-2394	-2577.36	183.3601	1.093346	0.5009766	7.518776
9594	-2400.37	-2583.925	183.5547	1.189542	0.3451733	7.518776
9600	-2399.134	-2584.574	185.4398	1.159424	0.579047	6.295964
9606	-2396.657	-2583.369	186.7126	1.171084	0.4740519	5.68668
9612	-2398.64	-2585.24	186.6004	1.53408	0.3426808	5.68668
9618	-2401.388	-2586.54	185.1527	1.3376	0.4807927	6.439834
9624	-2396.693	-2581.148	184.4549	1.269133	0.3828112	6.950958
9630	-2420.188	-2610.876	190.6879	1.883648	0.5996068	2.908493
9636	-2405.164	-2595.413	190.249	1.843339	1.000461	2.908493
9642	-2396.465	-2586.851	190.3853	1.798551	1.000461	2.853098
9648	-2413.105	-2602.943	189.8377	1.83658	1.000461	3.158799
9654	-2414.825	-2602.927	188.102	1.767055	1.000461	4.20435
9660	-2399.416	-2586.406	186.9895	1.63637	0.4236699	5.327914
9666	-2410.963	-2597.208	186.2445	1.417832	0.3273395	5.963146
9672	-2418.118	-2601.272	183.1534	1.217105	0.4130921	7.646106
9678	-2407.43	-2593.602	186.1714	1.337621	0.4662624	5.899065
9684	-2420.694	-2609.697	189.0029	1.748685	0.2772146	4.314906
9690	-2414.986	-2601.986	187.0004	1.265504	0.3651896	5.588736
9696	-2416.473	-2603.142	186.6694	1.486295	0.4506258	5.559841
9702	-2401.578	-2585.291	183.7128	1.20254	0.4358259	7.331646
9708	-2402.855	-2586.759	183.9038	1.177113	0.3510576	7.331646
9714	-2408.07	-2592.457	184.3876	1.301873	0.3597636	6.994766
9720	-2403.068	-2589.902	186.8337	1.396516	0.4867721	5.484494
9726	-2403.481	-2593.924	190.4421	1.729018	0.5507816	3.191766
9732	-2398.612	-2589.142	190.5301	1.729018	0.75972	2.968162
9738	-2384.097	-2574.804	190.7074	1.748556	0.6110829	2.968162
9744	-2394.586	-2585.211	190.625	1.632282	0.6224935	3.077439
9750	-2408.971	-2599.965	190.9941	1.860059	0.7761955	2.593105
9756	-2407.093	-2596.273	189.1797	1.860059	0.6964217	3.732419
9762	-2397.787	-2586.215	188.4282	1.783805	1.266143	3.870243
9768	-2393.704	-2583.601	189.8966	2.039559	1.27006	2.854311
9774	-2398.772	-2590.01	191.238	1.957285	0.9966997	2.224959
9780	-2395.193	-2585.727	190.5341	1.841725	0.7968634	2.870732
9786	-2400.397	-2588.177	187.7805	1.877796	0.7228699	4.499606
9792	-2407.974	-2599.507	191.5329	1.838108	0.6689618	2.354702
9798	-2397.256	-2588.782	191.5259	1.855241	0.6372639	2.375741
9804	-2387.808	-2579.575	191.7668	1.998319	0.6372639	2.128905
9810	-2391.431	-2582.981	191.5504	1.91267	0.6907949	2.277491
9816	-2396.335	-2587.453	191.1179	1.838032	0.6907949	2.596636
9822	-2405.694	-2596.262	190.5683	1.773582	0.6907949	2.970997
9828	-2403.342	-2594.002	190.6604	1.716311	0.6646597	2.970997
9834	-2412.824	-2599.444	186.6204	1.403282	0.4509382	5.632059
9840	-2404.853	-2595.219	190.3659	1.67695	0.7217379	3.125909
9846	-2409.137	-2599.651	190.5145	1.773715	0.6151549	3.065192
9852	-2396.558	-2585.575	189.0174	1.687743	0.6151549	3.988389
9858	-2398.514	-2586.124	187.6102	1.377153	0.6202368	4.951848
9864	-2400.441	-2587.179	186.7375	1.403716	0.7316027	5.338033
9870	-2412.067	-2598.299	186.2322	1.324089	0.5936132	5.762363
9876	-2408.542	-2596.507	187.9646	1.558364	0.41244	4.842087
9882	-2411.325	-2599.293	187.9685	1.604588	0.4803588	4.746181
9888	-2406.963	-2595.049	188.0857	1.413483	0.5273778	4.744286
9894	-2403.44	-2590.265	186.8249	1.506027	0.3957531	5.519505
9900	-2395.415	-2579.214	183.7998	1.389104	0.3952735	7.225708
9906	-2403.327	-2587.789	184.4619	1.357759	0.3952735	6.886236
9912	-2404.12	-2589.156	185.0354	1.520619	0.3572765	6.52963
9918	-2406.19	-2591.285	185.0958	1.385916	0.4034603	6.519979
9924	-2401.557	-2583.925	182.3683	1.245348	0.4856199	7.981372
9930	-2410.711	-2595.323	184.6123	1.199376	0.3538938	6.935502
9936	-2417.5	-2600.194	182.6935	1.282444	0.4111256	7.858966
9942	-2408.616	-2591.786	183.1697	1.330808	0.3455482	7.648828
9948	-2410.806	-2596.097	185.2907	1.446254	0.4816167	6.305223
9954	-2414.741	-2599.94	185.1989	1.199081	0.5407689	6.436835
9960	-2417.356	-2602.975	185.6199	1.241064	0.3575202	6.364095
9966	-2408.752	-2593.916	185.1647	1.238368	0.5590747	6.418757
9972	-2404.166	-2587.321	183.1553	1.022845	0.5058058	7.661874
9978	-2404.245	-2586.704	182.4592	1.130595	0.4431811	8.033496
9984	-2403.304	-2586.168	182.8638	1.030151	0.4894743	7.82825
9990	-2397.696	-2580.664	182.9682	1.068144	0.4096296	7.82825
9996	-2397.069	-2579.939	182.8706	1.165757	0.4096296	7.82825
10002	-2401.792	-2583.183	181.3909	1.014789	0.4096296	8.696135
10008	-2398.703	-2578.381	179.6781	1.112173	0.435234	9.525611
10014	-2399.839	-2580.848	181.0094	1.12569	0.5610386	8.703485
10020	-2388.137	-2574.806	186.6686	1.380116	0.5678884	5.513204
10026	-2409.762	-2596.641	186.8789	1.380116	0.4567034	5.497127
10032	-2396.64	-2585.557	188.9163	1.596535	0.4877139	4.210198
10038	-2391.987	-2581.287	189.3001	1.596535	0.4568932	4.02193
10044	-2385.101	-2572.49	187.3892	1.453949	0.6998695	4.971853
10050	-2384.97	-2573.466	188.4958	1.431252	0.4263246	4.601569
10056	-2383.022	-2568.282	185.26	1.245834	0.4390664	6.471039
10062	-2386.007	-2570.389	184.3819	1.329529	0.4390664	6.90036
10068	-2376.449	-2561.98	185.5303	1.18127	0.4389816	6.359544
10074	-2385.025	-2571.234	186.2086	1.29997	0.3545278	6.0152
10080	-2381.028	-2568.046	187.0181	1.358429	0.4193605	5.469704
10086	-2382.78	-2571.075	188.2959	1.462042	0.3652164	4.762733
10092	-2390.169	-2575.367	185.1983	1.36497	0.5830488	6.312256
10098	-2374.262	-2559.033	184.7713	1.29761	0.4144788	6.731956
10104	-2384.477	-2569.315	184.838	1.230853	0.4144788	6.731956
10110	-2374.126	-2558.438	184.3115	1.333606	0.4144788	6.960504
10116	-2382.041	-2564.418	182.3764	1.020747	0.3743815	8.205824
10122	-2395.237	-2579.116	183.8789	1.144774	0.5804706	7.145952
10128	-2400.856	-2584.76	183.9046	1.500714	1.395558	6.479114
10134	-2392.315	-2580	187.6842	1.602248	0.2997133	5.104623
10140	-2401.468	-2588.952	187.484	1.510235	0.2997133	5.266369
10146	-2399.826	-2586.16	186.3345	1.41122	0.4878296	5.749463
10152	-2377.862	-2564.718	186.8562	1.329655	0.2920888	5.720907
10158	-2386.144	-2572.529	186.3848	1.348152	0.5274844	5.720907
10164	-2393.68	-2579.004	185.3241	1.262357	0.5274844	6.346011
10170	-2389.679	-2575.088	185.4086	1.281659	0.4309301	6.379078
10176	-2394.416	-2580.007	185.591	1.299871	0.4675847	6.23467
10182	-2395.079	-2580.936	185.8574	1.205522	0.3532407	6.259279
10188	-2384.449	-2569.125	184.6763	1.274728	0.3232277	6.896006
10194	-2378.418	-2566.133	187.7153	1.317621	0.5030478	5.025941
10200	-2379.767	-2566.385	186.6181	1.230048	0.5174694	5.666537
10206	-2389.602	-2574.475	184.8721	1.347674	0.3612415	6.707068
10212	-2384.302	-2568.872	184.5699	1.382815	0.3628258	6.849451
10218	-2376.421	-2562.474	186.0531	1.432499	0.3628258	6.018363
10224	-2377.659	-2564.58	186.9204	1.607989	0.3439142	5.468888
10230	-2374.538	-2560.199	185.6608	1.584047	0.3598747	6.152794
10236	-2366.175	-2555.2	189.0243	1.537315	0.5189511	4.153313
10242	-2373.687	-2562.158	188.4705	1.364349	0.4346133	4.644779
10248	-2378.175	-2564.707	186.5325	1.500496	0.4710018	5.607631
10254	-2383.793	-2570.346	186.5531	1.27228	0.503468	5.691537
10260	-2388.42	-2577.495	189.0759	1.475534	0.5507971	4.130544
10266	-2386.246	-2572.578	186.332	1.342563	0.3203075	5.964995
10272	-2399.905	-2582.171	182.2658	1.182246	0.6296295	7.951673
10278	-2394.137	-2577.9	183.7637	1.153781	0.2476808	7.549099
10284	-2394.643	-2578.875	184.2316	1.82068	0.1535156	7.09192
10290	-2381.866	-2564.397	182.531	1.335359	0.6076814	7.744935
10296	-2377.878	-2563.077	185.1993	1.273742	0.4866354	6.443813
10302	-2384.923	-2567.693	182.7701	1.083178	0.4486434	7.887686
10308	-2382.084	-2564.866	182.7821	1.238537	0.3303313	7.922793
10314	-2392.661	-2575.473	182.8119	1.198402	0.3350743	7.922793
10320	-2381.937	-2566.624	184.6871	1.133071	0.3898626	6.891669
10326	-2377.125	-2564.107	186.9824	1.329681	0.5815451	5.35691
10332	-2371.765	-2559.47	187.7047	1.338824	0.3096826	5.226382
10338	-2378.214	-2565.633	187.4191	1.602757	0.3192602	5.226382
10344	-2382.977	-2566.826	183.8487	1.105984	0.3017956	7.457635
10350	-2394.473	-2581.268	186.7954	1.321461	0.379422	5.654749
10356	-2390.989	-2577.386	186.3968	1.411053	0.4548589	5.746534
10362	-2380.379	-2566.393	186.0142	1.198589	0.4570834	6.069442
10368	-2375.119	-2560.52	185.4011	1.356394	0.2500659	6.555421
10374	-2379.552	-2564.558	185.0058	1.215792	0.5141101	6.555421
10380	-2387.252	-2572.662	185.4101	1.319843	0.4863014	6.304706
10386	-2392.318	-2578.562	186.2436	1.319843	0.3991763	5.936359
10392	-2398.803	-2586.835	188.0322	1.323642	0.3583969	4.99458
10398	-2382.118	-2570.245	188.1267	1.404261	0.3564174	4.899478
10404	-2377.203	-2565.397	188.1936	1.50203	0.4077653	4.750604
10410	-2400.628	-2589.028	188.3999	1.552503	0.5667032	4.455755
10416	-2408.324	-2599.093	190.7688	1.646206	0.3773784	3.227295
10422	-2389.931	-2577.046	187.1154	1.309274	0.4248078	5.437642
10428	-2387.161	-2574.788	187.6277	1.542838	0.3292692	5.131858
10434	-2383.632	-2572.03	188.3979	1.669813	0.3135243	4.651673
10440	-2382.357	-2571.464	189.107	1.63203	0.3135243	4.273635
10446	-2378.103	-2565.954	187.8509	1.664864	0.3470186	4.918916
10452	-2387.519	-2575.915	188.3955	1.574875	0.3954351	4.610096
10458	-2378.326	-2568.266	189.9401	1.648363	0.5224091	3.560042
10464	-2379.764	-2566.94	187.1754	1.648363	0.4224012	5.219913
10470	-2383.806	-2572.175	188.3689	1.555359	0.421022	4.608664
10476	-2388.157	-2577.301	189.1442	1.704723	0.4822163	4.024206
10482	-2399.993	-2588.837	188.8437	1.575497	0.4822163	4.268564
10488	-2390.025	-2578.147	188.1214	1.575497	0.4666198	4.690174
10494	-2384.23	-2572.838	188.6082	1.526204	0.4666198	4.444482
10500	-2383.606	-2570.745	187.1388	1.400446	0.4845728	5.316293
10506	-2380.645	-2565.508	184.8631	1.274204	0.3290345	6.788629
10512	-2378.716	-2562.252	183.5362	1.149908	0.4443815	7.446285
10518	-2380.485	-2562.866	182.3806	1.019813	0.3350997	8.24777
10524	-2386.705	-2568.792	182.0868	0.9265493	0.5476451	8.24777
10530	-2399.412	-2584.511	185.0992	1.129187	0.4610726	6.600026
10536	-2406.069	-2591.777	185.7081	1.14336	0.3999538	6.323172
10542	-2401.175	-2582.51	181.3356	1.00732	0.3999538	8.739231
10548	-2390.491	-2573.538	183.0471	1.080615	0.4275179	7.761539
10554	-2387.261	-2571.492	184.2302	1.116719	0.2967306	7.253585
10560	-2391.498	-2578.602	187.1039	1.426591	0.2967306	5.525751
10566	-2387.448	-2574.881	187.4328	1.565704	0.1760504	5.449482
10572	-2391.945	-2579.217	187.2722	1.25698	0.3603589	5.449482
10578	-2396.311	-2583.35	187.0396	1.407139	0.4017095	5.449482
10584	-2394.509	-2582.246	187.737	1.44922	0.2782943	5.188465
10590	-2397.915	-2586.961	189.0453	1.46755	0.332881	4.377206
10596	-2396.797	-2584.037	187.2401	1.542457	0.266852	5.426955
10602	-2389.324	-2576.143	186.8189	1.275409	0.6448346	5.426955
10608	-2391.928	-2580.583	188.6551	1.398813	0.4571572	4.499109
10614	-2412.937	-2599.179	186.242	1.419197	0.5752331	5.719799
10620	-2391.088	-2577.278	186.1899	1.327276	0.6772902	5.719799
10626	-2405.903	-2592.076	186.1732	1.287719	0.5069076	5.887912
10632	-2386.447	-2572.703	186.2559	1.388577	0.4244714	5.865972
10638	-2389.157	-2576.969	187.812	1.440121	0.3326016	5.082588
10644	-2393.547	-2581.914	188.3663	1.440121	0.3780568	4.721126
10650	-2386.527	-2575.06	188.5324	1.389853	0.323045	4.721126
10656	-2383.5	-2570.696	187.1965	1.439296	0.3990221	5.348147
10662	-2376.323	-2564.301	187.9789	1.395364	0.2590885	5.110941
10668	-2390.592	-2576.581	185.9899	1.53042	0.410829	5.947725
10674	-2395.253	-2578.765	183.5119	1.143854	0.6222056	7.311076
10680	-2407.732	-2591.498	183.7665	1.163204	0.4728614	7.288799
10686	-2397.65	-2583.206	185.5562	1.389612	0.5646704	6.119231
10692	-2394.613	-2581.826	187.2124	1.344588	0.477215	5.313353
10698	-2396.107	-2582.74	186.6332	1.398052	0.6885422	5.429252
10704	-2389.596	-2577.295	187.6986	1.398052	0.5273279	4.968699
10710	-2389.654	-2576.061	186.4074	1.276247	0.4743684	5.795924
10716	-2384.449	-2571.09	186.6411	1.402511	0.3176259	5.766545
10722	-2386.848	-2569.34	182.4919	1.195774	0.4253408	7.998625
10728	-2389.051	-2572.054	183.0024	1.050485	0.455862	7.774241
10734	-2400.505	-2581.243	180.7387	1.075977	0.6910478	8.776
10740	-2390.907	-2572.777	181.8697	1.100923	0.4598939	8.347382
10746	-2398.01	-2578.902	180.8918	0.9806956	0.3413373	9.051505
10752	-2398.32	-2579.164	180.8442	0.9945834	0.4525247	8.954929
10758	-2390.019	-2569.426	179.4069	0.9068393	0.462498	9.75129
10764	-2389.589	-2577.492	187.9029	1.284581	0.462498	4.97827
10770	-2399.619	-2586.22	186.6012	1.219655	0.4900308	5.706286
10776	-2377.406	-2562.779	185.3731	1.316088	0.4823572	6.330483
10782	-2386.129	-2571.367	185.2385	1.081625	0.4689568	6.542976
10788	-2382.449	-2567.552	185.1038	1.284801	0.4305238	6.542976
10794	-2396.781	-2579.301	182.5203	0.9284382	0.4305238	8.120887
10800	-2397.375	-2582.331	184.9555	0.9604693	0.4305238	6.798438
10806	-2400.148	-2584.418	184.2697	1.126139	0.3941229	7.115648
10812	-2391.595	-2578.351	186.7556	1.38811	0.5275818	5.495316
10818	-2401.112	-2586.661	185.5498	1.239539	0.4261654	6.330041
10824	-2404.164	-2589.444	185.2808	1.365062	0.5088807	6.330041
10830	-2395.192	-2581.151	185.9591	1.238667	0.5088807	6.029787
10836	-2407.583	-2592.533	184.9496	1.382811	0.4201532	6.583712
10842	-2417.724	-2607.335	189.6106	1.464943	0.737461	3.681428
10848	-2419.009	-2605.912	186.9027	1.23697	0.6573651	5.392519
10854	-2420.911	-2607.786	186.8749	1.240141	0.6755932	5.392519
10860	-2400.014	-2581.152	181.1383	1.105722	0.3425121	8.853432
10866	-2385.161	-2566.297	181.1363	0.901048	0.4486221	8.853432
10872	-2395.796	-2577.019	181.2226	1.015521	0.4133474	8.781258
10878	-2401.005	-2581.43	180.4258	0.9717714	0.5778418	9.08079
10884	-2404.828	-2588.523	183.6945	1.306684	0.2961063	7.439852
10890	-2410.037	-2595.816	185.7791	1.237576	0.2961063	6.35317
10896	-2417.228	-2602.673	185.4451	1.250442	0.4545329	6.35317
10902	-2412.279	-2597.758	185.4788	1.182036	0.4744561	6.35317
10908	-2419.124	-2607.657	188.533	1.561729	0.7038513	4.267032
10914	-2410.592	-2592.792	182.2	1.104607	0.5192514	8.116536
10920	-2412.272	-2595.166	182.8947	0.9676407	0.5192514	7.819039
10926	-2400.995	-2583.679	182.6835	1.154965	0.534191	7.819039
10932	-2396.494	-2583.136	186.6415	1.23163	0.4957013	5.672444
10938	-2399.034	-2584.732	185.6976	1.143909	0.4261446	6.301741
10944	-2403.51	-2587.656	184.1461	1.204658	0.6364376	6.926565
10950	-2403.213	-2589.039	185.8263	1.211894	0.5122951	6.113728
10956	-2404.171	-2589.193	185.0215	1.271871	0.3229328	6.711599
10962	-2401.279	-2588.399	187.1197	1.250187	0.388585	5.505832
10968	-2397.787	-2585.805	188.018	1.458098	0.4089254	4.871897
10974	-2399.507	-2584.799	185.2922	1.190058	0.6014487	6.34157
10980	-2396.406	-2582.522	186.1165	1.32414	0.4159609	5.985929
10986	-2394.102	-2578.139	184.0369	1.084141	0.312845	7.354868
10992	-2396.805	-2579.715	182.9091	1.187082	0.4063494	7.799586
10998	-2391.1	-2576.917	185.8162	1.179031	0.4066875	6.238035
11004	-2393.039	-2577.686	184.6475	1.201756	0.2803266	7.00454
11010	-2393.332	-2578.419	185.0866	1.182564	0.6345007	6.431622
11016	-2396.842	-2582.077	185.2356	1.29332	0.4671162	6.431622
11022	-2402.502	-2591.117	188.6143	1.6554	0.2291079	4.656425
11028	-2394.69	-2583.166	188.4753	1.635999	0.2910905	4.656425
11034	-2401.325	-2589.546	188.2208	1.518151	0.238729	4.938064
11040	-2401.721	-2589.683	187.9626	1.815175	0.238729	4.916468
11046	-2404.791	-2590.777	185.9863	1.391933	0.238729	6.235035
11052	-2404.882	-2589.761	184.8796	1.432132	0.2362438	6.81617
11058	-2386.347	-2571.205	184.858	1.086013	0.4130465	6.800824
11064	-2391.692	-2574.395	182.7029	1.107921	0.2535333	8.132025
11070	-2393.321	-2578.898	185.5766	1.086854	0.4095338	6.415244
11076	-2384.727	-2570.137	185.4098	1.241592	0.5571974	6.28553
11082	-2389.254	-2574.818	185.5639	1.284671	0.4386312	6.28553
11088	-2391.716	-2577.277	185.5614	1.4539	0.29652	6.353376
11094	-2389.062	-2576.525	187.463	1.417628	0.2536213	5.391466
11100	-2397.334	-2585.667	188.3327	1.459584	0.400081	4.704816
11106	-2387.477	-2574.05	186.5731	1.328735	0.400081	5.750391
11112	-2394.448	-2576.466	182.0179	1.248224	0.2661384	8.404774
11118	-2388.015	-2568.898	180.8839	1.055381	0.3194061	9.041575
11124	-2389.399	-2572.466	183.0668	1.056746	0.3194061	7.880769
11130	-2387.892	-2572.444	184.5517	1.286393	0.3612561	6.913008
11136	-2392.479	-2576.816	184.337	1.153428	0.4127884	7.045541
11142	-2388.649	-2570.778	182.1286	1.132273	0.3427912	8.31323
11148	-2397.838	-2580.104	182.2662	1.007336	0.3368786	8.31323
11154	-2413.587	-2598.62	185.033	1.136953	0.479493	6.61445
11160	-2403.725	-2589.647	185.9221	1.1753	0.4763833	6.11404
11166	-2395.393	-2581.249	185.8562	1.12294	0.549165	6.11404
11172	-2397.789	-2580.478	182.6892	1.172051	0.3211675	8.018586
11178	-2399.936	-2581.29	181.3539	1.024175	0.4599995	8.662065
11184	-2386.165	-2568	181.8349	1.048146	0.4949277	8.362162
11190	-2388.663	-2570.298	181.6349	1.04217	0.4801466	8.484867
11196	-2396.613	-2579.124	182.5108	0.9952034	0.4075579	8.113275
11202	-2387.917	-2567.735	179.8173	0.9119243	0.4038594	9.588713
11208	-2387.568	-2567.868	180.2998	0.9835445	0.3917573	9.308552
11214	-2386.899	-2570.95	184.0503	1.163148	0.4730842	7.136136
11220	-2381.735	-2567.6	185.8653	1.224383	0.4987065	6.097782
11226	-2381.374	-2564.816	183.4423	1.270692	0.3083904	7.578956
11232	-2388.713	-2575.41	186.6973	1.545062	0.5138714	5.453174
11238	-2392.461	-2581.757	189.2959	1.560128	0.6569085	3.868551
11244	-2381.407	-2571.048	189.6407	1.662907	0.3824448	3.868551
11250	-2387.133	-2577.261	190.1283	1.516102	0.2348366	3.868551
11256	-2379.642	-2562.31	182.6679	1.368841	0.2348366	8.038038
11262	-2396.309	-2577.181	180.8723	1.5821	0.1799554	8.964158
11268	-2389.341	-2572.199	182.8579	1.06672	0.2613865	8.060627
11274	-2388.759	-2573.559	184.7998	1.122386	0.2203207	7.049826
11280	-2388.407	-2573.221	184.8134	1.114932	0.2181421	7.049826
11286	-2402.349	-2584.946	182.5975	1.286	0.342551	7.981811
11292	-2396.681	-2583.111	186.4303	1.119046	0.4023496	5.940725
11298	-2401.104	-2582.184	181.0803	1.153564	0.3372971	8.864766
11304	-2407.219	-2588.336	181.1171	1.166473	0.3177928	8.861175
11310	-2416.656	-2595.793	179.1368	1.17788	0.239256	10.00241
11316	-2390.237	-2572.22	181.9834	0.9652304	0.6884072	8.175302
11322	-2381.924	-2567.756	185.832	1.180631	0.3346499	6.308096
11328	-2391.874	-2577.009	185.1349	1.097336	0.3327948	6.73289
11334	-2387.028	-2571.983	184.9553	1.110302	0.4153148	6.73289
11340	-2396.388	-2579.994	183.6065	1.07876	0.6671383	7.26191
11346	-2388.33	-2575.433	187.1032	1.235706	0.3604446	5.553991
11352	-2389.837	-2574.503	184.666	1.149842	0.6540712	6.662385
11358	-2386.575	-2571.727	185.1527	1.301556	0.5087757	6.434103
11364	-2387.032	-2573.362	186.3305	1.433489	0.3325499	5.901379
11370	-2400.439	-2583.47	183.0308	1.204115	0.861605	7.375829
11376	-2390.585	-2573.735	183.1504	1.30015	0.6839648	7.375829
11382	-2398.69	-2581.533	182.8429	1.314674	0.4453414	7.728268
11388	-2394.476	-2579.731	185.2557	1.30046	0.801445	6.159593
11394	-2405.356	-2590.808	185.4525	1.32256	0.4164729	6.347615
11400	-2399.479	-2583.279	183.8004	1.192874	0.4164729	7.309023
11406	-2401.706	-2583.023	181.3177	0.9004151	0.4045496	8.800758
11412	-2402.015	-2583.147	181.132	1.082395	0.4064931	8.800758
11418	-2392.86	-2579.484	186.6238	1.269019	0.4064931	5.748604
11424	-2406.624	-2595.034	188.41	1.404254	0.3064101	4.80246
11430	-2408.674	-2597.677	189.0029	1.519595	0.5665107	4.133319
11436	-2406.996	-2596.631	189.635	1.457912	0.4039879	3.965223
11442	-2413.466	-2597.002	183.5364	1.152167	0.5040218	7.390058
11448	-2402.494	-2585.11	182.6155	1.289314	0.5378678	7.780493
11454	-2399.487	-2588.035	188.5475	1.562434	0.5378678	4.392023
11460	-2396.622	-2585.475	188.8531	1.529691	0.5378678	4.237743
11466	-2395.341	-2582.351	187.0099	1.456311	0.4982429	5.343964
11472	-2384.153	-2572.422	188.2693	1.494441	0.4388702	4.680287
11478	-2385.329	-2572.375	187.0464	1.578029	0.7694427	5.044776
11484	-2388.914	-2576.243	187.3288	1.35717	0.5305939	5.193557
11490	-2403.426	-2586.739	183.3137	1.15639	0.7069006	7.349258
11496	-2400.877	-2586.697	185.82	1.225432	0.7639248	5.917433
11502	-2403.029	-2590.652	187.6228	1.490791	0.6134267	4.886967
11508	-2392.063	-2579.518	187.4549	1.437515	0.7825483	4.886967
11514	-2394.653	-2580.298	185.6452	1.322837	0.9067254	5.870373
11520	-2391.58	-2578.669	187.0897	1.445646	0.644693	5.183587
11526	-2397.211	-2584.377	187.1653	1.370067	0.644693	5.183587
11532	-2394.204	-2583.944	189.7397	1.729806	0.5254632	3.626282
11538	-2406.632	-2594.816	188.1848	1.5966	0.9684668	4.272405
11544	-2399.221	-2586.921	187.6993	1.535984	0.7840962	4.694553
11550	-2401.967	-2589.791	187.8242	1.535984	0.5296884	4.819829
11556	-2393.56	-2579.636	186.0761	1.485913	0.5296884	5.812558
11562	-2392.091	-2578.325	186.2331	1.429337	0.6880172	5.632329
11568	-2402.139	-2588.123	185.9837	1.254897	0.4817594	6.032164
11574	-2392.759	-2580.728	187.969	1.552875	1.02546	4.386817
11580	-2396.858	-2585.45	188.5912	1.552875	0.6926884	4.247332
11586	-2406.039	-2592.812	186.7731	1.318751	0.5501918	5.50437
11592	-2419.173	-2604.398	185.2256	1.193785	0.284261	6.691876
11598	-2404.134	-2587.724	183.5901	1.230867	0.4834919	7.337409
11604	-2409.821	-2597.619	187.7975	1.519052	0.9055325	4.57175
11610	-2398.793	-2588.342	189.5493	1.611696	0.6595491	3.690736
11616	-2402.275	-2589.939	187.6639	1.524444	0.5869112	4.866826
11622	-2404.806	-2588.541	183.7345	1.271638	0.46841	7.25188
11628	-2406.976	-2590.991	184.0149	1.079378	0.4193279	7.25188
11634	-2407.316	-2594.526	187.2099	1.585238	0.7841948	4.940017
11640	-2418.565	-2596.271	177.7061	0.8458144	0.5391716	10.61106
11646	-2412.584	-2592.712	180.1279	1.062615	0.5603376	9.20428
11652	-2408.18	-2590.82	182.6395	1.136359	0.5603376	7.830814
11658	-2398.083	-2580.16	182.0773	1.070247	0.5950742	8.138283
11664	-2399.77	-2585.891	186.1213	1.573144	1.443351	5.206946
11670	-2396.136	-2582.964	186.8276	1.282788	0.4760212	5.560426
11676	-2403.025	-2589.746	186.7214	1.240922	0.5681967	5.560426
11682	-2402.491	-2584.103	181.6127	1.348768	0.5983405	8.234834
11688	-2382.594	-2566.239	183.6447	1.122673	0.6182802	7.254128
11694	-2394.141	-2580.148	186.0062	1.271125	0.4129946	6.07805
11700	-2396.158	-2585.229	189.0709	1.460809	0.3780823	4.313256
11706	-2414.463	-2596.965	182.5018	1.192102	1.03699	7.567806
11712	-2404.611	-2585.303	180.6913	1.026092	0.7021297	8.819864
11718	-2394.267	-2576.273	182.0054	1.139422	0.3726968	8.341912
11724	-2385.464	-2571.845	186.3803	1.487387	0.5700685	5.610813
11730	-2387.17	-2573.86	186.6899	1.40306	0.9807148	5.209538
11736	-2393.885	-2582.152	188.2667	1.30559	0.5038808	4.724642
11742	-2390.657	-2575.137	184.4802	1.205548	0.3530635	7.004279
11748	-2393.789	-2576.083	182.2944	1.128979	0.3530635	8.215173
11754	-2402.635	-2589.281	186.6462	1.387854	0.8419727	5.324314
11760	-2396.451	-2579.743	183.2923	1.026721	0.4496758	7.637827
11766	-2406.317	-2589.172	182.855	1.188291	0.6301983	7.633202
11772	-2399.294	-2582.237	182.9438	1.221099	0.7055159	7.513779
11778	-2397.533	-2581.012	183.4789	1.238736	0.3623511	7.513779
11784	-2395.537	-2584.643	189.106	1.648182	0.4203388	4.140805
11790	-2390.357	-2577.633	187.2762	1.486544	0.3926771	5.28487
11796	-2386.68	-2571.679	184.9995	1.402644	0.3812772	6.586499
11802	-2383.369	-2566.016	182.6472	1.276829	0.5120858	7.792253
11808	-2398.025	-2583.62	185.5944	1.222967	0.6968275	6.088
11814	-2388.535	-2575.573	187.0383	1.413071	0.5567084	5.300744
11820	-2384.993	-2571.421	186.4288	1.441667	0.4807457	5.687668
11826	-2398.314	-2583.828	185.5142	1.490306	0.2711852	6.392427
11832	-2384.326	-2570.772	186.4459	1.18338	0.3761694	5.925154
11838	-2383.45	-2570.257	186.807	1.428246	0.4172272	5.549628
11844	-2393.233	-2580.312	187.0792	1.23623	0.3758884	5.549628
11850	-2389.264	-2575.877	186.6123	1.24756	0.3040534	5.883957
11856	-2391.758	-2578.212	186.4539	1.294939	0.4232641	5.810137
11862	-2388.512	-2576.379	187.867	1.322627	0.4232641	5.016283
11868	-2390.479	-2574.116	183.637	1.355163	0.3297204	7.403808
11874	-2373.119	-2556.925	183.8059	1.317459	0.3050592	7.363185
11880	-2383.349	-2565.377	182.0278	1.058333	0.6222038	8.150179
11886	-2365.6	-2546.676	181.0754	1.108783	0.4092652	8.813941
11892	-2382.93	-2564.872	181.9425	1.03236	0.4092652	8.394236
11898	-2392.99	-2574.657	181.667	1.134237	0.5079339	8.394236
11904	-2392.031	-2574.931	182.8993	1.334154	0.7569163	7.442347
11910	-2398.452	-2582.32	183.8675	1.10929	0.3045942	7.442347
11916	-2395.164	-2579.073	183.9087	1.057195	0.4166958	7.323474
11922	-2388.586	-2569.675	181.0888	1.009094	0.4549309	8.815406
11928	-2389.377	-2574.148	184.7711	1.222544	0.4844889	6.705219
11934	-2395.184	-2576.539	181.3547	1.151025	0.5828323	8.489299
11940	-2398.428	-2581.318	182.8897	1.290138	0.7511678	7.474892
11946	-2393.59	-2577.293	183.703	1.196652	0.3117673	7.474892
11952	-2401.344	-2582.359	181.0156	1.213311	0.5538417	8.659572
11958	-2386.496	-2566.265	179.7688	0.9153199	0.3988096	9.617612
11964	-2394.411	-2579.058	184.6469	1.113638	0.4370347	6.875858
11970	-2387.222	-2569.419	182.1973	1.171966	0.4454534	8.148839
11976	-2397.415	-2578.918	181.5032	0.9683535	0.4515388	8.620409
11982	-2389.779	-2571.966	182.1867	1.099616	0.4127271	8.225015
11988	-2394.553	-2576.563	182.0095	1.03074	0.5579482	8.225015
11994	-2387.829	-2566.721	178.8919	1.111152	0.4327401	9.942931
12000	-2396.675	-2579.943	183.2675	1.076416	0.4548983	7.619505
12006	-2401.048	-2583.447	182.399	1.223135	0.5431691	7.927037
12012	-2408.819	-2593.777	184.9585	1.223135	0.4017504	6.684112
12018	-2393.029	-2580.315	187.2861	1.319486	0.2954605	5.486111
12024	-2404.525	-2593.887	189.3619	1.678022	0.440579	3.956664
12030	-2406.434	-2590.376	183.9424	1.455436	0.7184129	6.842212
12036	-2397.997	-2585.461	187.4638	1.49435	0.3304667	5.247901
12042	-2393.607	-2580.796	187.189	1.477101	0.4801435	5.250361
12048	-2390.465	-2574.159	183.694	1.407389	0.6041792	7.085456
12054	-2392.675	-2582.722	190.0465	1.726638	0.7941383	3.233169
12060	-2400.064	-2589.849	189.7848	1.690991	0.4132382	3.735111
12066	-2405.24	-2594.65	189.41	1.997495	0.2120666	4.040644
12072	-2400.563	-2588.058	187.4946	1.692935	0.2462816	5.232667
12078	-2389.637	-2576.897	187.2605	1.678419	0.2928487	5.305805
12084	-2398.751	-2581.428	182.6761	1.298276	0.4856079	7.78877
12090	-2396.822	-2580.616	183.7948	1.195188	0.2721289	7.476873
12096	-2397.34	-2578.649	181.3094	1.244663	0.5752982	8.469631
12102	-2400.646	-2583.308	182.6615	1.394782	0.6157988	7.637164
12108	-2397.826	-2581.987	184.1612	1.325575	0.3977785	7.062916
12114	-2412.01	-2597.836	185.8264	1.46887	0.3277163	6.162716
12120	-2404.665	-2592.084	187.4189	2.181743	0.2102963	5.058999
12126	-2404.472	-2588.134	183.6614	1.796722	0.2400348	7.270137
12132	-2415.458	-2601.811	186.3533	1.587019	0.6556555	5.503526
12138	-2394.964	-2579.87	184.9059	1.358084	0.3089451	6.744512
12144	-2399.824	-2584.504	184.6804	1.285254	0.4684792	6.735107
12150	-2392.497	-2574.297	181.7993	1.135176	0.4684792	8.358664
12156	-2394.031	-2574.823	180.7914	1.120269	0.4120332	8.955545
12162	-2410.027	-2595.883	185.856	1.686353	0.3101987	6.0495
12168	-2410.696	-2599.669	188.9726	1.849927	0.3101987	4.230637
12174	-2392.736	-2576.009	183.2733	1.616322	0.585871	7.213695
12180	-2399.785	-2585.741	185.9565	1.36107	0.5006222	5.971845
12186	-2396.805	-2581.355	184.5498	1.482537	0.2241489	6.984729
12192	-2389.764	-2578.042	188.2779	1.639096	0.3222861	4.725016
12198	-2406.152	-2593.743	187.5914	1.353704	0.4257922	5.149306
12204	-2405.646	-2593.623	187.9768	1.433688	0.5054758	4.813578
12210	-2402.387	-2589.467	187.0796	1.76094	1.210261	4.674144
12216	-2393.602	-2578.047	184.4449	1.237044	0.3191941	7.045811
12222	-2380.352	-2562.144	181.7922	1.270911	0.466376	8.292168
12228	-2392.406	-2579.273	186.8675	1.402601	0.4579579	5.489837
12234	-2393.18	-2581.479	188.2989	1.773556	0.333674	4.623982
12240	-2390.94	-2579.678	188.7378	1.732551	0.2481521	4.515041
12246	-2393.16	-2579.096	185.9365	1.557533	0.2481521	6.158403
12252	-2388.277	-2574.903	186.6257	1.33727	0.5213144	5.600157
12258	-2384.39	-2569.953	185.5621	1.616299	0.4476184	6.097303
12264	-2391.011	-2574.99	183.9794	1.137656	0.4933179	7.169563
12270	-2388.884	-2579.336	190.4516	1.569179	0.5127263	3.316196
12276	-2390.609	-2581.077	190.4684	1.652082	0.4988114	3.27087
12282	-2393.722	-2584.371	190.6493	1.597738	0.4988114	3.196035
12288	-2405.998	-2594.994	188.9962	1.624868	0.8680906	3.854683
12294	-2412.999	-2601.347	188.3473	1.879578	1.311389	3.840259
12300	-2393.434	-2584.271	190.8371	1.629923	0.5956752	2.974949
12306	-2397.895	-2585.365	187.4694	1.797248	0.2880699	5.130863
12312	-2399.481	-2587.491	188.0106	1.682257	0.3468385	4.820441
12318	-2398.725	-2588.676	189.9511	1.715978	0.368392	3.675353
12324	-2397.811	-2587.707	189.8957	2.119202	0.4479277	3.384473
12330	-2399.604	-2588.993	189.3882	1.618885	0.5598758	3.862129
12336	-2403.046	-2589.449	186.4032	1.480262	0.4987065	5.664024
12342	-2390.819	-2574.452	183.6333	1.181495	0.3304474	7.498006
12348	-2384.562	-2565.792	181.2298	1.16459	0.2745429	8.856304
12354	-2390.288	-2569.406	179.1189	0.9493267	0.5084987	9.839717
12360	-2395.588	-2576.04	180.4518	1.092702	0.4938139	9.073152
12366	-2396.51	-2579.533	183.0237	1.171051	0.5527609	7.61307
12372	-2406.99	-2594.311	187.3211	1.246159	0.4487884	5.335085
12378	-2411.545	-2599.912	188.3668	1.541022	0.5127749	4.528418
12384	-2403.95	-2591.875	187.9249	1.58771	0.6009757	4.674166
12390	-2409.792	-2598.71	188.9188	1.562826	0.2758745	4.469117
12396	-2405.139	-2592.79	187.6509	1.624245	0.3074004	5.101037
12402	-2412.569	-2600.458	187.8884	1.803409	0.2355065	4.96909
12408	-2403.512	-2591.051	187.5389	1.635881	0.3306182	5.127835
12414	-2415.897	-2603.598	187.701	1.522216	0.5741841	4.857924
12420	-2412.925	-2599.631	186.7065	1.671296	0.3177199	5.583181
12426	-2405.936	-2591.521	185.5842	1.47818	0.3307545	6.285708
12432	-2406.257	-2594.411	188.1544	1.653832	0.236664	4.902585
12438	-2395.355	-2582.039	186.684	1.637435	0.2641274	5.684069
12444	-2404.921	-2592.593	187.6726	1.893227	0.3552043	4.881421
12450	-2417.3	-2604.186	186.8864	1.560165	0.5708318	5.291529
12456	-2401.478	-2591.046	189.5688	1.608519	0.3657762	3.96019
12462	-2403.973	-2588.823	184.8504	1.432401	0.4023286	6.628829
12468	-2403.687	-2587.452	183.765	1.070134	0.6292423	7.209397
12474	-2393.836	-2576.214	182.3782	1.084253	0.6477022	7.930553
12480	-2394.361	-2574.424	180.0628	1.085841	0.3776842	9.394377
12486	-2400.593	-2581.359	180.7661	1.197728	0.5307118	8.819289
12492	-2389.032	-2571.636	182.6034	0.9985213	0.3458023	8.128261
12498	-2391.583	-2575.021	183.438	1.284415	0.3765835	7.495708
12504	-2378.134	-2563.117	184.983	1.225653	0.2923726	6.795226
12510	-2390.744	-2573.334	182.5902	1.339127	0.4824827	7.815693
12516	-2371.449	-2555.281	183.8318	1.097725	0.3858255	7.374851
12522	-2382.882	-2564.697	181.8151	1.137863	0.2918384	8.537835
12528	-2387.054	-2566.472	179.419	1.119849	0.453084	9.641351
12534	-2395.871	-2577.859	181.9887	1.234946	0.3808637	8.291246
12540	-2390.255	-2576.244	185.9893	1.406497	0.4252268	6.001004
12546	-2375.068	-2562.631	187.5624	1.406497	0.4252268	5.13667
12552	-2376.603	-2563.483	186.8799	1.512988	0.5021842	5.380799
12558	-2375.904	-2561.903	185.9994	1.507853	0.4008016	5.965336
12564	-2381.99	-2566.539	184.5481	1.165718	0.6113308	6.749846
12570	-2393.259	-2578.039	184.7798	1.41764	0.4968639	6.583804
12576	-2383.605	-2572.165	188.5606	1.673394	0.434024	4.421064
12582	-2385.182	-2575.795	190.613	1.705463	0.3659145	3.298008
12588	-2379.322	-2569.582	190.2599	1.745492	0.6165552	3.232126
12594	-2379.385	-2570.329	190.9438	1.695117	0.4177968	3.047529
12600	-2378.128	-2568.604	190.476	1.714073	0.6533022	3.091967
12606	-2379.446	-2570.075	190.6299	1.737081	0.6533022	2.986094
12612	-2387.638	-2578.747	191.1092	1.737081	0.4196959	2.920881
12618	-2394.529	-2583.611	189.0827	1.696352	0.6140027	3.947033
12624	-2391.871	-2580.948	189.0769	1.535708	0.3902013	4.253895
12630	-2387.142	-2573.353	186.2115	1.498005	0.6539003	5.631654
12636	-2385.725	-2571.332	185.6068	1.290157	0.3207265	6.387547
12642	-2393.92	-2579.275	185.3553	1.436577	0.7257489	6.081599
12648	-2395.809	-2585.406	189.5969	1.850101	0.3609967	3.811074
12654	-2404.015	-2595.42	191.4056	1.792801	0.410658	2.717153
12660	-2395.219	-2586.001	190.7828	1.822528	0.4499893	3.032531
12666	-2393.977	-2585.138	191.1613	1.871803	0.5142517	2.707373
12672	-2399.246	-2588.902	189.6564	1.848943	0.5086515	3.621266
12678	-2395.589	-2586.261	190.6711	1.842506	0.5833836	2.957762
12684	-2406.354	-2598.519	192.1649	2.114475	0.6057424	1.814114
12690	-2406.033	-2597.739	191.7065	1.856448	0.4859839	2.40701
12696	-2392.956	-2583.732	190.7761	1.866792	0.4859839	2.972607
12702	-2402.297	-2593.38	191.0836	1.966131	0.8319422	2.430055
12708	-2408.234	-2598.737	190.5031	1.971014	0.613537	2.955144
12714	-2400.151	-2590.749	190.5972	1.823849	0.6799693	2.931956
12720	-2388.071	-2579.312	191.2407	1.858798	0.6375088	2.552231
12726	-2391.758	-2581.338	189.5803	2.007981	1.261277	3.068008
12732	-2391.655	-2581.17	189.5151	1.843839	0.4741901	3.739339
12738	-2404.797	-2592.624	187.8266	1.562742	0.8918848	4.539181
12744	-2402.802	-2591.344	188.5414	1.618426	0.730998	4.210473
12750	-2401.452	-2586.647	185.1944	1.47502	0.9329318	6.018171
12756	-2400.41	-2585.924	185.5138	1.387401	0.6287528	6.092572
12762	-2393.682	-2577.564	183.8819	1.178396	0.3774779	7.313578
12768	-2388.775	-2572.973	184.198	1.215269	0.4010178	7.099102
12774	-2402.27	-2585.022	182.7526	1.160053	0.4513522	7.8534
12780	-2400.344	-2583.852	183.5085	1.170743	0.5270601	7.375103
12786	-2399.414	-2581.07	181.6559	1.035	0.3579287	8.599164
12792	-2399.146	-2584.534	185.3883	1.225185	0.5317159	6.327671
12798	-2393.059	-2580.688	187.6286	1.395752	0.4985417	5.034843
12804	-2386.221	-2574.376	188.1546	1.588143	0.5347167	4.601396
12810	-2402.256	-2592.133	189.8767	1.646089	0.5347167	3.586835
12816	-2411.681	-2600.494	188.8133	1.808353	0.5347167	4.104828
12822	-2412.93	-2600.636	187.7056	1.577726	0.4459919	4.941171
12828	-2411.226	-2597.748	186.5217	1.596759	0.3836302	5.649251
12834	-2399.739	-2587.519	187.7803	1.513422	0.496857	4.88658
12840	-2405.955	-2591.1	185.1456	1.483122	1.022011	5.99094
12846	-2412.188	-2600.04	187.8512	1.683721	0.5194462	4.731404
12852	-2409.311	-2592.476	183.1649	1.183772	0.4532652	7.618544
12858	-2409.94	-2596.321	186.3809	1.497106	0.4331931	5.729443
12864	-2406.414	-2593.127	186.7134	1.448667	0.3693076	5.641141
12870	-2414.357	-2600.422	186.0645	1.680834	0.850074	5.478397
12876	-2399.394	-2588.481	189.0868	1.540399	0.4202997	4.212975
12882	-2402.693	-2588.144	185.4511	1.402713	0.4202997	6.300933
12888	-2398.281	-2585.877	187.5967	1.396677	0.4259595	5.122352
12894	-2406.689	-2593.465	186.7753	1.310746	0.498277	5.553222
12900	-2404.454	-2591.007	186.5524	1.379801	0.4347723	5.69815
12906	-2401.508	-2587.21	185.7015	1.259901	0.4070434	6.256092
12912	-2418.65	-2601.02	182.3708	1.158672	0.5325645	7.985327
12918	-2418.474	-2601.51	183.0356	1.328403	0.4312374	7.631557
12924	-2405.622	-2591.362	185.7401	1.382181	0.4872832	6.090427
12930	-2390.712	-2576.282	185.5696	1.281302	0.4064005	6.316738
12936	-2407.039	-2590.681	183.6415	1.175883	0.3345586	7.49184
12942	-2406.502	-2591.294	184.7916	1.25661	0.4305779	6.726973
12948	-2398.396	-2583.869	185.4729	1.49966	0.4411525	6.215672
12954	-2385.034	-2573.632	188.5979	1.371276	0.4115063	4.593463
12960	-2383.519	-2570.986	187.4674	1.595568	0.5113285	5.001725
12966	-2386.487	-2574.362	187.875	1.539972	0.489644	4.825721
12972	-2393.903	-2583.049	189.1459	1.548343	0.5285532	4.069022
12978	-2391.175	-2579.082	187.9075	1.417692	0.4861292	4.879081
12984	-2403.057	-2588.24	185.1833	1.480231	0.3312012	6.501532
12990	-2408.845	-2594.098	185.2535	1.526711	0.4651218	6.297134
12996	-2405.87	-2589.268	183.3985	1.220098	0.3634353	7.565638
13002	-2401.214	-2584.229	183.0151	1.512482	0.460074	7.516335
13008	-2404.747	-2587.217	182.4701	1.197458	0.5167839	7.925129
13014	-2409.711	-2591.104	181.3937	1.070374	0.4873729	8.591497
13020	-2415.995	-2598.514	182.5193	1.16932	0.41744	8.005957
13026	-2416.272	-2602.198	185.9256	1.503925	0.5526867	5.865319
13032	-2402.218	-2588.777	186.5589	1.292944	0.6401579	5.563893
13038	-2402.975	-2589.315	186.34	1.529312	1.116588	5.26064
13044	-2411.551	-2597.396	185.845	1.409851	0.5811772	5.937206
13050	-2398.585	-2585.712	187.1271	1.377405	0.7321716	5.136817
13056	-2394.932	-2582.432	187.4996	1.584531	0.5957086	4.917641
13062	-2402.464	-2588.074	185.6105	1.725675	0.3544745	6.10921
13068	-2404.43	-2590.548	186.1177	1.589056	0.4671556	5.790092
13074	-2403.264	-2588.922	185.6577	1.490667	0.582809	5.993976
13080	-2401.466	-2587.04	185.5745	1.44848	0.4781351	6.152948
13086	-2404.885	-2589.987	185.102	1.579458	0.4523671	6.362904
13092	-2412.496	-2598.667	186.1717	1.226261	0.484145	5.942993
13098	-2423.178	-2608.094	184.9157	1.221663	0.4572511	6.652883
13104	-2424.596	-2606.778	182.1814	1.103945	0.4000361	8.238437
13110	-2422.058	-2606.2	184.1415	1.226423	0.580851	6.960392
13116	-2417.13	-2600.549	183.4194	1.221144	0.5021137	7.417513
13122	-2413.061	-2596.637	183.5756	1.373335	0.5519196	7.209365
13128	-2403.467	-2586.62	183.1526	1.153576	0.5365414	7.566953
13134	-2405.894	-2589.008	183.1138	1.24191	0.4451039	7.622533
13140	-2410.163	-2595.602	185.4394	1.267095	0.6843403	6.157304
13146	-2414.059	-2599.516	185.4569	1.368568	0.3968966	6.340455
13152	-2403.285	-2589.03	185.7452	1.535879	0.3968966	6.092721
13158	-2399.442	-2587.715	188.2729	1.773779	0.6088679	4.367544
13164	-2411.611	-2599.171	187.5591	1.315137	0.5938308	5.035841
13170	-2404.765	-2592.767	188.0023	1.315137	0.4153077	4.953512
13176	-2408.188	-2591.434	183.246	1.073964	0.5722368	7.530156
13182	-2400.935	-2586.189	185.2546	1.234192	0.3509896	6.573171
13188	-2417.707	-2600.246	182.5389	1.025286	0.5390728	7.961352
13194	-2399.262	-2585.144	185.8823	1.404982	0.3469257	6.144466
13200	-2397.346	-2582.503	185.1575	1.410403	0.4051633	6.471515
13206	-2401.388	-2586.816	185.4282	1.488067	0.5222185	6.171369
13212	-2401.64	-2586.731	185.0911	1.29055	0.7865632	6.26408
13218	-2386.44	-2571.015	184.5746	1.170959	0.325141	7.004399
13224	-2399.548	-2583.515	183.9669	1.113787	0.5359362	7.151949
13230	-2396.882	-2579.756	182.8741	1.337794	0.8466784	7.397169
13236	-2386.074	-2573.931	187.8569	1.535499	0.6394543	4.710855
13242	-2381.288	-2568.862	187.5747	1.323501	0.3092955	5.307164
13248	-2389.543	-2576.934	187.3908	1.497243	0.3867555	5.222092
13254	-2394.039	-2578.676	184.6372	1.545853	0.5026106	6.586457
13260	-2397.396	-2586.034	188.6379	1.545853	0.3435813	4.549523
13266	-2388.887	-2575.164	186.2768	1.707861	0.6835909	5.458479
13272	-2388.978	-2579.109	190.1313	1.795006	0.5389063	3.34718
13278	-2389.589	-2580.007	190.4176	1.617892	0.4724471	3.34718
13284	-2379.819	-2565.887	186.0674	1.422161	0.4752001	5.901287
13290	-2386.48	-2574.362	187.8819	1.515593	0.4801798	4.844384
13296	-2388.792	-2574.451	185.6589	1.440483	0.6711153	5.952794
13302	-2383.893	-2570.19	186.2969	1.544094	0.7768756	5.472687
13308	-2387.766	-2573.541	185.7754	1.454091	0.4315195	6.085362
13314	-2393.739	-2577.783	184.0438	1.464489	0.4146665	7.034007
13320	-2395.043	-2576.522	181.4789	1.265908	0.3400571	8.590585
13326	-2409.155	-2587.904	178.7492	1.119839	0.4725749	9.976306
13332	-2402.999	-2589.047	186.048	1.32337	0.7240531	5.766345
13338	-2390.636	-2574.061	183.4246	1.091931	0.4734972	7.509768
13344	-2398.484	-2582.328	183.8444	1.176798	0.3403684	7.375838
13350	-2387.591	-2571.771	184.1799	1.346116	0.3417714	7.103094
13356	-2381.159	-2565.392	184.2336	1.287365	0.6116446	6.853685
13362	-2388.379	-2576.376	187.9968	1.459783	0.7577679	4.58843
13368	-2382.563	-2570.095	187.5322	1.510434	0.3628331	5.163186
13374	-2384.108	-2568.727	184.6187	1.268842	0.5526112	6.703131
13380	-2387.601	-2573.838	186.2378	1.330648	0.5112137	5.825303
13386	-2386.71	-2574.792	188.0818	1.672537	0.4187501	4.706246
13392	-2388.922	-2576.333	187.4116	1.414384	0.4052236	5.236585
13398	-2380.159	-2567.351	187.1923	1.403906	0.5381592	5.236585
13404	-2375.94	-2563.175	187.2356	1.343188	0.4110052	5.366981
13410	-2375.625	-2561.647	186.0218	1.379508	0.3960319	6.028134
13416	-2378.03	-2565.525	187.4947	1.580646	0.4163619	5.086862
13422	-2378.619	-2567.716	189.0974	1.669655	0.4163619	4.137738
13428	-2377.992	-2566.475	188.4832	1.687205	0.3414907	4.559566
13434	-2387.626	-2576.151	188.5244	1.511528	0.581572	4.396118
13440	-2397.148	-2586.114	188.9659	1.44917	0.5612484	4.198874
13446	-2381.083	-2568.316	187.2326	1.393259	0.3960815	5.356797
13452	-2386.133	-2572.38	186.2463	1.432968	0.3616234	5.914007
13458	-2391.693	-2576.651	184.9586	1.255387	0.3814448	6.688065
13464	-2408.186	-2594.266	186.08	1.401277	0.6321968	5.773183
13470	-2390.913	-2577.303	186.3896	1.476998	0.7769091	5.458585
13476	-2401.778	-2588.286	186.5078	1.548158	0.5041849	5.564397
13482	-2396.401	-2584.889	188.4888	1.60535	0.3898582	4.546736
13488	-2398.492	-2585.929	187.4368	1.563007	0.738629	4.857142
13494	-2403.076	-2590.477	187.4004	1.514522	0.4035824	5.189098
13500	-2397.922	-2584.262	186.3404	1.331479	0.7824799	5.561991
13506	-2390.85	-2577.177	186.3268	1.199749	0.4808566	5.875797
13512	-2405.179	-2596.973	191.7938	1.70993	0.4637033	2.468326
13518	-2400.99	-2591.583	190.5933	1.810719	0.5483321	3.055393
13524	-2389.752	-2572.326	182.5742	1.103978	0.2588603	8.195317
13530	-2400.839	-2585.719	184.8808	1.078468	0.3020335	6.917489
13536	-2397.533	-2581.654	184.1204	1.16821	0.5459289	7.031704
13542	-2398.643	-2583.492	184.8491	1.189397	0.7363341	6.483647
13548	-2410.199	-2595.223	185.0243	1.369556	0.5624701	6.420911
13554	-2397.739	-2587.212	189.4729	1.484279	0.4115207	4.03459
13560	-2392.767	-2578.303	185.5366	1.343427	0.476721	6.232013
13566	-2387.667	-2573.078	185.4111	1.28667	0.3366593	6.476528
13572	-2383.181	-2568.585	185.4039	1.357242	0.4376385	6.333982
13578	-2390.332	-2575.094	184.7619	1.214225	0.4376385	6.758928
13584	-2391.774	-2578.32	186.5454	1.395244	0.2979479	5.847535
13590	-2397.686	-2584.981	187.2951	1.228231	0.3481017	5.466804
13596	-2396.338	-2584.634	188.2963	1.514958	0.3477231	4.753301
13602	-2384.526	-2570.671	186.1451	1.330322	0.3477231	6.041059
13608	-2385.473	-2573.241	187.7674	1.416634	0.4560183	4.986492
13614	-2385.882	-2574.626	188.7441	1.555671	0.3252374	4.506732
13620	-2390.107	-2578.159	188.0514	1.536279	0.6361198	4.604092
13626	-2396.549	-2580.658	184.1084	1.326354	0.3726555	7.117637
13632	-2403.658	-2586.27	182.6118	1.155857	0.5134458	7.874586
13638	-2402.638	-2585.176	182.5379	1.201599	0.5309911	7.874586
13644	-2400.911	-2583.56	182.6493	1.210618	0.4784066	7.856464
13650	-2400.78	-2583.041	182.2605	1.282275	0.6912035	7.856464
13656	-2405.199	-2587.888	182.6886	1.173871	0.4768888	7.856464
13662	-2403.68	-2587.652	183.9724	1.173871	0.6074763	7.058774
13668	-2393.208	-2576.408	183.1993	1.087317	0.4120897	7.691984
13674	-2398.941	-2579.29	180.3488	1.087317	0.3569523	9.26487
13680	-2417.599	-2599.442	181.8437	1.267172	0.3407703	8.395303
13686	-2424.021	-2605.857	181.8357	1.2887	0.5345133	8.199594
13692	-2411.494	-2594.783	183.2884	1.11457	0.6767983	7.406399
13698	-2398.195	-2583.161	184.9656	1.204624	0.5590296	6.544963
13704	-2394.02	-2577.304	183.284	1.123878	0.5604812	7.492616
13710	-2387.818	-2570.959	183.1407	1.122636	0.5604812	7.570014
13716	-2392.547	-2576.602	184.0548	1.237249	0.3865434	7.179451
13722	-2385.694	-2569.544	183.8506	1.375936	0.4316183	7.168665
13728	-2391.989	-2577.765	185.776	1.422527	0.6667723	5.901801
13734	-2406.061	-2594.691	188.63	1.656624	1.183614	3.868047
13740	-2401.173	-2588.878	187.7056	1.899116	1.865095	3.972461
13746	-2401.865	-2586.991	185.1251	1.452408	0.5468603	6.334298
13752	-2400.299	-2587.181	186.8822	1.584431	0.4943136	5.347336
13758	-2391.562	-2578.823	187.2614	1.435681	0.4943136	5.220051
13764	-2401.695	-2585.696	184.0009	1.311089	0.4022129	7.152331
13770	-2409.863	-2594.237	184.3748	1.115473	0.4434615	7.015242
13776	-2399.696	-2584.111	184.4153	1.21381	0.4088137	6.974934
13782	-2391.161	-2577.15	185.9893	1.249642	0.4088137	6.103228
13788	-2396.072	-2581.209	185.1375	1.179105	0.3286138	6.692293
13794	-2403.812	-2591.207	187.3943	1.492324	0.4097401	5.198276
13800	-2410.102	-2596.401	186.2992	1.370299	0.4293465	5.847381
13806	-2405.575	-2588.827	183.2521	1.182166	0.5028816	7.527352
13812	-2398.826	-2580.386	181.5596	1.087599	0.5552283	8.436287
13818	-2389.231	-2575.224	185.9934	1.327291	0.4263101	6.040865
13824	-2393.916	-2580.546	186.6297	1.64343	0.4263101	5.519491
13830	-2391.924	-2578.029	186.1048	1.458981	0.3711803	5.966384
13836	-2391.979	-2576.688	184.7087	1.530668	0.6814987	6.413107
13842	-2392.243	-2580.533	188.2899	1.698706	0.3766144	4.620677
13848	-2385.199	-2574.04	188.8409	1.566336	0.6599852	4.122695
13854	-2397.233	-2584.854	187.621	1.541187	0.3236013	5.143397
13860	-2389.325	-2576.43	187.1053	1.520227	0.4523863	5.299397
13866	-2392.812	-2579.958	187.146	1.388919	0.4939069	5.309989
13872	-2392.399	-2575.969	183.5695	1.311175	0.4030681	7.383024
13878	-2390.589	-2574.324	183.7353	1.246846	0.5309092	7.209189
13884	-2382.832	-2568.113	185.2809	1.39214	0.5705202	6.262754
13890	-2390.362	-2576.518	186.1556	1.298677	0.5173302	5.882283
13896	-2395.408	-2581.465	186.0573	1.439377	0.4915512	5.882283
13902	-2390.934	-2579.06	188.1266	1.481078	0.4534886	4.752935
13908	-2379.929	-2568.097	188.1681	1.437907	0.4544122	4.752935
13914	-2383.826	-2570.338	186.5128	1.408695	0.2787595	5.883057
13920	-2386.336	-2573.831	187.4953	1.380359	0.4285647	5.184918
13926	-2390.303	-2577.973	187.6703	1.45055	0.4390066	5.03846
13932	-2397.647	-2580.593	182.9458	1.143069	0.4466772	7.763724
13938	-2382.925	-2563.354	180.4291	1.042535	0.5097501	9.0978
13944	-2395.259	-2578.578	183.3183	1.221344	0.5862063	7.401311
13950	-2392.514	-2576.337	183.8225	1.054745	0.4914698	7.299998
13956	-2397.533	-2578.581	181.0486	1.216411	0.3539519	8.829473
13962	-2396.768	-2578.308	181.5408	0.799767	0.3549301	8.788373
13968	-2383.34	-2565.343	182.0027	0.875208	0.4587783	8.397767
13974	-2390.254	-2570.404	180.1504	1.201903	0.3876195	9.276389
13980	-2385.332	-2568.836	183.5036	1.086336	0.4037977	7.538135
13986	-2388.757	-2569.57	180.8134	1.092222	0.4209766	8.949875
13992	-2384.806	-2569.121	184.3146	1.2691	0.4209766	6.987079
13998	-2397.072	-2580.325	183.253	1.084363	0.3136299	7.773503
14004	-2397.674	-2580.729	183.0558	1.123983	0.5541354	7.619936
14010	-2404.231	-2588.924	184.693	1.171858	0.5065378	6.754917
14016	-2412.894	-2595.915	183.0211	1.118599	0.6579774	7.561081
14022	-2400.391	-2583.886	183.4957	1.120062	0.3689652	7.561081
14028	-2397.716	-2577.219	179.5035	1.041063	0.5347527	9.566399
14034	-2404.343	-2590.401	186.0586	1.393552	0.5974772	5.816258
14040	-2394.403	-2581.521	187.1172	1.400152	0.3493918	5.468554
14046	-2397.715	-2584.09	186.3754	1.224752	0.3976791	5.917916
14052	-2417.819	-2607.196	189.3767	1.713241	0.9090783	3.557729
14058	-2414.505	-2602.763	188.2583	1.590264	0.4934333	4.579607
14064	-2400.905	-2588.714	187.8098	1.472203	0.6290098	4.780731
14070	-2403.135	-2590.922	187.7865	1.51957	0.6120694	4.780731
14076	-2397.041	-2586.134	189.0931	1.599288	0.5533524	4.047981
14082	-2387.899	-2575.668	187.7684	1.540851	0.6104857	4.78022
14088	-2399.712	-2586.729	187.0162	1.357328	0.6104857	5.299647
14094	-2405.058	-2591.697	186.6392	1.515578	0.441928	5.568892
14100	-2403.982	-2594.032	190.0497	1.726083	0.391946	3.585073
14106	-2409.75	-2600.023	190.2735	1.710852	0.773649	3.122415
14112	-2411.681	-2600.64	188.9584	1.667087	0.7182593	3.954327
14118	-2396.332	-2585.302	188.9703	1.616441	0.4243455	4.231682
14124	-2393.9	-2581.607	187.7067	1.59654	0.4961787	4.881923
14130	-2400.905	-2589.609	188.7042	1.392813	0.5961107	4.349557
14136	-2391.099	-2574.979	183.8793	1.157839	0.4086199	7.293432
14142	-2395.715	-2574.978	179.2637	1.157402	0.3241418	9.83758
14148	-2414.341	-2593.87	179.5295	1.212512	0.6814989	9.350296
14154	-2401.537	-2583.749	182.2121	1.275098	0.316502	8.223456
14160	-2416.955	-2600.942	183.9872	1.170609	0.5796863	7.074483
14166	-2397.246	-2581.526	184.28	1.127324	0.2871576	7.233302
14172	-2389.383	-2573.15	183.7671	1.127324	0.4102492	7.368343
14178	-2390.628	-2576.729	186.1005	1.375431	0.3713034	6.014181
14184	-2378.856	-2564.922	186.0655	1.312872	0.4215981	6.014181
14190	-2367.665	-2552.171	184.5062	1.162509	0.2967355	7.080618
14196	-2375.423	-2561.422	185.998	1.200082	0.4107485	6.123494
14202	-2379.839	-2562.652	182.8135	0.9789893	0.2772732	8.109878
14208	-2374.446	-2557.08	182.6339	1.145349	0.2827412	8.109878
14214	-2379.678	-2559.088	179.4095	0.9783576	0.4274976	9.745315
14220	-2374.692	-2559.487	184.7957	1.26455	0.325988	6.833801
14226	-2376.252	-2561.226	184.9747	1.171385	0.288595	6.833801
14232	-2372.829	-2554.938	182.1094	1.141494	0.3960304	8.260904
14238	-2375.885	-2563.096	187.2112	1.325889	0.3960265	5.405754
14244	-2370.831	-2554.56	183.7281	1.123216	0.4923271	7.313192
14250	-2380.512	-2564.392	183.88	1.274544	0.5074204	7.136881
14256	-2389.407	-2575.816	186.409	1.410586	0.6130111	5.602597
14262	-2374.183	-2561.645	187.4619	1.401672	0.4842321	5.137255
14268	-2383.368	-2568.066	184.698	1.306549	0.5134756	6.673381
14274	-2394.978	-2579.813	184.8342	1.242761	0.470155	6.673381
14280	-2385.085	-2568.481	183.396	1.064558	0.4215954	7.589398
14286	-2382.09	-2563.012	180.9219	1.296348	0.27362	8.950847
14292	-2383.632	-2567.216	183.584	0.9357444	0.4107925	7.568539
14298	-2382.276	-2565.923	183.6478	1.154091	0.4107925	7.417416
14304	-2386.249	-2572.918	186.6692	1.249989	0.4060726	5.734561
14310	-2389.402	-2574.852	185.4505	1.334756	0.4561936	6.302881
14316	-2385.44	-2573.81	188.3705	1.303333	0.4344339	4.735089
14322	-2391.906	-2576.939	185.0331	1.087686	0.6696935	6.485903
14328	-2390.728	-2572.182	181.4536	1.126368	0.3728977	8.641818
14334	-2389.44	-2575.353	185.9134	1.190709	0.3911334	6.195179
14340	-2385.935	-2571.649	185.7144	1.190365	0.543027	6.15971
14346	-2382.871	-2568.031	185.1604	1.208397	0.604313	6.400863
14352	-2391.151	-2577.168	186.017	1.234619	0.641887	5.891394
14358	-2390.738	-2579.814	189.0754	1.414064	0.5293136	4.184849
14364	-2396.845	-2585.301	188.4561	1.552878	0.8989679	4.184849
14370	-2402.695	-2587.073	184.3775	1.199649	0.6122884	6.822872
14376	-2398.971	-2580.704	181.7329	0.9126543	0.3840886	8.595129
14382	-2385.348	-2570.642	185.2947	1.272161	0.5186915	6.36426
14388	-2389.451	-2574.577	185.126	1.440578	0.2692598	6.632201
14394	-2390.406	-2574.336	183.9298	1.362846	0.5378277	7.036366
14400	-2396.125	-2582.032	185.9067	1.276793	0.5662369	5.988378
14406	-2387.443	-2575.964	188.5211	1.492832	0.3423246	4.646288
14412	-2386.089	-2574.183	188.0947	1.460527	0.3423246	4.902518
14418	-2387	-2575.212	188.2118	1.491872	0.5024465	4.652472
14424	-2391.174	-2578.78	187.6053	1.591951	0.5024465	4.935137
14430	-2416.474	-2600.793	184.3197	1.406355	0.3189282	7.022366
14436	-2399.726	-2584.686	184.9596	1.491971	0.6554137	6.316982
14442	-2400.937	-2586.512	185.5747	1.496819	0.5997244	6.022355
14448	-2396.745	-2581.925	185.1804	1.39636	0.4573446	6.414931
14454	-2405.791	-2585.102	179.3111	1.002804	0.7067674	9.558855
14460	-2398.132	-2583.919	185.7873	1.576738	0.3654973	6.081616
14466	-2394.949	-2576.659	181.71	1.267323	0.4806062	8.324802
14472	-2392.8	-2574.513	181.7125	1.165952	0.5259812	8.337686
14478	-2388.764	-2570.494	181.7293	1.142658	0.5300387	8.337686
14484	-2394.74	-2574.343	179.6035	1.017694	0.3402944	9.713574
14490	-2396.945	-2582.292	185.3472	1.665825	0.8340156	5.88988
14496	-2399.578	-2584.001	184.4224	1.336731	0.6664409	6.683974
14502	-2398.16	-2582.706	184.5452	1.472963	1.068456	6.298786
14508	-2392.022	-2579.462	187.4393	1.35111	0.6194662	5.061821
14514	-2385.737	-2572.928	187.1916	1.697572	0.3505267	5.262257
14520	-2392.134	-2579.57	187.4362	1.739894	0.4616887	4.985386
14526	-2403.869	-2591.64	187.7706	1.804136	0.359394	4.87164
14532	-2398.754	-2584.163	185.4094	1.585632	0.409199	6.235569
14538	-2407.44	-2593.345	185.905	1.445419	0.5609269	5.901675
14544	-2389.472	-2571.591	182.1195	1.115157	0.5405321	8.135803
14550	-2383.19	-2566.515	183.3254	1.093738	0.3988137	7.634668
14556	-2390.312	-2574.668	184.3561	0.9998014	0.4611603	7.07067
14562	-2399.524	-2587.987	188.4632	1.504794	0.4028479	4.603388
14568	-2399.599	-2586.342	186.7436	1.434087	0.4973776	5.503657
14574	-2393.089	-2579.467	186.3783	1.369416	0.3143935	5.932312
14580	-2394.497	-2578.733	184.2366	1.231387	0.4917922	6.982112
14586	-2407.193	-2592.229	185.0362	1.116401	0.4917922	6.612653
14592	-2405.76	-2587.299	181.5389	1.104537	0.4337341	8.546168
14598	-2397.806	-2581.53	183.7245	1.220414	0.400975	7.350747
14604	-2402.415	-2587.46	185.0442	1.364936	0.5622752	6.412805
14610	-2391.761	-2575.257	183.4959	1.37359	0.7152563	7.128927
14616	-2398.996	-2582.42	183.4233	1.141093	0.4733779	7.484259
14622	-2404.993	-2586.951	181.9571	1.347419	0.3686672	8.261301
14628	-2396.894	-2579.777	182.8829	1.054015	0.3346408	7.962408
14634	-2410.943	-2593.109	182.1653	1.129811	0.405504	8.227664
14640	-2418.387	-2600.38	181.9935	1.277719	0.4181483	8.227664
14646	-2410.286	-2594.962	184.6753	1.18349	0.4056319	6.854409
14652	-2413.763	-2597.214	183.4507	1.236662	0.3027176	7.599666
14658	-2413.943	-2595.914	181.9713	1.240366	0.3994814	8.278208
14664	-2401.294	-2586.462	185.1683	1.240232	0.5298235	6.440515
14670	-2394.016	-2579.349	185.333	1.287829	0.4538765	6.394344
14676	-2394.685	-2581.991	187.3056	1.357982	0.6773167	5.088025
14682	-2396.504	-2584.949	188.4448	1.484838	0.4974132	4.530312
14688	-2401.747	-2589.924	188.1765	1.39697	0.7469317	4.530312
14694	-2408.893	-2598.417	189.5243	1.510069	0.6414241	3.778202
14700	-2413.807	-2601.341	187.534	1.325775	0.5760886	5.058438
14706	-2417.543	-2601.606	184.0625	1.508914	0.5106526	6.9096
14712	-2415.626	-2604.364	188.7386	1.435644	0.5919468	4.309341
14718	-2414.043	-2603.037	188.9941	1.593673	0.9434377	3.827134
14724	-2397.71	-2587.479	189.7688	1.648167	0.5855489	3.603186
14730	-2406.736	-2596.507	189.7704	1.684422	0.5535181	3.609277
14736	-2403.44	-2592.062	188.6219	1.423004	0.5995402	4.376167
14742	-2396.058	-2585.344	189.2864	1.451618	0.3796462	4.194612
14748	-2398.659	-2588.524	189.8651	1.421325	0.3155473	3.959505
14754	-2407.493	-2595.118	187.625	1.433418	0.7548887	4.813211
14760	-2401.037	-2588.341	187.3043	1.403559	0.5927939	5.128944
14766	-2393.552	-2577.611	184.0584	1.202329	0.4541466	7.128473
14772	-2407.408	-2595.063	187.6554	1.4271	0.7646921	4.793056
14778	-2403.946	-2589.934	185.9885	1.391419	0.6091555	5.846529
14784	-2396.097	-2585.733	189.6352	1.631742	0.6578881	3.630737
14790	-2403.013	-2591.336	188.3232	1.438792	0.6699574	4.480153
14796	-2408.207	-2596.169	187.9619	1.481776	0.7259951	4.61788
14802	-2410.509	-2596.553	186.0435	1.504605	1.197648	5.397776
14808	-2397.859	-2583.471	185.612	1.30074	0.4328743	6.25635
14814	-2387.155	-2573.934	186.7796	1.435467	0.46082	5.517334
14820	-2394.113	-2581.683	187.5697	1.415007	0.2655442	5.317315
14826	-2389.413	-2574.186	184.7732	1.196396	0.4393591	6.760773
14832	-2390.192	-2575.928	185.7351	1.038103	0.5922032	6.190819
14838	-2390.808	-2576.453	185.645	1.173532	0.3928473	6.348521
14844	-2403.29	-2587.993	184.7034	1.002252	0.366538	6.978554
14850	-2401.115	-2587.714	186.5984	1.590436	0.7351507	5.309317
14856	-2391.048	-2578.974	187.9266	1.523233	0.5385316	4.762007
14862	-2390.505	-2579.693	189.1875	1.616495	0.5401966	3.995931
14868	-2399.712	-2589.422	189.7099	1.881275	0.5850263	3.502248
14874	-2394.686	-2585.286	190.6009	1.691697	0.5156761	3.152628
14880	-2384.85	-2574.745	189.8945	1.645123	0.5941068	3.52456
14886	-2389.971	-2578.636	188.6656	1.576919	0.6376115	4.233706
14892	-2388.816	-2578.897	190.0803	1.481932	0.3848737	3.716821
14898	-2386.578	-2575.591	189.0129	1.567207	0.3651395	4.300702
14904	-2399.949	-2589.403	189.4542	1.699068	0.5416251	3.794256
14910	-2401.538	-2591.272	189.7332	1.680314	0.5416251	3.643946
14916	-2394.181	-2580.629	186.448	1.553853	0.3765063	5.721012
14922	-2392.467	-2579.674	187.2067	1.553853	0.3136982	5.377544
14928	-2398.385	-2585.274	186.8892	1.693186	0.6647953	5.142328
14934	-2390.694	-2578.379	187.6849	1.414214	0.6647953	4.855257
14940	-2392.596	-2577.947	185.351	1.467473	0.2513512	6.52061
14946	-2395.883	-2580.425	184.5421	1.390108	0.7671016	6.52061
14952	-2409.031	-2594.98	185.9499	1.500538	0.9378937	5.587944
14958	-2407.462	-2591.17	183.7076	1.23226	0.5088967	7.250927
14964	-2408.479	-2592.463	183.9836	1.435454	0.5694684	6.942058
14970	-2410.564	-2597.231	186.6674	1.442249	0.4408324	5.594772
14976	-2413.281	-2599.82	186.5383	1.633638	0.4408324	5.560583
14982	-2415.428	-2597.787	182.3588	1.368601	0.506654	7.902003
14988	-2416.172	-2602.028	185.8559	1.510538	0.5574701	5.895815
14994	-2401.806	-2588.911	187.1055	1.405988	0.3336101	5.49041
15000	-2385.68	-2572.643	186.9627	1.330162	0.4688941	5.466834
15006	-2401.476	-2589.157	187.6811	1.691514	0.4240851	4.913671
15012	-2393.029	-2578.8	185.7707	1.424957	0.4244408	6.110889
15018	-2392.759	-2578.038	185.2792	1.440688	0.4244408	6.36946
15024	-2401.503	-2588.418	186.9147	1.491682	0.4471276	5.425396
15030	-2397.245	-2586.108	188.8635	1.48651	0.4471276	4.34222
15036	-2381.915	-2568.986	187.0714	1.250897	0.5615077	5.367899
15042	-2386.379	-2571.433	185.0543	1.32302	0.3653913	6.617307
15048	-2387.171	-2574.081	186.91	1.34406	0.6762652	5.315363
15054	-2383.59	-2570.098	186.5073	1.248628	0.453544	5.776242
15060	-2391.065	-2577.586	186.5211	1.29926	0.4643759	5.730536
15066	-2397.082	-2581.303	184.2205	1.119484	0.5255646	7.021314
15072	-2394.559	-2578.805	184.2459	1.166701	0.4079835	7.092327
15078	-2393.997	-2577.33	183.3336	1.218219	0.407926	7.554326
15084	-2404.638	-2589.14	184.5027	1.312466	0.7464848	6.597707
15090	-2396.963	-2581.96	184.9977	1.179916	0.4933314	6.597707
15096	-2396.409	-2582.831	186.4225	1.204296	0.4712916	5.829966
15102	-2398.061	-2585.057	186.9959	1.267957	0.5146698	5.440612
15108	-2396.223	-2582.64	186.4167	1.403339	0.5146698	5.684481
15114	-2401.1	-2589.147	188.0469	1.526684	0.5597078	4.674436
15120	-2397.498	-2583.14	185.642	1.216177	0.4498473	6.269358
15126	-2399.971	-2584.082	184.1115	1.213403	0.3371258	7.216592
15132	-2402.122	-2585.757	183.6351	1.164712	0.389723	7.440278
15138	-2393.243	-2579.032	185.7895	1.235328	0.389723	6.239808
15144	-2398.85	-2585.991	187.1413	1.290667	0.5712063	5.29925
15150	-2381.605	-2570.585	188.9804	1.380929	0.5712063	4.220842
15156	-2384.198	-2571.101	186.9026	1.292643	0.6032641	5.403729
15162	-2383.712	-2573.679	189.9671	1.684626	0.5374918	3.509239
15168	-2383.816	-2572.314	188.4983	1.699098	0.3560988	4.527054
15174	-2386.588	-2574.101	187.5132	1.189733	0.400671	5.309375
15180	-2382.996	-2569.312	186.3154	1.18646	0.400671	5.968387
15186	-2389.448	-2570.873	181.4251	1.205274	0.4629951	8.525389
15192	-2381.897	-2564.678	182.7805	1.12485	0.5588231	7.762857
15198	-2384.459	-2568.222	183.7629	1.098182	0.5305611	7.274545
15204	-2384.746	-2572.112	187.3659	1.393809	0.4480716	5.229506
15210	-2388.19	-2575.277	187.0864	1.451167	0.4480716	5.352157
15216	-2389.349	-2576.353	187.004	1.339247	0.4624643	5.445255
15222	-2388.144	-2576.978	188.8344	1.475462	0.5255423	4.290104
15228	-2393.017	-2582.025	189.0082	1.475462	0.5925263	4.133341
15234	-2382.087	-2571.2	189.1129	1.40919	0.5667512	4.133341
15240	-2385.066	-2569.32	184.2543	1.138355	0.3326384	7.1854
15246	-2390.332	-2574.253	183.9218	1.1441	0.371467	7.317072
15252	-2389.101	-2573.792	184.6912	1.1441	0.3425408	6.935687
15258	-2385.098	-2565.664	180.5658	0.9372714	0.359459	9.226748
15264	-2389.193	-2575.058	185.8645	1.251871	0.359459	6.223168
15270	-2396.503	-2581.86	185.3565	1.275218	0.4910496	6.353748
15276	-2401.709	-2588.796	187.0872	1.425896	0.4438983	5.369772
15282	-2394.201	-2581.142	186.9414	1.469376	0.5034338	5.369772
15288	-2385.848	-2572.003	186.1547	1.434236	0.4176778	5.903227
15294	-2393.116	-2576.539	183.4232	1.172686	0.67419	7.304804
15300	-2374.792	-2558.981	184.1899	1.150919	0.452084	7.087386
15306	-2391.631	-2576.009	184.3772	1.11744	0.351189	7.109218
15312	-2385.261	-2566.684	181.423	1.099379	0.2688047	8.796035
15318	-2394.53	-2577.073	182.5428	1.163645	0.2497367	8.192872
15324	-2398.258	-2582.448	184.1897	1.48085	0.2497367	7.142156
15330	-2395.359	-2581.619	186.2594	1.519035	0.3396673	5.885062
15336	-2392.922	-2577.855	184.9322	1.37996	0.3396673	6.681723
15342	-2383.724	-2570.474	186.7506	1.442305	0.3505146	5.645557
15348	-2378.847	-2565.086	186.2388	1.483556	0.6263543	5.645557
15354	-2382.75	-2571.808	189.0581	1.755001	0.3927246	4.137265
15360	-2388.811	-2575.571	186.7594	1.265477	0.624006	5.481178
15366	-2385.137	-2572.82	187.6825	1.353622	0.4977089	5.029065
15372	-2395.665	-2577.401	181.736	1.238631	0.323784	8.487423
15378	-2386.377	-2570.383	184.0063	1.170552	0.4997148	7.131679
15384	-2385.354	-2571.087	185.7334	1.292831	0.4016937	6.226416
15390	-2386.381	-2571.406	185.0248	1.293146	0.3959035	6.616529
15396	-2381.837	-2568.226	186.3888	1.373095	0.4324308	5.793777
15402	-2388.395	-2575.328	186.9327	1.601948	0.4352787	5.366501
15408	-2385.125	-2572.27	187.1447	1.517887	0.3234954	5.41948
15414	-2383.191	-2570.09	186.8989	1.431307	0.4976205	5.41948
15420	-2379.113	-2565.995	186.8819	1.521738	0.4546991	5.41948
15426	-2384.695	-2571.858	187.1633	1.393803	0.4052523	5.384976
15432	-2390.286	-2576.542	186.2563	1.361306	0.4113999	5.894018
15438	-2397.978	-2583.242	185.2643	1.424886	0.3517814	6.463734
15444	-2404.636	-2592.088	187.4523	1.252576	0.4290448	5.27882
15450	-2394.083	-2578.54	184.4567	1.165973	0.4139654	6.973144
15456	-2412.858	-2596.678	183.8204	1.283882	0.4156073	7.250282
15462	-2390.629	-2575.491	184.862	1.317353	0.6594115	6.461721
15468	-2397.554	-2582.304	184.7501	1.211157	0.511255	6.698717
15474	-2401.631	-2587.263	185.6324	1.44332	0.304896	6.310003
15480	-2394.622	-2579.416	184.7936	1.319765	0.4008597	6.721913
15486	-2398.963	-2587.284	188.3209	1.519313	0.4944066	4.583389
15492	-2391.605	-2579.786	188.1811	1.392579	0.6734266	4.583389
15498	-2390.582	-2576.069	185.4877	1.161342	0.4451065	6.387508
15504	-2404.096	-2588.124	184.0281	1.101806	0.382677	7.270678
15510	-2392.235	-2576.569	184.3341	1.105294	0.563144	6.936228
15516	-2385.766	-2570.287	184.5212	1.197585	0.3994902	6.936228
15522	-2403.986	-2590.668	186.6825	1.267249	0.3999925	5.724236
15528	-2400.097	-2587.625	187.5278	1.309677	0.3418674	5.300932
15534	-2395.061	-2579.703	184.6428	1.161541	0.4173936	6.871766
15540	-2403.732	-2587.945	184.2132	1.253386	0.3460605	7.130129
15546	-2394.525	-2579.821	185.2954	1.332728	0.7754692	6.137306
15552	-2391.753	-2577.255	185.5015	1.11478	0.3274134	6.531612
15558	-2385.977	-2571.125	185.1482	1.295605	0.4121298	6.531612
15564	-2388.397	-2572.154	183.7568	1.295605	0.2935261	7.415664
15570	-2394.526	-2581.229	186.7031	1.451638	0.2871032	5.74445
15576	-2400.342	-2589.015	188.6727	1.704522	0.6228459	4.168992
15582	-2401.565	-2589.903	188.3386	1.755071	0.435663	4.498398
15588	-2393.788	-2580.852	187.0636	1.317755	0.4723557	5.414826
15594	-2396	-2580.67	184.6693	1.305476	0.4723557	6.726586
15600	-2408.675	-2594.352	185.6765	1.362286	0.2882171	6.351295
15606	-2397.833	-2583.231	185.3986	1.353855	0.4132994	6.363083
15612	-2397.542	-2580.357	182.8155	1.112893	0.5274724	7.776719
15618	-2391.814	-2574.188	182.3737	1.121651	0.4164619	8.109955
15624	-2397.503	-2583.315	185.8119	1.280908	0.3507564	6.245848
15630	-2404.702	-2591.118	186.4167	1.49302	0.3263848	5.829103
15636	-2405.876	-2592.728	186.8518	1.399121	0.3571	5.606159
15642	-2400.813	-2586.233	185.4193	1.352766	0.4759884	6.291377
15648	-2395.362	-2580.649	185.2865	1.269274	0.2937482	6.605864
15654	-2390.397	-2575.934	185.537	1.098012	0.450448	6.389904
15660	-2395.228	-2576.515	181.2866	1.033816	0.450448	8.701608
15666	-2384.921	-2566.311	181.3904	1.09952	0.3956237	8.665711
15672	-2387.918	-2568.32	180.4019	1.031946	0.3956237	9.225032
15678	-2396.563	-2577.623	181.0598	1.078822	0.3956237	8.851985
15684	-2404.093	-2586.486	182.3928	1.271282	0.4347427	8.002014
15690	-2410.878	-2594.397	183.5198	1.340719	0.3159274	7.490808
15696	-2408.375	-2593.357	184.9817	1.409531	0.5463821	6.435797
15702	-2411.452	-2596.649	185.1971	1.386092	0.4322868	6.435797
15708	-2409.852	-2593.127	183.2749	1.412625	0.4322868	7.457293
15714	-2407.159	-2590.842	183.6826	1.222925	0.4206299	7.351893
15720	-2408.914	-2592.02	183.1058	1.236693	0.4322868	7.642024
15726	-2404.121	-2588.615	184.4936	1.22082	0.5743225	6.778847
15732	-2411.796	-2592.197	180.4008	1.146366	0.414107	9.146402
15738	-2420.478	-2598.753	178.2749	1.114849	0.377996	10.32056
15744	-2417.159	-2601.138	183.9796	1.338002	0.38465	7.16774
15750	-2403.995	-2586.66	182.6644	1.181243	0.38465	7.955851
15756	-2407.805	-2589.205	181.4001	1.181177	0.3887121	8.624401
15762	-2392.063	-2576.081	184.0185	1.4491	0.3887121	7.082779
15768	-2394.547	-2580.415	185.8673	1.25226	0.4576643	6.119691
15774	-2393.312	-2578.44	185.128	1.453422	0.4576643	6.41208
15780	-2404.117	-2589.42	185.3034	1.317326	0.4818316	6.368109
15786	-2407.793	-2595.135	187.3421	1.436827	0.4061695	5.261573
15792	-2403.265	-2590.758	187.4937	1.368202	0.5784216	5.055331
15798	-2407.028	-2594.319	187.2911	1.4567	0.4305746	5.253569
15804	-2402.985	-2590.861	187.8757	1.495513	0.4305746	4.907825
15810	-2398.708	-2585.344	186.6366	1.519156	0.4573982	5.55323
15816	-2397.984	-2583.933	185.9497	1.394779	0.4573982	5.997374
15822	-2403.133	-2585.975	182.8422	1.245046	0.3947935	7.816234
15828	-2389.428	-2576.193	186.7649	1.385588	0.467822	5.54613
15834	-2387.639	-2575.969	188.3303	1.584946	0.3756446	4.662905
15840	-2398.401	-2587.379	188.9775	1.764248	0.3527869	4.223616
15846	-2390.337	-2576.678	186.3407	1.453162	0.5322341	5.68341
15852	-2385.158	-2571.763	186.6049	1.440523	0.7510918	5.37744
15858	-2396.253	-2582.048	185.7948	1.582324	0.810718	5.705389
15864	-2396.808	-2584.737	187.9289	1.519573	0.4560927	4.839201
15870	-2396.636	-2586.313	189.6773	1.632384	0.6285014	3.629523
15876	-2381.964	-2571.665	189.7013	1.717331	0.711284	3.501421
15882	-2394.668	-2584.887	190.2187	1.717331	0.8088542	3.12623
15888	-2392.407	-2582.683	190.2756	1.717331	0.7671797	3.121947
15894	-2392.196	-2579.27	187.0744	1.53105	0.6483124	5.142
15900	-2378.989	-2565.485	186.4958	1.398844	0.4145293	5.739264
15906	-2387.392	-2573.546	186.1546	1.295523	0.701194	5.739264
15912	-2402.596	-2588.508	185.9119	1.293061	0.3742607	6.15852
15918	-2396.406	-2583.941	187.5357	1.474932	0.3742607	5.168045
15924	-2399.743	-2587.439	187.6963	1.436969	0.3908305	5.081875
15930	-2408.829	-2598.734	189.9055	1.809739	0.4081903	3.602014
15936	-2397.081	-2585.785	188.7041	1.73128	0.485816	4.255911
15942	-2384.852	-2573.779	188.927	1.765413	0.3330732	4.27544
15948	-2405.386	-2591.857	186.4714	1.551357	0.8271143	5.339979
15954	-2408.113	-2593.821	185.7082	1.318978	0.5069623	6.124421
15960	-2404.812	-2589.412	184.5995	1.214543	0.6015874	6.70331
15966	-2414.029	-2595.344	181.3148	1.16864	0.6015874	8.486539
15972	-2401.059	-2586.516	185.457	1.423216	0.6015874	6.125087
15978	-2392.906	-2579.983	187.077	1.575939	0.4278087	5.308741
15984	-2392.125	-2580.777	188.6528	1.467167	0.4772818	4.442288
15990	-2394.047	-2581.689	187.6419	1.744543	0.4457532	4.884014
15996	-2398.533	-2588.655	190.1223	1.655172	0.4833189	3.487408
16002	-2399.362	-2589.38	190.0181	1.664142	0.4833189	3.542946
16008	-2402.389	-2589.323	186.9338	1.391179	0.4833189	5.43557
16014	-2410.022	-2596.903	186.8813	1.433772	0.456177	5.466834
16020	-2399.823	-2586.838	187.0152	1.357779	0.4240815	5.466834
16026	-2400.284	-2587.518	187.2344	1.3279	0.5847952	5.216071
16032	-2406.443	-2591.285	184.8418	1.278552	0.3062393	6.825378
16038	-2410.753	-2598.447	187.6943	1.32562	0.3970003	5.13803
16044	-2390.604	-2572.751	182.1465	1.261492	0.5855312	8.006939
16050	-2393.604	-2579.817	186.2128	1.339336	0.4335455	5.907305
16056	-2388.057	-2574.094	186.0364	1.436245	0.3510501	6.03875
16062	-2376.456	-2562.609	186.1528	1.285937	0.36744	6.03875
16068	-2386.877	-2574.521	187.6446	1.501266	0.5732055	4.901863
16074	-2386.127	-2575.627	189.5003	1.561225	0.6821604	3.730689
16080	-2385.354	-2569.711	184.3577	1.332266	0.4912527	6.86298
16086	-2384.656	-2571.018	186.3621	1.217304	0.3778297	5.950535
16092	-2392.099	-2579.315	187.2154	1.41294	0.5386087	5.218438
16098	-2382.994	-2567.14	184.1458	1.216898	0.7215035	6.859066
16104	-2391.756	-2576.01	184.2536	1.405956	0.5141409	6.859066
16110	-2388.722	-2574.172	185.4502	1.180162	0.4152344	6.427354
16116	-2394.436	-2579.974	185.5388	1.158697	0.5144647	6.297071
16122	-2394.368	-2579.871	185.5034	1.345334	0.4321472	6.291831
16128	-2385.916	-2574.28	188.3638	1.513623	0.4433324	4.612038
16134	-2389.403	-2578.145	188.7421	1.524392	0.461698	4.374844
16140	-2386.439	-2575.952	189.5132	1.709253	0.4845948	3.807786
16146	-2386.686	-2578.345	191.6588	1.867875	0.5405703	2.3739
16152	-2388.986	-2577.697	188.7116	1.522929	0.5775908	4.28726
16158	-2382.283	-2570.44	188.1571	1.63057	0.4975983	4.60989
16164	-2397.546	-2586.962	189.4162	1.707787	0.4789243	3.869916
16170	-2393.6	-2581.275	187.6741	1.534269	0.4432244	4.985608
16176	-2384.413	-2569.852	185.439	1.303336	0.3950506	6.38754
16182	-2397.871	-2582.395	184.5241	1.32393	0.4047956	6.861079
16188	-2396.84	-2576.653	179.813	0.9549596	0.3517178	9.623434
16194	-2390.651	-2576.242	185.5914	1.19269	0.3517178	6.412384
16200	-2397.113	-2584.635	187.5221	1.531198	0.3517178	5.170068
16206	-2386.515	-2572.311	185.7955	1.405291	0.3517178	6.186061
16212	-2388.494	-2575.646	187.152	1.458018	0.5221659	5.243016
16218	-2390.225	-2580.308	190.0822	1.682263	0.5221659	3.457622
16224	-2392.985	-2583.202	190.2166	1.547879	0.5221659	3.457622
16230	-2384.153	-2575.256	191.1037	1.721372	0.4799494	2.868859
16236	-2386.754	-2577.075	190.3206	1.608761	0.6774339	3.227499
16242	-2384.33	-2573.432	189.1015	1.608761	0.5757385	4.018365
16248	-2381.601	-2570.606	189.0043	1.608761	0.4449836	4.195398
16254	-2382.756	-2570.354	187.5983	1.307424	0.3311535	5.276042
16260	-2379.511	-2563.642	184.1309	1.180965	0.4631825	7.092461
16266	-2382.298	-2569.615	187.3175	1.29086	0.3627807	5.403113
16272	-2402.753	-2590.345	187.5922	1.427864	0.7469458	4.84005
16278	-2401.995	-2583.959	181.9633	1.04472	0.8035933	8.067287
16284	-2408.398	-2593.943	185.545	1.318216	0.5536293	6.173375
16290	-2396.046	-2585.402	189.3567	1.623827	0.5094755	3.923007
16296	-2392.24	-2579.225	186.9848	1.446489	0.380283	5.481055
16302	-2400.503	-2585.999	185.4956	1.293687	0.5802263	6.191699
16308	-2385.382	-2574.458	189.0767	1.546586	0.3682911	4.272646
16314	-2391.556	-2581.327	189.7712	1.657453	0.369781	3.811275
16320	-2395.616	-2582.074	186.4581	2.1976	0.1820067	5.627516
16326	-2403.349	-2591.509	188.1599	2.154305	0.14794	4.772671
16332	-2397.05	-2583.725	186.6752	1.339268	0.200866	5.946818
16338	-2395.009	-2579.437	184.4281	1.042919	0.2758955	7.213805
16344	-2392.335	-2577.582	185.247	1.215391	0.4111716	6.522506
16350	-2387.311	-2571.985	184.674	1.165455	0.4131072	6.857186
16356	-2387.968	-2573.078	185.1107	1.368934	0.2495067	6.706475
16362	-2389.126	-2570.027	180.9001	1.201609	0.4222534	8.844746
16368	-2381.472	-2566.523	185.0511	1.409244	0.6226234	6.336999
16374	-2378.302	-2566.478	188.1755	1.517073	0.4421105	4.716799
16380	-2377.168	-2566.618	189.4503	1.668773	0.3203862	4.048872
16386	-2370.358	-2560.335	189.9771	1.672198	0.3153681	3.751208
16392	-2398.005	-2580.915	182.91	1.078427	0.5608462	7.716823
16398	-2398.567	-2579.52	180.9531	1.124569	0.4172081	8.862446
16404	-2399.456	-2586.438	186.9823	1.434967	0.3420676	5.532193
16410	-2398.32	-2585.688	187.3679	1.434967	0.4555539	5.198263
16416	-2399.108	-2586.674	187.5665	1.443067	0.5035589	5.038443
16422	-2390.791	-2579.06	188.269	1.471772	0.3065229	4.843344
16428	-2378.643	-2567.236	188.5929	1.457138	0.3722486	4.591178
16434	-2386.763	-2573.245	186.4818	1.467929	0.3722486	5.754226
16440	-2382.265	-2568.628	186.3624	1.456574	0.631143	5.588866
16446	-2390.861	-2577.54	186.6792	1.557099	0.3797157	5.588866
16452	-2388.484	-2575.598	187.1135	1.462413	0.4841773	5.296375
16458	-2388.292	-2575.757	187.4651	1.490931	0.4841773	5.086107
16464	-2380.726	-2571.174	190.4475	1.73917	0.4215225	3.311756
16470	-2385.223	-2574.519	189.2957	1.722919	0.4215225	3.988829
16476	-2380.822	-2570.073	189.2507	1.689572	0.380448	4.078629
16482	-2377.077	-2566.632	189.5551	1.696885	0.380448	3.900448
16488	-2388.847	-2578.279	189.4321	1.784105	0.3987085	3.900448
16494	-2389.642	-2577.778	188.1355	1.426471	0.3987085	4.834931
16500	-2398.647	-2584.732	186.0842	1.375258	0.6062186	5.805315
16506	-2405.729	-2589.376	183.6462	1.383722	0.3920811	7.314403
16512	-2403.362	-2591.402	188.0401	1.543362	0.3000709	4.939243
16518	-2392.38	-2575.013	182.6331	1.214466	0.5474919	7.803062
16524	-2382.151	-2566.319	184.1673	1.255544	0.3163982	7.188499
16530	-2398.764	-2583.366	184.6022	1.301128	0.2841268	6.970463
16536	-2394.19	-2578.43	184.2404	1.249864	0.4914235	6.970463
16542	-2399.349	-2583.276	183.9272	1.003993	0.4704298	7.290228
16548	-2387.612	-2571.956	184.3444	1.312757	0.3858746	6.983707
16554	-2398.044	-2584.101	186.057	1.165445	0.4394173	6.081334
16560	-2390.208	-2573.824	183.6166	1.127902	0.4527104	7.407042
16566	-2395.69	-2581.732	186.0423	1.334989	0.4590239	5.977916
16572	-2404.686	-2590.563	185.8771	1.421649	0.5053186	5.977916
16578	-2387.317	-2574.674	187.357	1.227508	0.4222811	5.352171
16584	-2393.707	-2582.91	189.2033	1.547771	0.4378984	4.124232
16590	-2400.202	-2590.306	190.1036	1.60735	0.5070874	3.503121
16596	-2405.726	-2593.397	187.6712	1.331545	0.4873745	5.057169
16602	-2407.718	-2596.336	188.6176	1.698007	0.3440999	4.474772
16608	-2409.622	-2599.76	190.1379	2.429301	0.2791197	3.265443
16614	-2416.824	-2602.493	185.6695	1.792243	0.2791197	6.133364
16620	-2394.089	-2581.968	187.8783	1.726067	0.2924942	4.93751
16626	-2402.83	-2588.138	185.3082	1.450126	0.3733916	6.402133
16632	-2385.179	-2573.102	187.9233	1.527951	0.3500161	4.951264
16638	-2384.887	-2572.794	187.9074	1.650599	0.3165117	4.932468
16644	-2383.737	-2572.439	188.7016	1.45267	0.4535552	4.446237
16650	-2390.148	-2576.071	185.9225	1.45267	0.3428708	6.101305
16656	-2397.03	-2582.044	185.0135	1.44576	0.3866093	6.549873
16662	-2409.358	-2593.346	183.988	1.33095	0.4516397	7.099568
16668	-2406.833	-2593.129	186.2966	1.434596	0.3869652	5.857732
16674	-2402.018	-2584.208	182.1907	1.469711	0.3316141	8.113378
16680	-2387.267	-2569.824	182.5566	1.055524	0.3542268	8.113378
16686	-2378.124	-2557.286	179.1621	0.9960031	0.3542268	9.942004
16692	-2386.613	-2568.341	181.7278	1.14158	0.3105214	8.559146
16698	-2376.896	-2561.339	184.4434	1.220615	0.3105214	7.065976
16704	-2373.471	-2556.593	183.1215	1.150485	0.3617359	7.752928
16710	-2384.096	-2566.818	182.7221	1.138781	0.5147381	7.823692
16716	-2389.386	-2572.374	182.9882	1.053281	0.4113858	7.823692
16722	-2379.519	-2564.25	184.7308	1.051773	0.4767467	6.826246
16728	-2382.417	-2566.876	184.4584	1.137496	0.5950288	6.826246
16734	-2383.43	-2567.605	184.1746	1.074994	0.4991376	7.093067
16740	-2386.026	-2571.75	185.7242	1.23736	0.454672	6.208516
16746	-2393.871	-2578.933	185.0619	1.152078	0.5082747	6.564689
16752	-2384.246	-2566.593	182.3465	1.28163	0.4162506	8.039387
16758	-2387.713	-2570.323	182.6104	1.185631	0.3330809	8.039387
16764	-2402.384	-2587.328	184.9433	1.355948	0.5141882	6.513283
16770	-2390.555	-2578.206	187.6513	1.561222	0.2659089	5.190927
16776	-2392.714	-2580.494	187.7801	1.563632	0.392597	4.963075
16782	-2409.194	-2592.87	183.6764	1.269322	0.6454993	7.137826
16788	-2403.283	-2589.056	185.7737	1.319051	0.3331356	6.266376
16794	-2420.545	-2606.638	186.0929	1.262482	0.5651076	5.895495
16800	-2400.277	-2585.263	184.9856	1.216939	0.5497235	6.535216
16806	-2402.596	-2590.394	187.7981	1.610116	0.3719615	4.949997
16812	-2403.96	-2591.76	187.7995	1.543687	0.4200012	4.934273
16818	-2397.152	-2584.361	187.2087	1.549783	0.4765706	5.202631
16824	-2403.382	-2591.746	188.3635	1.596173	0.6597602	4.376482
16830	-2396.666	-2583.233	186.5663	1.345647	0.3425597	5.808688
16836	-2385.009	-2571.519	186.5097	1.146567	0.4767825	5.808688
16842	-2387.813	-2572.667	184.8541	1.343684	0.2826985	6.813541
16848	-2375.314	-2558.67	183.356	1.163631	0.4680591	7.513119
16854	-2371.225	-2554.679	183.4547	1.053477	0.4747505	7.513119
16860	-2377.922	-2561.677	183.7554	1.145958	0.3664922	7.410783
16866	-2386.59	-2568.354	181.764	1.030727	0.4699769	8.431584
16872	-2385.487	-2568.726	183.2392	1.234921	0.292387	7.726672
16878	-2371.594	-2555.205	183.6107	1.028256	0.3033112	7.624846
16884	-2386.468	-2573.907	187.4391	1.510693	0.723141	4.8959
16890	-2378.531	-2563.437	184.9058	1.329027	0.4869908	6.572497
16896	-2373.578	-2562.465	188.8871	1.658772	0.695147	4.01697
16902	-2375.305	-2564.304	188.9992	1.534165	0.5971099	4.101256
16908	-2381.189	-2568.265	187.0764	1.361466	0.5971099	5.274803
16914	-2380.584	-2567.775	187.1914	1.409446	0.6832648	5.118429
16920	-2383.217	-2570.662	187.4443	1.424036	0.5361441	5.087725
16926	-2385.582	-2575.028	189.4465	1.554758	0.4590039	3.960041
16932	-2390.603	-2579.758	189.1547	1.464156	0.4318411	4.205631
16938	-2386.349	-2573.895	187.5451	1.398151	0.5474071	5.036402
16944	-2393.902	-2582.138	188.2363	1.48595	0.6348906	4.529477
16950	-2394.152	-2582.255	188.1027	1.673134	0.6560451	4.482955
16956	-2398.659	-2588.281	189.6216	1.670763	0.625517	3.641967
16962	-2391.878	-2581.792	189.9142	1.687484	0.4321826	3.641967
16968	-2390.515	-2574.757	184.2416	1.224335	0.4321826	7.039311
16974	-2385.284	-2572.764	187.4808	1.510794	0.4955316	5.055779
16980	-2390.153	-2577.952	187.7998	1.468818	0.4160764	4.979858
16986	-2381.719	-2569.972	188.253	1.43573	0.4988169	4.664209
16992	-2387.594	-2573.828	186.2339	1.332108	0.5381748	5.803044
16998	-2404.063	-2590.251	186.1879	1.335088	0.4144807	5.942523
17004	-2405.207	-2589.038	183.8302	1.427487	0.6570781	6.961357
17010	-2396.09	-2580.288	184.1986	1.346777	0.6075556	6.843683
17016	-2385.768	-2572.627	186.8588	1.394322	0.5617195	5.405832
17022	-2385.864	-2574.149	188.2844	1.484125	0.4224762	4.694426
17028	-2380.671	-2567.713	187.0424	1.335099	0.6376353	5.276293
17034	-2375.077	-2562.571	187.4945	1.391762	0.3753156	5.235652
17040	-2373.77	-2561.044	187.274	1.314462	0.5442266	5.235652
17046	-2383.184	-2566.371	183.1879	1.293998	0.5697107	7.445443
17052	-2382.254	-2567.05	184.796	1.20699	0.2971333	6.900086
17058	-2383.031	-2564.851	181.82	1.009491	0.4058362	8.474973
17064	-2383.897	-2568.824	184.9275	1.177311	0.4058362	6.721405
17070	-2386.535	-2571.467	184.9326	1.27167	0.4058362	6.66766
17076	-2386.519	-2573.743	187.2244	1.276366	0.5981241	5.239263
17082	-2386.222	-2574.303	188.0812	1.430451	0.6532028	4.63351
17088	-2385.773	-2573.167	187.3936	1.43762	0.3118924	5.340879
17094	-2389.713	-2575.903	186.1895	1.473146	0.3261564	5.964364
17100	-2401.712	-2588.406	186.6943	1.362801	0.3261564	5.748743
17106	-2390.363	-2578.608	188.2452	1.399815	0.5003326	4.687264
17112	-2377.723	-2562.836	185.1129	1.258234	0.4677292	6.51654
17118	-2381.984	-2567.103	185.1189	1.169225	0.5242589	6.510559
17124	-2388.374	-2573.107	184.7325	1.282984	0.5242589	6.658069
17130	-2388.925	-2576.843	187.9186	1.444903	0.4246534	4.918195
17136	-2392.235	-2576.705	184.4697	1.1612	0.4246534	6.957935
17142	-2394.804	-2576.459	181.6544	1.173537	0.2317579	8.685325
17148	-2403.867	-2589.867	186	1.251039	0.5013831	6.007449
17154	-2410.431	-2595.417	184.9868	1.293394	0.7468844	6.34543
17160	-2392.911	-2577.784	184.8732	1.224667	0.4266697	6.703999
17166	-2392.236	-2576.536	184.3005	1.132266	0.3742716	7.116937
17172	-2395.445	-2579.277	183.8327	1.178079	0.551383	7.176603
17178	-2384.826	-2567.68	182.8541	1.170752	0.435287	7.808915
17184	-2385.96	-2567.311	181.3501	1.270802	0.5125189	8.486117
17190	-2392.842	-2574.682	181.8395	1.12631	0.3778281	8.431632
17196	-2394.086	-2580.934	186.848	1.288022	0.3085007	5.727265
17202	-2400.357	-2585.291	184.934	1.375222	0.3370061	6.686374
17208	-2387.889	-2572.618	184.7285	1.471341	0.2526033	6.853134
17214	-2381.208	-2565.929	184.7208	1.128282	0.4847349	6.783026
17220	-2385.609	-2570.807	185.1985	1.163235	0.4404594	6.547683
17226	-2386.993	-2572.241	185.2478	1.113943	0.4404594	6.547683
17232	-2380.892	-2565.722	184.8299	1.180291	0.5550036	6.634875
17238	-2389.505	-2571.619	182.1135	1.132394	0.2965603	8.376208
17244	-2376.057	-2562.918	186.8608	1.224835	0.4388996	5.609875
17250	-2387.437	-2574.203	186.7658	1.422694	0.3844947	5.609875
17256	-2389.21	-2575.352	186.142	1.232765	0.228529	6.252025
17262	-2380.863	-2568.799	187.9359	1.531218	0.3052836	4.997236
17268	-2391.307	-2578.886	187.5793	1.594857	0.4506734	4.997236
17274	-2384.981	-2572.551	187.5708	1.618589	0.4421822	4.997236
17280	-2388.215	-2577.832	189.617	1.661857	0.1870259	4.156568
17286	-2386.404	-2574.994	188.5899	1.584879	0.3532824	4.54304
17292	-2386.996	-2576.582	189.5863	1.627793	0.3438844	3.965331
17298	-2390.463	-2578.604	188.1413	1.631075	0.4535365	4.660717
17304	-2380.104	-2568.743	188.6396	1.466262	0.4535365	4.473461
17310	-2401.287	-2586.831	185.544	1.314203	0.7497429	6.029111
17316	-2391.579	-2581.269	189.6904	1.494957	0.6492306	3.684803
17322	-2385.089	-2570.004	184.9147	1.456876	0.3960207	6.587351
17328	-2396.905	-2582.612	185.7074	1.304147	0.5437549	6.100932
17334	-2389.151	-2575.656	186.5054	1.426578	0.3902024	5.744388
17340	-2402.247	-2585.687	183.4407	1.180257	0.4212044	7.503883
17346	-2396.466	-2584.327	187.8614	1.465213	0.4982585	4.867002
17352	-2382.389	-2570.105	187.7155	1.558756	0.5305522	4.867002
17358	-2390.373	-2578.326	187.9539	1.638387	0.4593317	4.75578
17364	-2389.939	-2578.348	188.4093	1.52756	0.4917009	4.531618
17370	-2393.05	-2579.39	186.34	1.455706	0.5685797	5.651566
17376	-2393.578	-2575.525	181.9473	1.273304	0.4113126	8.261441
17382	-2397.387	-2580.307	182.92	1.090794	0.4191396	7.832338
17388	-2392.56	-2576.902	184.3417	1.075278	0.4431829	7.054916
17394	-2388.946	-2576.788	187.8419	1.446845	0.4599985	4.924357
17400	-2386.999	-2572.466	185.4668	1.280316	0.3339182	6.453033
17406	-2390.389	-2576.967	186.5783	1.091536	0.520552	5.761574
17412	-2400	-2584.992	184.9916	1.115237	0.3104201	6.827494
17418	-2397.715	-2582.573	184.8585	1.25799	0.3062119	6.827494
17424	-2391.786	-2576.754	184.9684	1.21171	0.4262783	6.659952
17430	-2394.182	-2580.018	185.8359	1.253689	0.6674244	5.96084
17436	-2398.206	-2586.718	188.5119	1.477255	0.6674244	4.354
17442	-2395.172	-2585.271	190.0991	1.591797	0.6412212	3.396887
17448	-2393.249	-2582.754	189.505	1.60406	0.6215599	3.751192
17454	-2377.665	-2563.705	186.04	1.421488	0.5111074	5.883878
17460	-2377.601	-2562.948	185.3475	1.175494	0.3414002	6.565665
17466	-2392.779	-2576.056	183.2774	1.205812	0.2837108	7.732909
17472	-2393.809	-2582.761	188.9528	1.392901	0.3024977	4.509832
17478	-2383.299	-2571.88	188.5808	1.428642	0.4717963	4.509832
17484	-2381.295	-2569.977	188.6825	1.422341	0.5102866	4.419824
17490	-2386.879	-2572.99	186.1111	1.270767	0.4983092	5.938857
17496	-2395.514	-2578.917	183.4036	1.188431	0.3898133	7.551514
17502	-2379.018	-2567.485	188.4663	1.392387	0.394805	4.673346
17508	-2382.513	-2568.138	185.6242	1.498625	0.2101929	6.41696
17514	-2390.15	-2576.967	186.8173	1.487528	0.3848252	5.545663
17520	-2383.438	-2569.859	186.4211	1.427246	0.3848252	5.795976
17526	-2393.783	-2581.411	187.6285	1.465517	0.3491674	5.150522
17532	-2394.71	-2582.494	187.7842	1.34819	0.5325464	4.944237
17538	-2390.451	-2578.571	188.1207	1.44752	0.3789911	4.853034
17544	-2382.285	-2570.495	188.2099	1.401639	0.3577603	4.853034
17550	-2384.258	-2569.973	185.7153	1.215591	0.5179304	6.167128
17556	-2396.553	-2583.488	186.9343	1.415349	0.5432624	5.368313
17562	-2390.167	-2576.869	186.7023	1.297693	0.5195623	5.581374
17568	-2383.78	-2567.927	184.1468	1.245707	0.5928338	6.937657
17574	-2377.444	-2564.855	187.411	1.37366	0.3138633	5.364094
17580	-2372.58	-2561.523	188.9432	1.496158	0.5222471	4.219684
17586	-2382.377	-2568.609	186.2324	1.496158	0.8932012	5.461305
17592	-2375.779	-2563.743	187.9641	1.496158	0.6110536	4.695323
17598	-2379.996	-2567.623	187.6264	1.439387	0.6382545	4.894083
17604	-2384.218	-2573.618	189.4001	1.54821	0.4900953	3.959795
17610	-2383.088	-2572.274	189.1864	1.639889	0.5069626	4.013557
17616	-2366.68	-2556.494	189.8145	1.639889	0.4594372	3.698978
17622	-2361.581	-2549.415	187.8337	1.633329	0.6312226	4.675543
17628	-2381.435	-2568.928	187.4926	1.657367	0.6312226	4.852683
17634	-2393.31	-2579.221	185.9109	1.483943	0.7000073	5.770374
17640	-2387.14	-2571.984	184.8432	1.340934	0.7647614	6.385636
17646	-2394.431	-2582.295	187.8644	1.479158	0.5936159	4.774703
17652	-2401.55	-2590.139	188.5895	1.555356	0.5936159	4.32453
17658	-2398.277	-2585.326	187.0498	1.594187	0.4979306	5.246074
17664	-2394.459	-2580.458	185.9991	1.227274	0.5916358	5.944302
17670	-2398.749	-2583.632	184.8829	1.355822	0.3885984	6.667076
17676	-2410.718	-2595.188	184.4705	1.306363	0.7114957	6.642334
17682	-2380.976	-2568.789	187.8133	1.476225	0.5543076	4.837806
17688	-2392.049	-2578.395	186.3457	1.393226	0.5686616	5.682659
17694	-2397.233	-2584.576	187.3428	1.431023	0.5686616	5.11228
17700	-2392.973	-2581.469	188.496	1.50387	0.5857551	4.412944
17706	-2379.38	-2568.628	189.2482	1.524795	0.5060185	4.044875
17712	-2397.483	-2582.726	185.243	1.133131	0.3691551	6.613761
17718	-2395.385	-2578.44	183.0554	1.307826	0.2763185	7.806653
17724	-2402.412	-2580.834	178.4219	1.026084	0.3170716	10.35778
17730	-2401.698	-2582.505	180.8076	1.026931	0.3170716	9.099801
17736	-2393.418	-2573.128	179.7101	0.7674267	0.3170716	9.816159
17742	-2390.364	-2576.434	186.0697	1.275053	0.2461321	6.242485
17748	-2373.512	-2558.777	185.265	1.340908	0.3496781	6.511226
17754	-2369.224	-2553.119	183.8954	1.176083	0.2985613	7.399078
17760	-2380.534	-2564.476	183.9415	1.152587	0.447432	7.224467
17766	-2382.55	-2566.026	183.4763	1.24324	0.3718656	7.502384
17772	-2392.718	-2577.29	184.5723	1.428764	0.3166655	6.876959
17778	-2392.143	-2578.762	186.6184	1.345966	0.6814097	5.47123
17784	-2396.6	-2584.068	187.4683	1.300228	0.3849002	5.290138
17790	-2395.075	-2584.121	189.0455	1.499794	0.5483082	4.13621
17796	-2393.363	-2582.372	189.0088	1.43063	0.6196474	4.13621
17802	-2407.542	-2596.715	189.1732	1.408408	0.4714415	4.186865
17808	-2401.551	-2590.951	189.3999	1.416035	0.3372924	4.200272
17814	-2390.365	-2580.7	190.3346	1.65427	0.7067761	3.16939
17820	-2376.588	-2566.58	189.9917	1.694947	0.6799469	3.36855
17826	-2396.328	-2586.883	190.5546	1.680615	0.5110166	3.191137
17832	-2396.367	-2586.31	189.9432	1.621978	0.4694693	3.624699
17838	-2399.185	-2587.778	188.5931	1.588148	0.6317413	4.273086
17844	-2407.417	-2593.192	185.7753	1.406469	0.8002057	5.819121
17850	-2396.619	-2582.804	186.1849	1.407585	0.6434855	5.703674
17856	-2403.193	-2588.842	185.6491	1.210583	0.6434855	6.103996
17862	-2398.834	-2585.935	187.1001	1.451169	0.5835769	5.223148
17868	-2390.608	-2577.2	186.5923	1.353259	0.683834	5.479808
17874	-2392.613	-2577.326	184.7129	1.105387	0.4204136	6.861208
17880	-2391.986	-2579.165	187.1791	1.204626	0.4450217	5.439955
17886	-2396.328	-2580.333	184.0044	1.25733	0.7125512	6.919664
17892	-2409.939	-2596.107	186.1682	1.541517	0.2806629	5.996152
17898	-2397.039	-2586.73	189.6908	1.577137	0.4211966	3.846266
17904	-2406.421	-2596.288	189.8665	1.575544	0.452352	3.713304
17910	-2407.53	-2597.678	190.1476	1.680184	0.4274065	3.515657
17916	-2399.362	-2588.897	189.5346	1.561232	0.7284206	3.676283
17922	-2393.452	-2582.69	189.2385	1.588097	0.7284206	3.831598
17928	-2392.194	-2581.889	189.695	1.535003	0.4013145	3.889604
17934	-2397.913	-2584.373	186.4602	1.28225	0.5006026	5.739589
17940	-2401.527	-2589.714	188.1877	1.56371	0.7153381	4.452614
17946	-2396.213	-2584.964	188.7511	1.60334	0.3443355	4.452614
17952	-2394.118	-2582.6	188.4823	1.480102	0.3709272	4.641833
17958	-2397.579	-2585.989	188.4108	1.435616	0.4601636	4.61268
17964	-2382.623	-2570.069	187.4456	1.341126	0.4529117	5.209778
17970	-2385.795	-2573.808	188.0134	1.512049	0.6337873	4.640799
17976	-2386.697	-2574.455	187.7577	1.436737	0.312653	5.139139
17982	-2387.084	-2575.184	188.0998	1.459929	0.6073402	4.642609
17988	-2394.662	-2580.764	186.1019	1.365274	0.6073402	5.800241
17994	-2396.678	-2582.129	185.4517	1.441304	0.2695728	6.455058
18000	-2391.131	-2575.707	184.5756	1.027706	0.2695728	7.151104
18006	-2400.677	-2583.266	182.5888	1.014778	0.4683658	8.002439
18012	-2410.699	-2592.574	181.8751	0.9905032	0.5349918	8.336919
18018	-2403.673	-2588.452	184.779	1.22942	0.4618973	6.718174
18024	-2407.876	-2593.78	185.9035	1.481196	0.2063507	6.2809
18030	-2396.536	-2582.076	185.5404	1.313572	0.6053101	6.136444
18036	-2397.433	-2584.378	186.945	1.444303	0.4987131	5.385932
18042	-2405.466	-2592.822	187.3554	1.476369	0.5672588	5.081335
18048	-2388.403	-2574.568	186.1655	1.604645	0.4991606	5.725702
18054	-2391.658	-2579.342	187.6843	1.510804	0.3772661	5.062439
18060	-2389.277	-2578.605	189.3279	1.572576	0.5533748	3.928991
18066	-2386.322	-2572.942	186.6204	1.497613	0.487474	5.545572
18072	-2393.862	-2578.159	184.2965	1.163836	0.5632314	6.924873
18078	-2383.449	-2570.153	186.7044	1.325474	0.4928901	5.588959
18084	-2390.758	-2577.552	186.7943	1.442817	0.4861159	5.481304
18090	-2389.315	-2575.906	186.5904	1.308979	0.4556275	5.695627
18096	-2381.216	-2566.708	185.4923	1.353932	0.4556275	6.270276
18102	-2386.559	-2571.459	184.8998	1.235748	0.4556275	6.65541
18108	-2381.2	-2566.273	185.0728	1.210792	0.428763	6.60153
18114	-2374.285	-2559.298	185.0128	1.240903	0.3251359	6.730397
18120	-2381.962	-2568.415	186.4531	1.32841	0.4706906	5.745841
18126	-2392.295	-2575.43	183.1349	1.199002	0.5461412	7.544088
18132	-2377.343	-2559.121	181.7781	0.9895838	0.3608814	8.555189
18138	-2383.574	-2566.526	182.9522	1.285809	0.5193783	7.618069
18144	-2388.419	-2571.026	182.6071	1.047784	0.4014478	8.040153
18150	-2385.41	-2570.587	185.1774	1.29882	0.4609513	6.465991
18156	-2400.048	-2585.815	185.7665	1.281768	0.4609513	6.155313
18162	-2395.598	-2582.221	186.6223	1.323307	0.6288231	5.521041
18168	-2389	-2575.886	186.8857	1.522729	0.4334564	5.437825
18174	-2393.065	-2580.317	187.2518	1.610471	0.3933593	5.229149
18180	-2402.694	-2589.867	187.1723	1.396408	0.7387648	5.096651
18186	-2397.76	-2587.008	189.2478	1.515409	0.5084987	4.048135
18192	-2385.255	-2575.165	189.9097	1.45147	0.483669	3.728706
18198	-2387.723	-2575.772	188.0494	1.369816	0.4459431	4.86559
18204	-2383.553	-2571.399	187.8463	1.259074	0.64664	4.86559
18210	-2374.869	-2562.087	187.2177	1.531347	0.6075288	5.094264
18216	-2383.571	-2571.023	187.4523	1.480177	0.6028472	4.996184
18222	-2378.066	-2561.797	183.7305	1.197248	0.4073186	7.353423
18228	-2384.103	-2568.681	184.5785	1.275661	0.4073186	6.855139
18234	-2380.555	-2563.66	183.1046	1.14045	0.3855022	7.741691
18240	-2379.704	-2564.722	185.0184	1.134559	0.4079459	6.693196
18246	-2392.708	-2578.134	185.4256	1.209461	0.3868205	6.45444
18252	-2381.825	-2565.596	183.7713	1.282621	0.3368628	7.362361
18258	-2381.027	-2566.328	185.3013	1.327269	0.3368628	6.513768
18264	-2378.534	-2564.534	186.0003	1.565976	0.3192459	6.025357
18270	-2385.562	-2571.503	185.9406	1.157674	0.5778258	6.025357
18276	-2389.314	-2574.682	185.3679	1.32692	0.4678199	6.340946
18282	-2385.985	-2570.757	184.7724	1.299723	0.4661654	6.679739
18288	-2389.612	-2574.609	184.9969	1.145953	0.4661654	6.641494
18294	-2389.496	-2576.252	186.7555	1.511524	0.4661654	5.483647
18300	-2386.029	-2570.359	184.3297	1.539633	0.2550974	7.02774
18306	-2383.899	-2568.799	184.9	1.20615	0.3491196	6.78212
18312	-2393.632	-2580.191	186.5596	1.321448	0.4322442	5.728681
18318	-2394.848	-2579.327	184.4788	1.374445	0.393331	6.870152
18324	-2386.317	-2571.919	185.6018	1.207942	0.4194015	6.32581
18330	-2393.155	-2582.148	188.993	1.461951	0.596118	4.146706
18336	-2393.624	-2581.816	188.1916	1.244085	0.517527	4.788598
18342	-2390.964	-2579.262	188.298	1.73264	0.5577974	4.419334
18348	-2390.092	-2579.039	188.9471	1.374396	0.4732274	4.332507
18354	-2404.641	-2592.59	187.9495	1.603255	0.2807286	4.981898
18360	-2413.082	-2599.592	186.5099	1.519728	0.382693	5.699004
18366	-2405.239	-2592.057	186.8176	1.644235	0.4370127	5.40486
18372	-2396.897	-2586.293	189.3961	1.591471	0.383243	4.048493
18378	-2391.802	-2579.535	187.7323	1.556113	0.383243	5.004048
18384	-2390.068	-2577.592	187.5241	1.368258	0.3697752	5.238469
18390	-2379.551	-2564.426	184.8751	1.307954	0.3095218	6.787477
18396	-2387.193	-2572.737	185.544	1.273619	0.2330192	6.547514
18402	-2399.188	-2580.654	181.4654	0.9907123	0.2330192	8.880672
18408	-2381.822	-2563.256	181.4343	0.9227403	0.4439891	8.688329
18414	-2377.02	-2560.163	183.1424	1.322647	0.6453967	7.395962
18420	-2392.748	-2579.357	186.6086	1.409972	0.6902251	5.435004
18426	-2393.362	-2579.874	186.5114	1.484062	0.4437625	5.654553
18432	-2375.806	-2561.635	185.8283	1.244757	0.300231	6.317298
18438	-2387.124	-2572.304	185.18	1.218322	0.3719325	6.598707
18444	-2391.975	-2579.391	187.4164	1.275459	0.2984978	5.4347
18450	-2382.944	-2570.33	187.3863	1.500764	0.5507886	5.064657
18456	-2389.305	-2580.575	191.2705	1.524646	0.4774611	2.889501
18462	-2401.001	-2591.356	190.3549	1.524646	0.4966837	3.414606
18468	-2404.007	-2591.955	187.9488	1.400766	0.3641397	4.99146
18474	-2398.949	-2585.284	186.3351	1.255883	0.452262	5.867726
18480	-2395.244	-2583.679	188.4345	1.396269	0.5595405	4.530325
18486	-2395.099	-2582.89	187.7905	1.347158	0.3151733	5.167423
18492	-2384.956	-2568.644	183.6881	1.034935	0.2837557	7.604579
18498	-2377.545	-2563.311	185.7659	1.226757	0.3750238	6.273147
18504	-2382.209	-2568.572	186.3636	1.452176	0.341888	5.862075
18510	-2388.649	-2574.766	186.1172	1.361962	0.2925874	6.106211
18516	-2391.685	-2576.2	184.515	1.143408	0.3779876	6.991511
18522	-2394.981	-2581.445	186.4641	1.607548	0.4644415	5.592673
18528	-2403.621	-2589.747	186.1258	1.329138	0.44377	5.950282
18534	-2398.482	-2584.007	185.525	1.148525	0.4062263	6.413187
18540	-2397.111	-2580.978	183.8666	1.053243	0.4062263	7.358784
18546	-2401.445	-2585.337	183.8924	1.13708	0.3514287	7.358784
18552	-2400.036	-2584.872	184.8355	1.260276	0.3514287	6.785089
18558	-2396.9	-2582.65	185.7503	1.451365	0.4367005	6.09535
18564	-2396.071	-2580.232	184.161	1.27096	0.3501406	7.1441
18570	-2412.773	-2600.918	188.1453	1.435765	0.3018668	4.938243
18576	-2421.747	-2611.224	189.4771	1.630443	0.4626215	3.895491
18582	-2400.003	-2582.365	182.3616	1.236587	0.4295188	8.042253
18588	-2394.398	-2577.05	182.6514	1.111457	0.4057791	7.978141
18594	-2388.555	-2572.207	183.6521	1.302325	0.8148475	7.017837
18600	-2394.076	-2576.063	181.9863	1.176796	0.4414556	8.262442
18606	-2392.533	-2577.01	184.4768	1.140638	0.4046535	6.985473
18612	-2408.629	-2592.991	184.3615	1.419489	0.5999291	6.72247
18618	-2397.727	-2584.744	187.0168	1.385058	0.3868601	5.490099
18624	-2405.374	-2591.818	186.4444	1.501675	0.5983505	5.544742
18630	-2400.857	-2588.079	187.222	1.29498	0.3498624	5.468206
18636	-2406.776	-2590.011	183.2346	1.281733	0.6034394	7.400249
18642	-2392.838	-2577.989	185.151	1.316264	0.4402744	6.490721
18648	-2394.647	-2581.851	187.2049	1.442237	0.4118648	5.328388
18654	-2389.76	-2576.506	186.7464	1.485611	0.3868766	5.583407
18660	-2392.413	-2580.818	188.4053	1.517468	0.6784059	4.383164
18666	-2393.26	-2577.835	184.5742	1.333233	0.5854784	6.66556
18672	-2400.93	-2586.028	185.0972	1.022922	0.453733	6.66556
18678	-2404.008	-2589.331	185.3226	1.136603	0.3913483	6.544877
18684	-2398.252	-2581.32	183.0675	1.034163	0.3395301	7.868863
18690	-2396.695	-2578.8	182.1046	1.135476	0.4212131	8.241187
18696	-2388.856	-2572.395	183.539	1.171199	0.3659169	7.513849
18702	-2381.842	-2568.132	186.2903	1.181533	0.4899805	5.89728
18708	-2382.463	-2568.724	186.2605	1.342167	0.5421676	5.779544
18714	-2386.095	-2570.181	184.0859	1.330834	0.4896509	7.011643
18720	-2398.01	-2584.43	186.4198	1.413712	0.4611951	5.726368
18726	-2390.884	-2574.272	183.388	1.139048	0.4797277	7.498423
18732	-2388.892	-2571.82	182.9286	1.206634	0.558215	7.640447
18738	-2400.239	-2582.53	182.2909	1.166271	0.558215	8.002639
18744	-2402.818	-2588.991	186.173	1.399413	0.6927488	5.678332
18750	-2393.334	-2580.984	187.65	1.340988	0.6059617	4.961173
18756	-2387.537	-2569.119	181.5817	1.026571	0.4295245	8.568899
18762	-2387.549	-2571.402	183.8531	1.052364	0.4295245	7.343121
18768	-2382.471	-2568.105	185.6341	1.271931	0.4186424	6.27426
18774	-2389.821	-2575.318	185.4969	1.267099	0.4186424	6.351363
18780	-2389.894	-2576.086	186.192	1.451438	0.7297582	5.613225
18786	-2395.223	-2584.316	189.0925	1.429427	0.4019715	4.292286
18792	-2390.883	-2575.631	184.748	1.217098	0.4140539	6.788427
18798	-2387.701	-2572.707	185.0063	1.327065	0.5346309	6.477115
18804	-2399.698	-2586.11	186.4119	1.496064	0.4989181	5.650376
18810	-2384.127	-2569.798	185.6708	1.364053	0.8137027	5.890751
18816	-2389.341	-2574.439	185.098	1.402951	0.3269351	6.594569
18822	-2396.504	-2579.385	182.8809	1.087113	0.5987746	7.6975
18828	-2393.61	-2578.572	184.9621	1.386339	0.5091706	6.491067
18834	-2391.584	-2576.402	184.8183	1.303484	0.5091706	6.61378
18840	-2389.46	-2574.469	185.0095	1.36119	0.5744101	6.423739
18846	-2373	-2557.704	184.7034	1.313032	0.7205208	6.506412
18852	-2382.002	-2567.914	185.9116	1.270217	0.3971842	6.146485
18858	-2386.914	-2572.013	185.099	1.333286	0.9343983	6.146485
18864	-2397.529	-2582.412	184.883	1.259182	0.3537686	6.757359
18870	-2394.196	-2579.759	185.5628	1.281539	0.5745329	6.166357
18876	-2394.537	-2580.236	185.699	1.159748	0.5649707	6.166357
18882	-2380.41	-2566.055	185.6446	1.21412	0.5649707	6.166357
18888	-2389.704	-2575.708	186.0046	1.1744	0.6359745	5.935565
18894	-2402.404	-2588.573	186.1693	1.370496	0.6428758	5.732999
18900	-2411.414	-2596.994	185.5805	1.515378	0.3035096	6.300794
18906	-2404.572	-2586.16	181.5882	1.097109	0.5539098	8.417108
18912	-2395.652	-2579.902	184.2499	1.257452	0.3165614	7.142898
18918	-2394.004	-2580.599	186.5946	1.426316	0.4658457	5.619184
18924	-2386.056	-2570.647	184.591	1.21039	0.4658457	6.826258
18930	-2387.647	-2573.455	185.8084	1.198924	0.4136214	6.224355
18936	-2392.332	-2577.515	185.1831	1.269202	0.3936564	6.546185
18942	-2395.149	-2576.18	181.0314	1.101405	0.4263665	8.824216
18948	-2401.426	-2586.08	184.6534	1.074075	0.7418106	6.648269
18954	-2394.902	-2582.172	187.2701	1.353053	0.5065613	5.249724
18960	-2386.424	-2572.046	185.6219	1.220592	0.4644961	6.263876
18966	-2408.338	-2595.392	187.0537	1.445792	0.4644961	5.357179
18972	-2413.331	-2603.489	190.158	1.467948	0.3244287	3.753019
18978	-2401.843	-2590.829	188.9861	1.620923	0.5167243	4.12953
18984	-2402.333	-2589.849	187.5159	1.56118	0.6083623	4.911363
18990	-2403.084	-2588.272	185.1884	1.300274	0.3553996	6.56823
18996	-2391.836	-2576.813	184.9768	1.191325	0.5327184	6.56823
19002	-2393.775	-2578.993	185.2185	1.195539	0.3923587	6.56823
19008	-2393.711	-2578.249	184.538	1.325853	0.4387003	6.818492
19014	-2388.628	-2575.977	187.349	1.406924	0.3408699	5.347122
19020	-2382.749	-2568.184	185.4347	1.245591	0.3678634	6.450546
19026	-2387.58	-2571.975	184.395	1.268367	0.417417	6.94773
19032	-2403.344	-2587.442	184.098	1.190134	0.6258969	6.968235
19038	-2399.769	-2585.901	186.1324	1.204645	0.4729851	5.986632
19044	-2391.48	-2576.122	184.6419	1.097612	0.4896475	6.837684
19050	-2405.008	-2586.629	181.6209	1.132765	0.3901644	8.531313
19056	-2400.276	-2585.335	185.0594	1.228226	0.3544098	6.678087
19062	-2398.96	-2583.33	184.3699	1.178345	0.7028055	6.771885
19068	-2389.181	-2574.778	185.5967	1.140335	0.7028055	6.127516
19074	-2381.585	-2567.292	185.707	1.33207	0.4787184	6.143643
19080	-2388.961	-2573.158	184.1972	1.270593	0.5401163	6.940127
19086	-2384.562	-2568.775	184.2138	1.122987	0.3483631	7.197289
19092	-2393.917	-2575.054	181.137	0.9888614	0.3249148	8.936303
19098	-2393.15	-2573.748	180.5985	1.063995	0.4405565	9.059588
19104	-2386.892	-2569.135	182.2427	1.022625	0.5956533	8.075046
19110	-2388.155	-2571.748	183.593	0.9490924	0.3809757	7.58761
19116	-2380.532	-2563.573	183.0417	0.9791131	0.54644	7.711354
19122	-2388.26	-2572.475	184.2151	1.188852	0.54644	6.9692
19128	-2383.678	-2567.123	183.445	0.9719096	0.4389948	7.595698
19134	-2388.247	-2568.525	180.2775	1.126256	0.3158575	9.328991
19140	-2396.733	-2578.176	181.4434	1.031128	0.3716283	8.699107
19146	-2388.286	-2569.559	181.2728	1.006004	0.4770722	8.699107
19152	-2378.719	-2560.801	182.0826	1.033457	0.3221901	8.414153
19158	-2384.265	-2570.107	185.8418	1.258169	0.5402725	6.055713
19164	-2384.838	-2572.648	187.8101	1.381502	0.3834278	5.057589
19170	-2391.905	-2577.892	185.9875	1.289961	0.3928138	6.09903
19176	-2396.638	-2580.281	183.6428	1.24054	0.5224647	7.269521
19182	-2393.128	-2579.657	186.5294	1.313449	0.4402071	5.7417
19188	-2397.165	-2584.556	187.39	1.617806	0.4402071	5.099933
19194	-2405.097	-2593.209	188.1118	1.668516	0.3162324	4.808965
19200	-2401.682	-2588.836	187.1539	1.438521	0.4697124	5.300936
19206	-2392.447	-2580.007	187.5599	1.588715	0.4115536	5.05123
19212	-2409.191	-2595.864	186.6725	1.421359	0.4115536	5.633089
19218	-2391.509	-2577.268	185.7586	1.399789	0.439354	6.116317
19224	-2406.598	-2590.261	183.6623	1.350706	0.4673034	7.249207
19230	-2396.244	-2581.198	184.9543	1.268681	0.360766	6.705855
19236	-2392.952	-2577.464	184.5123	1.400098	0.6510721	6.612419
19242	-2396.511	-2580.616	184.1051	1.31495	0.6320863	6.892486
19248	-2401.753	-2587.811	186.0587	1.525801	0.6465365	5.705712
19254	-2406.921	-2593.779	186.8573	1.502531	0.4792985	5.420132
19260	-2404.836	-2592.854	188.0182	1.548744	0.4427293	4.78641
19266	-2416.234	-2604.103	187.8691	1.584913	0.4584109	4.833862
19272	-2409.487	-2595.876	186.3895	1.665705	0.7864408	5.348401
19278	-2404.696	-2595.484	190.7877	1.673024	0.4678042	3.100218
19284	-2402.325	-2591.721	189.3956	1.596722	0.7092686	3.750199
19290	-2420.624	-2605.399	184.7741	1.264644	0.2651	6.922736
19296	-2400.25	-2586.342	186.0913	1.34307	0.4508062	5.954678
19302	-2400.185	-2585.689	185.5039	1.489539	0.3799439	6.267387
19308	-2400.6	-2587.098	186.4979	1.643093	0.3269811	5.701808
19314	-2387.743	-2572.644	184.9018	1.339535	0.5681115	6.498944
19320	-2385.777	-2568.657	182.8796	1.107778	0.4457545	7.81882
19326	-2392.778	-2574.738	181.96	0.9966809	0.4457545	8.368146
19332	-2384.296	-2569.113	184.8168	1.360464	0.4457545	6.642365
19338	-2385.113	-2573.123	188.0103	1.472679	0.4852065	4.791965
19344	-2390.676	-2577.978	187.3018	1.394085	0.6046606	5.126011
19350	-2393.413	-2581.879	188.4663	1.610032	0.5729388	4.380581
19356	-2402.007	-2590.951	188.9445	1.504386	0.7610982	4.024694
19362	-2397.942	-2588.225	190.2834	1.787089	0.7020337	3.124523
19368	-2394.111	-2584.494	190.3824	1.688093	0.7020337	3.124523
19374	-2399.66	-2589.741	190.0808	1.708811	0.6737575	3.312879
19380	-2393.212	-2583.559	190.3469	1.68205	0.7469327	3.115333
19386	-2394.318	-2583.597	189.2794	1.663015	0.9612395	3.61158
19392	-2401.195	-2582.91	181.7152	1.085116	0.6276851	8.298248
19398	-2387.552	-2571.203	183.6508	1.168764	0.5809551	7.255238
19404	-2401.361	-2591.063	189.7013	1.502405	0.6661113	3.660931
19410	-2394.341	-2584.288	189.9465	1.636118	0.7071117	3.408711
19416	-2399.381	-2589.506	190.1247	1.636118	0.7071117	3.304011
19422	-2385	-2569.887	184.8873	1.136456	0.3793745	6.793067
19428	-2395.523	-2577.619	182.0954	1.194028	0.5979133	8.060472
19434	-2390.16	-2574.812	184.6519	1.111776	0.4738275	6.839153
19440	-2391.092	-2576.681	185.5894	1.284653	0.3540004	6.360974
19446	-2396.118	-2580.603	184.4853	1.143619	0.3540004	7.033804
19452	-2388.55	-2576.987	188.4371	1.265471	0.4255476	4.728121
19458	-2391.805	-2577.136	185.3315	1.198097	0.4056454	6.491792
19464	-2390.883	-2576.57	185.6869	1.236687	0.5021433	6.18511
19470	-2399.374	-2585.945	186.5718	1.409788	0.4291881	5.676656
19476	-2388.768	-2575.335	186.5672	1.392172	0.5106264	5.611651
19482	-2389.845	-2576.475	186.6305	1.363519	0.4677325	5.632145
19488	-2383.551	-2570.443	186.8918	1.278427	0.5510167	5.460529
19494	-2391.654	-2578.471	186.8175	1.352693	0.5510167	5.460529
19500	-2398.607	-2582.731	184.1239	1.200525	0.5749539	6.988584
19506	-2401.368	-2589.237	187.8685	1.442536	0.3836737	4.990974
19512	-2391.207	-2579.265	188.0579	1.661885	0.3836737	4.763265
19518	-2395.375	-2583.239	187.8642	1.258117	0.4761892	5.001347
19524	-2395.878	-2582.033	186.1547	1.288058	0.4129105	5.987905
19530	-2397.91	-2587.72	189.8108	1.748552	0.8798366	3.30155
19536	-2387.187	-2577.221	190.0333	1.649557	0.5962075	3.439135
19542	-2389.767	-2577.028	187.2613	1.344274	0.5055172	5.26036
19548	-2396.998	-2584.162	187.1642	1.344274	0.4217647	5.394609
19554	-2399.253	-2586.119	186.8659	1.159445	0.3154302	5.779211
19560	-2397.022	-2582.519	185.4974	1.257034	0.6325642	6.169553
19566	-2394.161	-2581.174	187.0131	1.261102	0.6325642	5.337177
19572	-2396.977	-2585.228	188.2513	1.387299	0.5460733	4.6498
19578	-2393.833	-2582.069	188.2361	1.424831	0.4509277	4.725677
19584	-2391.12	-2580.734	189.6144	1.512418	0.5516166	3.800545
19590	-2403.623	-2590.835	187.2119	1.395487	0.5725828	5.201163
19596	-2395.262	-2581.635	186.3726	1.418483	0.4656373	5.745379
19602	-2391.55	-2575.225	183.6749	1.00376	0.4656373	7.430163
19608	-2398.525	-2580.154	181.6288	1.161384	0.5500275	8.364555
19614	-2401.989	-2585.793	183.804	1.251543	0.4090909	7.283058
19620	-2411.528	-2598.209	186.681	1.326711	0.4125393	5.679348
19626	-2400.631	-2587.583	186.952	1.31391	0.413452	5.536677
19632	-2414.397	-2601.1	186.7031	1.433287	0.7846288	5.304771
19638	-2413.759	-2602.981	189.2218	1.446648	0.7140149	3.932838
19644	-2402.483	-2589.173	186.6901	1.445319	0.7140149	5.353592
19650	-2412.096	-2598.589	186.4928	1.432119	0.7070744	5.474471
19656	-2412.547	-2599.891	187.3445	1.335971	0.3914769	5.331594
19662	-2404.526	-2589.606	185.0805	1.150453	0.3673549	6.694244
19668	-2416.997	-2599.882	182.8843	1.211753	0.4043374	7.801741
19674	-2398.829	-2582.323	183.4934	1.174209	0.4043374	7.495979
19680	-2421.491	-2606.061	184.5702	1.18577	0.2704227	7.067851
19686	-2419.734	-2608.593	188.8589	1.556936	0.2067408	4.610138
19692	-2423.64	-2607.801	184.1615	1.288488	0.4060981	7.074143
19698	-2411.921	-2598.171	186.2505	1.459991	0.3180444	5.948121
19704	-2399.87	-2585.201	185.3312	1.454535	0.3899482	6.369388
19710	-2403.652	-2585.121	181.4688	1.143805	0.3899482	8.606482
19716	-2408.196	-2593.553	185.3572	1.270314	0.4581662	6.386582
19722	-2404.309	-2586.017	181.7081	1.199717	0.4247291	8.41445
19728	-2396.673	-2578.45	181.7773	1.0508	0.4936063	8.392551
19734	-2394.672	-2576.468	181.7959	1.011723	0.5710415	8.338182
19740	-2394.911	-2579.132	184.2215	1.17354	0.4661193	7.044921
19746	-2400.973	-2583.754	182.7816	1.217118	0.4078986	7.8501
19752	-2405.04	-2591.566	186.5261	1.289731	0.3178041	5.890891
19758	-2395.232	-2580.907	185.6745	1.326073	0.537355	6.112404
19764	-2398.823	-2583.644	184.8209	1.273786	0.6404328	6.521682
19770	-2396.795	-2579.734	182.9387	1.197487	0.7747585	7.482806
19776	-2403.58	-2587.173	183.5932	1.14351	0.3815035	7.482806
19782	-2401.299	-2587.286	185.9876	1.379929	0.6299385	5.83715
19788	-2406.111	-2589.459	183.3478	1.27577	0.6572465	7.302186
19794	-2394.782	-2579.156	184.374	1.267871	0.5328656	6.852403
19800	-2385.089	-2569.512	184.4232	1.218725	0.5328656	6.852403
19806	-2382.324	-2570.011	187.6867	1.398411	0.4745661	5.023538
19812	-2390.312	-2578.285	187.9731	1.489095	0.4105972	4.877893
19818	-2396.3	-2579.424	183.1248	1.263084	0.6264736	7.451499
19824	-2389.329	-2573.915	184.5861	1.188626	0.3761685	6.930806
19830	-2389.578	-2573.657	184.0796	1.358851	0.5704536	6.930806
19836	-2388.667	-2574.93	186.263	1.358851	0.5747025	5.741825
19842	-2392.393	-2580.366	187.9724	1.345727	0.6931374	4.711935
19848	-2392.581	-2582.207	189.6253	1.774626	1.132086	3.246969
19854	-2396.11	-2586.567	190.4566	1.839108	0.7254305	2.971879
19860	-2399.717	-2590.601	190.8842	1.839392	0.6526239	2.770858
19866	-2388.322	-2578.231	189.9087	1.570638	0.7412895	3.443764
19872	-2399.824	-2588.369	188.5451	1.547723	0.4579881	4.476399
19878	-2406.807	-2593.894	187.0874	1.398834	0.7744269	5.118084
19884	-2385.901	-2573.281	187.3792	1.473235	0.5118181	5.118084
19890	-2387.268	-2575.261	187.9931	1.492761	0.8087855	4.537615
19896	-2403.118	-2591.938	188.82	1.671832	0.8599086	3.934036
19902	-2386.74	-2573.252	186.5127	1.377802	0.8599086	5.392335
19908	-2387.207	-2574.084	186.8772	1.396579	0.5642202	5.392335
19914	-2395.911	-2581.502	185.5912	1.439961	0.5955718	6.047672
19920	-2389.019	-2573.498	184.4795	1.445399	0.5955718	6.6481
19926	-2390.701	-2576.311	185.61	1.325315	0.4886822	6.19093
19932	-2401.477	-2588.051	186.5738	1.662469	0.4185106	5.547711
19938	-2389.342	-2573.701	184.3588	1.219691	0.4649737	6.947225
19944	-2381.974	-2566.332	184.3574	1.214049	0.428783	6.98585
19950	-2392.65	-2577.052	184.4019	1.258846	0.3820875	6.98585
19956	-2387.22	-2573.033	185.813	1.446517	0.4496409	6.051163
19962	-2384.432	-2570.48	186.0482	1.530345	0.5544771	5.782354
19968	-2380.906	-2568.777	187.8712	1.385764	0.5791289	4.83498
19974	-2381.361	-2569.046	187.6852	1.398028	0.4268224	5.071698
19980	-2395.625	-2582.132	186.5071	1.225793	0.47016	5.772972
19986	-2397.057	-2582.188	185.1302	1.320285	0.3718162	6.570646
19992	-2424.289	-2611.398	187.1088	1.288331	0.3956147	5.483269
19998	-2411.081	-2596.704	185.6227	1.214805	0.5320159	6.205722
20004	-2400.099	-2586.76	186.661	1.355808	0.6494261	5.46614
20010	-2403.33	-2587.205	183.875	1.150952	0.503893	7.20912
20016	-2402.631	-2588.487	185.8563	1.268399	0.6383202	5.963419
20022	-2389.579	-2574.218	184.6389	1.195072	0.8558233	6.517667
20028	-2392.731	-2577.755	185.0236	1.22329	0.4768994	6.57526
20034	-2388.041	-2574.125	186.0846	1.233537	0.6756525	5.82996
20040	-2401.795	-2590.551	188.7559	1.640295	0.9317042	3.944159
20046	-2408.257	-2598.6	190.3435	1.607552	0.5286433	3.342189
20052	-2412.934	-2600.869	187.9352	1.607552	0.8578162	4.474048
20058	-2399.734	-2587.578	187.8435	1.597524	0.95219	4.474048
20064	-2395.135	-2582.581	187.4463	1.391007	0.8013193	4.905242
20070	-2381.983	-2572.139	190.1563	1.467676	0.5799695	3.487501
20076	-2383.601	-2573.778	190.1775	1.721218	0.526316	3.375116
20082	-2382.551	-2573.613	191.0623	1.721218	0.5699036	2.806713
20088	-2398.196	-2587.828	189.6315	1.547351	0.591931	3.735568
20094	-2404.008	-2593.708	189.7001	1.559692	0.2454337	4.0723
20100	-2399.28	-2590.031	190.7502	1.704154	0.6416963	2.943176
20106	-2397.143	-2587.455	190.3113	1.761022	0.9634464	2.943176
20112	-2385.238	-2575.866	190.6287	1.761022	0.6895384	2.943176
20118	-2392.722	-2580.016	187.2945	1.464926	0.5241292	5.158633
20124	-2393.821	-2583.449	189.6283	1.64187	0.4372302	3.828011
20130	-2387.468	-2576.763	189.2952	1.66132	0.8061479	3.702119
20136	-2392.023	-2581.938	189.9154	1.719243	0.8264378	3.292653
20142	-2399.425	-2588.095	188.6701	1.490288	0.8264378	4.144864
20148	-2397.489	-2586.526	189.0369	1.439856	0.583445	4.144864
20154	-2395.576	-2582.86	187.2843	1.330013	0.7505608	5.063246
20160	-2393.813	-2582.06	188.247	1.499533	0.6047866	4.539912
20166	-2396.937	-2587.967	191.0299	1.772925	0.7286365	2.661048
20172	-2392.131	-2583.36	191.2292	1.714044	0.6235268	2.661048
20178	-2389.051	-2580.811	191.7594	1.830013	0.6096311	2.26796
20184	-2391.709	-2582.171	190.4623	1.80905	0.706296	3.001184
20190	-2391.653	-2581.602	189.949	1.706558	0.6026346	3.449622
20196	-2390.13	-2577.794	187.664	1.569158	0.5289923	4.891258
20202	-2391.233	-2579.463	188.2301	1.748939	1.165687	4.053158
20208	-2394.322	-2581.956	187.6341	1.736001	1.498746	4.246549
20214	-2396.332	-2582.568	186.2368	1.736001	0.3512186	5.765363
20220	-2394.646	-2581.349	186.7031	1.283305	0.5756778	5.541019
20226	-2384.9	-2572.66	187.76	1.361547	0.4261004	5.051181
20232	-2391.764	-2575.545	183.7807	1.432751	0.183731	7.488799
20238	-2386.964	-2572.388	185.424	1.38379	0.5546412	6.202653
20244	-2384.724	-2570.102	185.3781	1.429754	0.5546412	6.202653
20250	-2391.568	-2578.782	187.2141	1.30903	0.5243296	5.289115
20256	-2390.568	-2574.922	184.3546	1.292	0.2421232	7.165854
20262	-2385.336	-2571.295	185.9592	1.318418	0.3447252	6.152282
20268	-2388.316	-2572.501	184.1843	1.234446	0.3447252	7.157396
20274	-2392.58	-2574.824	182.2443	1.025615	0.6078512	8.063168
20280	-2379.069	-2561.65	182.5816	1.016098	0.5956133	7.897805
20286	-2382.72	-2563.404	180.6839	1.175765	0.7504324	8.711999
20292	-2387.172	-2570.783	183.6112	1.034033	0.4265695	7.485588
20298	-2384.022	-2568.807	184.7859	1.121673	0.4887405	6.74782
20304	-2377.94	-2561.833	183.8933	1.266396	0.4887405	7.150733
20310	-2388.718	-2576.674	187.9559	1.289509	0.3784651	5.033181
20316	-2396.004	-2582.051	186.047	1.301757	0.4180743	6.03391
20322	-2390.705	-2575.693	184.9873	1.258149	0.4010269	6.650356
20328	-2397.992	-2584.564	186.5726	1.164586	0.4197154	5.820111
20334	-2381.764	-2569.359	187.5946	1.447628	0.4362236	5.084881
20340	-2384.877	-2569.959	185.082	1.202789	0.4852104	6.547074
20346	-2382.36	-2570.642	188.2822	1.431427	0.6244777	4.542579
20352	-2383.232	-2567.901	184.6682	1.312164	0.6244777	6.595654
20358	-2381.558	-2563.77	182.2117	1.213518	0.3295137	8.241088
20364	-2389.821	-2571.996	182.175	1.063152	0.4223337	8.241088
20370	-2381.889	-2564.097	182.208	1.049773	0.4118745	8.241088
20376	-2386.829	-2568.541	181.7119	1.085573	0.3172996	8.589181
20382	-2381.97	-2566.81	184.84	1.120084	0.5496341	6.666442
20388	-2384.156	-2570.546	186.3907	1.167655	0.5653604	5.784303
20394	-2382.512	-2572.457	189.9448	1.485632	0.4079728	3.767032
20400	-2387.908	-2573.85	185.9421	1.197661	0.3082391	6.271049
20406	-2389.77	-2576.388	186.6176	1.426734	0.3749342	5.699449
20412	-2389.453	-2573.669	184.2159	1.140106	0.6644547	6.902969
20418	-2391.692	-2575.598	183.9059	1.282074	0.8551946	6.867147
20424	-2382.708	-2567.255	184.5463	1.270502	0.4153241	6.867147
20430	-2384.929	-2569.828	184.8994	1.141463	0.5044052	6.661759
20436	-2388.334	-2572.8	184.4656	1.296989	0.6947916	6.661759
20442	-2389.004	-2577.249	188.2444	1.367292	0.620542	4.6029
20448	-2396.548	-2585.451	188.9037	1.426788	0.4941664	4.307352
20454	-2389.069	-2572.589	183.5205	1.209766	0.5503801	7.328057
20460	-2389.225	-2573.473	184.2482	1.172387	0.3929467	7.10357
20466	-2407.56	-2593.995	186.4346	1.292991	0.2806023	5.986526
20472	-2394.919	-2578.788	183.8691	1.354437	0.3155766	7.296543
20478	-2386.606	-2571.713	185.1071	1.31388	0.270289	6.709489
20484	-2392.27	-2577.359	185.0898	1.253933	0.3684479	6.632107
20490	-2396.507	-2583.251	186.7443	1.506774	0.3694047	5.592153
20496	-2394.853	-2582.626	187.7727	1.488652	0.3235076	5.088536
20502	-2396.906	-2585.764	188.8572	1.786222	0.4229299	4.201028
20508	-2388.433	-2577.408	188.9749	1.790829	0.5244311	4.032022
20514	-2389.837	-2579.38	189.543	1.49934	0.3703395	4.032022
20520	-2391.642	-2580.643	189.0008	1.402768	0.4015422	4.359682
20526	-2393.143	-2581.553	188.4098	1.501549	0.7191114	4.359682
20532	-2394.639	-2583.255	188.6163	1.566211	0.5602182	4.331516
20538	-2392.882	-2578.858	185.9759	1.362691	0.414686	6.042917
20544	-2393.385	-2581.378	187.9925	1.35555	0.4167174	4.935014
20550	-2388.043	-2576.406	188.3632	1.649475	0.435822	4.543748
20556	-2383.838	-2571.226	187.3876	1.347955	0.435822	5.255052
20562	-2388.545	-2571.762	183.2179	1.152228	0.421673	7.637716
20568	-2404.18	-2591.066	186.8854	2.122909	0.1672047	5.460002
20574	-2402.664	-2588.56	185.896	1.949055	0.1672047	6.096768
20580	-2397.871	-2585.928	188.057	2.254435	0.1716692	4.729239
20586	-2396.726	-2582.911	186.1846	1.648775	0.2737878	5.937903
20592	-2403.691	-2585.172	181.4808	1.016602	0.4273604	8.629897
20598	-2406.314	-2589.9	183.5861	1.60821	0.3624365	7.258024
20604	-2395.2	-2583.197	187.9968	1.440423	0.4226652	4.879188
20610	-2382.989	-2568.39	185.4007	1.266506	0.3864681	6.437417
20616	-2383.093	-2568.957	185.864	1.352999	0.5084475	6.019673
20622	-2380.378	-2565.179	184.8006	1.143551	0.2530882	6.990276
20628	-2373.416	-2556.484	183.0679	1.22411	0.4423892	7.659237
20634	-2396.031	-2579.409	183.3779	1.235256	0.672717	7.296587
20640	-2395.547	-2579.32	183.7722	1.155125	0.5191838	7.248718
20646	-2392.354	-2574.242	181.8874	0.9820274	0.4556767	8.405146
20652	-2386.655	-2571.414	184.7584	1.347553	0.4674188	6.660272
20658	-2384.977	-2572.334	187.3569	1.20211	0.4644587	5.324377
20664	-2377.081	-2561.816	184.7354	1.136356	0.4644587	6.789561
20670	-2377.839	-2562.119	184.2802	1.360857	0.3562608	7.024743
20676	-2370.952	-2555.376	184.424	1.191821	0.368479	7.024743
20682	-2369.821	-2553.379	183.5572	1.088466	0.5650975	7.361372
20688	-2376.959	-2559.46	182.5016	1.1029	0.5039134	7.969983
20694	-2372.095	-2555.94	183.8447	1.222533	0.3281159	7.365423
20700	-2364.969	-2551.301	186.3323	1.507131	0.3154726	5.880855
20706	-2376.612	-2562.348	185.7358	1.253697	0.4517833	6.1961
20712	-2380.245	-2565.333	185.0879	1.284236	0.4517833	6.53112
20718	-2404.925	-2589.874	184.9499	1.33321	0.3395514	6.697534
20724	-2398.957	-2584.55	185.5931	1.245383	0.3925321	6.337998
20730	-2392.231	-2576.607	184.376	1.126682	0.4821446	6.972212
20736	-2398.421	-2586.239	187.8177	1.232316	0.3257041	5.202928
20742	-2388.791	-2575.544	186.753	1.508165	0.3354842	5.625699
20748	-2403.393	-2590.343	186.9498	1.329998	0.5132572	5.433109
20754	-2390.743	-2575.692	184.9487	1.202628	0.3547482	6.751345
20760	-2389.015	-2576.91	187.8955	1.549976	0.3429213	4.962859
20766	-2385.368	-2567.551	182.1829	1.083314	0.5513639	8.110037
20772	-2391.316	-2574.383	183.0664	1.105037	0.3864288	7.78002
20778	-2394.227	-2579.552	185.3249	1.169833	0.3864288	6.53085
20784	-2396.94	-2584.624	187.684	1.294211	0.5087212	5.051155
20790	-2393.376	-2579.038	185.662	1.258076	0.5928881	6.110294
20796	-2391.615	-2578.513	186.8985	1.364664	0.5290369	5.428286
20802	-2384.118	-2571.946	187.8284	1.312237	0.7293765	4.785042
20808	-2406.98	-2590.249	183.2693	1.222195	0.3776131	7.618251
20814	-2386.042	-2571.631	185.5892	1.262415	0.3872993	6.336439
20820	-2376.767	-2558.209	181.4423	1.06736	0.3872993	8.663867
20826	-2385.343	-2568.865	183.5224	1.111617	0.3872993	7.53166
20832	-2381.13	-2567.309	186.1797	1.125748	0.4620377	6.014203
20838	-2381.28	-2566.94	185.6608	1.125748	0.4081701	6.34987
20844	-2386.826	-2574.015	187.1889	1.373872	0.3504662	5.442332
20850	-2384.84	-2572.155	187.3148	1.486548	0.5176457	5.141158
20856	-2392.948	-2579.716	186.7687	1.514843	0.4838329	5.457881
20862	-2395.406	-2578.721	183.315	1.170573	0.4229749	7.574639
20868	-2393.309	-2578.919	185.61	1.394523	0.4989808	6.143943
20874	-2381.546	-2562.444	180.898	1.422221	0.2462443	8.93385
20880	-2401.429	-2579.032	177.6034	1.328773	0.190508	10.80204
20886	-2398.911	-2583.118	184.2073	1.159288	0.6053985	6.941728
20892	-2383.513	-2568.285	184.7717	1.534847	0.5693484	6.462607
20898	-2383.362	-2569.076	185.7137	1.540434	0.4427153	6.060863
20904	-2382.963	-2568.809	185.8458	1.279739	0.5182432	6.060863
20910	-2385.148	-2570.378	185.2297	1.311994	0.3692275	6.52412
20916	-2380.587	-2566.433	185.8453	1.361636	0.443884	6.085391
20922	-2385.36	-2572.366	187.006	1.5277	0.4506331	5.351797
20928	-2392.552	-2577.761	185.2091	1.243719	0.5497201	6.399592
20934	-2388.057	-2570.326	182.2691	1.119678	0.3772713	8.20718
20940	-2385.145	-2571.452	186.3068	1.288301	0.35698	5.965216
20946	-2396.991	-2578.731	181.7396	1.170837	0.6054167	8.256512
20952	-2396.552	-2583.417	186.8655	1.61743	0.6465814	5.21116
20958	-2401.579	-2588.995	187.4159	1.324513	0.4781714	5.21116
20964	-2395.139	-2578.546	183.4068	1.374554	0.7395083	7.159808
20970	-2398.165	-2582.459	184.2934	1.437964	0.4851308	6.846188
20976	-2400.054	-2583.453	183.3989	1.354676	0.4851308	7.372108
20982	-2385.426	-2571.689	186.2634	1.343248	0.3346768	5.984758
20988	-2390.416	-2576.633	186.2174	1.502452	0.2851393	5.984758
20994	-2391.633	-2579.83	188.1971	1.719902	0.2851393	4.773043
21000	-2396.38	-2584.158	187.7784	1.608332	0.4338361	4.895846
21006	-2390.271	-2577.948	187.677	1.709729	0.4338361	4.895846
21012	-2385.077	-2572.563	187.4864	1.480107	0.4338361	5.129238
21018	-2373.914	-2560.049	186.1353	1.434528	0.4338361	5.897348
21024	-2378.231	-2561.521	183.2897	1.256968	0.444874	7.520532
21030	-2383.299	-2570.676	187.377	1.410766	0.4186678	5.243632
21036	-2380.157	-2567.835	187.6784	1.378025	0.4878201	5.026938
21042	-2376.322	-2563.997	187.6751	1.413724	0.4688472	5.026938
21048	-2377.083	-2562.581	185.4975	1.286224	0.4688472	6.291695
21054	-2377.433	-2564.427	186.9945	1.289167	0.4305818	5.509379
21060	-2381.309	-2567.061	185.7518	1.369218	0.4294593	6.146451
21066	-2400.571	-2585.703	185.1319	1.266561	0.7047954	6.310177
21072	-2382.007	-2565.42	183.4135	1.205263	0.4532369	7.473956
21078	-2381.879	-2567.533	185.6532	1.495838	0.4532369	6.107893
21084	-2394.659	-2580.149	185.4904	1.351713	0.2621063	6.492809
21090	-2391.749	-2574.479	182.7302	1.328263	0.3077299	7.929609
21096	-2389.734	-2577.256	187.5219	1.237672	0.3246794	5.364575
21102	-2394.547	-2580.164	185.6168	1.295029	0.3760975	6.315878
21108	-2390.194	-2577.227	187.0334	1.505569	0.3760975	5.426414
21114	-2391.295	-2576.9	185.6052	1.409354	0.4610632	6.173557
21120	-2392.019	-2578.915	186.896	1.308991	0.4276118	5.55565
21126	-2390.889	-2574.979	184.09	1.192065	0.4371031	7.133403
21132	-2394.185	-2575.648	181.463	1.120474	0.4477985	8.5645
21138	-2402.286	-2590.063	187.7775	1.618945	0.4461642	4.87802
21144	-2406.298	-2590.621	184.323	1.383937	0.4487071	6.893436
21150	-2410.745	-2600.718	189.9723	1.550584	0.5508582	3.572127
21156	-2408.828	-2597.658	188.8293	1.44321	0.6931011	4.174167
21162	-2414.203	-2596.967	182.7645	1.229829	0.641706	7.650835
21168	-2405.092	-2588.355	183.2626	1.185494	0.3893675	7.629036
21174	-2401.815	-2585.949	184.1331	1.330978	0.534427	6.94692
21180	-2402.822	-2588.119	185.2972	1.211921	0.3341693	6.581595
21186	-2392.572	-2578.761	186.1892	1.326868	0.3341693	6.034783
21192	-2415.536	-2601.133	185.5973	1.280743	0.2836979	6.444361
21198	-2405.215	-2582.559	177.3441	0.8904481	0.3316644	10.97739
21204	-2399.329	-2583.167	183.8373	1.230351	0.340064	7.35126
21210	-2388.594	-2571.671	183.0772	1.333179	0.323455	7.722695
21216	-2384.414	-2570.19	185.7765	1.230079	0.5117555	6.131414
21222	-2381.623	-2565.791	184.1679	1.347827	0.4720083	6.974468
21228	-2391.041	-2578.006	186.9651	1.305193	0.1928597	5.82022
21234	-2392.515	-2579.766	187.2513	1.576568	0.2772327	5.387796
21240	-2386.987	-2573.109	186.1215	1.312002	0.4613321	5.944989
21246	-2386.448	-2572.165	185.7164	1.312002	0.5863576	6.056533
21252	-2381.106	-2567.35	186.2443	1.389756	0.3452977	5.957378
21258	-2396.882	-2583.727	186.8452	1.384414	0.365693	5.608113
21264	-2391.633	-2578.166	186.5326	1.371015	0.5497644	5.608113
21270	-2393.389	-2580.136	186.747	1.378316	0.4190364	5.608113
21276	-2386.868	-2573.461	186.5931	1.353706	0.4683993	5.657421
21282	-2393.217	-2580.864	187.6473	1.454565	0.5733685	4.926174
21288	-2399.095	-2587.355	188.2599	1.546321	0.2635691	4.864554
21294	-2398.65	-2584.309	185.6589	1.509904	0.4822829	6.06968
21300	-2402.073	-2589.954	187.8803	1.448734	0.606177	4.772621
21306	-2398.339	-2585.992	187.6528	1.423727	0.6334506	4.891833
21312	-2395.666	-2583.152	187.4856	1.533295	0.6756605	4.891833
21318	-2389.285	-2576.503	187.2179	1.473057	0.6756605	5.074078
21324	-2397.397	-2586.022	188.6254	1.554005	0.8314696	4.130765
21330	-2402.068	-2587.266	185.198	1.175988	0.3300728	6.65954
21336	-2403.955	-2589.09	185.1353	1.226821	0.8159376	6.255876
21342	-2399.323	-2588.659	189.3361	1.547684	0.559683	3.933047
21348	-2397.199	-2586.056	188.8576	1.440981	0.7478573	4.119683
21354	-2400.877	-2585.024	184.1471	1.289287	0.3744854	7.114763
21360	-2394.761	-2577.394	182.6327	1.335953	0.4685967	7.807393
21366	-2390.435	-2576.787	186.3521	1.46447	0.581582	5.629419
21372	-2392.038	-2578.328	186.2901	1.341361	0.477757	5.821344
21378	-2399.962	-2586.42	186.4572	1.167888	0.481487	5.821344
21384	-2402.924	-2586.962	184.0377	1.16119	0.4416004	7.173769
21390	-2394.425	-2580.98	186.5554	1.439831	0.2975855	5.818164
21396	-2386.809	-2573.295	186.4862	1.460216	0.3692062	5.759416
21402	-2391.902	-2578.16	186.2579	1.282592	0.608221	5.759416
21408	-2390.16	-2575.828	185.6685	1.297416	0.3175854	6.353904
21414	-2398.271	-2583.332	185.0608	1.707682	0.4917507	6.278829
21420	-2398.633	-2587.16	188.527	1.653521	0.3318318	4.565564
21426	-2399.106	-2584.506	185.3998	1.385578	0.5228757	6.241946
21402	-2484.787	-2671.509	186.722	2.162498	3.042919	4.043604
21408	-2454.334	-2641.976	187.6428	2.162498	3.042919	3.512821
21414	-2397.756	-2583.938	186.1827	1.22034	0.2668984	6.181764
21420	-2395.301	-2581.045	185.7434	1.22034	0.628013	6.059031
21426	-2397.34	-2578.888	181.548	1.238524	0.628013	8.305319
21432	-2393.945	-2579.992	186.047	1.196985	0.4173349	6.091729
21438	-2389.132	-2573.645	184.5124	1.14498	0.4173349	6.951002
21444	-2392.631	-2576.693	184.062	1.372134	0.5487112	6.951002
21450	-2390.193	-2575.699	185.5061	1.243279	0.4262673	6.35165
21456	-2390.214	-2574.858	184.6447	1.256968	0.4697136	6.768529
21462	-2397.577	-2582.092	184.5151	1.147926	0.4697136	6.897229
21468	-2392.944	-2577.225	184.2805	1.382519	0.4697136	6.897229
21474	-2377.056	-2563.68	186.6231	1.382519	0.4258919	5.666814
21480	-2401.697	-2588.23	186.5326	1.397106	0.4683537	5.666814
21486	-2396.811	-2584.617	187.8065	1.442077	0.4683537	4.938625
21492	-2381.417	-2569.805	188.3877	1.518659	0.6099529	4.445804
21498	-2384.402	-2572.6	188.1981	1.598231	0.6899994	4.445804
21504	-2392.23	-2582.284	190.0536	1.654794	0.4756171	3.535342
21510	-2380.196	-2570.499	190.3024	1.657752	0.5873949	3.283825
21516	-2373.508	-2564.099	190.5904	1.695706	0.3941576	3.283825
21522	-2380.003	-2570.612	190.6098	1.676379	0.3941576	3.283825
21528	-2374.108	-2563.66	189.5515	1.592118	0.415504	3.923711
21534	-2386.187	-2574.142	187.9548	1.655878	0.9247193	4.394683
21540	-2388.951	-2579.414	190.4632	1.565569	0.4544497	3.369504
21546	-2388.853	-2579.121	190.2679	1.691921	0.5691697	3.300087
21552	-2392.315	-2583.477	191.1625	1.75595	0.3938535	2.907064
21558	-2387.899	-2578.121	190.2223	1.675044	0.5955346	3.313792
21564	-2394.73	-2584.553	189.8233	1.745614	0.5821975	3.517719
21570	-2400.235	-2589.65	189.4155	1.717535	0.385435	3.962905
21576	-2396.255	-2585.818	189.5625	1.572561	0.385435	3.961795
21582	-2411.655	-2598.163	186.5079	1.577904	0.4028635	5.646632
21588	-2404.479	-2587.898	183.419	1.151889	0.4028635	7.549261
21594	-2429.092	-2612.258	183.1661	1.012676	0.4028635	7.759023
21600	-2408.192	-2594.732	186.5405	1.654932	0.6758749	5.348004
21606	-2384.49	-2570.932	186.4414	1.448457	0.45819	5.698399
21612	-2378.658	-2565.201	186.5431	1.528058	0.3626871	5.698399
21618	-2383.033	-2568.823	185.7905	1.38871	0.3626871	6.185354
21624	-2378.401	-2562.419	184.0184	1.260282	0.5187087	7.060242
21630	-2390.265	-2575.411	185.1461	1.324655	0.3476724	6.586731
21636	-2389.426	-2574.776	185.35	1.395388	0.5165236	6.269225
21642	-2390.67	-2577.173	186.5026	1.274944	0.439802	5.777853
21648	-2395.805	-2584.253	188.4485	1.457912	0.4141174	4.625953
21654	-2399.363	-2585.463	186.0995	1.457912	0.4355149	5.902454
21660	-2399.06	-2588.487	189.4273	1.669347	0.5897149	3.784871
21666	-2394.139	-2583.67	189.5311	1.612734	0.5583102	3.784871
21672	-2398.154	-2588.782	190.6271	1.818845	0.7911515	2.832346
21678	-2381.65	-2572.753	191.103	1.915628	0.6826097	2.564443
21684	-2390.331	-2582.056	191.7259	1.904937	0.6826097	2.176277
21690	-2391.896	-2584.338	192.4424	1.904937	0.4075989	1.98984
21696	-2386.881	-2579.323	192.4424	1.904937	0.4075989	1.98984
21702	-2392.447	-2584.889	192.4424	1.904937	0.4075989	1.98984
21708	-2398.449	-2589.436	190.987	1.640504	0.2854691	3.220696
21714	-2407.752	-2590.427	182.6752	1.028372	0.4342962	7.981379
21720	-2387.719	-2572.596	184.877	1.241943	0.3601634	6.762728
21726	-2393.685	-2576.861	183.1751	1.179957	0.3216173	7.754434
21732	-2386.869	-2571.468	184.5991	1.256256	0.523661	6.74509
21738	-2386.463	-2567.137	180.6735	1.110434	0.7774715	8.734642
21744	-2388.331	-2569.392	181.0606	1.060365	0.5323418	8.734642
21750	-2396.466	-2577.579	181.1126	1.08069	0.4879541	8.734642
21756	-2400.489	-2579.635	179.1463	1.090629	0.2879328	9.978472
21762	-2398.214	-2580.004	181.7895	1.101091	0.3070704	8.552051
21768	-2410.833	-2593.827	182.9937	0.9865917	0.4076845	7.860158
21774	-2407.527	-2587.663	180.1355	0.8939971	0.3847674	9.44988
21780	-2388.873	-2572.841	183.9678	1.405982	0.5290589	7.000154
21786	-2398.623	-2586.255	187.6316	1.333827	0.6435375	4.945893
21792	-2391.765	-2579.148	187.3838	1.313305	0.7011387	5.052081
21798	-2396.032	-2581.171	185.139	1.234471	0.4426327	6.539248
21804	-2398.718	-2582.801	184.0821	1.276465	0.4611727	7.069225
21810	-2386.549	-2570.801	184.2515	1.173039	0.4244701	7.069225
21816	-2389.999	-2570.931	180.932	1.041763	0.3637741	8.973009
21822	-2399.546	-2581.106	181.5599	0.9546872	0.3637741	8.686353
21828	-2386.395	-2572.629	186.2338	1.167189	0.4036616	6.020313
21834	-2384.598	-2571.593	186.9941	1.352158	0.4036616	5.502705
21840	-2386.516	-2572.551	186.0345	1.195776	0.3493776	6.172665
21846	-2389.903	-2576.409	186.5058	1.403175	0.4019388	5.744535
21852	-2404.401	-2590.758	186.3568	1.546635	0.6075423	5.56086
21858	-2387.674	-2573.078	185.4044	1.273251	0.3635148	6.456784
21864	-2382.862	-2567.035	184.1738	1.289586	0.4119438	7.060929
21870	-2389.356	-2575.946	186.5898	1.24182	0.4119438	5.77642
21876	-2398.744	-2585.335	186.5907	1.292031	0.3854808	5.77642
21882	-2405.495	-2592.006	186.5108	1.270812	0.4389848	5.77642
21888	-2388.101	-2572.917	184.8152	1.22469	0.5375881	6.633447
21894	-2385.065	-2571.119	186.0544	1.213153	0.5375881	5.966659
21900	-2393.826	-2580.098	186.2712	1.249015	0.3928606	5.966659
21906	-2388.401	-2574.374	185.9725	1.359657	0.5082513	5.957021
21912	-2398.905	-2584.84	185.9342	1.397975	0.5082513	5.957021
21918	-2395.546	-2581.861	186.3147	1.211615	0.3988056	5.957021
21924	-2393.298	-2580.724	187.4262	1.317042	0.5096046	5.180555
21930	-2398.059	-2585.607	187.5482	1.36269	0.4138422	5.180555
21936	-2393.643	-2580.845	187.2024	1.36269	0.4333579	5.351631
21942	-2412.357	-2599.546	187.1891	1.375991	0.4333579	5.351631
21948	-2414.986	-2599.08	184.0945	1.162831	0.4806451	7.105633
21954	-2399.986	-2585.766	185.7798	1.463813	0.5165564	5.998002
21960	-2407.664	-2592.415	184.7515	1.463813	0.8232475	6.331015
21966	-2394.504	-2575.76	181.2562	1.353302	0.8232475	8.267379
21972	-2388.615	-2576.346	187.7306	1.305154	0.3700186	5.158848
21978	-2394.451	-2580.472	186.021	1.277141	0.379885	6.101676
21906	-2438.01	-2628.238	190.2288	1.791807	0.8896844	3.021157
21912	-2405.355	-2590.911	185.5556	1.448785	0.5268663	6.119332
21918	-2392.861	-2580.07	187.2093	1.458963	0.5268663	5.206665
21924	-2396.822	-2585.533	188.7107	1.458963	0.605264	4.300922
21930	-2400.225	-2587.036	186.8113	1.311617	0.4071055	5.621827
21936	-2410.413	-2598.273	187.8598	1.393765	0.4665965	4.937544
21942	-2408.516	-2600.642	192.126	2.170218	0.7258586	1.688768
21948	-2397.37	-2589.433	192.0622	2.170218	0.7258586	1.733817
21954	-2392.93	-2580.873	187.943	1.141081	0.4533009	5.044667
21960	-2391.617	-2575.219	183.6023	1.045713	0.4533009	7.458182
21966	-2401.549	-2585.814	184.265	1.092955	0.5191668	7.017184
21972	-2393.002	-2577.727	184.7253	1.135526	0.3992758	6.859882
21978	-2397.734	-2581.922	184.188	1.292703	0.3992758	7.064614
21984	-2393.579	-2576.857	183.2784	1.151764	0.4303115	7.597042
21990	-2381.757	-2564.157	182.4003	0.9986834	0.4303115	8.147604
21996	-2382.815	-2565.116	182.3004	1.09864	0.4303115	8.147604
22002	-2369.164	-2552.374	183.2097	1.139039	0.4122864	7.658566
22008	-2384.803	-2568.153	183.3496	1.249471	0.2934062	7.658566
22014	-2388.338	-2571.499	183.1606	1.231803	0.3896205	7.658566
22020	-2393.464	-2579.407	185.9427	1.514146	0.4050502	5.988359
22026	-2405.309	-2592.498	187.1889	1.514146	0.4050502	5.304665
22032	-2393.369	-2580.66	187.2917	1.543085	0.3399655	5.304665
22038	-2390.242	-2577.644	187.4017	1.522463	0.3000229	5.304665
22044	-2399.227	-2591.235	192.0085	2.069991	0.6226998	1.934619
22050	-2390.519	-2574.261	183.7421	1.323468	0.3490945	7.342078
22056	-2385.025	-2572.489	187.4641	1.270658	0.3919557	5.301116
22062	-2381.094	-2566.848	185.7546	1.310971	0.3998581	6.206917
22068	-2384.133	-2569.586	185.4528	1.157226	0.3517977	6.506608
22074	-2389.22	-2574.36	185.1399	1.382516	0.3951554	6.506608
22080	-2392.762	-2578.188	185.4259	1.318837	0.2914233	6.506608
22086	-2388.776	-2575.118	186.3419	1.295642	0.3142593	5.992609
22092	-2379.622	-2564.958	185.3357	1.241305	0.3946804	6.477558
22098	-2405.797	-2587.989	182.1915	1.342713	0.3548381	8.154187
22104	-2408.371	-2599.8	191.4283	2.04461	0.858548	2.139767
22110	-2420.495	-2611.675	191.1796	2.04461	1.102889	2.139767
22116	-2401.146	-2590.07	188.9244	1.747724	1.102889	3.687993
22122	-2385.614	-2576.598	190.9838	1.747724	0.655115	2.763931
22128	-2388.338	-2579.669	191.331	1.830152	0.655115	2.49867
22134	-2399.655	-2590.565	190.91	1.840098	0.6564507	2.751441
22140	-2398.702	-2588.712	190.0105	1.777234	1.034251	3.071371
22146	-2397.611	-2587.737	190.1262	1.845125	0.9457186	3.014917
22152	-2409.484	-2599.792	190.3081	1.812618	1.027057	2.875401
22158	-2419.167	-2609.39	190.2237	1.812618	1.115937	2.875401
22164	-2399.446	-2584.909	185.4628	1.297747	0.4411903	6.330807
22170	-2392.067	-2578.514	186.4473	1.297747	0.4307833	5.804609
22176	-2386.303	-2573.844	187.541	1.531417	0.3498672	5.16166
22182	-2386.646	-2571.322	184.6759	1.419224	0.3498672	6.787188
22188	-2390.196	-2576.577	186.3813	1.555717	0.3498672	5.786472
22194	-2386.872	-2575.509	188.6366	1.47056	0.4145092	4.512798
22200	-2386.917	-2577.989	191.072	1.574588	0.4711621	2.985535
22206	-2385.75	-2573.614	187.8632	1.294954	0.4711621	4.986236
22212	-2405.495	-2593.102	187.6066	1.345671	0.6015716	4.986236
22218	-2395.463	-2584.073	188.6095	1.232388	0.3581363	4.723943
22224	-2401.645	-2588.118	186.473	1.532617	0.5061113	5.590287
22230	-2396.672	-2582.164	185.492	1.074745	0.443421	6.43374
22236	-2399.397	-2585.217	185.8205	1.231501	0.5137257	6.104906
22242	-2396.886	-2582.446	185.5601	1.599084	0.4505611	6.104906
22248	-2415.59	-2598.39	182.7998	1.685417	0.1526225	7.933003
22254	-2398.824	-2585.94	187.1161	1.488607	0.2966368	5.485026
22260	-2413.019	-2604.668	191.649	2.039568	0.8472487	2.006037
22266	-2411.469	-2603.784	192.3147	2.052255	0.6933078	1.668236
22272	-2399.499	-2591.646	192.1463	2.139203	0.7574963	1.668236
22278	-2410.484	-2601.855	191.3708	2.139203	0.9846206	2.027137
22284	-2403.184	-2593.726	190.5414	2.139203	1.34985	2.353018
22290	-2404.503	-2583.85	179.3471	0.9946485	0.4154806	9.781354
22296	-2389.831	-2573.355	183.5242	1.080409	0.4154806	7.51836
22302	-2398.581	-2588.538	189.9569	2.169005	1.718733	2.53387
22308	-2386.233	-2577.108	190.8753	2.169005	1.515171	2.035806
22314	-2404.393	-2595.305	190.9116	2.063679	1.515171	2.081412
22320	-2421.764	-2603.289	181.5253	0.9902447	0.6166007	8.458006
22326	-2410.165	-2594.64	184.4749	1.210326	0.6321172	6.749359
22332	-2397.968	-2583.519	185.5506	1.304626	0.5802927	6.155752
22338	-2400.165	-2585.745	185.5807	1.233271	0.5037051	6.243332
22344	-2411.861	-2599.365	187.5035	1.370968	0.5037051	5.113217
22350	-2408.197	-2592.828	184.6305	1.420476	0.5093272	6.651934
22356	-2403.775	-2587.809	184.0337	1.130684	0.4956024	7.142081
22362	-2408.708	-2591.644	182.9366	1.130684	0.5350301	7.696051
22368	-2404.862	-2589.686	184.8244	1.292529	0.4697209	6.6522
22374	-2413.442	-2598.607	185.165	1.240611	0.4693428	6.496348
22380	-2411.592	-2595.556	183.9635	1.319132	0.4986576	7.07572
22386	-2401.892	-2587.563	185.671	1.208201	0.503216	6.208325
22392	-2413.191	-2599.261	186.0697	1.646005	0.2949857	5.974208
22398	-2415.52	-2598.933	183.4131	1.615476	0.1518499	7.644118
22404	-2405.041	-2589.686	184.645	1.08619	0.5156006	6.819107
22410	-2392.372	-2577.068	184.6957	1.334564	0.5105207	6.662071
22416	-2398.565	-2580.79	182.225	1.132678	0.5105207	8.095827
22422	-2400.227	-2584.869	184.642	1.132678	0.4996725	6.809734
22428	-2413.232	-2597.458	184.226	1.132678	0.3569005	7.175902
22434	-2401.057	-2587.873	186.8168	1.61891	0.2710258	5.61188
22440	-2408.372	-2596.892	188.5193	1.689291	0.5359341	4.338014
22446	-2403.632	-2593.556	189.9236	1.760105	0.750824	3.316884
22452	-2395.022	-2583.219	188.1976	1.65697	0.8724345	4.288854
22458	-2394.907	-2584.123	189.2166	1.65697	0.8724345	3.706375
22464	-2395.619	-2585.137	189.5181	1.55876	0.8436877	3.607287
22470	-2418.929	-2603.775	184.8462	1.299517	0.7198681	6.436805
22476	-2418.628	-2604.307	185.6798	1.201161	0.6241316	6.107127
22482	-2400.742	-2589.268	188.526	1.629583	0.781929	4.177339
22488	-2401.397	-2589.353	187.9559	1.558372	0.5330736	4.730793
22494	-2400.305	-2588.258	187.9525	1.592336	0.4848723	4.75772
22500	-2396.844	-2585.178	188.3343	1.525828	0.4745391	4.591017
22506	-2393.663	-2582.21	188.5469	1.525828	0.4918122	4.455103
22512	-2407.942	-2597.232	189.2898	1.528433	0.6584474	3.889033
22518	-2396.527	-2583.957	187.4291	1.432791	0.7640892	4.91642
22524	-2401.127	-2588.72	187.5925	1.47218	0.6106474	4.91642
22530	-2382.252	-2567.965	185.7131	1.353098	0.4847654	6.123306
22536	-2406.696	-2591.185	184.4885	1.435561	0.4136503	6.810992
22542	-2404.163	-2592.731	188.5682	1.69351	0.9402085	4.015921
22548	-2427.202	-2616.162	188.9593	1.857957	1.218177	3.543952
22554	-2391.003	-2580.862	189.859	1.829384	1.103553	3.091283
22560	-2397.866	-2587.901	190.0352	1.829384	0.8488448	3.141358
22566	-2406.458	-2596.429	189.9713	1.75264	0.9802565	3.141358
22572	-2400.04	-2588.505	188.4649	1.772706	1.138658	3.919242
22578	-2416.774	-2603.274	186.4999	1.866726	2.265819	4.543871
22584	-2396.221	-2582.539	186.3181	1.825128	2.265819	4.669152
22590	-2404.176	-2593.206	189.0303	1.586287	0.8412747	3.874568
22596	-2393.169	-2583.524	190.3545	1.810273	0.5574112	3.18947
22602	-2392.744	-2580.145	187.4008	1.721344	0.4121588	5.065287
22608	-2396.602	-2582.004	185.4023	1.588537	0.7405868	5.962962
22614	-2393.436	-2579.294	185.8585	1.699271	0.3990934	5.939548
22620	-2402.425	-2588.228	185.8031	1.633083	0.2987692	6.121705
22626	-2396.217	-2584.761	188.5441	1.633083	0.9194076	4.076698
22632	-2392.105	-2578.686	186.5808	1.561992	0.9194076	5.217214
22638	-2388.14	-2575.553	187.4136	1.609852	0.9194076	4.727617
22644	-2398.812	-2587.054	188.2416	1.526096	0.7876966	4.392959
22650	-2394.369	-2582.456	188.0871	1.559567	0.6807094	4.536909
22656	-2394.384	-2583.768	189.3833	1.551731	0.7724467	3.737708
22662	-2385.438	-2575.34	189.9019	1.69996	0.79065	3.336592
22668	-2389.147	-2578.636	189.4882	1.69996	0.79065	3.578479
22674	-2391.38	-2581.294	189.9138	1.627393	0.5890434	3.527958
22680	-2392.709	-2581.758	189.0488	1.627393	0.9112903	3.795838
22686	-2391.691	-2580.862	189.1715	1.696646	0.7447735	3.795838
22692	-2399.467	-2589.336	189.8682	1.831715	0.813141	3.263206
22698	-2386.074	-2576.145	190.0716	1.6434	0.813141	3.254289
22704	-2399.485	-2589.395	189.9104	1.757345	0.8575633	3.252219
22710	-2391.092	-2581.988	190.8961	1.905896	0.8147958	2.597047
22716	-2399.751	-2591.101	191.35	1.812105	0.7395011	2.42894
22722	-2390.325	-2581.287	190.9621	1.895583	0.8801613	2.516457
22728	-2395.563	-2586.499	190.9358	1.833533	0.8692854	2.578908
22734	-2399.984	-2591.09	191.1064	1.833533	0.8692854	2.472552
22740	-2401.422	-2591.47	190.0487	1.974958	1.202322	2.836219
22746	-2399.599	-2589.963	190.3642	1.921907	1.101951	2.731261
22752	-2395.896	-2586.158	190.2619	1.910488	1.229581	2.731261
22758	-2392.702	-2583.367	190.6647	2.103294	1.205435	2.373666
22764	-2387.489	-2578.1	190.6106	2.103294	1.269037	2.373666
22770	-2399.387	-2590.766	191.3788	2.103294	0.850704	2.139551
22776	-2412.825	-2603.815	190.9898	2.103294	1.25136	2.139551
22782	-2411.44	-2602.493	191.0528	2.103294	1.097148	2.187528
22788	-2401.37	-2593.499	192.1296	2.085504	0.787225	1.692755
22794	-2400.753	-2592.879	192.1255	2.223032	0.8087812	1.578287
22800	-2393.632	-2586.028	192.396	2.155822	0.8087812	1.42583
22806	-2402.283	-2594.672	192.3885	2.163373	0.8087812	1.42583
22812	-2404.408	-2597.015	192.6064	2.193416	0.6421247	1.397843
22818	-2405.699	-2598.305	192.6064	2.193416	0.6421247	1.397843
22824	-2405.112	-2597.543	192.4307	2.240342	0.8027568	1.337973
22830	-2392.089	-2584.453	192.3648	2.350466	0.8027568	1.302339
22836	-2400.353	-2592.889	192.536	2.345559	0.8027568	1.162366
22842	-2399.393	-2592.05	192.6566	2.345559	0.7050164	1.162366
22848	-2419.293	-2611.23	191.9373	2.345559	1.03797	1.44498
22854	-2410.859	-2594.633	183.7746	1.578327	0.5755099	6.97278
22860	-2397.669	-2582.24	184.5713	1.191824	0.3441126	6.97278
22866	-2388.105	-2570.579	182.4747	1.160441	0.297016	8.168542
22872	-2394.921	-2572.996	178.0751	0.8897389	0.2680677	10.67243
22878	-2400.32	-2583.647	183.3275	1.275706	0.2680677	7.689313
22884	-2392.702	-2575.535	182.8331	1.149286	0.3541426	7.916
22890	-2400.425	-2583.958	183.5334	1.236133	0.3796822	7.467167
22896	-2398.798	-2582.923	184.1256	1.115781	0.5267524	7.073402
22902	-2384.93	-2570.218	185.2883	1.251102	0.4364514	6.455425
22908	-2390.047	-2577.918	187.8709	1.457484	0.3064462	5.072729
22914	-2405.11	-2591.582	186.4729	1.351333	0.4917367	5.702863
22920	-2398.2	-2583.694	185.4948	1.379322	0.438819	6.271453
22926	-2392.69	-2579.253	186.5626	1.328434	0.4082018	5.747796
22932	-2387.489	-2574.445	186.9559	1.432649	0.4082018	5.47469
22938	-2389.085	-2576.029	186.9435	1.349586	0.4605699	5.47469
22944	-2400.66	-2589.007	188.3468	1.683245	0.4915264	4.479396
22950	-2394.009	-2581.594	187.5846	1.517954	0.4915264	4.997899
22956	-2397.851	-2584.861	187.0098	1.517954	0.4915264	5.316178
22962	-2402.624	-2589.988	187.3642	1.604909	0.3409179	5.229362
22968	-2405.939	-2592.495	186.5561	1.554743	0.9288324	5.229362
22974	-2402.691	-2586.652	183.9604	1.439938	0.7246351	6.836578
22980	-2393.824	-2580.067	186.2429	1.535074	0.2820223	5.957107
22986	-2393.711	-2580.034	186.3231	1.238625	0.6061799	5.749366
22992	-2394.283	-2578.362	184.0792	1.333194	0.4002091	7.100431
22998	-2395.856	-2583.792	187.9359	1.576197	0.3053574	4.972126
23004	-2407.286	-2594.877	187.591	1.575696	0.8410492	4.695724
23010	-2403.394	-2589.569	186.1752	1.323466	0.621748	5.77174
23016	-2411.395	-2597.403	186.0077	1.480208	0.6059554	5.789983
23022	-2395.917	-2581.944	186.0271	1.525809	0.5621159	5.789983
23028	-2413.692	-2600.738	187.0467	1.733084	0.6151103	5.071186
23034	-2418.499	-2600.034	181.5352	1.428838	0.4907569	8.322764
23040	-2416.309	-2601.408	185.0991	1.375608	0.3897752	6.538176
23046	-2413.779	-2599.233	185.4537	1.40296	0.5675776	6.165358
23052	-2406.636	-2594.961	188.3257	1.508833	0.3528353	4.73427
23058	-2402.338	-2589.285	186.9462	1.443413	0.683785	5.234952
23064	-2394.383	-2583.706	189.3224	1.413366	0.3900235	4.184209
23070	-2393.219	-2581.387	188.1676	1.418911	0.3900235	4.830695
23076	-2397.209	-2585.198	187.9884	1.47596	0.6868435	4.634659
23082	-2406.763	-2591.966	185.2029	1.115571	0.3557439	6.65987
23088	-2395.321	-2578.605	183.2839	1.177205	0.4719255	7.540907
23094	-2392.511	-2573.782	181.2713	1.010146	0.3848851	8.787416
23100	-2392.685	-2579.042	186.357	1.34242	0.3695796	5.89413
23106	-2384.443	-2568.915	184.4721	1.186048	0.734158	6.690919
23112	-2388.186	-2574.313	186.1274	1.408261	0.734158	5.669346
23118	-2388.468	-2575.263	186.7947	1.337234	0.4396785	5.583672
23124	-2404.034	-2590.13	186.0957	1.365577	0.9349735	5.583672
23130	-2397.383	-2585.051	187.6681	1.37374	0.7172071	4.848831
23136	-2395.43	-2581.653	186.2232	1.294719	0.4432412	5.916398
23142	-2395.769	-2581.389	185.6195	1.263685	0.4579742	6.247942
23148	-2415.341	-2600.331	184.9902	1.095868	0.3887457	6.749393
23154	-2415.913	-2600.296	184.3831	1.313807	0.4919033	6.858674
23160	-2411.46	-2596.2	184.7396	1.505385	0.3389105	6.718877
23166	-2405.612	-2594.325	188.7131	1.683313	0.3041953	4.479088
23172	-2390.832	-2578.158	187.3266	1.38321	0.5084543	5.200124
23178	-2393.47	-2581.726	188.2567	1.51371	0.4323061	4.683207
23184	-2407.579	-2597.532	189.9535	1.60663	0.5151062	3.583314
23190	-2402.552	-2592.352	189.7998	1.652992	0.5299147	3.631874
23196	-2397.872	-2585.904	188.0323	1.617193	0.6528678	4.556424
23202	-2388.045	-2578.929	190.884	1.617193	0.3323607	3.231928
23208	-2383.299	-2571.199	187.8996	1.643657	0.4319225	4.810526
23214	-2395.511	-2583.166	187.6548	1.835586	0.461494	4.810526
23220	-2384.903	-2572.833	187.9299	1.41507	0.5500749	4.810526
23226	-2380.494	-2568.883	188.3886	1.573331	0.4212351	4.587338
23232	-2373.52	-2561.095	187.5754	1.531749	0.4212351	5.064139
23238	-2385.839	-2571.53	185.6903	1.325414	0.4673093	6.167006
23244	-2388.638	-2574.933	186.2946	1.349088	0.3307345	5.969245
23250	-2398.56	-2583.121	184.5616	1.258831	0.364084	6.919409
23256	-2394.026	-2581.085	187.0586	1.45243	0.3533596	5.467461
23262	-2394.657	-2581.724	187.0669	1.43878	0.3112881	5.520871
23268	-2382.45	-2568.99	186.5399	1.43878	0.6058187	5.520871
23274	-2385.815	-2574.243	188.4286	1.610903	0.388956	4.578411
23280	-2385.13	-2567.659	182.5288	1.072163	0.3879793	8.08283
23286	-2385.771	-2568.005	182.2333	1.102875	0.5392303	8.08283
23292	-2366.144	-2548.695	182.5509	1.077329	0.3769539	8.079995
23298	-2376.776	-2558.384	181.6084	1.082544	0.493526	8.465517
23304	-2382.594	-2564.276	181.6819	1.283552	0.493526	8.319569
23310	-2384.28	-2568.298	184.0188	1.431045	0.4287894	7.051324
23316	-2390.054	-2575.732	185.6781	1.6777	0.7862454	5.732928
23322	-2376.505	-2564.813	188.3075	1.552863	0.4360514	4.628984
23328	-2387.213	-2575.609	188.3965	1.746793	0.4360514	4.470057
23334	-2392.659	-2582.367	189.7073	1.746793	0.406197	3.755329
23340	-2393.958	-2582.731	188.773	1.745946	0.2772722	4.446142
23346	-2394.919	-2582.448	187.5283	1.460774	0.2942793	5.276211
23352	-2385.106	-2572.677	187.571	1.406304	0.2942793	5.282757
23358	-2383.761	-2571.727	187.9662	1.406304	0.6129177	4.742952
23364	-2390.739	-2580.272	189.5335	1.657795	0.7264921	3.622356
23370	-2389.466	-2579.592	190.126	1.701834	0.6218352	3.332431
23376	-2387.678	-2577.354	189.6766	1.849864	0.6355143	3.497681
23382	-2386.948	-2577.85	190.9018	1.849864	0.6355143	2.768163
23388	-2384.708	-2574.056	189.3478	1.709795	0.6428384	3.763697
23394	-2393.325	-2582.992	189.6674	1.608154	0.6175467	3.658272
23400	-2412.152	-2597.198	185.047	1.254064	0.6548233	6.399125
23406	-2415.253	-2600.94	185.6876	1.161734	0.3326462	6.399125
23412	-2395.41	-2579.815	184.4045	1.378132	0.679279	6.661992
23418	-2391.75	-2574.614	182.8633	1.18787	0.679279	7.593145
23424	-2394.798	-2579.15	184.3525	1.170893	0.5111823	6.935038
23430	-2390.325	-2574.78	184.455	1.131264	0.4477192	6.959398
23436	-2393.377	-2577.751	184.3735	1.185403	0.4632825	6.959398
23442	-2380.479	-2566.645	186.166	1.276002	0.3731785	6.030611
23448	-2381.239	-2565.282	184.0431	1.276002	0.5563593	7.006627
23454	-2376.811	-2562.023	185.2121	1.180792	0.3776903	6.595398
23460	-2366.736	-2551.571	184.8352	1.256694	0.5493231	6.595398
23466	-2381.271	-2566.371	185.0999	1.342415	0.3535491	6.595398
23472	-2389.404	-2575.349	185.9448	1.213772	0.2280867	6.370064
23478	-2400.601	-2584.727	184.1251	1.055896	0.3154285	7.319571
23484	-2394.611	-2575.541	180.9301	1.185562	0.3208476	8.946478
23490	-2399.693	-2580.786	181.0928	1.163824	0.2351339	8.983265
23496	-2386.484	-2566.837	180.3535	1.108975	0.4162847	9.189041
23502	-2374.256	-2559.845	185.5883	1.152183	0.4313582	6.351377
23508	-2378.776	-2566.483	187.7073	1.566649	0.4313582	4.961118
23514	-2384.414	-2574.803	190.389	1.566649	0.4022432	3.468667
23520	-2384.609	-2572.43	187.8211	1.576211	0.8265085	4.575816
23526	-2385.884	-2574.624	188.7399	1.3559	0.546769	4.392186
23532	-2393.737	-2584.066	190.3298	1.61316	0.510628	3.363961
23538	-2387.795	-2575.738	187.9429	1.494563	0.573863	4.738636
23544	-2398.943	-2586.903	187.9599	1.472193	0.5774512	4.738636
23550	-2414.885	-2595.009	180.1236	0.916977	0.2928273	9.54879
23556	-2400.322	-2579.407	179.0853	1.09208	0.5371831	9.757978
23562	-2387.732	-2576.934	189.2023	1.461007	0.2885707	4.34931
23568	-2395.735	-2582.799	187.0647	1.375094	0.7643267	5.150617
23574	-2394.152	-2575.221	181.0681	1.010698	0.2643544	9.036923
23580	-2408.178	-2590.639	182.4616	1.18154	0.4839492	7.967129
23586	-2396.815	-2578.443	181.6285	1.072166	0.4365927	8.513002
23592	-2388.573	-2571.744	183.1708	1.031837	0.323146	7.834043
23598	-2406.773	-2590.394	183.6208	1.243224	0.347678	7.451748
23604	-2410.258	-2596.564	186.3062	1.302917	0.6156271	5.715998
23610	-2407.732	-2588.905	181.173	1.216474	0.385215	8.729788
23616	-2398.929	-2580.385	181.4557	1.168723	0.5714905	8.43527
23622	-2400.909	-2581.875	180.9657	1.09492	0.2165431	9.114363
23628	-2406.146	-2591.461	185.3149	1.275022	0.6681941	6.232432
23634	-2390.482	-2575.548	185.0661	1.147753	0.4628313	6.606226
23640	-2413.67	-2598.919	185.2492	1.247696	0.4205497	6.494297
23646	-2385.568	-2570.516	184.9474	1.247696	0.6051992	6.494297
23652	-2390.563	-2576.329	185.7662	1.458726	0.6051992	5.934344
23658	-2391.571	-2579.181	187.6094	1.409139	0.4737545	5.061254
23664	-2382.574	-2569.506	186.9319	1.414375	0.6823271	5.26001
23670	-2374.439	-2558.722	184.2828	1.375406	0.3056086	7.075178
23676	-2387.826	-2567.767	179.9407	0.9821711	0.2655228	9.646056
23682	-2377.972	-2557.874	179.9022	1.022759	0.5473799	9.355152
23688	-2384.226	-2568.015	183.7883	1.116137	0.4873236	7.289177
23694	-2394.474	-2578.186	183.7113	1.127385	0.5274965	7.289177
23700	-2392.873	-2573.288	180.4154	1.195544	0.5274965	9.008967
23706	-2392.939	-2574.138	181.1985	1.217263	0.5274965	8.582256
23712	-2394.049	-2575.275	181.2252	1.100468	0.5862299	8.582256
23718	-2383.666	-2565.209	181.543	1.117844	0.3885859	8.582256
23724	-2381.1	-2568.013	186.9131	1.344611	0.4202649	5.534153
23730	-2377.697	-2562.494	184.7969	1.201347	0.3606546	6.827313
23736	-2393.774	-2577.472	183.6979	1.319161	0.4540958	7.259444
23742	-2388.369	-2574.154	185.7847	1.371571	0.4486448	6.108348
23748	-2407.532	-2591.477	183.9447	1.175302	0.4006719	7.257084
23754	-2388.103	-2572.487	184.3841	1.322953	0.3442443	7.002818
23760	-2398.85	-2587.001	188.1505	1.600045	0.3074348	4.836733
23766	-2396.718	-2585.08	188.3621	1.531295	0.3349114	4.722708
23772	-2397.694	-2585.609	187.915	1.416065	0.37808	4.986037
23778	-2394.508	-2581.841	187.3329	1.536706	0.37808	5.241806
23784	-2408.449	-2593.138	184.6883	1.403204	0.3514281	6.787348
23790	-2386.956	-2570.346	183.3899	1.074172	0.3514281	7.661667
23796	-2402.944	-2588.766	185.8221	1.539102	0.6615971	5.816709
23802	-2393.306	-2582.058	188.7529	1.670542	1.165123	3.798844
23808	-2396.283	-2584.621	188.3379	1.670542	1.034218	4.106221
23814	-2394.093	-2576.661	182.568	1.119192	0.5443296	7.891318
23820	-2406.615	-2590.264	183.6494	1.182119	0.5443296	7.278758
23826	-2394.225	-2575.129	180.9039	1.137027	0.3872992	8.912384
23832	-2395.383	-2580.234	184.8514	1.157482	0.5175398	6.667477
23838	-2409.359	-2591.15	181.7904	1.223068	0.3216831	8.469252
23844	-2404.926	-2589.065	184.1391	1.380837	0.258004	7.211641
23850	-2392.386	-2577.202	184.8158	1.297792	0.3294142	6.800965
23856	-2397.422	-2584.181	186.7587	1.332741	0.4239408	5.621703
23862	-2384.284	-2571.265	186.9805	1.332741	0.5801388	5.357376
23868	-2375.221	-2562.494	187.2739	1.311764	0.416593	5.357376
23874	-2385.076	-2573.643	188.5674	1.318479	0.5766857	4.484778
23880	-2388.914	-2573.009	184.0946	1.309233	0.4896057	7.01865
23886	-2376.328	-2561.233	184.9047	1.322129	0.5547153	6.517847
23892	-2387.41	-2572.304	184.8947	1.332151	0.5547153	6.517847
23898	-2386.406	-2571.936	185.5305	1.288938	0.6291279	6.136813
23904	-2380.433	-2564.448	184.0153	1.12656	0.6291279	7.044547
23910	-2380.282	-2564.352	184.0699	1.130989	0.5880962	7.044547
23916	-2385.148	-2568.849	183.7012	1.210142	0.3284814	7.448608
23922	-2376.376	-2563.045	186.669	1.307347	0.4062829	5.703065
23928	-2385.903	-2572.716	186.8125	1.425914	0.5840533	5.395429
23934	-2391.091	-2578.386	187.2953	1.355705	0.4487705	5.288876
23940	-2391.439	-2576.156	184.7175	1.242923	0.3823238	6.824073
23946	-2389.845	-2574.609	184.7642	1.256649	0.3527063	6.824073
23952	-2391.983	-2578.905	186.922	1.411358	0.3527063	5.565929
23958	-2392.517	-2577.504	184.9873	1.35374	0.5664892	6.446268
23964	-2384.961	-2569.176	184.2151	1.230547	0.5607895	6.934798
23970	-2396.937	-2576.45	179.5134	0.9897608	0.3597163	9.75421
23976	-2395.47	-2578.493	183.0226	1.147592	0.5018827	7.669575
23982	-2384.32	-2569.227	184.9067	1.260641	0.5018827	6.595572
23988	-2402.103	-2585.901	183.7982	1.190626	0.5153723	7.218995
23994	-2385.068	-2567.319	182.2506	1.20552	0.822066	7.816728
24000	-2384.751	-2567.796	183.0445	1.23229	0.4124158	7.69689
24006	-2382.258	-2565.192	182.9341	1.198113	0.4940303	7.69689
24012	-2381.716	-2569.877	188.1611	1.499339	0.710904	4.506977
24018	-2390.55	-2578.885	188.3348	1.519322	0.5715088	4.506977
24024	-2395.807	-2584.623	188.816	1.469761	0.4938013	4.333
24030	-2382.121	-2569.881	187.7596	1.462497	0.3187828	5.116129
24036	-2398.013	-2584.992	186.9791	1.670732	0.8681253	4.967037
24042	-2401.432	-2586.763	185.3305	1.116978	0.5155429	6.431794
24048	-2396.796	-2583.715	186.9195	1.260861	0.4272288	5.569573
24054	-2404.056	-2589.919	185.8637	1.339401	0.337459	6.201294
24060	-2410.799	-2595.44	184.6412	1.396934	0.2387039	6.960128
24066	-2396.529	-2578.412	181.8836	1.220716	0.2387039	8.528608
24072	-2405.728	-2589.501	183.7734	1.333504	0.3605779	7.307038
24078	-2390.767	-2580.933	190.1661	1.702186	0.3605779	3.567883
24084	-2388.99	-2577.6	188.6096	1.702186	0.8308774	4.055714
24090	-2376.311	-2566.144	189.8337	1.556966	0.5627348	3.638306
24096	-2389.213	-2577.949	188.7359	1.51751	0.6566112	4.212709
24102	-2401.685	-2590.307	188.6221	1.51751	0.7439758	4.212709
24108	-2389.344	-2579.71	190.366	1.651401	0.6756157	3.176761
24114	-2400.106	-2590.472	190.366	1.651401	0.6756157	3.176761
24120	-2409.734	-2600.083	190.3492	1.668205	0.6756157	3.176761
24126	-2394.653	-2585.318	190.665	1.812862	0.3827045	3.183763
24132	-2407.015	-2590.526	183.5114	1.67421	0.1609135	7.543448
24138	-2398.244	-2583.127	184.8836	1.36076	0.1805853	6.94025
24144	-2393.065	-2576.389	183.3238	1.032337	0.5734159	7.509853
24150	-2397.916	-2578.55	180.6345	0.9100036	0.3443508	9.22162
24156	-2382.36	-2565.318	182.9585	0.9931213	0.3443508	7.943445
24162	-2383.125	-2562.584	179.4592	0.9687433	0.3443508	9.810875
24168	-2388.355	-2567.515	179.1595	0.9687433	0.5053269	9.810875
24174	-2379.496	-2559.614	180.1184	0.9594026	0.5053269	9.30986
24180	-2383.288	-2562.484	179.1961	0.9594026	0.5053269	9.796506
24186	-2396.92	-2576.405	179.4851	0.8288533	0.586026	9.646752
24192	-2390.152	-2569.487	179.3352	0.9787252	0.586026	9.646752
24198	-2382.934	-2563.156	180.2221	0.9695715	0.3840218	9.364981
24204	-2382.907	-2562.907	179.9997	1.022814	0.3840218	9.454329
24210	-2382.752	-2565.827	183.0748	1.327049	0.499652	7.547596
24216	-2385.157	-2569.786	184.6294	1.120499	0.499652	6.823084
24222	-2384.517	-2569.017	184.5	1.167631	0.5511856	6.823084
24228	-2382.667	-2566.919	184.2529	1.28216	0.6619706	6.80825
24234	-2378.954	-2563.728	184.7742	1.270491	0.355317	6.80825
24240	-2372.363	-2558.325	185.9622	1.255867	0.3715658	6.154364
24246	-2378.951	-2565.012	186.0608	1.411663	0.5919829	5.809522
24252	-2383.731	-2570.988	187.2566	1.374173	0.4163673	5.332715
24258	-2396.716	-2582.199	185.4823	1.385407	0.5556515	6.169207
24264	-2409.5	-2594.819	185.3187	1.54905	0.5556515	6.169207
24270	-2399.055	-2582.753	183.6978	1.234586	0.3787085	7.380869
24276	-2402.098	-2586.648	184.5494	1.263961	0.4993228	6.789178
24282	-2391.546	-2576.119	184.5725	1.240796	0.4993228	6.789178
24288	-2410.918	-2595.481	184.5629	1.243623	0.503436	6.789178
24294	-2410.772	-2595.242	184.4694	1.252357	0.5568531	6.789178
24300	-2419.513	-2601.077	181.564	1.239397	0.5568531	8.351931
24306	-2406.439	-2590.38	183.9413	1.239397	0.4948892	7.13393
24312	-2401.506	-2583.786	182.2798	1.066667	0.4948892	8.115527
24318	-2396.006	-2583.517	187.5116	1.50557	0.3648155	5.175043
24324	-2391.167	-2574.988	183.8209	1.090077	0.5376633	7.241729
24330	-2383.123	-2567.099	183.9758	1.103291	0.5376633	7.151394
24336	-2386.028	-2571.699	185.6711	1.354337	0.4902492	6.140481
24342	-2397.2	-2581.818	184.618	1.391348	0.6290079	6.576516
24348	-2401.069	-2590.094	189.0258	1.476252	0.4791265	4.224583
24354	-2410.207	-2599.294	189.0868	1.502726	0.5266963	4.130354
24360	-2410.711	-2588.402	177.6906	0.9782374	0.3579068	10.72046
24366	-2390.28	-2571.209	180.9292	1.039987	0.3579068	8.981861
24372	-2402.049	-2584.481	182.4316	1.039987	0.4497541	8.090202
24378	-2396.838	-2579.594	182.756	0.9427108	0.3688647	8.051139
24384	-2392.737	-2581.624	188.8864	1.435389	0.5952166	4.223056
24390	-2390.79	-2579.693	188.9024	1.531755	0.6347888	4.127128
24396	-2406.495	-2591.054	184.5593	1.211442	0.3312379	6.983664
24402	-2398.397	-2583.87	185.4734	1.457582	0.3739853	6.307781
24408	-2400.931	-2586.13	185.1996	1.256019	0.6145259	6.345781
24414	-2400.04	-2586.564	186.5238	1.361898	0.5604324	5.608967
24420	-2391.612	-2579.07	187.4588	1.235394	0.3502613	5.370161
24426	-2405.795	-2592.311	186.5157	1.267974	0.3502613	5.869888
24432	-2406.446	-2588.445	181.9991	1.121171	0.4619978	8.26583
24438	-2407.477	-2589.983	182.5061	1.053952	0.4414604	8.050969
24444	-2406.661	-2590.593	183.932	1.226789	0.4386866	7.198115
24450	-2403.847	-2591.127	187.2793	1.315843	0.3704696	5.401735
24456	-2398.423	-2585.882	187.4582	1.503868	0.3769902	5.191865
24462	-2404.319	-2591.798	187.4787	1.503868	0.6436342	4.936291
24468	-2404.097	-2593.542	189.445	1.852064	0.5174551	3.733472
24474	-2397.439	-2587.522	190.0829	1.85206	0.5174551	3.362142
24402	-2400.05	-2582.8	182.7497	1.304856	0.3739853	7.855724
24408	-2391.506	-2574.553	183.0471	1.051438	0.3525697	7.855724
24414	-2378.501	-2564.113	185.6117	1.281713	0.533325	6.174159
24420	-2384.754	-2570.404	185.6501	1.198737	0.5322285	6.199358
24426	-2389.218	-2574.943	185.7244	1.124386	0.5322285	6.199358
24432	-2406.856	-2590.321	183.4656	1.124386	0.4900805	7.455337
24438	-2396.469	-2581.554	185.0841	1.195274	0.4026126	6.630392
24444	-2393.837	-2579.329	185.4915	1.308847	0.4026126	6.348149
24450	-2397.564	-2582.731	185.1673	1.171842	0.3570317	6.64725
24456	-2391.363	-2578.837	187.4748	1.357492	0.3806295	5.259615
24462	-2399.125	-2582.086	182.9604	1.075959	0.3665981	7.873444
24468	-2379.057	-2564.595	185.5375	1.17669	0.5416881	6.264458
24474	-2384.616	-2570.39	185.774	1.392753	0.3017591	6.264458
24480	-2384.281	-2567.892	183.6113	1.090327	0.3017591	7.593227
24486	-2385.643	-2570.116	184.4737	1.243168	0.5230566	6.820374
24492	-2392.414	-2577.502	185.0887	1.469854	0.3305358	6.559164
24498	-2387.198	-2569.607	182.4094	1.202936	0.5484054	7.9279
24504	-2393.567	-2576.289	182.7221	1.182513	0.3813362	7.9279
24510	-2394.036	-2581.01	186.9733	1.247797	0.3760337	5.60127
24516	-2387.047	-2574.341	187.2944	1.404632	0.3776461	5.336474
24522	-2386.09	-2574.19	188.1002	1.468694	0.5112236	4.719861
24528	-2388.241	-2575.804	187.5628	1.378936	0.5730456	5.015478
24534	-2381.118	-2568.12	187.0015	1.405291	0.4089419	5.463895
24540	-2392.526	-2577.02	184.4935	1.311413	0.4089419	6.880023
24546	-2387.708	-2572.223	184.5147	1.143442	0.4914029	6.880023
24552	-2383.027	-2569.666	186.6394	1.36199	0.4914029	5.605999
24558	-2389.667	-2576.768	187.101	1.433212	0.4846795	5.318924
24564	-2413.646	-2601.564	187.9178	1.590031	0.5784044	4.695485
24570	-2399.137	-2589.709	190.5714	1.590031	0.6413509	3.118859
24576	-2387.956	-2578.672	190.7161	1.590031	0.5428539	3.118859
24582	-2411.021	-2601.799	190.7776	1.848628	0.4698135	2.999137
24588	-2404.782	-2591.289	186.5064	1.397826	0.3137171	5.847625
24594	-2386.653	-2572.87	186.2176	1.544924	0.5195368	5.711682
24600	-2404.553	-2592.118	187.5645	1.336405	0.398948	5.201801
24606	-2390.821	-2574.921	184.0992	1.264386	0.4007932	7.12606
24612	-2390.874	-2574.663	183.7885	1.118172	0.3932308	7.3793
24618	-2404.119	-2588.865	184.7459	1.176648	0.364437	6.863946
24624	-2401.181	-2585.603	184.4228	1.257177	0.4961346	6.863946
24630	-2404.982	-2592.874	187.8915	1.601862	0.4685997	4.801968
24636	-2400.381	-2590.005	189.6245	1.700005	0.4502612	3.78329
24642	-2381.511	-2570.456	188.945	1.532915	0.7052654	4.048226
24648	-2377.137	-2565.784	188.6471	1.615754	0.5845633	4.265324
24654	-2388.297	-2577.235	188.9375	1.567565	0.4364972	4.265324
24660	-2398.706	-2587.261	188.5552	1.567565	0.5309502	4.390943
24666	-2384.5	-2574.055	189.5555	1.683428	0.5111494	3.772936
24672	-2389.655	-2578.996	189.341	1.693878	0.593067	3.817593
24678	-2395.951	-2585.163	189.2124	1.910073	0.3412357	4.020951
24684	-2378.304	-2565.025	186.7207	1.595668	0.2402755	5.720838
24690	-2392.086	-2580.175	188.0892	1.530974	0.3331688	4.877346
24696	-2393.896	-2582.158	188.2617	1.532117	0.3331688	4.780466
24702	-2391.332	-2579.249	187.9168	1.532117	0.3064018	5.005905
24708	-2390.887	-2577.426	186.5385	1.312969	0.3064018	5.885586
24714	-2392.198	-2578.629	186.4313	1.42018	0.3064018	5.885586
24720	-2399.623	-2586.076	186.4532	1.398265	0.3064018	5.885586
24726	-2390.026	-2570.491	180.4649	1.25724	0.5668287	8.917744
24732	-2393.154	-2577.645	184.4907	1.115293	0.5107494	6.890923
24738	-2391.624	-2573.696	182.0723	1.350215	0.489609	8.079699
24744	-2386.771	-2573.146	186.3748	1.282843	0.5443081	5.747658
24750	-2391.475	-2577.114	185.6394	1.216284	0.3204588	6.410221
24756	-2379.488	-2565.007	185.5192	1.262497	0.3547212	6.410221
24762	-2396.156	-2581.681	185.5251	1.270351	0.3314887	6.429679
24768	-2386.755	-2573.04	186.2847	1.392787	0.3572793	5.919896
24774	-2393.993	-2583.164	189.1711	1.961335	0.3572793	3.99591
24780	-2397.45	-2586.394	188.9444	1.586208	0.9438515	3.859729
24786	-2393.762	-2582.169	188.4069	1.439194	0.9438515	4.250176
24792	-2394.061	-2581.828	187.7665	1.439194	0.9438515	4.61116
24798	-2396.25	-2584.02	187.7707	1.432752	0.9438515	4.612383
24804	-2403.983	-2591.27	187.287	1.432752	0.9201123	4.896662
24810	-2406.682	-2594.695	188.0131	1.432752	0.7969565	4.567907
24816	-2398.727	-2587.036	188.3091	1.532666	0.7969565	4.344934
24822	-2396.1	-2583.941	187.8412	1.408697	0.6170805	4.808104
24828	-2398.107	-2587.793	189.6854	1.408697	0.5664889	3.806299
24834	-2409.189	-2597.652	188.4634	1.408697	0.4687202	4.589967
24840	-2400.426	-2588.278	187.8525	1.408697	0.6741247	4.757811
24846	-2414.135	-2599.441	185.3064	1.293748	0.4072683	6.451911
24852	-2396.935	-2582.32	185.3855	1.390076	0.3219013	6.451911
24858	-2388.846	-2574.254	185.408	1.136186	0.437371	6.451911
24864	-2387.892	-2572.071	184.1792	1.180051	0.5968756	6.952349
24870	-2389.68	-2574.383	184.7034	1.180051	0.3068542	6.952349
24876	-2393.634	-2582.767	189.1335	1.444825	0.5876654	4.083545
24882	-2386.64	-2575.773	189.1335	1.444825	0.5876654	4.083545
24888	-2406.097	-2595.896	189.7997	1.444825	0.5825871	3.705627
24894	-2404.739	-2591.869	187.1305	1.437262	0.5825871	5.214847
24900	-2399.879	-2587.876	187.9961	1.506215	0.332675	4.943534
24906	-2403.561	-2587.859	184.2982	1.311389	0.332675	7.068675
24912	-2400.417	-2584.602	184.1847	1.557104	0.2755411	7.068675
24918	-2419.615	-2605.218	185.6031	1.287513	0.3683356	6.335905
24924	-2405.366	-2589.09	183.7239	1.220465	0.4407211	7.311307
24930	-2392.987	-2573.323	180.3354	1.085716	0.566189	9.077618
24936	-2395.631	-2579.597	183.9667	1.08239	0.566189	7.143843
24942	-2403.811	-2588.15	184.3398	1.195742	0.5353614	6.907644
24948	-2395.099	-2575.129	180.0297	1.025787	0.3711541	9.45051
24954	-2398.716	-2583.362	184.646	1.101585	0.5452389	6.784873
24960	-2401.181	-2587.058	185.8764	1.101585	0.5726564	6.095107
24966	-2389.195	-2571.679	182.4846	1.101585	0.5726564	7.922106
24972	-2386.513	-2568.98	182.4668	1.31656	0.4517253	7.922106
24978	-2387.64	-2568.935	181.295	1.048542	0.4223998	8.716408
24984	-2386.798	-2567.944	181.1464	1.036986	0.4886988	8.739242
24990	-2384.325	-2566.401	182.0757	1.131981	0.5089919	8.177073
24996	-2396.907	-2577.769	180.8623	1.178385	0.6928676	8.654855
25002	-2412.934	-2598.019	185.0848	1.217757	0.3409918	6.685371
25008	-2410.851	-2597.044	186.1931	1.293138	0.3858497	5.99272
25014	-2414.152	-2600.251	186.0994	1.379906	0.5476981	5.842335
25020	-2418.176	-2604.905	186.7294	1.304948	0.5225799	5.55986
25026	-2423.418	-2607.89	184.4716	1.331765	0.920438	6.496025
25032	-2407.005	-2592.735	185.7293	1.28695	0.287013	6.365096
25038	-2391.647	-2576.582	184.935	1.254754	0.441247	6.639975
25044	-2395.274	-2580.14	184.8662	1.299905	0.4545398	6.639975
25050	-2398.432	-2585.12	186.6878	1.408542	0.8037681	5.314346
25056	-2412.877	-2600.091	187.2145	1.319584	0.3768984	5.428193
25062	-2406.635	-2592.187	185.5525	1.319584	0.7806554	6.000942
25068	-2389.871	-2576.162	186.2916	1.308608	0.5810229	5.748469
25074	-2381	-2564.379	183.3781	1.065698	0.5810229	7.456781
25080	-2393.161	-2573.798	180.6369	1.065698	0.4370439	9.041717
25086	-2394.996	-2575.892	180.8958	1.037219	0.322102	9.041717
25092	-2391.238	-2571.863	180.625	1.06225	0.4420165	9.045119
25098	-2395.311	-2576.13	180.8193	1.020593	0.3626455	9.045119
25104	-2386.656	-2570.157	183.5009	1.226332	0.3626455	7.508343
25110	-2395.232	-2580.429	185.1966	1.204432	0.1981656	6.826561
25116	-2403.925	-2589.659	185.734	1.269234	0.6016096	6.058069
25122	-2403.483	-2590.282	186.7996	1.372226	0.6077555	5.413068
25128	-2389.921	-2577.242	187.3214	1.458722	0.2779808	5.413068
25134	-2402.769	-2589.737	186.9679	1.48502	0.4337455	5.413068
25140	-2401.693	-2586.595	184.902	1.197757	0.4337455	6.695992
25146	-2398.285	-2585.2	186.9148	1.290555	0.3910752	5.593524
25152	-2374.796	-2561.65	186.854	1.320405	0.4070942	5.593524
25158	-2376.031	-2562.76	186.7297	1.385455	0.4070942	5.626097
25164	-2394.038	-2581.124	187.0864	1.287429	0.4560499	5.434607
25170	-2398.453	-2583.501	185.0478	1.384521	0.4560499	6.494402
25176	-2397.921	-2580.102	182.1808	1.00455	0.3349009	8.362444
25182	-2392.932	-2577.647	184.7146	1.111451	0.5100252	6.7728
25188	-2404.708	-2588.843	184.1353	1.153164	0.4379016	7.129221
25194	-2419.224	-2608.17	188.9458	1.670291	0.5089974	4.131468
25200	-2413.313	-2597.328	184.015	1.206294	0.4760276	7.129221
25206	-2398.484	-2585.186	186.7021	1.285394	0.41793	5.684889
25212	-2399.495	-2582.44	182.945	1.009561	0.3970875	7.884713
25218	-2398.544	-2582.936	184.3921	1.17147	0.380369	7.040019
25224	-2412.149	-2597.357	185.208	1.17147	0.4628747	6.516587
25230	-2410.005	-2594.138	184.1331	1.184569	0.4628747	7.089589
25236	-2407.569	-2594.005	186.4356	1.250845	0.3260011	5.951557
25242	-2425.495	-2606.026	180.5314	1.119903	0.4407096	9.065378
25248	-2411.323	-2591.535	180.2117	1.095895	0.5972402	9.113254
25254	-2405.554	-2592.053	186.4982	1.318869	0.7067778	5.533984
25260	-2391.314	-2578.563	187.2485	1.446836	0.7440691	5.02276
25266	-2380.971	-2567.624	186.653	1.199565	0.517848	5.663793
25272	-2372.946	-2558.606	185.6601	1.135612	0.5663643	6.199526
25278	-2376.675	-2562.31	185.6344	1.207046	0.5366902	6.199526
25284	-2375.852	-2562.148	186.296	1.407851	0.3291472	5.938324
25290	-2387.063	-2574.79	187.7272	1.500692	0.3291472	5.10021
25296	-2390.001	-2578.265	188.2641	1.449466	0.5444605	4.609215
25302	-2396.913	-2585.32	188.4072	1.306301	0.5444605	4.609215
25308	-2408.353	-2592.645	184.2915	1.686728	0.3720358	6.825589
25314	-2397.758	-2583.207	185.4486	1.275238	0.4785299	6.315185
25320	-2407.527	-2593.371	185.844	1.219856	0.4785299	6.130316
25326	-2391.983	-2577.575	185.5915	1.251167	0.6210891	6.130316
25332	-2397.109	-2582.867	185.7575	1.361587	0.6210891	5.979645
25338	-2400.822	-2583.408	182.5855	1.138584	0.5161963	7.895474
25344	-2400.992	-2584.622	183.6307	1.086563	0.4112392	7.46229
25350	-2406.275	-2585.42	179.1449	0.9548201	0.301684	10.03358
25356	-2398.885	-2582.798	183.9137	1.359747	0.4097739	7.165285
25362	-2407.273	-2595.898	188.6259	1.4313	0.3470306	4.616444
25368	-2404.621	-2594.522	189.9015	1.587351	0.3861373	3.757758
25374	-2399.221	-2587.461	188.2397	1.587351	0.3971982	4.688477
25380	-2405.312	-2593.625	188.3129	1.501714	0.5907298	4.513138
25386	-2399.416	-2587.564	188.1472	1.605419	0.6340078	4.513138
25392	-2394.444	-2583.103	188.6594	1.605419	0.4297378	4.408077
25398	-2390.15	-2578.424	188.2744	1.647566	0.3517077	4.686686
25404	-2392.351	-2581.099	188.7479	1.690019	0.3517077	4.396782
25410	-2389.488	-2578.628	189.1403	1.552518	0.5418694	4.057881
25416	-2397.164	-2585.092	187.9274	1.718158	0.5418694	4.649595
25422	-2394.466	-2579.197	184.7315	1.433042	0.7180368	6.427883
25428	-2390.979	-2577.99	187.0109	1.425047	0.5067253	5.352948
25434	-2397.117	-2584.691	187.5744	1.539692	0.3019272	5.197228
25440	-2392.068	-2579.173	187.1046	1.515288	0.5690337	5.197228
25446	-2386.775	-2570.303	183.5275	1.161907	0.5690337	7.334741
25452	-2382.413	-2565.669	183.2554	1.354908	0.6231015	7.334741
25458	-2379.327	-2565.622	186.2951	1.57159	0.4386846	5.730168
25464	-2380.743	-2564.187	183.4435	1.168878	0.4386846	7.491304
25470	-2402.252	-2585.782	183.5297	1.234616	0.3600881	7.491304
25476	-2389.159	-2575.583	186.4243	1.249302	0.4312576	5.84325
25482	-2403.697	-2586.076	182.3784	1.259243	0.4463884	8.004889
25488	-2404.88	-2590.636	185.7568	1.396267	0.4463884	6.112289
25494	-2402.858	-2590.327	187.4695	1.363439	0.4011862	5.237008
25500	-2397.732	-2583.596	185.8643	1.343523	0.4251886	6.103462
25506	-2399.323	-2587.137	187.8142	1.50183	0.4251886	4.944039
25512	-2401.328	-2587.539	186.2116	1.327232	0.4251886	5.922961
25518	-2397.883	-2583.63	185.747	1.327232	0.5203434	6.086967
25524	-2398.145	-2581.494	183.3486	1.273674	0.4527718	7.472463
25530	-2407.157	-2591.848	184.691	1.204913	0.3293509	6.918445
25536	-2406.086	-2587.958	181.8727	0.949933	0.3293509	8.561625
25542	-2385.634	-2568.237	182.6028	0.9784688	0.4072714	8.073427
25548	-2400.815	-2589.822	189.006	1.495194	0.6233141	4.098113
25554	-2389.44	-2578.327	188.8866	1.614612	0.6233141	4.098113
25560	-2396.476	-2584.149	187.6725	1.439383	0.6233141	4.880112
25566	-2393.286	-2580.783	187.4972	1.516788	0.6233141	4.934598
25572	-2402.827	-2589.702	186.8757	1.230112	0.6233141	5.437206
25578	-2394.122	-2581.598	187.4759	1.62832	0.7578463	4.785594
25584	-2397.018	-2584.926	187.9085	1.563099	0.4988515	4.785594
25590	-2395.95	-2586.291	190.3412	1.647341	0.4668008	3.380435
25596	-2398.401	-2587.633	189.2315	1.726267	0.5031872	3.941918
25602	-2408.288	-2597.462	189.1741	1.783749	0.5031872	3.941918
25608	-2400.921	-2590.567	189.6463	1.732782	0.2841296	3.948356
25614	-2399.129	-2582.993	183.8647	1.188885	0.3841388	7.310088
25620	-2399.515	-2583.01	183.4941	1.183452	0.4684631	7.428122
25626	-2393.693	-2578.742	185.0487	1.17387	0.3623284	6.704356
25632	-2387.356	-2571.973	184.6171	1.330315	0.4341394	6.777878
25638	-2401.981	-2587.261	185.2802	1.272667	0.4804596	6.406197
25644	-2402.806	-2588.657	185.8503	1.224097	0.4078321	6.193814
25650	-2405.098	-2595.611	190.5129	1.789607	0.9155801	2.83436
25656	-2399.967	-2590.383	190.4152	1.804317	0.995685	2.83436
25662	-2412.535	-2603.29	190.755	1.743476	0.8936952	2.729226
25668	-2394.942	-2584.263	189.3209	1.613961	0.4988754	3.959125
25674	-2408.686	-2599.005	190.3189	1.622529	0.4437349	3.431917
25680	-2401.119	-2588.696	187.5776	1.441437	0.4437349	5.090195
25686	-2399.447	-2584.796	185.3491	1.488168	0.8572458	5.971459
25692	-2391.396	-2580.713	189.3167	1.537651	0.5605336	3.949114
25698	-2410.196	-2599.411	189.2152	1.538808	0.3206735	4.25605
25704	-2406.881	-2595.744	188.8627	1.687093	0.6683991	4.034947
25710	-2394.137	-2581.29	187.1531	1.434144	0.3680529	5.408765
25716	-2390.137	-2579.9	189.7627	1.481647	0.3305774	3.964479
25722	-2389.451	-2575.321	185.8697	1.221306	0.4615233	6.131515
25728	-2394.046	-2576.996	182.9506	1.080571	0.4615233	7.780567
25734	-2403.38	-2582.96	179.5805	1.080571	0.5355641	9.504232
25740	-2403.541	-2585.866	182.3254	1.320747	0.5355641	7.920581
25746	-2396.867	-2581.559	184.6918	1.259954	0.4804667	6.731489
25752	-2409.279	-2592.64	183.3605	1.440844	0.56275	7.279749
25758	-2408.429	-2595.758	187.3286	1.594934	0.4301203	5.156807
25764	-2405.719	-2595.241	189.5224	1.541759	0.4490987	3.934003
25770	-2416.169	-2599.707	183.5382	1.185468	0.3918916	7.478793
25776	-2406.646	-2589.967	183.3217	1.162385	0.5281558	7.478793
25782	-2407.171	-2592.671	185.4997	1.15824	0.3195743	6.518476
25788	-2403.081	-2585.633	182.5522	1.39712	0.2937297	8.005182
25794	-2419.072	-2605.872	186.7997	1.541903	0.7067583	5.244899
25800	-2405.089	-2589.133	184.0432	1.367178	0.8380404	6.757589
25806	-2400.039	-2585.206	185.1671	1.36004	0.3854482	6.514358
25812	-2407.434	-2593.826	186.3922	1.185562	0.4570725	5.870274
25818	-2394.259	-2578.145	183.8859	1.17127	0.4399725	7.251465
25824	-2387.714	-2571.923	184.2085	1.203308	0.2714655	7.251465
25830	-2395.762	-2582.893	187.1313	1.353584	0.4533547	5.376011
25836	-2396.525	-2585.482	188.9566	1.549133	0.4448609	4.25643
25842	-2391.735	-2578.833	187.0979	1.453747	0.2822637	5.533098
25848	-2378.659	-2567.436	188.7764	1.453747	0.4993521	4.359224
25854	-2379.475	-2567.583	188.1082	1.482844	0.4993521	4.718357
25860	-2392.589	-2578.821	186.2323	1.130459	0.5178151	5.931854
25866	-2379.731	-2563.872	184.1414	1.498868	0.4049726	6.972869
25872	-2387.51	-2571.181	183.6715	1.249613	0.4049726	7.359384
25878	-2388.617	-2572.309	183.6914	1.1505	0.4479088	7.359384
25884	-2401.914	-2585.368	183.4531	1.182961	0.4479088	7.469725
25890	-2395.571	-2577.061	181.4904	1.403031	0.8419341	8.104776
25896	-2391.163	-2573.409	182.2467	1.207104	0.4444122	8.104776
25902	-2394.059	-2576.723	182.6646	1.024595	0.4444122	7.979282
25908	-2392.378	-2575.982	183.6043	1.184495	0.3493865	7.490123
25914	-2377.323	-2560.709	183.3854	1.105071	0.5110414	7.490123
25920	-2380.029	-2562.537	182.5071	1.048251	0.5110414	7.989949
25926	-2374.52	-2556.97	182.4497	1.049601	0.5006764	8.028915
25932	-2383.995	-2567.39	183.3945	1.236373	0.6304297	7.318174
25938	-2393.12	-2576.869	183.7488	1.105643	0.4057539	7.394341
25944	-2390.551	-2574.79	184.239	1.176707	0.3779677	7.12215
25950	-2391.529	-2573.605	182.0763	1.177384	0.3812974	8.274824
25956	-2395.774	-2582.5	186.726	1.399476	0.3812974	5.647973
25962	-2407.104	-2592.601	185.4975	1.263644	0.4593987	6.312884
25968	-2394.261	-2578.834	184.5731	1.156237	0.372028	6.959747
25974	-2399.775	-2585.814	186.0394	1.443152	0.372028	6.00975
25980	-2401.339	-2587.16	185.8207	1.566373	0.2467724	6.218573
25986	-2402.687	-2588.678	185.9909	1.396195	0.2467724	6.218573
25992	-2397.019	-2580.749	183.7307	1.265246	0.4654862	7.260085
25998	-2385.139	-2570.167	185.0284	1.336673	0.3705942	6.618187
26004	-2381.101	-2567.812	186.7112	1.491741	0.3706538	5.617213
26010	-2389.625	-2577.518	187.8931	1.56905	0.377866	4.913404
26016	-2377.671	-2565.429	187.7586	1.501981	0.416231	4.984132
26022	-2396.112	-2584.559	188.4462	1.421652	0.416231	4.645287
26028	-2394.51	-2581.499	186.9897	1.315899	0.3525282	5.581346
26034	-2404.687	-2591.224	186.5368	1.533595	0.4359261	5.62122
26040	-2398.169	-2580.748	182.5789	1.267147	0.4224175	7.917014
26046	-2409.077	-2592.699	183.6213	1.204589	0.4250588	7.390241
26052	-2384.25	-2566.749	182.4989	1.018481	0.3265533	8.195474
26058	-2383.105	-2566.683	183.5781	1.164555	0.6993982	7.208125
26064	-2384.528	-2572.587	188.0589	1.55679	0.2975597	4.924606
26070	-2395.94	-2583.464	187.5236	1.649697	0.251311	5.233282
26076	-2389.363	-2576.723	187.3599	1.563947	0.251311	5.370951
26082	-2381.67	-2569.384	187.7142	1.69408	0.2167104	5.155374
26088	-2406.822	-2595.529	188.7069	1.716638	0.3395917	4.419428
26094	-2388.093	-2573.727	185.6344	1.623659	0.5420631	5.96797
26100	-2383.467	-2569.074	185.6073	1.46519	0.6021197	6.019922
26106	-2395.021	-2581.027	186.006	1.382482	0.4105835	6.019922
26112	-2396.832	-2582.743	185.911	1.358211	0.4769524	6.019922
26118	-2389.11	-2577.513	188.403	1.568593	0.5300638	4.476951
26124	-2390.823	-2579.603	188.7799	1.568593	0.3271305	4.476951
26130	-2397.471	-2584.873	187.4013	1.582475	0.6324525	4.94423
26136	-2405.026	-2587.987	182.9606	1.664817	0.9830204	7.096743
26142	-2393.36	-2582.436	189.0756	1.664817	0.4698679	4.09811
26148	-2393.103	-2581.61	188.5069	1.530794	0.4698679	4.495792
26154	-2405.033	-2592.696	187.6627	1.509747	0.4698679	4.97951
26160	-2409.429	-2595.528	186.1	1.484648	0.5617756	5.772882
26166	-2406.266	-2592.093	185.8271	1.357732	0.5848458	5.972457
26172	-2402.802	-2584.911	182.1095	1.247099	0.58664	8.033482
26178	-2382.649	-2565.921	183.2721	1.192292	0.3284364	7.687901
26184	-2387.313	-2570.715	183.4027	1.005859	0.4685595	7.572172
26190	-2412.805	-2593.629	180.8239	0.9999816	0.4022567	9.011878
26196	-2400.778	-2580.969	180.1908	1.011468	0.4022567	9.340617
26202	-2404.774	-2584.981	180.2079	0.9681692	0.3277693	9.435234
26208	-2398.091	-2578.191	180.0996	1.059194	0.3356744	9.435234
26214	-2402.061	-2584.912	182.8507	1.202005	0.4738294	7.757658
26220	-2401.585	-2584.594	183.0093	1.249639	0.3637416	7.757658
26226	-2411.255	-2596.386	185.1318	1.299173	0.3637416	6.590104
26232	-2407.069	-2588.291	181.2221	1.036875	0.5249163	8.667657
26238	-2414.729	-2600.562	185.8326	1.352158	0.5381638	6.01131
26244	-2407.009	-2592.07	185.0612	1.361347	0.5618445	6.405899
26250	-2399.085	-2583.885	184.8003	1.171689	0.4259274	6.772753
26256	-2397.946	-2582.9	184.9545	1.491133	0.2169947	6.772753
26262	-2395.674	-2580.438	184.7637	1.248819	0.4112408	6.765694
26268	-2398.598	-2581.309	182.7114	1.127716	0.4112408	7.931881
26274	-2395.837	-2581.872	186.0355	1.264188	0.4219678	6.056669
26280	-2385.303	-2573.186	187.883	1.557576	0.4464405	4.853173
26286	-2391.197	-2579.191	187.9945	1.557576	0.3870238	4.853173
26292	-2402.408	-2590.178	187.77	1.574439	0.3870238	4.968731
26298	-2401.59	-2587.91	186.3204	1.503403	0.4308766	5.761404
26304	-2397.631	-2583.64	186.0094	1.177936	0.5514437	5.998627
26310	-2396.892	-2579.524	182.632	1.098591	0.5080277	7.899115
26316	-2400.73	-2583.472	182.742	1.047491	0.4728507	7.899115
26322	-2412.735	-2599.095	186.3602	1.585192	0.4800395	5.647241
26328	-2415.073	-2599.067	183.9939	1.537995	0.4906885	6.948677
26334	-2400.547	-2585.247	184.7001	1.283961	0.4609486	6.732244
26340	-2411.103	-2596.6	185.4971	1.357521	0.6602012	6.094268
26346	-2402.196	-2588.014	185.8176	1.350006	0.4568891	6.094268
26352	-2406.993	-2594.572	187.5791	1.531939	0.3290706	5.165037
26358	-2406.958	-2594.472	187.5142	1.365255	0.4462435	5.165037
26364	-2385.341	-2575.083	189.7414	2.323048	2.329343	2.348201
26370	-2406.885	-2596.722	189.8361	2.308552	2.329343	2.29711
26376	-2407.115	-2596.951	189.8361	2.308552	2.329343	2.29711
26382	-2409.931	-2595.185	185.2541	1.174349	0.4316837	6.520246
26388	-2408.727	-2593.566	184.839	1.149363	0.5873509	6.620302
26394	-2396.867	-2587.888	191.0214	1.951043	0.9724072	2.382977
26400	-2404.136	-2588.337	184.2008	1.207288	0.3763925	7.127925
26406	-2408.666	-2594.954	186.2878	1.4369	0.3506197	5.901737
26412	-2420.471	-2606.199	185.7281	1.540739	0.5410843	5.962938
26418	-2395.355	-2582.912	187.5565	1.416405	0.3469498	5.220119
26424	-2392.578	-2579.098	186.5203	1.509403	0.7394841	5.394052
26430	-2401.648	-2593.222	191.5741	1.996499	0.5756076	2.311906
26436	-2396.54	-2588.27	191.7293	2.045678	0.9096674	1.901752
26442	-2387.406	-2579.265	191.8587	1.96283	0.8957965	1.880282
26448	-2384.947	-2577.264	192.3176	2.148049	0.7103237	1.580947
26454	-2394.883	-2587.189	192.3058	2.03422	0.6866548	1.693634
26460	-2398.58	-2590.591	192.0112	2.147415	0.8344621	1.693634
26466	-2405.684	-2597.312	191.6282	2.147415	0.9516299	1.871188
26472	-2405.965	-2593.551	187.586	1.424979	0.3241605	5.226388
26478	-2408.217	-2589.403	181.186	1.284946	0.5117264	8.566472
26484	-2397.282	-2579.796	182.5146	1.253924	0.4438873	7.937451
26490	-2392.945	-2576.248	183.3025	1.162735	0.372032	7.638334
26496	-2381.148	-2565.843	184.6952	1.386306	0.3542079	6.789603
26502	-2381.793	-2568.538	186.745	1.627334	0.4370162	5.454136
26508	-2383.272	-2567.355	184.0834	1.252282	0.4107513	7.13082
26514	-2402.206	-2593.249	191.043	1.851584	0.7508004	2.587222
26520	-2395.455	-2578.845	183.39	1.115089	0.7530025	7.299219
26526	-2388.33	-2572.478	184.1481	1.369758	0.4260319	7.017457
26532	-2391.617	-2580.43	188.8129	1.370104	0.460389	4.42326
26538	-2380.003	-2565.859	185.8558	1.19771	0.5336838	6.086703
26544	-2400.561	-2582.914	182.3534	0.9749321	0.3686911	8.248579
26550	-2403.769	-2586.893	183.1237	1.388672	0.4046358	7.578798
26556	-2394.986	-2580.577	185.5906	1.298867	0.3614008	6.344275
26562	-2398.881	-2584.744	185.8628	1.225665	0.3614008	6.236141
26568	-2390.468	-2577.399	186.9312	1.498736	0.3614008	5.50286
26574	-2393.551	-2577.844	184.2934	1.397775	0.4265748	6.923542
26580	-2398.091	-2584.912	186.8217	1.493105	0.4437167	5.479163
26586	-2396.203	-2583.652	187.449	1.572043	0.495567	5.039386
26592	-2401.536	-2588.184	186.6477	1.409108	0.5098558	5.558787
26598	-2392.263	-2577.871	185.6083	1.457383	0.7819657	5.894431
26604	-2404.586	-2590.294	185.7077	1.357935	0.7819657	5.894431
26610	-2394.253	-2582.19	187.9379	1.375362	0.4446154	4.925923
26616	-2392.936	-2578.565	185.6291	1.356036	0.3460317	6.309772
26622	-2407.991	-2594.058	186.0671	1.363998	0.3991409	6.008592
26628	-2383.179	-2570.461	187.2824	1.40292	0.3991409	5.32073
26634	-2392.793	-2577.531	184.7383	1.260002	0.5749527	6.624915
26640	-2384.43	-2568.415	183.9851	1.186879	0.5004977	7.133611
26646	-2402.691	-2588.041	185.3503	1.341541	0.5004977	6.312576
26652	-2412.937	-2602.694	189.7563	1.465073	0.6024937	3.702104
26658	-2409.572	-2595.972	186.3992	1.435946	0.6024937	5.602362
26664	-2398.114	-2581.812	183.6982	1.060688	0.3520241	7.503213
26670	-2390.05	-2574.344	184.2942	1.347089	0.3724633	7.006698
26676	-2387.329	-2572.776	185.4475	1.151955	0.4178891	6.441375
26682	-2389.947	-2572.386	182.4387	1.173291	0.4178891	8.046372
26688	-2390.012	-2573.191	183.1796	1.109607	0.5456132	7.568435
26694	-2388.597	-2571.127	182.5297	1.154128	0.4046547	8.021409
26700	-2394.589	-2580.788	186.1995	1.316029	0.3221989	6.049403
26706	-2386.392	-2571.806	185.4142	1.326557	0.4522278	6.330841
26712	-2394.812	-2579.577	184.7648	1.342482	0.3953718	6.730955
26718	-2395.025	-2580.501	185.4753	1.150584	0.3654722	6.482645
26724	-2391.465	-2578.156	186.6909	1.445827	0.3654722	5.659303
26730	-2382.95	-2569.772	186.8215	1.410717	0.3208073	5.659303
26736	-2387.217	-2574.227	187.0099	1.636168	0.2678072	5.500733
26742	-2384.414	-2572.263	187.8491	1.475433	0.4657462	4.898853
26748	-2388.442	-2575.21	186.7687	1.453164	0.3572315	5.621915
26754	-2408.842	-2592.029	183.1875	1.176965	0.4800012	7.585251
26760	-2408.405	-2587.667	179.2618	1.106437	0.4800012	9.706651
26766	-2400.95	-2585.874	184.9246	1.23344	0.3275752	6.779128
26772	-2410.669	-2595.21	184.5416	1.144394	0.3275752	7.033575
26778	-2393.107	-2578.162	185.0545	1.240914	0.4848809	6.541659
26784	-2389.388	-2577.07	187.6816	1.451444	0.3215846	5.162035
26790	-2381.03	-2566.283	185.2528	1.490707	0.3718993	6.411824
26796	-2389.16	-2575.843	186.6827	1.408805	0.3718993	5.676923
26802	-2388.908	-2574.021	185.1127	1.229953	0.42784	6.570507
26808	-2392.456	-2576.985	184.5296	1.276063	0.42784	6.86056
26814	-2390.941	-2575.357	184.4157	1.32866	0.2670441	7.07862
26820	-2387.836	-2573.36	185.5238	1.464151	0.8563277	5.889771
26826	-2395.317	-2581.166	185.8492	1.464151	0.727816	5.795496
26832	-2396.538	-2581.95	185.4118	1.2994	0.4794543	6.321214
26838	-2388.5	-2571.84	183.3401	1.143194	0.5140389	7.491338
26844	-2385.364	-2568.668	183.3045	1.134932	0.5416192	7.491338
26850	-2386.24	-2569.816	183.576	1.027704	0.3756074	7.560369
26856	-2393.528	-2574.648	181.1198	1.161107	0.3364256	8.840844
26862	-2394.534	-2576.631	182.0969	1.192837	0.3364256	8.305146
26868	-2401.72	-2584.561	182.8404	1.030925	0.367607	7.960426
26874	-2399.666	-2583.499	183.8327	1.336826	0.4619436	7.170169
26880	-2393.643	-2577.948	184.3058	1.205991	0.3206604	7.135547
26886	-2407.32	-2592.657	185.3373	1.205991	0.3019446	6.602268
26892	-2389.233	-2574.195	184.9615	1.263732	0.4605482	6.602268
26898	-2391.175	-2576.066	184.891	1.32862	0.4605482	6.605274
26904	-2399.567	-2582.957	183.3902	1.147126	0.4112919	7.558619
26910	-2406.418	-2593.549	187.1308	1.485452	0.6381967	5.14377
26916	-2402.803	-2590.572	187.7697	1.485452	0.7205582	4.727317
26922	-2405.348	-2593.302	187.9536	1.471394	0.7682431	4.598947
26928	-2395.82	-2582.69	186.8695	1.537992	0.7682431	5.165844
26934	-2413.454	-2598.272	184.8173	1.472545	0.5845499	6.459328
26940	-2416.567	-2603.175	186.6082	1.456009	0.5845499	5.490937
26946	-2409.767	-2596.634	186.8673	1.569172	0.5845499	5.28578
26952	-2405.522	-2592.759	187.2369	1.569172	0.7910744	4.929394
26958	-2407.724	-2595.762	188.0382	1.569172	0.6906523	4.551618
26964	-2394.33	-2582.437	188.1074	1.555568	0.8598271	4.405031
26970	-2407.419	-2591.93	184.511	1.49661	0.5921847	6.606087
26976	-2401.742	-2589.234	187.4917	1.635732	0.9690272	4.640436
26982	-2404.802	-2591.218	186.4154	1.421006	0.3682121	5.820752
26988	-2430.617	-2615.594	184.9772	1.908441	0.31438	6.401406
26994	-2410.608	-2595.708	185.1002	1.412604	0.5098366	6.401406
27000	-2406.127	-2593.343	187.2161	1.39768	0.2696886	5.51589
27006	-2410.569	-2598.454	187.8845	1.571187	0.2696886	5.050917
27012	-2402.495	-2591.554	189.0588	1.51709	0.3798387	4.286265
27018	-2399.103	-2584.782	185.6787	1.774687	0.3798387	6.0171
27024	-2398.302	-2586.938	188.6368	1.574799	0.4662798	4.401331
27030	-2400.089	-2584.903	184.8139	1.523573	0.4662798	6.536108
27036	-2411.943	-2596.424	184.4816	1.458907	0.4662798	6.750768
27042	-2423.471	-2609.962	186.4909	1.377031	0.4662798	5.702691
27048	-2438.095	-2623.066	184.9713	1.492097	0.7229291	6.262311
27054	-2413.096	-2601.511	188.4152	1.545277	0.6044778	4.41972
27060	-2401.874	-2589.738	187.8643	1.5408	0.8304235	4.568908
27066	-2415.455	-2600.522	185.0663	1.367068	0.6549497	6.327206
27072	-2395.764	-2581.302	185.5386	1.582114	0.6663026	5.944684
27078	-2396.413	-2579.543	183.1297	1.376625	0.5916154	7.414879
27084	-2407.587	-2592.35	184.7626	1.417794	0.6684716	6.454506
27090	-2389.959	-2575.764	185.8054	1.342633	0.6475455	5.943717
27096	-2412.882	-2598.818	185.9357	1.547238	0.4349427	5.943717
27006	-2437.619	-2628.48	190.8611	1.906498	0.8566487	2.588738
27012	-2425.66	-2616.982	191.3217	1.900639	1.024954	2.189306
27018	-2414.252	-2605.402	191.1499	1.900639	1.024954	2.299842
27024	-2412.075	-2599.612	187.5375	1.298862	0.4468304	5.188305
27030	-2416.713	-2603.828	187.1151	1.349164	0.4181878	5.422653
27036	-2408.881	-2593.114	184.2328	1.412996	0.5470089	6.838355
27042	-2412.938	-2597.98	185.0428	1.380194	0.5876268	6.384664
27048	-2400.166	-2586.699	186.5332	1.281179	0.6328048	5.590112
27054	-2419.701	-2608.327	188.6264	1.322451	0.6328048	4.403581
27060	-2413.685	-2596.265	182.5799	1.142552	0.480947	7.927528
27066	-2432.217	-2615.337	183.1203	1.439293	0.7582152	7.266523
27072	-2397.366	-2582.866	185.5001	1.247545	0.6585828	6.15372
27078	-2405.017	-2590.648	185.6305	1.351998	0.4579991	6.193948
27084	-2407.907	-2592.09	184.1825	1.184077	0.5564927	6.98098
27090	-2415.453	-2593.925	178.4716	1.070496	0.2701823	10.36663
27096	-2401.379	-2581.92	180.5403	1.178564	0.5682716	8.918326
27102	-2405.141	-2589.357	184.2155	1.30209	0.5585355	6.897902
27108	-2406.657	-2588.052	181.3951	1.339579	0.2291765	8.738581
27114	-2399.564	-2581.298	181.7333	0.9602248	0.2444069	8.738581
27120	-2403.483	-2585.202	181.7194	1.088202	0.3010331	8.603516
27126	-2396.926	-2577.065	180.1393	1.1025	0.4877891	9.238573
27132	-2394.994	-2574.064	179.0703	1.134319	0.4421664	9.827786
27138	-2390.229	-2574.643	184.4146	1.072132	0.5517742	6.92013
27144	-2393.37	-2575.18	181.8098	1.111638	0.5125959	8.326273
27150	-2394.083	-2577.969	183.8861	1.022259	0.3741022	7.398735
27156	-2397.29	-2581.233	183.9424	1.106559	0.308586	7.398735
27162	-2416.075	-2599.1	183.0251	1.446509	0.2462498	7.789641
27168	-2402.435	-2588.147	185.7124	1.226377	0.3403514	6.341551
27174	-2408.623	-2591.888	183.2652	1.133175	0.4030844	7.641381
27180	-2397.805	-2585.148	187.3427	1.428302	0.2377104	5.475036
27186	-2401.307	-2589.025	187.718	1.67043	0.1789365	5.229295
27192	-2393.967	-2580.955	186.9889	1.440525	0.3845514	5.477437
27198	-2395.415	-2582.166	186.7517	1.538533	0.3115019	5.638934
27204	-2382.415	-2568.697	186.282	1.518133	0.3115019	5.907234
27210	-2392.379	-2576.012	183.6324	1.19603	0.3125145	7.512096
27216	-2390.583	-2573.822	183.2392	1.186374	0.3217286	7.71663
27222	-2381.7	-2565.062	183.362	1.149612	0.4205942	7.563067
27228	-2396.874	-2582.451	185.5771	1.104444	0.330006	6.493158
27234	-2412.379	-2598.93	186.5508	1.645939	0.2032379	5.843356
27240	-2386.201	-2570.01	183.8097	1.224893	0.4508097	7.253193
27246	-2396.965	-2582.738	185.773	1.342303	0.4810474	6.100003
27252	-2404.562	-2594.079	189.5173	1.439266	0.4172183	4.028814
27258	-2397.305	-2584.414	187.1093	1.363785	0.4366329	5.399066
27264	-2396.028	-2583.501	187.4728	1.427896	0.3849618	5.217057
27270	-2379.845	-2568.182	188.3375	1.445017	0.4741589	4.634922
27276	-2386.501	-2575.204	188.7033	1.664803	0.6800024	4.12967
27282	-2405.301	-2591.464	186.1637	1.504112	0.3738884	5.906581
27288	-2400.464	-2582.693	182.2289	1.213458	0.3738884	8.182298
27294	-2401.581	-2592.328	190.7468	1.690438	0.7859464	2.841393
27300	-2396.488	-2585.811	189.3227	1.557467	0.5783298	3.918934
27306	-2394.864	-2584.154	189.2907	1.526735	0.5783298	3.954918
27312	-2405.522	-2596.054	190.5325	1.743343	0.8193685	2.91528
27318	-2407.566	-2598.619	191.0524	1.590963	0.4629822	2.995974
27324	-2411.086	-2600.81	189.7237	1.537398	0.427792	3.843143
27330	-2404.262	-2592.88	188.6178	1.367674	0.4624675	4.532349
27336	-2400.598	-2589.447	188.8485	1.396625	0.4766641	4.372311
27342	-2401.488	-2589.445	187.9567	1.339679	0.4143154	4.966233
27348	-2396.567	-2580.145	183.5777	1.229764	0.3525042	7.476622
27354	-2401.71	-2585.56	183.8497	1.336949	0.4882486	7.136701
27360	-2394.877	-2581.715	186.8378	1.366321	0.2942073	5.708145
27366	-2376.495	-2565.556	189.0611	1.463101	0.4273889	4.263947
27372	-2408.977	-2594.573	185.5959	1.3026	0.623241	6.098243
27378	-2397.464	-2582.912	185.4485	1.249197	0.2922965	6.530929
27384	-2381.769	-2568.083	186.3135	1.206158	0.505699	5.85691
27390	-2385.62	-2571.446	185.8265	1.314128	0.675847	5.92682
27396	-2390.272	-2577.326	187.0549	1.216285	0.4835058	5.464975
27402	-2400.65	-2586.494	185.8447	1.177018	0.6365564	6.020908
27408	-2398.599	-2583.747	185.1471	1.180294	0.3667138	6.642844
27414	-2399.057	-2581.318	182.2613	1.07913	0.4712812	8.140046
27420	-2390.447	-2574.03	183.5829	1.259182	0.6693934	7.176027
27426	-2395.331	-2581.253	185.9214	1.300471	0.5000336	6.024553
27432	-2385.192	-2571.283	186.091	1.285594	0.47478	5.963357
27438	-2375.659	-2561.855	186.1962	1.248859	0.47478	5.925998
27444	-2375.431	-2562.181	186.7505	1.366158	0.4705759	5.562095
27450	-2392.585	-2579.75	187.165	1.464175	0.4544403	5.295373
27456	-2380.564	-2567.34	186.776	1.499063	0.6877492	5.295373
27462	-2406.852	-2590.355	183.5033	1.114064	0.5617841	7.379236
27468	-2396.242	-2579.757	183.5149	1.114064	0.5542539	7.379236
27474	-2395.399	-2580.047	184.648	1.370738	0.7137078	6.50987
27480	-2407.366	-2592.114	184.7472	1.334581	0.6657863	6.50987
27486	-2393.37	-2578.806	185.4359	1.313018	0.5617153	6.228771
27492	-2379.49	-2560.396	180.9058	1.129332	0.5617153	8.755966
27498	-2391.274	-2573.853	182.5794	1.196557	0.4461898	7.93129
27504	-2395.827	-2581.106	185.2792	1.137176	0.3745037	6.586142
27510	-2394.866	-2577.297	182.4311	1.141279	0.3745037	8.112378
27516	-2396.029	-2577.854	181.8251	1.05171	0.4331471	8.422723
27522	-2384.708	-2566.934	182.2261	1.208928	0.5133975	8.052106
27528	-2403.715	-2589.499	185.7843	1.546883	0.5040334	5.961363
27534	-2403.087	-2585.496	182.4087	1.260772	0.482241	7.954607
27540	-2403.841	-2588.417	184.5764	1.305223	0.553006	6.706027
27546	-2400.947	-2588.419	187.4711	1.285009	0.4908017	5.190667
27552	-2400.261	-2585.515	185.2537	1.3981	0.3427083	6.494411
27558	-2396.764	-2582.697	185.9323	1.340996	0.3883776	6.106026
27564	-2399.047	-2582.129	183.0818	1.255122	0.6584716	7.455081
27570	-2383.209	-2568.696	185.4871	1.288804	0.4677972	6.296911
27576	-2388.228	-2574.669	186.4413	1.44389	0.6291939	5.553974
27582	-2382.416	-2568.965	186.5494	1.401351	0.4332432	5.689505
27588	-2398.345	-2582.646	184.3014	1.313897	0.444871	6.946536
27594	-2403.841	-2588.465	184.6242	1.12761	0.444871	6.872949
27600	-2399.437	-2586.213	186.7763	1.375139	0.4381819	5.574432
27606	-2390.944	-2578.507	187.5628	1.374515	0.6681517	4.942815
27612	-2400.676	-2586.268	185.592	1.414605	0.367981	6.273292
27618	-2409.261	-2591.809	182.5485	1.237186	0.6627055	7.746986
27624	-2409.8	-2596.656	186.8565	1.247113	0.5313836	5.514081
27630	-2399.363	-2585.878	186.5154	1.176062	0.4874675	5.779479
27636	-2405.554	-2590.222	184.6684	1.174356	0.414777	6.853683
27642	-2391.507	-2578.988	187.4805	1.431201	0.3320346	5.271684
27648	-2396.858	-2581.599	184.7417	1.21937	0.57656	6.64374
27654	-2403.267	-2588.93	185.6636	1.35593	0.57656	6.069284
27660	-2393.672	-2578.677	185.0052	1.371399	0.3186125	6.671835
27666	-2400.834	-2587.784	186.9503	1.488362	0.5199081	5.33961
27672	-2397.994	-2583.015	185.0209	1.449474	0.4964482	6.436328
27678	-2398.663	-2581.706	183.0425	1.054373	0.4964482	7.713612
27684	-2400.534	-2585.922	185.3886	1.47463	0.3874529	6.330011
27690	-2395.792	-2581.148	185.3552	1.407686	0.3874529	6.384432
27696	-2398.461	-2583.488	185.0269	1.326475	0.3763377	6.618259
27702	-2395.417	-2580.607	185.1901	1.178641	0.3687212	6.618259
27708	-2382.583	-2568.66	186.0771	1.363494	0.5380374	5.871729
27714	-2390.219	-2574.142	183.9237	1.196116	0.2460108	7.443091
27720	-2405.4	-2589.475	184.0751	1.290514	0.444766	7.081064
27726	-2404.445	-2591.453	187.0072	1.533909	0.5479608	5.258581
27732	-2401.196	-2585.704	184.5081	1.338152	0.5606243	6.71883
27738	-2383.796	-2570.603	186.8069	1.324296	0.4695553	5.55512
27744	-2402.144	-2586.187	184.0425	1.35148	1.029567	6.65729
27750	-2395.632	-2582.889	187.2575	1.429318	0.4373258	5.280443
27756	-2397.451	-2583.199	185.7486	1.332533	0.4976911	6.103373
27762	-2390.788	-2577.053	186.2647	1.243351	0.4672302	5.898666
27768	-2401.693	-2583.96	182.2664	1.126034	0.6634629	7.956479
27774	-2396.612	-2579.15	182.5376	1.182526	0.6888404	7.763402
27780	-2398.904	-2587.039	188.135	1.435778	0.5543824	4.680592
27786	-2394.971	-2580.501	185.5291	1.439616	0.4888967	6.17257
27792	-2401.443	-2585.024	183.5817	1.376408	0.5991267	7.166482
27798	-2412.202	-2599.583	187.3806	1.702732	0.5089103	4.992634
27804	-2420.333	-2608.073	187.7404	1.417063	0.431654	5.025531
27810	-2406.772	-2592.795	186.0229	1.318079	0.431654	6.024461
27816	-2402.314	-2583.716	181.402	1.248393	0.6295718	8.376549
27822	-2411.969	-2593.215	181.2467	1.124025	0.5490463	8.58822
27828	-2404.085	-2588.184	184.0989	1.188462	0.3908133	7.177428
27834	-2402.152	-2586.11	183.9582	1.256051	0.4929946	7.11761
27840	-2401.639	-2589.375	187.7359	1.406455	0.5271495	4.943448
27846	-2401.646	-2590.511	188.8655	1.703945	0.4950016	4.171106
27852	-2393.507	-2581.865	188.3573	1.547736	0.5677034	4.481579
27858	-2387.092	-2575.545	188.4533	1.599387	0.4758136	4.481579
27864	-2394.369	-2582.027	187.6575	1.446808	0.5288888	4.963067
27870	-2395.716	-2583.205	187.4895	1.603243	1.005217	4.639402
27876	-2387.275	-2575.736	188.4615	1.49716	0.6037563	4.421342
27882	-2393.808	-2581.296	187.4879	1.42536	0.7870022	4.872416
27888	-2378.892	-2566.284	187.3923	1.556467	0.7576715	4.872416
27894	-2380.754	-2566.972	186.2184	1.488401	0.7576715	5.559338
27900	-2391.15	-2579.507	188.357	1.451158	0.3960676	4.700274
27906	-2401.84	-2590.286	188.4467	1.518256	0.6861963	4.353502
27912	-2398.931	-2584.044	185.1134	1.648169	0.6861963	6.125964
27918	-2396.695	-2583.852	187.1571	1.365485	0.5466693	5.269935
27924	-2398.622	-2585.585	186.963	1.456939	0.6156809	5.269935
27930	-2379.954	-2567.34	187.3866	1.519655	0.5440203	5.059815
27936	-2386.396	-2574.101	187.7056	1.545587	0.4857795	4.920598
27942	-2376.765	-2561.041	184.2764	1.395799	0.6093349	6.773847
27948	-2387.078	-2570.875	183.7969	1.139599	0.5292889	7.235107
27954	-2378.63	-2565.294	186.6639	1.421704	0.7047089	5.38763
27960	-2380.264	-2566.997	186.7334	1.566355	0.5528402	5.38763
27966	-2378.185	-2565.263	187.0782	1.463299	0.5996651	5.215506
27972	-2385.874	-2572.811	186.9371	1.463299	0.6314344	5.268424
27978	-2378.552	-2566.356	187.8045	1.471555	0.7029852	4.728252
27984	-2386.309	-2574.291	187.982	1.579247	0.8675017	4.457557
27990	-2400.651	-2588.407	187.7565	1.581978	0.6993332	4.695994
27996	-2395.172	-2582.712	187.54	1.488677	0.8189916	4.787061
28002	-2399.312	-2583.755	184.4429	1.358255	0.4670028	6.825271
28008	-2397.175	-2581.819	184.6443	1.133244	0.4807942	6.825271
28014	-2393.368	-2578.717	185.349	1.229664	0.7366216	6.190228
28020	-2383.104	-2567.177	184.0723	1.272218	0.4972152	7.043738
28026	-2383.094	-2566.253	183.1591	1.084687	0.5494654	7.589531
28032	-2392.795	-2577.375	184.58	1.161882	0.5438364	6.789145
28038	-2394.04	-2579.84	185.8001	1.463068	0.3734896	6.127709
28044	-2389.998	-2572.973	182.9754	1.302506	0.4657324	7.644706
28050	-2382.167	-2568.421	186.2542	1.442153	0.4657324	5.797158
28056	-2391.377	-2576.495	185.1183	1.271217	0.3259245	6.65606
28062	-2396.629	-2583.339	186.7099	1.357445	0.4291142	5.629717
28068	-2394.834	-2580.26	185.4258	1.257346	0.517149	6.302519
28074	-2405.514	-2589.128	183.6145	1.133513	0.2812855	7.594392
28080	-2404.806	-2587.762	182.956	0.9985885	0.3228014	7.966847
28086	-2395.146	-2580.175	185.029	1.176418	0.3727324	6.702125
28092	-2396.173	-2582.579	186.4065	1.266172	0.427111	5.84791
28098	-2397.188	-2583.243	186.0548	1.195348	0.3164046	6.200977
28104	-2407.384	-2589.891	182.5076	0.8991754	0.5001591	8.078731
28110	-2393.798	-2574.961	181.1628	0.9119964	0.4805186	8.804172
28116	-2395.087	-2576.733	181.6461	1.04004	0.3408414	8.620849
28122	-2391.849	-2573.311	181.4628	0.9693228	0.3408414	8.755629
28128	-2391.123	-2570.666	179.5435	1.021821	0.4093416	9.669658
28134	-2399.834	-2583.391	183.5574	1.070219	0.3729354	7.550445
28140	-2391.252	-2571.014	179.7619	0.9953503	0.5635345	9.430642
28146	-2382.379	-2567.702	185.3232	1.067916	0.3559995	6.62035
28152	-2389.532	-2575.929	186.3971	1.22602	0.3665375	5.939175
28158	-2395.744	-2578.886	183.1416	1.152082	0.7706689	7.401047
28164	-2396.705	-2581.354	184.6487	1.278664	0.5071894	6.720585
28170	-2388.424	-2573.074	184.6494	1.18147	0.5071894	6.772703
28176	-2398.877	-2582.939	184.0624	1.132726	0.5379382	7.088734
28182	-2425.861	-2608.75	182.8889	1.143802	0.4751438	7.767152
28188	-2410.888	-2595.031	184.1422	1.363886	0.4667007	6.984622
28194	-2387.692	-2569.329	181.6361	0.8781088	0.6794471	8.412752
28200	-2380.858	-2562.683	181.8248	1.023107	0.5313442	8.349392
28206	-2388.899	-2573.119	184.2206	1.084915	0.4191934	7.138536
28212	-2385.509	-2568.167	182.658	0.9824618	0.4973546	7.956598
28218	-2380.777	-2565.551	184.7745	1.223064	0.3762242	6.810579
28224	-2389.361	-2575.068	185.7071	1.258194	0.3596877	6.305022
28230	-2395.186	-2577.748	182.5626	1.258194	0.3789073	7.975236
28236	-2397.234	-2582.936	185.7014	1.570359	0.6220947	5.895546
28242	-2392.023	-2575.858	183.835	1.658245	0.1993312	7.313105
28248	-2372.301	-2558.458	186.1571	1.218692	0.3604885	6.080834
28254	-2376.032	-2563.215	187.1824	1.337936	0.5717665	5.249986
28260	-2382.983	-2567.734	184.7507	1.255986	0.3677691	6.814881
28266	-2366.73	-2550.162	183.4321	1.057582	0.3677691	7.629894
28272	-2379.275	-2563.038	183.7638	1.140103	0.3618844	7.414455
28278	-2390.355	-2574.366	184.0106	0.9703649	0.4531981	7.27972
28284	-2390.629	-2574.819	184.1896	0.9903673	0.3355136	7.296287
28290	-2389.892	-2572.765	182.8736	1.041156	0.5980372	7.726566
28296	-2378.976	-2562.524	183.5479	1.033457	0.3549331	7.595007
28302	-2388.548	-2571.763	183.2144	1.073647	0.5150815	7.595007
28308	-2382.544	-2564.788	182.2439	1.109516	0.2792465	8.341107
28314	-2383.025	-2567.831	184.806	1.052741	0.348123	6.916691
28320	-2374.742	-2558.528	183.786	1.130519	0.3450836	7.426567
28326	-2381.598	-2565.934	184.3361	1.182302	0.6498237	6.826173
28332	-2379.835	-2563.237	183.4024	1.168021	0.3765099	7.577181
28338	-2383.637	-2569.189	185.552	1.306895	0.6040679	6.13476
28344	-2384.055	-2567.075	183.0204	1.225407	0.6040679	7.544765
28350	-2389.266	-2574.376	185.1103	1.216644	0.4191082	6.587745
28356	-2396.08	-2583.308	187.2283	1.428366	0.4968059	5.240122
28362	-2393.152	-2581.314	188.1618	1.458021	0.7101216	4.530421
28368	-2396.672	-2585.571	188.8991	1.484165	0.4425191	4.328066
28374	-2391.898	-2579.403	187.5051	1.474899	0.4263824	5.129382
28380	-2401.814	-2590.035	188.221	1.696086	0.5768724	4.467058
28386	-2397.028	-2585.256	188.2285	1.418121	0.4938319	4.692396
28392	-2391.785	-2576.455	184.6697	1.288009	0.4964985	6.713735
28398	-2399.43	-2584.188	184.7576	1.330698	0.4220994	6.713735
28404	-2394.488	-2578.133	183.6448	1.21201	0.4644306	7.335778
28410	-2385.738	-2568.746	183.0075	1.122939	0.4335799	7.754129
28416	-2376.039	-2559.208	183.1688	1.256515	0.392755	7.637633
28422	-2382.783	-2565.639	182.8557	1.27042	0.6503309	7.573946
28428	-2381.579	-2566.172	184.5931	1.334325	0.5763549	6.662108
28434	-2382.504	-2570.078	187.5737	2.062737	0.2223219	5.020109
28440	-2389.062	-2573.854	184.7926	1.454098	0.3675245	6.685567
28446	-2382.356	-2569.501	187.1451	1.318348	0.3330555	5.517459
28452	-2393.409	-2578.665	185.2556	1.248144	0.5706803	6.354577
28458	-2390.045	-2574.962	184.917	1.194049	0.5487842	6.585489
28464	-2384.218	-2569.147	184.9288	1.108179	0.5487842	6.625556
28470	-2385.476	-2571.215	185.7383	1.305455	0.448267	6.169977
28476	-2382.199	-2565.06	182.8616	1.04665	0.5188109	7.794865
28482	-2384.786	-2568.341	183.555	1.207358	0.7032707	7.194815
28488	-2389.244	-2573.11	183.8661	1.300118	0.4835873	7.15191
28494	-2393.366	-2573.573	180.2066	1.088523	0.5607039	9.14868
28500	-2404.683	-2588.787	184.1039	1.33224	0.431166	7.056335
28506	-2386.22	-2570.278	184.0589	1.346284	0.3213358	7.192058
28512	-2396.065	-2579.435	183.3695	1.062883	0.328142	7.705366
28518	-2401.95	-2588.475	186.5242	1.461963	0.3131534	5.80348
28524	-2395.932	-2582.001	186.0684	1.446983	0.5705717	5.80348
28530	-2395.627	-2581.984	186.3571	1.625233	0.5085813	5.60083
28536	-2403.192	-2585.629	182.437	1.523571	0.5899314	7.708406
28542	-2403.228	-2588.076	184.8484	1.646444	0.750454	6.226432
28548	-2391.414	-2580.47	189.0562	1.585024	0.4969881	4.128436
28554	-2395.998	-2585.092	189.0935	1.901073	0.3255865	4.113234
28560	-2406.965	-2595.919	188.9542	1.59901	0.5695579	4.113234
28566	-2396.134	-2586.2	190.0666	1.831742	0.6109952	3.299999
28572	-2403.848	-2592.847	188.9987	2.059895	0.9991184	3.521697
28578	-2387.943	-2578.053	190.1098	1.794718	0.66218	3.254256
28584	-2399.398	-2589.285	189.887	1.855528	0.66218	3.349756
28590	-2401.263	-2588.142	186.8784	1.5189	0.5229662	5.359735
28596	-2398.81	-2585.7	186.8896	1.462809	0.5515141	5.359735
28602	-2395.173	-2582.229	187.0552	1.557942	0.3998687	5.359735
28608	-2396.071	-2583.58	187.5094	1.553841	0.4122995	5.097805
28614	-2395.685	-2581.723	186.038	1.476522	0.3422045	6.026178
28620	-2385.269	-2570.36	185.0904	1.342278	0.3323726	6.625073
28626	-2397.005	-2581.083	184.078	1.378915	0.383436	7.094088
28632	-2400.093	-2585.322	185.2295	1.337509	0.5217824	6.361528
28638	-2408.66	-2592.899	184.2386	1.302559	0.4523443	6.979287
28644	-2400.13	-2584.15	184.0196	1.246158	0.4523443	7.127516
28650	-2401.569	-2585.132	183.5637	1.294508	0.7268466	7.127071
28656	-2396.561	-2580.612	184.0508	1.213203	0.4537656	7.127071
28662	-2397.692	-2579.435	181.7433	1.071897	0.4994044	8.394305
28668	-2413.107	-2593.06	179.9534	1.0633	0.6417807	9.233585
28674	-2407.061	-2592.858	185.7967	1.307956	0.4328682	6.15198
28680	-2394.339	-2577.187	182.8484	1.183646	0.4995989	7.745489
28686	-2398.053	-2581.965	183.9118	1.166293	0.6558484	7.058941
28692	-2404.393	-2589.709	185.3164	1.198307	0.4835872	6.424032
28698	-2398.766	-2586.349	187.583	1.63006	0.4835872	4.943913
28704	-2398.698	-2583.609	184.911	1.200475	0.2912769	6.849044
28710	-2398.184	-2579.371	181.1871	1.226588	0.4150948	8.686425
28716	-2402.937	-2587.556	184.6192	1.433076	0.39006	6.766235
28722	-2411.047	-2592.933	181.8854	1.102136	0.8615789	8.042817
28728	-2402.058	-2585.87	183.8121	1.313327	0.6119757	7.066509
28734	-2405.145	-2592.122	186.9766	1.354292	0.5300685	5.390072
28740	-2393.835	-2577.604	183.7688	1.378537	0.5915687	7.070619
28746	-2398.513	-2579.16	180.6463	1.107296	0.3413623	9.114402
28752	-2410.202	-2589.007	178.8053	1.160187	0.6007118	9.819093
28758	-2423.524	-2605.346	181.8219	1.261713	0.6488307	8.131766
28764	-2397.345	-2581.25	183.9047	1.363412	0.3432003	7.240084
28770	-2398.073	-2581.476	183.4034	1.285344	0.4040242	7.484949
28776	-2396.482	-2580.532	184.0492	1.15823	0.3825073	7.229209
28782	-2402.136	-2583.156	181.02	1.105311	0.3706975	8.885251
28788	-2397.816	-2576.731	178.9151	1.048387	0.3430897	10.05683
28794	-2398.399	-2576.841	178.4423	1.002697	0.3430897	10.32942
28800	-2392.397	-2574.676	182.2793	0.9257844	0.4029897	8.278143
28806	-2392.842	-2576.572	183.7305	1.189548	0.3478612	7.421522
28812	-2395.505	-2575.109	179.6037	0.9575612	0.3478612	9.736671
28818	-2399.584	-2581.714	182.1304	1.057959	0.4396513	8.25072
28824	-2397.061	-2581.272	184.2114	1.250053	0.3558028	7.12189
28830	-2410.965	-2597.931	186.9661	1.315095	0.4379995	5.503306
28836	-2405.981	-2592.179	186.1985	1.332115	0.7006975	5.695538
28842	-2397.662	-2587.329	189.667	1.524221	0.50401	3.807148
28848	-2398.432	-2587.592	189.1607	1.649814	0.5803689	3.957107
28854	-2392.598	-2582.06	189.4622	1.592585	0.5359973	3.855984
28860	-2394.892	-2581.685	186.7934	1.434179	0.5359973	5.441845
28866	-2388.185	-2575.83	187.6445	1.479802	0.5957243	4.895245
28872	-2382.947	-2570.856	187.9085	1.465552	0.6377679	4.722477
28878	-2392.051	-2579.141	187.0904	1.397453	0.5660821	5.272675
28884	-2385.856	-2573.919	188.0633	1.392743	0.5660821	4.73481
28890	-2375.874	-2561.529	185.6545	1.326804	0.6903509	6.00326
28896	-2387.33	-2571.73	184.4003	1.257433	0.3239214	7.053129
28902	-2397.161	-2585.734	188.5738	1.682518	0.3535555	4.496906
28908	-2384.965	-2571.916	186.9512	1.23032	0.4116623	5.584905
28914	-2384.016	-2571.371	187.3546	1.305193	0.4116623	5.321577
28920	-2400.118	-2585.506	185.3873	1.246239	0.3135149	6.539065
28926	-2404.944	-2590.276	185.3317	1.178939	0.3709294	6.539065
28932	-2404.542	-2592.442	187.8998	1.422085	0.7191668	4.691001
28938	-2415.171	-2604.317	189.1455	1.469392	0.5067008	4.134296
28944	-2407.202	-2593.879	186.6777	1.336447	0.4336409	5.65432
28950	-2410.566	-2600.112	189.5453	1.555619	0.6570832	3.727442
28956	-2402.684	-2593.399	190.7152	1.903414	0.7053386	2.792079
28962	-2400.552	-2591.081	190.5285	1.755791	0.6223045	3.061462
28968	-2402.994	-2593.138	190.1436	1.874395	0.5230855	3.30802
28974	-2402.061	-2592.118	190.0578	1.545816	0.4662013	3.605708
28980	-2409.485	-2600.207	190.7214	1.705454	0.4662013	3.122073
28986	-2410.419	-2598.072	187.653	1.714147	0.8733354	4.563072
28992	-2419.848	-2608.841	188.9934	1.731461	0.814833	3.829792
28998	-2398.45	-2585.661	187.2109	1.372948	0.6989256	5.116488
29004	-2401.191	-2587.354	186.163	1.40778	0.6999683	5.674025
29010	-2391.121	-2578.491	187.3699	1.368774	0.4889636	5.201988
29016	-2378.128	-2564.357	186.2294	1.303003	0.3968577	5.955778
29022	-2395.569	-2583.387	187.8181	1.571233	0.4925767	4.837281
29028	-2390.26	-2575.602	185.3424	1.401191	0.3478135	6.438803
29034	-2400.699	-2585.859	185.1596	1.262528	0.3257665	6.638617
29040	-2397.466	-2582.091	184.6242	1.215003	0.5099816	6.765759
29046	-2388.001	-2573.865	185.864	1.41868	0.3934554	6.095506
29052	-2402.126	-2583.637	181.511	1.215685	0.3539165	8.584634
29058	-2400.173	-2585.795	185.6217	1.304399	0.4528315	6.229544
29064	-2381.404	-2570.72	189.3164	1.817973	0.2637439	4.116777
29070	-2399.932	-2587.171	187.2391	1.734335	0.2637439	5.326001
29076	-2410.691	-2599.535	188.8437	1.679422	0.3842378	4.311155
29082	-2386.936	-2573.462	186.5263	1.338865	0.3232053	5.857336
29088	-2394.098	-2579.177	185.0791	1.482096	0.6421173	6.267384
29094	-2399.057	-2583.312	184.2551	1.186857	0.4323269	7.052071
29100	-2381.579	-2566.479	184.8995	1.345946	0.5504867	6.511328
29106	-2383.379	-2568.457	185.0787	1.269003	0.4870537	6.511328
29112	-2399.861	-2584.373	184.5115	1.479342	0.4319497	6.756602
29118	-2391.094	-2578.686	187.592	1.42961	0.734481	4.847876
29124	-2377.641	-2565.126	187.4855	1.568711	0.7061888	4.849791
29130	-2377.816	-2565.592	187.7757	1.774598	0.9828415	4.394744
29136	-2370.797	-2559.237	188.4406	1.774598	0.9828415	4.017439
29142	-2380.466	-2569.067	188.6019	1.860106	1.353128	3.685342
29148	-2375.703	-2564.644	188.9403	1.863785	0.972002	3.685342
29154	-2380.416	-2569.616	189.2	1.486093	0.5910503	4.019234
29160	-2382.636	-2571.744	189.1087	1.548074	0.6505203	3.987729
29166	-2394.809	-2579.6	184.7905	1.506896	0.8841643	6.249192
29172	-2405.729	-2587.478	181.7493	1.074322	0.4560103	8.429207
29178	-2406.972	-2589.438	182.4661	1.016193	0.4928678	8.044913
29184	-2400.062	-2578.542	178.4795	1.018909	0.3138106	10.33515
29190	-2409.788	-2597.301	187.5131	1.52709	0.7581373	4.821142
29196	-2412.233	-2600.139	187.9062	1.391804	0.3552501	5.030357
29202	-2404.396	-2587.823	183.4268	1.041451	0.461632	7.546649
29208	-2400.969	-2578.632	177.663	0.9821189	0.3490328	10.74265
29214	-2418.665	-2603.431	184.7659	1.436482	0.7496879	6.385798
29220	-2407.573	-2592.409	184.8363	1.273525	0.4453276	6.679221
29226	-2411.841	-2593.053	181.2124	1.400809	0.2725911	8.742879
29232	-2408.176	-2596.285	188.1092	1.440118	0.3376919	4.911312
29238	-2415.478	-2601.276	185.7979	1.326885	0.3859636	6.189463
29244	-2395.294	-2579.578	184.2842	1.247856	0.2964447	7.154447
29250	-2389.123	-2573.701	184.5782	1.244265	0.4352003	6.844258
29256	-2398.905	-2585.377	186.4714	1.192307	0.4105996	5.86965
29262	-2404.012	-2586.275	182.2625	1.271592	0.2909823	8.229919
29268	-2402.385	-2586.997	184.6124	1.293985	0.4620232	6.773164
29274	-2407.116	-2591.736	184.6196	1.28684	0.4620232	6.773164
29280	-2404.369	-2590.13	185.7613	1.230359	0.4446638	6.201824
29286	-2403.597	-2588.761	185.1646	1.248757	0.5166486	6.44929
29292	-2390.012	-2577.276	187.2636	1.319261	0.5733879	5.214093
29298	-2388.652	-2574.337	185.6846	1.148961	0.5733879	6.173135
29304	-2379.921	-2565.095	185.174	1.250079	0.5205554	6.440069
29310	-2380.585	-2563.071	182.4857	1.111353	0.4747736	8.000061
29316	-2384.742	-2571.319	186.5769	1.190266	0.4217642	5.801623
29322	-2392.209	-2577.53	185.3204	1.332617	0.5272875	6.31002
29328	-2383.737	-2571.047	187.3094	1.237263	0.3305743	5.474662
29334	-2382.902	-2569.821	186.9189	1.242439	0.2334703	5.815756
29340	-2390.137	-2576.275	186.1379	1.408181	0.52724	5.823391
29346	-2377.204	-2564.69	187.4862	1.368674	0.3533329	5.277946
29352	-2383.556	-2570.624	187.0689	1.481496	0.291307	5.52182
29358	-2384.591	-2571.319	186.7286	1.436754	0.5775537	5.440999
29364	-2393.38	-2576.635	183.2548	1.202012	0.5291943	7.492504
29370	-2380.907	-2566.632	185.7245	1.230311	0.468452	6.199104
29376	-2389.969	-2578.226	188.2567	1.618598	0.3267054	4.742874
29382	-2393.832	-2578.522	184.6902	1.266807	0.4170663	6.789732
29388	-2391.839	-2576.307	184.4682	1.33217	0.5065873	6.789732
29394	-2387.223	-2572.549	185.3256	1.369844	0.3277805	6.488288
29400	-2382.998	-2566.943	183.9452	1.25716	0.5064637	7.112013
29406	-2385.616	-2568.801	183.1848	1.103147	0.4003612	7.703227
29412	-2400.063	-2584.339	184.2762	1.234672	0.4019854	7.045592
29418	-2399.583	-2585.751	186.1679	1.234672	0.3922946	6.031433
29424	-2395.403	-2582.469	187.0663	1.513243	0.5137868	5.267331
29430	-2385.268	-2574.905	189.6374	1.755066	0.6117703	3.595267
29436	-2376.663	-2566.184	189.5208	1.746516	0.7035759	3.595267
29442	-2380.206	-2568.866	188.66	1.618743	0.6609771	4.194924
29448	-2394.739	-2581.853	187.1136	1.482282	0.3161961	5.465157
29454	-2397.856	-2585.095	187.239	1.528679	0.3029702	5.387205
29460	-2399.073	-2585.001	185.9281	1.212734	0.3368449	6.235863
29466	-2397.221	-2581.468	184.2467	1.25632	0.3980918	7.053884
29472	-2396.022	-2580.598	184.5759	1.426536	0.4149831	6.767295
29478	-2399.519	-2587.926	188.4062	1.571608	0.7064481	4.331299
29484	-2402.113	-2588.82	186.7071	1.356728	0.5132785	5.551918
29490	-2404.376	-2591.081	186.7047	1.427021	0.5132785	5.51458
29496	-2390.232	-2578.254	188.0216	1.469657	0.5506271	4.728347
29502	-2387.835	-2576.259	188.4244	1.711913	0.6740004	4.265746
29508	-2392.062	-2581.733	189.6709	1.855436	0.6472214	3.488288
29514	-2388.257	-2577.947	189.69	1.649436	0.5087986	3.717157
29520	-2382.714	-2571.877	189.1632	1.718135	0.5087986	3.98043
29526	-2387.959	-2577.801	189.8413	1.668561	0.5087986	3.618469
29532	-2381.842	-2572.138	190.2968	1.732617	0.5087986	3.31486
29538	-2395.698	-2583.604	187.9063	1.284508	0.5458112	4.900099
29544	-2395.594	-2584.021	188.4268	1.468087	0.444722	4.60088
29550	-2407.993	-2595.269	187.2761	1.477212	0.7609843	4.978934
29556	-2392.84	-2580.599	187.759	1.477212	0.4345103	4.978934
29562	-2382.594	-2570.462	187.8683	1.631305	0.4849908	4.782866
29568	-2375.057	-2564.089	189.032	1.534012	0.3597634	4.314914
29574	-2378.132	-2565.503	187.3707	1.352667	0.4439539	5.253667
29580	-2386.415	-2570.238	183.8236	1.314609	0.4113497	7.236351
29586	-2405.302	-2592.409	187.1071	1.632127	0.2894356	5.420375
29592	-2399.787	-2585.5	185.7135	1.311227	0.4799833	6.150305
29598	-2396.277	-2582.468	186.1905	1.562747	0.8590648	5.468473
29604	-2384.738	-2572.791	188.0536	1.446041	0.4478265	4.818876
29610	-2377.956	-2567.205	189.2488	1.616345	0.5436807	3.957815
29616	-2391.047	-2580.067	189.0196	1.550565	0.5436807	4.126121
29622	-2395.424	-2578.442	183.0183	1.099796	0.3784947	7.816961
29628	-2389.46	-2573.134	183.674	1.232826	0.3784947	7.394829
29634	-2398.71	-2586.373	187.6625	1.504227	0.6077955	4.861883
29640	-2414.408	-2600.821	186.4127	1.352862	0.3056135	5.933489
29646	-2418.879	-2603.532	184.6527	1.489642	0.3056135	6.814289
29652	-2397.399	-2584.765	187.3655	1.276365	0.5223691	5.225217
29658	-2398.789	-2584.921	186.132	1.324694	0.5171857	5.881125
29664	-2398.021	-2580.426	182.4047	1.28144	0.6102192	7.839283
29670	-2397.481	-2580.235	182.7539	1.073436	0.5174549	7.839283
29676	-2396.425	-2580.581	184.1562	1.187879	0.4569404	7.081005
29682	-2399.338	-2584.304	184.9665	1.176583	0.4200265	6.686263
29688	-2383.479	-2571.929	188.4494	1.528952	0.4673392	4.531588
29694	-2386.085	-2575.997	189.9125	1.789968	0.4132362	3.603904
29700	-2387.691	-2571.624	183.9332	1.08169	0.2441383	7.501929
29706	-2384.19	-2567.788	183.5987	1.147543	0.2864519	7.588676
29712	-2390.214	-2573.726	183.5116	1.233826	0.2867987	7.588676
29718	-2388.17	-2575.53	187.3601	1.322154	0.3022824	5.435135
29724	-2380.683	-2567.52	186.8368	1.527316	0.4609956	5.435135
29730	-2426.02	-2613.979	187.9588	2.082887	0.2374292	4.771258
29736	-2408.653	-2597.102	188.4493	1.912274	0.2062893	4.641285
29742	-2392.612	-2576.179	183.5668	1.31349	0.5044215	7.28684
29748	-2390.859	-2576.414	185.5546	1.199348	0.4264144	6.348987
29754	-2394.697	-2576.344	181.6466	0.957614	0.439971	8.560932
29760	-2400.298	-2585.098	184.7993	1.297684	0.4760519	6.657085
29766	-2407.518	-2592.067	184.5486	1.115644	0.5354956	6.838098
29772	-2403.908	-2587.552	183.6438	1.114383	0.5419456	7.320118
29778	-2394.581	-2578.485	183.9036	1.140319	0.4761932	7.224406
29784	-2391.838	-2578.482	186.6443	1.252959	0.5615012	5.601746
29790	-2395.911	-2582.773	186.8616	1.25303	0.4059366	5.627571
29796	-2395.456	-2583.257	187.801	1.39868	0.516473	4.921054
29802	-2395.138	-2577.053	181.9151	1.354415	0.2575989	8.41448
29808	-2399.91	-2583.681	183.771	1.191924	0.4837442	7.261025
29814	-2395.261	-2580.523	185.262	1.299493	0.3707288	6.511735
29820	-2387.497	-2572.186	184.6891	1.203807	0.5482987	6.703856
29826	-2399.928	-2587.126	187.1981	1.604862	0.8363517	4.901735
29832	-2414.137	-2597.941	183.8035	1.297939	0.5930853	7.094134
29838	-2404.238	-2591.503	187.2647	1.363348	0.2782248	5.49649
29844	-2391.803	-2580.662	188.859	1.781793	0.3964548	4.230986
29850	-2395.642	-2584.388	188.7461	1.861792	0.2379744	4.452898
29856	-2394.377	-2583.702	189.3251	1.898749	0.2241092	4.125789
29862	-2407.985	-2590.589	182.6041	1.461294	0.8279233	7.487171
29868	-2418.316	-2604.235	185.9195	1.501013	0.4179802	5.994874
29874	-2403.701	-2589.829	186.1278	1.484811	0.4179802	5.889974
29880	-2404.527	-2591.092	186.5646	1.59544	0.4179802	5.590157
29886	-2408.208	-2593.316	185.1078	1.441013	0.2699499	6.640851
29892	-2393.13	-2578.793	185.6628	1.317181	0.3531139	6.304454
29898	-2385.821	-2572.553	186.7314	1.343683	0.4766679	5.579202
29904	-2396.407	-2581.522	185.115	1.549382	0.4165551	6.407558
29910	-2385.703	-2569.341	183.638	1.180534	0.36751	7.454065
29916	-2392.791	-2575.214	182.4234	1.154183	0.2962943	8.200077
29922	-2386.621	-2568.888	182.2673	1.007332	0.2962943	8.361259
29928	-2394.158	-2574.998	180.8407	1.098519	0.2575076	9.12002
29934	-2383.92	-2568.925	185.0051	1.285645	0.3435314	6.688819
29940	-2380.149	-2563.493	183.3436	1.214915	0.3142772	7.654466
29946	-2386.281	-2571.768	185.4868	1.189959	0.3452867	6.477903
29952	-2392.785	-2578.764	185.9789	1.520487	0.2951092	6.091979
29958	-2401.924	-2590.62	188.6957	1.569247	0.5362256	4.30591
29964	-2396.143	-2584.075	187.9327	1.528149	0.2989743	5.008844
29970	-2395.55	-2583.198	187.6479	1.457781	0.2680053	5.247065
29976	-2397.311	-2586.092	188.7811	1.535539	0.2680053	4.57282
29982	-2419.119	-2605.044	185.9255	1.396759	0.3899407	6.077681
29988	-2407.658	-2592.83	185.1723	1.168845	0.4039684	6.595533
29994	-2385.505	-2572.329	186.8241	1.288865	0.4588948	5.575279
30000	-2376.382	-2564.498	188.1155	1.324156	0.4001802	4.901526
30006	-2382.74	-2567.824	185.0849	1.230091	0.4185296	6.594794
30012	-2395.869	-2580.419	184.5503	1.167298	0.5168366	6.825361
30018	-2397.816	-2582.614	184.798	1.182272	0.3712192	6.825361
30024	-2403.502	-2587.793	184.2915	1.308169	0.593526	6.825361
30030	-2402.321	-2589.793	187.4717	1.346358	0.531726	5.119425
30036	-2406.371	-2594.324	187.9531	1.459493	0.2473298	5.106551
30042	-2393.488	-2581.407	187.9195	1.38204	0.4428714	4.934178
30048	-2390.811	-2578.631	187.8202	1.243755	0.5206446	4.992821
30054	-2394.616	-2581.472	186.8558	1.274131	0.607492	5.436342
30060	-2397.742	-2581.438	183.6958	1.268029	0.2935299	7.463131
30066	-2396.598	-2581.997	185.3989	1.268029	0.4562962	6.366999
30072	-2402.934	-2587.314	184.3795	1.240685	0.3605992	7.031103
30078	-2398.491	-2581.314	182.8231	1.024385	0.4596665	7.880408
30084	-2391.78	-2576.243	184.4627	1.262783	0.6222843	6.7351
30090	-2385.411	-2569.323	183.9121	1.200727	0.5374586	7.133422
30006	-2440.964	-2633.119	192.155	2.117699	0.7517444	1.682404
30012	-2432.697	-2624.836	192.1398	2.13294	0.7517444	1.682404
30018	-2413.691	-2605.084	191.3935	2.074088	1.08433	1.990635
30024	-2407.413	-2590.547	183.1338	1.181337	0.4272216	7.661655
30030	-2402.619	-2586.868	184.2486	1.151064	0.5047644	7.007324
30036	-2400.016	-2584.113	184.0974	1.238421	0.5678576	6.988183
30042	-2393.662	-2578.331	184.6689	1.155502	0.3036108	6.988183
30048	-2400.25	-2581.482	181.2323	1.034549	0.4432727	8.736826
30054	-2404.77	-2587.725	182.955	0.9233864	0.4432727	7.879407
30060	-2408.069	-2587.821	179.7523	1.000225	0.5039433	9.482817
30066	-2393.296	-2576.486	183.1905	1.042758	0.4357608	7.69709
30072	-2391.618	-2572.659	181.0406	0.8563562	0.4357608	8.940068
30078	-2392.71	-2573.977	181.2673	1.176618	0.5321442	8.563423
30084	-2380.689	-2564.582	183.8927	1.122022	0.278184	7.455603
30090	-2387.464	-2570.304	182.8396	0.9987291	0.278184	8.084265
30096	-2391.877	-2577.034	185.1562	1.247336	0.4123337	6.55318
30102	-2381.569	-2567.991	186.4221	1.393123	0.4918611	5.707671
30108	-2397.466	-2580.67	183.2045	1.393123	0.3239478	7.621928
30114	-2387.345	-2573.883	186.5382	1.431199	0.3454774	5.773826
30120	-2380.981	-2567.395	186.4138	1.431199	0.3454774	5.841898
30126	-2397.26	-2583.516	186.2566	1.431199	0.4248875	5.841898
30132	-2401.247	-2588.429	187.1817	1.425587	0.3578823	5.409291
30138	-2389.656	-2576.338	186.6816	1.389104	0.3857754	5.673131
30144	-2394.664	-2579.091	184.427	1.292015	0.2307245	7.143488
30150	-2416.593	-2601.77	185.1769	1.302771	0.3075014	6.629755
30156	-2391.777	-2578.067	186.2902	1.193334	0.5078928	5.874659
30162	-2393.651	-2577.771	184.1195	1.344767	0.5078928	6.9698
30168	-2401.97	-2586.961	184.9912	1.395792	0.5562426	6.429793
30174	-2396.735	-2586.223	189.4872	1.552462	0.3844861	4.017387
30180	-2393.841	-2584.305	190.4641	1.745904	0.483059	3.233609
30186	-2401.56	-2590.249	188.6895	1.631163	0.3497128	4.46521
30192	-2410.072	-2598.383	188.3107	1.617822	0.9148212	4.220855
30198	-2400.179	-2589.093	188.9141	1.656109	0.4438956	4.220855
30204	-2393.47	-2579.163	185.6924	1.528725	0.6212117	5.923883
30210	-2413.708	-2598.795	185.0877	1.257809	0.4335697	6.563238
30216	-2408.99	-2591.764	182.7741	1.205869	0.2854061	7.999445
30222	-2398.319	-2583.71	185.3916	1.181819	0.515027	6.363951
30228	-2385.436	-2570.803	185.367	1.206431	0.515027	6.363951
30234	-2387.528	-2573.983	186.4546	1.212763	0.3744114	5.906267
30240	-2381.728	-2567.392	185.6637	1.240738	0.4550869	6.239158
30246	-2391.436	-2577.318	185.882	1.222092	0.3512677	6.239158
30252	-2386.338	-2568.352	182.0135	1.016924	0.525846	8.256943
30258	-2372.601	-2554.572	181.9712	1.167707	0.4608587	8.256943
30264	-2375.48	-2560.189	184.7092	1.398786	0.4608587	6.665365
30270	-2377.59	-2563.547	185.9573	1.330845	0.4530107	6.032313
30276	-2385.884	-2572.241	186.3572	1.330845	0.4530107	5.813888
30282	-2394.235	-2580.335	186.1004	1.425667	0.3665804	5.992102
30288	-2389.806	-2575.956	186.1497	1.37628	0.3665804	5.992102
30294	-2395.057	-2580.635	185.5782	1.557199	0.5279694	6.047017
30300	-2409.88	-2594.336	184.4561	1.356065	0.6442112	6.671681
30306	-2393.122	-2577.477	184.3549	1.268302	0.45828	6.929452
30312	-2400.086	-2584.529	184.4437	1.209172	0.6175497	6.777964
30318	-2405.326	-2589.884	184.5583	1.219279	0.5343044	6.777964
30324	-2396.433	-2581.795	185.3619	1.615343	0.260777	6.421421
30330	-2395.515	-2580.754	185.2382	1.266267	0.3976996	6.513701
30336	-2390.339	-2577.452	187.113	1.398324	0.3554923	5.464844
30342	-2388.277	-2573.005	184.7279	1.444209	0.4389175	6.651808
30348	-2382.799	-2567.063	184.2636	1.225237	0.4134592	7.045695
30354	-2396.683	-2581.014	184.3306	1.158298	0.4134592	7.045695
30360	-2398.971	-2581.197	182.2259	1.035725	0.4134592	8.237452
30366	-2403.118	-2588.133	185.0144	1.262255	0.3947016	6.640105
30372	-2406.156	-2595.535	189.3792	1.918185	0.9812878	3.3926
30378	-2398.173	-2587.718	189.5448	1.753573	0.9812878	3.392012
30384	-2390.964	-2580.401	189.4366	1.851004	0.4085971	3.848543
30390	-2410.304	-2595.961	185.6577	1.398085	0.4085971	6.203148
30396	-2393.108	-2577.249	184.1407	1.242368	0.4085971	7.107545
30402	-2386.413	-2570.178	183.7644	1.120255	0.4013701	7.382682
30408	-2405.885	-2585.298	179.4136	0.9814293	0.4013701	9.767434
30414	-2409.231	-2592.921	183.6906	1.147234	0.6103654	7.222374
30420	-2400.236	-2585.195	184.9581	1.272197	0.2411931	6.85292
30426	-2380.312	-2567.815	187.5026	1.529849	0.3477236	5.186283
30432	-2385.365	-2572.309	186.9433	1.416635	0.4268656	5.471215
30438	-2389.079	-2572.868	183.7888	1.343536	0.4390943	7.211961
30444	-2392.844	-2583.285	190.441	1.883595	0.2899778	3.392804
30450	-2399.027	-2587.783	188.7565	1.773846	0.575171	4.121393
30456	-2399.363	-2589.801	190.4379	1.875343	0.3348024	3.339675
30462	-2387.52	-2574.619	187.0993	1.497725	0.2855599	5.503739
30468	-2393.357	-2579.296	185.9385	1.418692	0.666428	5.815359
30474	-2401.716	-2587.04	185.324	1.555127	0.415959	6.291591
30480	-2403.609	-2586.2	182.5912	1.670422	0.7966151	7.401566
30486	-2415.288	-2598.965	183.6775	1.291725	0.3581019	7.383623
30492	-2415.433	-2597.229	181.7958	1.046511	0.4850187	8.392676
30498	-2417.426	-2599.699	182.2729	1.041033	0.2562814	8.392676
30504	-2408.615	-2594.118	185.5031	1.155973	0.407764	6.419443
30510	-2408.628	-2592.434	183.806	0.9764765	0.5345595	7.313303
30516	-2406.193	-2589.897	183.7043	1.346448	0.3825421	7.313303
30522	-2395.79	-2578.923	183.1334	1.316561	0.423245	7.593421
30528	-2388.536	-2573.027	184.4908	1.26443	0.3766615	6.940762
30534	-2391.779	-2574.778	182.9989	1.185903	0.3766615	7.783263
30540	-2395.9	-2577.309	181.4091	1.220484	0.4494033	8.538505
30546	-2401.622	-2586.886	185.2638	1.449296	0.4494033	6.348596
30552	-2391.048	-2578.48	187.4317	1.4527	0.5221929	5.091096
30558	-2391.905	-2578.952	187.0476	1.4527	0.273934	5.572468
30564	-2401.391	-2588.177	186.7857	1.491394	0.3742559	5.572468
30570	-2400.977	-2580.89	179.9128	1.032674	0.3742559	9.505293
30576	-2388.637	-2568.508	179.8708	1.004929	0.3880533	9.527623
30582	-2396.34	-2577.304	180.964	1.001451	0.4029455	8.936215
30588	-2392.403	-2573.865	181.4619	0.9995307	0.4029455	8.673341
30594	-2393.294	-2573.732	180.438	0.9091571	0.4029455	9.263361
30600	-2404.527	-2586.81	182.2828	0.9847798	0.3191039	8.337212
30606	-2379.608	-2562.052	182.4439	0.9735728	0.3413017	8.231612
30612	-2383.885	-2568.768	184.883	1.150536	0.3626107	6.80613
30618	-2402.048	-2585.311	183.2631	1.065928	0.3010722	7.793311
30624	-2396.97	-2578.807	181.8367	1.013399	0.3010722	8.580926
30630	-2396.518	-2576.65	180.1322	0.9091227	0.2846821	9.558683
30636	-2393.575	-2572.562	178.9877	0.9585157	0.2700148	10.1544
30642	-2388.174	-2568.411	180.2374	0.9740135	0.4239432	9.314198
30648	-2385.989	-2565.912	179.9224	1.232862	0.4549872	9.314198
30654	-2393.653	-2578.585	184.932	1.322126	0.4549872	6.591921
30660	-2395.966	-2580.521	184.555	1.322126	0.4091512	6.840904
30666	-2393.875	-2578.389	184.514	1.237839	0.4788264	6.840904
30672	-2386.305	-2570.754	184.4491	1.272193	0.556201	6.789956
30678	-2395.755	-2579.797	184.0429	1.261226	0.2780386	7.300579
30684	-2390.438	-2576.59	186.1516	1.226459	0.3738369	6.064736
30690	-2393.848	-2580.024	186.1762	1.201894	0.3738369	6.064736
30696	-2389.896	-2576.219	186.3234	1.293295	0.4492234	5.856578
30702	-2392.015	-2578.075	186.0606	1.404027	0.4363517	5.952335
30708	-2389.699	-2575.637	185.9377	1.13339	0.4363517	6.166795
30714	-2392.339	-2575.651	183.3118	1.291361	0.4363517	7.498485
30720	-2386.228	-2569.952	183.724	1.294759	0.6728584	7.078515
30726	-2384.663	-2568.426	183.7624	1.376372	0.5874257	7.078515
30732	-2383.546	-2568.449	184.9028	1.232308	0.5874257	6.540854
30738	-2376.839	-2563.27	186.4312	1.423799	0.5874257	5.603591
30744	-2385.758	-2572.1	186.3418	1.439549	0.6388756	5.603591
30750	-2388.178	-2574.282	186.1031	1.482045	0.5444453	5.787211
30756	-2386.911	-2573.245	186.3337	1.409637	0.4493247	5.787211
30762	-2383.332	-2571.42	188.0882	1.38589	0.410733	4.871111
30768	-2400.888	-2587.7	186.8123	1.435028	0.4601263	5.500291
30774	-2398.371	-2586.125	187.7542	1.500906	0.449667	4.953217
30780	-2425.258	-2615.492	190.2333	2.081526	0.9153068	2.827023
30786	-2403.206	-2591.663	188.457	1.710978	0.625331	4.285676
30792	-2390.628	-2576.921	186.2931	1.37201	0.5406965	5.746655
30798	-2392.679	-2579.053	186.3741	1.284741	0.5633524	5.730952
30804	-2402.029	-2588.32	186.2912	1.404274	0.5633524	5.710869
30810	-2425.512	-2613.637	188.1243	1.521071	0.4657184	4.719883
30816	-2409.634	-2599.742	190.1079	1.583267	0.4090008	3.615095
30822	-2398.484	-2585.889	187.4046	1.346405	0.3827259	5.302202
30828	-2394.516	-2580.249	185.7336	1.301236	0.3995076	6.223982
30834	-2397.039	-2581.165	184.1261	1.268244	0.4200835	7.089883
30840	-2390.844	-2576.135	185.2913	1.520292	0.5833363	6.177045
30846	-2396.427	-2581.114	184.6869	1.304554	0.4535631	6.735273
30852	-2384.39	-2568.911	184.5213	1.304554	0.5123979	6.770844
30858	-2383.016	-2568.03	185.0141	1.343446	0.5123979	6.483279
30864	-2394.274	-2582	187.726	1.565345	0.4830413	4.900805
30870	-2397.339	-2581.364	184.025	1.474333	0.8760726	6.686532
30876	-2383.821	-2570.44	186.6193	1.647333	0.8392392	5.197578
30882	-2388.503	-2574.966	186.4636	1.56345	1.069917	5.197578
30888	-2385.764	-2575.812	190.0482	1.569447	0.4186959	3.647124
30894	-2379.833	-2568.034	188.2016	1.72869	0.5680481	4.467098
30900	-2387.667	-2576.643	188.9756	1.800986	0.5680481	3.987066
30906	-2393.16	-2581.716	188.5563	1.840029	0.8624621	3.987066
30912	-2396.89	-2587.323	190.4324	1.857045	0.4777255	3.191926
30918	-2385.883	-2575.976	190.0925	1.83405	0.7257694	3.191926
30924	-2399.839	-2589.938	190.0989	1.901343	0.9974457	2.965779
30930	-2383.61	-2573.598	189.9884	1.901343	0.8491162	3.126239
30936	-2392.739	-2583.101	190.3617	1.901343	0.8491162	2.902437
30942	-2397.272	-2588.062	190.7904	2.042111	0.8356485	2.563216
30948	-2393.983	-2584.674	190.6906	1.991825	0.8356485	2.656028
30954	-2397.968	-2588.202	190.2339	1.991825	0.840538	2.930796
30960	-2408.919	-2596.715	187.7964	1.743291	1.13895	4.316328
30966	-2391.146	-2578.543	187.3979	1.475224	0.6499549	4.992296
30972	-2400.312	-2586.694	186.3816	1.412595	0.7220099	5.535806
30978	-2403.583	-2589.877	186.2937	1.412595	0.7280676	5.579912
30984	-2391.945	-2579.958	188.0132	1.471755	0.7280676	4.59328
30990	-2386.756	-2574.998	188.2423	1.730538	0.5763403	4.436111
30996	-2389.062	-2574.661	185.5993	1.46035	0.5600724	6.061025
31002	-2387.925	-2574.625	186.7	1.443929	0.5600724	5.467358
31008	-2381.729	-2568.143	186.4142	1.400951	0.5600724	5.64799
31014	-2392.292	-2578.889	186.5972	1.423132	0.5377477	5.554336
31020	-2403.605	-2590.203	186.5974	1.422939	0.5377477	5.554336
31026	-2402.999	-2589.66	186.6607	1.437063	0.4304322	5.611671
31032	-2405.236	-2589.827	184.5915	1.437063	0.4304322	6.73771
31038	-2397.81	-2581.734	183.9245	1.459292	0.6159951	6.924255
31044	-2413.036	-2598.197	185.161	1.621844	0.474211	6.287135
31050	-2405.585	-2591.169	185.5836	1.313775	0.474211	6.224917
31056	-2402.01	-2585.216	183.2065	1.355671	0.4819171	7.477649
31062	-2402.722	-2590.312	187.5899	1.412721	0.5103386	5.036119
31068	-2404.736	-2591.46	186.7242	1.394	0.5103386	5.524636
31074	-2426.638	-2612.979	186.3406	1.654214	0.5900659	5.524636
31080	-2410.513	-2594.408	183.8957	1.368852	0.2438662	7.368524
31086	-2396.648	-2580.416	183.7683	1.39967	0.281964	7.368524
31092	-2396.315	-2580.835	184.5205	1.343142	0.281964	6.99462
31098	-2389.02	-2573.569	184.5494	1.314264	0.281964	6.99462
31104	-2386.71	-2570.58	183.8706	1.187151	0.6898259	7.045422
31110	-2397.729	-2582.989	185.26	1.200667	0.5141748	6.42585
31116	-2396.706	-2579.513	182.8074	1.216251	0.5606306	7.698171
31122	-2393.643	-2576.536	182.8926	1.130969	0.5606306	7.698171
31128	-2392.248	-2574.626	182.3773	1.083973	0.4442574	8.100977
31134	-2384.605	-2567.429	182.8242	1.014831	0.270179	8.094412
31140	-2398.452	-2581.141	182.6898	1.094037	0.2929611	8.094412
31146	-2392.395	-2574.991	182.5963	1.036337	0.3614892	8.094412
31152	-2391.352	-2577.988	186.6359	1.294206	0.3614892	5.777009
31158	-2402.313	-2588.535	186.2224	1.379967	0.5453815	5.777009
31164	-2391.154	-2577.645	186.4906	1.319589	0.5453815	5.663099
31170	-2375.512	-2558.064	182.5524	1.319766	0.5453815	7.791687
31176	-2392.949	-2576.64	183.6908	1.099905	0.5453815	7.299783
31182	-2392.783	-2576.187	183.404	1.348202	0.8145321	7.126866
31188	-2390.477	-2575.754	185.277	1.448775	0.7379255	6.109294
31194	-2396.34	-2577.431	181.0913	1.296516	0.8086332	8.3943
31200	-2393.008	-2578.334	185.3267	1.280466	0.6677577	6.223378
31206	-2386.223	-2571.876	185.653	1.207709	0.4976281	6.223378
31212	-2393.484	-2577.411	183.9274	1.109458	0.4285327	7.273589
31218	-2387.41	-2571.016	183.6064	1.353953	0.3162487	7.436907
31224	-2380.199	-2562.894	182.695	1.079825	0.6158893	7.787592
31230	-2394.083	-2577.906	183.8232	1.195603	0.3716541	7.342156
31236	-2396.392	-2577.443	181.0513	1.186711	0.4305593	8.764389
31242	-2389.748	-2573.664	183.9154	1.264135	0.4931934	7.136083
31248	-2390.374	-2569.385	179.0105	1.011633	0.7466619	9.686071
31254	-2370.353	-2557.751	187.3974	1.315547	0.3972841	5.30745
31260	-2372.404	-2556.596	184.1921	1.163232	0.3972841	7.134117
31266	-2387.256	-2571.827	184.5708	1.164268	0.4025355	6.924311
31272	-2405.486	-2590.168	184.682	1.05301	0.4025355	6.924311
31278	-2402.609	-2587.592	184.9831	1.15553	0.4025355	6.706513
31284	-2403.644	-2585.887	182.2426	1.287983	0.2767487	8.250063
31290	-2414.583	-2601.762	187.1799	1.536985	0.6212826	5.101207
31296	-2403.457	-2592.217	188.76	1.635659	0.4062426	4.359032
31302	-2398.334	-2586.798	188.464	1.583095	0.7669299	4.249187
31308	-2390.349	-2578.94	188.5902	1.800556	0.5201275	4.249187
31314	-2393.199	-2581.718	188.5189	1.599718	0.8071956	4.18127
31320	-2379.99	-2569.096	189.1056	1.600397	0.4081487	4.18127
31326	-2384.362	-2573.105	188.7435	1.500789	0.5390101	4.315131
31332	-2402.413	-2588.612	186.199	1.239417	0.4071852	5.9962
31338	-2403.634	-2591.081	187.4467	1.449078	0.661865	4.970658
31344	-2404.593	-2590.825	186.2314	1.449078	0.5922115	5.695437
31350	-2390.011	-2580.101	190.0906	1.507808	0.71174	3.395968
31356	-2380.422	-2569.962	189.5394	1.610791	0.5053375	3.829473
31362	-2404.79	-2591.359	186.5694	1.470914	0.4166053	5.657295
31368	-2403.134	-2591.599	188.4645	1.470914	0.5707507	4.461906
31374	-2385.865	-2567.574	181.7089	1.016877	0.7130165	8.276888
31380	-2403.44	-2585.504	182.0642	1.016877	0.4726258	8.276888
31386	-2391.667	-2573.355	181.6881	0.9590603	0.4282946	8.549474
31392	-2392.135	-2574.309	182.1737	1.010721	0.3515939	8.343974
31398	-2387.364	-2569.229	181.8647	1.063048	0.4886603	8.343974
31404	-2397.163	-2578.89	181.7268	1.200888	0.4886603	8.343974
31410	-2383.673	-2569.117	185.4439	1.259875	0.4083624	6.394591
31416	-2392.064	-2577.803	185.7394	1.244068	0.4890145	6.164426
31422	-2381.642	-2567.573	185.9312	1.352817	0.3314149	6.164426
31428	-2388.891	-2576.435	187.544	1.302082	0.3760696	5.257007
31434	-2376.62	-2562.28	185.6594	1.17826	0.3760696	6.356179
31440	-2376.52	-2558.742	182.2228	1.32057	0.3760696	8.126121
31446	-2381.451	-2563.764	182.3131	1.08463	0.4534383	8.126121
31452	-2381.778	-2565.121	183.343	1.232124	0.3636978	7.588616
31458	-2379.925	-2564.09	184.1642	1.173486	0.3976709	7.143252
31464	-2393.693	-2581.863	188.1702	1.620759	0.4187047	4.685775
31470	-2388.373	-2575.734	187.3604	1.620759	0.430035	5.125015
31476	-2383.306	-2568.249	184.9434	1.275287	0.430035	6.635383
31482	-2389.561	-2574.552	184.9909	1.187631	0.4523063	6.635383
31488	-2381.871	-2566.825	184.954	1.245502	0.4793346	6.598648
31494	-2400.607	-2581.356	180.7489	1.259769	0.3499585	8.969749
31500	-2393.347	-2579.794	186.4464	1.314934	0.3404039	5.893567
31506	-2392.054	-2575.575	183.5207	1.035094	0.4368224	7.523444
31512	-2394.811	-2577.121	182.3099	1.106762	0.4368224	8.131856
31518	-2391.326	-2576.065	184.7387	1.215085	0.4368224	6.771808
31524	-2390.782	-2575.65	184.868	1.200316	0.4368224	6.709924
31530	-2388.096	-2572.817	184.7208	1.136693	0.4368224	6.823753
31536	-2388.215	-2572.683	184.4674	1.193557	0.4368224	6.929767
31542	-2404.816	-2588.203	183.3878	1.059212	0.4368224	7.581664
31548	-2413.363	-2596.731	183.3677	1.132006	0.4084658	7.581664
31554	-2391.351	-2577.476	186.1254	1.455758	0.3468179	5.984477
31560	-2402.736	-2587.58	184.8436	1.42909	0.4106355	6.625712
31566	-2394.374	-2578.47	184.0956	1.294047	0.3641006	7.151237
31572	-2399.708	-2585.344	185.6351	1.422304	0.3024525	6.322983
31578	-2399.237	-2584.623	185.386	1.194742	0.2361586	6.670998
31584	-2399.855	-2582.714	182.8594	1.317298	0.3745432	7.7899
31590	-2391.51	-2578.011	186.5002	1.964936	0.2415959	5.637358
31596	-2393.743	-2581.038	187.295	1.469086	0.2609326	5.445349
31602	-2378.333	-2564.085	185.752	1.260626	0.388663	6.247554
31608	-2387.548	-2570.429	182.881	1.315749	0.3397241	7.817856
31614	-2382.665	-2571.252	188.5866	1.332299	0.4847102	4.548297
31620	-2379.732	-2568.318	188.5865	1.335214	0.4288734	4.601959
31626	-2372.917	-2557.121	184.204	1.250036	0.4521525	7.026402
31632	-2382.224	-2568.388	186.1641	1.257768	0.3269779	6.094646
31638	-2381.751	-2568.512	186.7609	1.382993	0.3668803	5.653797
31644	-2385.847	-2573.434	187.5868	1.39355	0.3074784	5.264102
31650	-2385.497	-2569.653	184.1557	1.232568	0.3074784	7.217943
31656	-2391.627	-2575.506	183.8788	1.232568	0.4445466	7.217943
31662	-2391.703	-2574.673	182.9698	1.132279	0.233996	8.004402
31668	-2383.353	-2565.077	181.7234	1.089401	0.2859825	8.619658
31674	-2380.372	-2562.733	182.3614	1.110509	0.6125053	7.951875
31680	-2382.206	-2565.722	183.5163	1.136386	0.4143136	7.493827
31686	-2380.118	-2562.209	182.0905	1.118006	0.427424	8.251874
31692	-2377.154	-2561.611	184.4578	1.216284	0.4123571	6.947076
31698	-2391.523	-2574.259	182.7362	1.243858	0.4123571	7.855549
31704	-2382.974	-2565.268	182.2942	0.9913618	0.4123571	8.225788
31710	-2378.376	-2561.293	182.9167	1.021632	0.4123571	7.877818
31716	-2394.702	-2576.217	181.5141	0.946792	0.3430066	8.737887
31722	-2400.059	-2581.066	181.0075	1.153544	0.3430066	8.896839
31728	-2393.34	-2577.453	184.1129	1.117115	0.3205169	7.287107
31734	-2379.297	-2562.602	183.305	1.117115	0.3884158	7.643908
31740	-2378.781	-2565.393	186.6119	1.544075	0.3884158	5.623484
31746	-2397.031	-2583.879	186.8478	1.35995	0.3627122	5.623484
31752	-2387.908	-2574.71	186.8025	1.341115	0.3947381	5.623484
31758	-2388.512	-2574.195	185.6828	1.369565	0.4442801	6.169188
31764	-2386.163	-2574.378	188.2149	1.827052	0.5017001	4.463168
31770	-2389.96	-2578.268	188.308	1.754311	0.4894467	4.463168
31776	-2391.107	-2579.764	188.6575	1.427151	0.7161077	4.26381
31782	-2379.995	-2566.356	186.3606	1.162093	0.4944419	5.865397
31788	-2379.595	-2566.342	186.7473	1.297289	0.3848216	5.688509
31794	-2383.66	-2564.756	181.0961	0.9786661	0.3848216	8.89703
31800	-2408.168	-2586.842	178.6736	0.8117712	0.3381154	10.31382
31806	-2388.883	-2569.179	180.2966	0.9954673	0.3604614	9.337162
31812	-2391.707	-2575.914	184.2075	1.298006	0.4745842	6.977609
31818	-2401.747	-2584.401	182.6539	1.197386	0.4047853	7.931966
31824	-2405.505	-2588.577	183.0726	1.197386	0.5392963	7.584003
31830	-2399.015	-2579.751	180.7357	1.278599	0.4083259	8.904933
31836	-2402.091	-2583.056	180.9643	1.050983	0.4077791	8.904933
31842	-2414.849	-2599.263	184.4146	1.395336	0.384275	6.903097
31848	-2395.156	-2581.589	186.4327	1.438946	0.2483492	5.952309
31854	-2379.537	-2564.115	184.5777	1.137282	0.5235151	6.821022
31860	-2389.159	-2574.892	185.7337	1.241796	0.3517136	6.308514
31866	-2399.263	-2582.259	182.9956	1.211021	0.3736861	7.774813
31872	-2394.286	-2579.024	184.7373	1.136955	0.4812445	6.772638
31878	-2396.059	-2580.797	184.7373	1.136955	0.4812445	6.772638
31884	-2408.849	-2587.785	178.9352	1.136955	0.4812445	9.861588
31890	-2387.647	-2569.205	181.5582	1.052218	0.5502616	8.459927
31896	-2393.721	-2574.273	180.552	1.042349	0.3902002	9.145731
31902	-2397.214	-2581.01	183.7966	1.291644	0.3902002	7.285033
31908	-2398.557	-2584.755	186.1973	1.290258	0.7123053	5.710913
31914	-2387.278	-2574.147	186.8691	1.334967	0.6132442	5.39096
31920	-2385.735	-2569.463	183.7284	1.334967	0.6132442	7.098927
31926	-2388.096	-2574.066	185.9693	1.334967	0.4727297	6.004754
31932	-2394.013	-2580.436	186.4229	1.245384	0.4727297	5.805879
31938	-2392.845	-2578.88	186.0357	1.417702	0.6097468	5.805879
31944	-2396.736	-2584.642	187.9059	1.461455	0.5791935	4.773306
31950	-2396.583	-2585.722	189.1393	1.625853	0.3175479	4.253696
31956	-2398.824	-2586.029	187.2052	1.625853	0.4345462	5.20354
31962	-2392.114	-2580.297	188.1831	1.37277	0.5172128	4.721689
31968	-2386.284	-2572.207	185.9226	1.348364	0.4366339	6.057636
31974	-2382.313	-2567.737	185.4242	1.306223	0.5257809	6.269276
31980	-2386.66	-2570.716	184.0556	1.026581	0.5257809	7.159814
31986	-2389.739	-2567.757	178.0174	0.9938289	0.5106585	10.39388
31992	-2418.829	-2609.75	190.921	2.010243	0.9160217	2.446035
31998	-2408.193	-2599.437	191.2442	2.120058	1.139319	2.025621
32004	-2412.242	-2598.832	186.5897	1.396426	0.580906	5.536881
32010	-2407.522	-2593.852	186.3294	1.210756	0.558554	5.799896
32016	-2390.432	-2578.824	188.3913	1.535235	0.6959559	4.36795
32022	-2393.807	-2583.406	189.5985	1.486238	0.3810355	3.995518
32028	-2382.026	-2568.717	186.6911	1.362869	0.4029987	5.663946
32034	-2378.924	-2560.936	182.0119	1.134036	0.3433292	8.373746
32040	-2384.943	-2566.963	182.0204	1.089882	0.3603001	8.373746
32046	-2386.452	-2571.729	185.2774	1.221489	0.3603001	6.557197
32052	-2388.238	-2571.665	183.4277	1.551333	1.123116	6.833571
32058	-2377.55	-2565.38	187.8303	1.549453	0.5659101	4.777587
32064	-2383.973	-2570.435	186.462	1.588073	0.5072908	5.564836
32070	-2386.917	-2573.483	186.5663	1.544744	0.5072908	5.53133
32076	-2392.345	-2580.109	187.7638	1.544744	0.5785201	4.806735
32082	-2393.018	-2580.843	187.8244	1.621423	0.3603477	4.942292
32088	-2389.895	-2580.255	190.3602	1.759493	0.5603258	3.213577
32094	-2394.737	-2583.043	188.3064	1.726385	0.3447259	4.632901
32100	-2394.46	-2582.72	188.2602	1.750534	0.35515	4.632901
32106	-2397.518	-2586.108	188.5901	1.590117	0.3908765	4.497199
32112	-2390.469	-2580.229	189.7606	1.536833	0.3605391	3.897575
32118	-2394.94	-2582.194	187.2538	1.312643	0.3305331	5.46384
32124	-2386.605	-2574.307	187.7013	1.505363	0.4755082	4.955076
32130	-2390.282	-2578.61	188.3278	1.381567	0.3852524	4.76734
32136	-2388.555	-2571.058	182.5029	1.366726	0.3852524	7.942407
32142	-2386.05	-2572.502	186.4526	1.31715	0.7673911	5.518212
32148	-2376.734	-2562.386	185.6517	1.204531	0.5014346	6.222383
32154	-2376.913	-2562.282	185.3695	1.360166	0.5823685	6.222383
32160	-2380.105	-2565.386	185.281	1.073779	0.6652293	6.362313
32166	-2387.967	-2572.742	184.775	1.17052	0.4464869	6.766866
32172	-2401.057	-2586.381	185.3239	1.233846	0.464429	6.418472
32178	-2394.571	-2579.324	184.7521	1.233846	0.464429	6.72794
32184	-2379.977	-2566.415	186.4383	1.191511	0.5426636	5.764284
32190	-2383.762	-2569.948	186.186	1.443822	0.5426636	5.764284
32196	-2383.953	-2570.247	186.2934	1.472428	0.4603521	5.764284
32202	-2392.575	-2576.685	184.1098	1.269137	0.4583893	7.060871
32208	-2387.295	-2570.8	183.5052	1.315294	0.8622211	7.060871
32214	-2391.797	-2577.562	185.7651	1.449535	0.8924907	5.743879
32220	-2386.81	-2574.04	187.2295	1.444591	0.6541711	5.099537
32226	-2383.127	-2572.879	189.7518	1.540013	0.6541711	3.619242
32232	-2381.116	-2571.063	189.9473	1.540013	0.5219471	3.619242
32238	-2389.857	-2578.791	188.9341	1.566352	0.7971374	3.970412
32244	-2393.097	-2581.165	188.0676	1.436543	0.2387108	5.068546
32250	-2384.68	-2571.89	187.2099	1.37584	0.6020372	5.189112
32256	-2398.759	-2583.494	184.7356	1.270152	0.6362806	6.572965
32262	-2395.86	-2581.276	185.4156	1.153469	0.6554035	6.253177
32268	-2395.233	-2581.11	185.8766	1.195891	0.3540379	6.253177
32274	-2381.735	-2564.054	182.3192	1.248758	0.5053599	7.988225
32280	-2383.951	-2568.049	184.098	1.181647	0.3653449	7.208978
32286	-2393.457	-2578.938	185.481	1.498085	0.6505283	6.033629
32292	-2379.511	-2563.956	184.4443	1.300888	0.6268943	6.720965
32298	-2385.195	-2567.892	182.6962	1.193328	0.3867164	7.930263
32304	-2398.47	-2579.11	180.6398	0.8448741	0.3867164	9.207346
32310	-2384.291	-2564.642	180.351	1.124423	0.3914328	9.207346
32316	-2399.966	-2583.459	183.4935	1.048957	0.3914328	7.576317
32322	-2383.946	-2570.39	186.4438	1.455437	0.436837	5.714171
32328	-2394.245	-2582.367	188.1226	1.455437	0.9379574	4.405209
32334	-2388.277	-2575.415	187.1381	1.61292	0.7261927	5.004297
32340	-2377.29	-2565.047	187.7565	1.475862	0.5702162	4.856165
32346	-2371.634	-2559.143	187.5088	1.475862	0.391125	5.163863
32352	-2383.202	-2566.914	183.7119	1.339927	0.5546114	7.151875
32358	-2380.259	-2565.382	185.1226	1.276729	0.5717586	6.410322
32364	-2386.475	-2569.38	182.9046	1.191581	0.5717586	7.650328
32370	-2390.156	-2575.594	185.4379	1.296928	0.4021427	6.384181
32376	-2387.308	-2573.362	186.0536	1.542916	0.4930344	5.826314
32382	-2399.679	-2584.091	184.4125	1.764602	0.1992251	6.945564
32388	-2397.778	-2585.108	187.3303	1.8954	0.1993273	5.284438
32394	-2404.62	-2591.113	186.4936	1.836559	0.2584425	5.687241
32400	-2393.196	-2580.04	186.8443	1.564867	0.552131	5.327882
32406	-2398.344	-2585.001	186.6569	1.491213	0.7407766	5.327882
32412	-2397	-2583.766	186.7661	1.464586	0.8575575	5.206009
32418	-2388.678	-2576.145	187.4675	1.388867	0.4183878	5.206009
32424	-2391.27	-2578.809	187.5391	1.388867	0.4710969	5.113991
32430	-2389.02	-2575.532	186.5128	1.437754	0.3703888	5.755851
32436	-2381.728	-2562.157	180.4292	1.203283	0.2785186	9.254413
32442	-2388.908	-2571.951	183.0428	1.186738	0.5152386	7.626189
32448	-2383.588	-2568.453	184.8649	1.248709	0.3885807	6.734661
32454	-2386.482	-2568.666	182.184	1.190852	0.485311	8.108915
32460	-2375.395	-2561.075	185.6804	1.299085	0.3716505	6.283977
32466	-2392.643	-2577.882	185.2387	1.341565	0.3716505	6.50054
32472	-2393.229	-2578.778	185.5489	1.327802	0.3525223	6.361201
32478	-2393.254	-2578.846	185.5929	1.327802	0.3319468	6.361201
32484	-2389.115	-2574.559	185.4445	1.234979	0.4552163	6.361201
32490	-2389.558	-2576.724	187.1662	1.478776	0.4552163	5.28588
32496	-2392.147	-2578.167	186.0205	1.322732	0.4065302	6.048796
32502	-2382.595	-2566.016	183.4204	0.9977688	0.3491313	7.688792
32508	-2390.034	-2571.214	181.1792	1.052914	0.3994265	8.798521
32514	-2405.747	-2587.776	182.0288	1.042379	0.3994265	8.353002
32520	-2389.855	-2575.487	185.6323	1.271895	0.2787136	6.436776
32526	-2392.481	-2578.618	186.1377	1.13821	0.4296915	6.061866
32532	-2388.592	-2571.456	182.8634	1.189727	0.2926099	7.951257
32538	-2384.021	-2567.728	183.7078	1.11052	0.3418712	7.482884
32544	-2393.498	-2576.84	183.342	1.18811	0.347954	7.630277
32550	-2387.416	-2570.974	183.5582	1.072708	0.3024097	7.630277
32556	-2395.024	-2576.268	181.2444	0.9530817	0.6521501	8.600578
32562	-2400.842	-2582.328	181.4858	0.8823113	0.3944966	8.731479
32568	-2388.819	-2568.327	179.5081	0.8944858	0.4115055	9.753276
32574	-2396.814	-2579.545	182.731	0.9938959	0.2871778	8.133135
32580	-2399.456	-2582.197	182.7403	0.9846241	0.2871778	8.133135
32586	-2394.055	-2576.204	182.1486	1.21712	0.4641406	8.133135
32592	-2394.545	-2577.187	182.6427	1.011778	0.3175355	8.133135
32502	-2389.587	-2573.048	183.4609	0.9977688	0.33032	7.688792
32508	-2386.63	-2569.784	183.154	1.024267	0.4757182	7.688792
32514	-2377.867	-2563.129	185.262	1.271592	0.5051003	6.394316
32520	-2385.08	-2568.218	183.1379	1.082158	0.3961311	7.743885
32526	-2395.542	-2574.951	179.4086	1.17197	0.3961311	9.674964
32532	-2387.686	-2572.091	184.4057	1.296674	0.3961311	6.948553
32538	-2391.57	-2576.322	184.7515	1.296674	0.3795237	6.779696
32544	-2391.289	-2572.499	181.2103	1.209855	0.31084	8.797109
32550	-2393.14	-2577.835	184.6952	1.349479	0.3288998	6.838772
32556	-2404.383	-2589.309	184.9261	1.187179	0.3277324	6.803108
32562	-2397.067	-2578.744	181.6767	0.9314638	0.3277324	8.677369
32568	-2404.398	-2587.688	183.2903	1.05453	0.2262136	7.886307
32574	-2408.088	-2590.491	182.4036	1.281809	0.5515713	7.886307
32580	-2399.465	-2586.518	187.0532	1.539831	0.5072112	5.265806
32586	-2391.563	-2576.986	185.4235	1.201322	0.3250717	6.529765
32592	-2388.172	-2574.192	186.02	1.173572	0.2065028	6.384431
32598	-2385.522	-2568.947	183.4253	1.404436	0.3399141	7.478999
32604	-2391.664	-2578.961	187.2971	1.6863	0.3399141	5.222619
32610	-2389.358	-2578.383	189.0244	1.627614	0.3513966	4.276172
32616	-2384.127	-2573.329	189.2013	1.671433	0.25625	4.276172
32622	-2383.491	-2572.012	188.5209	1.660794	0.25625	4.66523
32628	-2383.773	-2570.868	187.0954	1.573077	0.430989	5.296953
32634	-2381.663	-2568.245	186.5823	1.391376	0.4905878	5.621941
32640	-2386.603	-2570.268	183.6641	1.196999	0.4905878	7.309486
32646	-2372.328	-2556.537	184.2085	1.193399	0.2336961	7.309486
32652	-2382.974	-2565.418	182.4434	1.077095	0.2336961	8.314605
32658	-2386.741	-2571.406	184.6647	1.165241	0.6149032	6.68437
32664	-2394.721	-2577.242	182.521	1.176857	0.3649079	8.055888
32670	-2385.582	-2566.661	181.079	1.136765	0.3649079	8.843558
32676	-2396.121	-2578.617	182.4966	1.246365	0.4850439	7.912889
32682	-2391.362	-2575.705	184.3424	1.246365	0.5109111	6.900034
32688	-2403.409	-2589.733	186.324	1.764246	0.6151861	5.453198
32694	-2392.669	-2579.462	186.793	1.446258	0.5157782	5.453198
32700	-2402.499	-2589.224	186.7254	1.465578	0.3960618	5.596112
32706	-2401.08	-2588.057	186.9768	1.465578	0.3960618	5.457887
32712	-2396.515	-2582.793	186.2775	1.465578	0.6038664	5.651845
32718	-2393.332	-2574.331	180.9988	1.096167	0.4424053	8.828778
32724	-2389.35	-2574.464	185.1132	1.326268	0.5691561	6.390727
32730	-2392.58	-2580.113	187.5335	1.486575	0.4042789	5.13016
32736	-2421.729	-2604.167	182.4382	1.519211	0.2613065	8.043219
32742	-2399.47	-2584.504	185.034	1.296319	0.3192969	6.696049
32748	-2415.326	-2601.53	186.2041	1.391098	0.3969927	5.921317
32754	-2417.123	-2604.119	186.9953	1.441522	0.4488706	5.406913
32760	-2391.693	-2578.504	186.8117	1.562913	0.8266514	5.145786
32766	-2379.359	-2567.746	188.3866	1.406736	0.5804122	4.533677
32772	-2384.976	-2573.152	188.176	1.632106	0.6017612	4.50776
32778	-2382.159	-2570.481	188.3222	1.612488	0.8426534	4.262435
32784	-2374.807	-2560.792	185.9853	1.358086	0.4419447	6.012948
32790	-2386.402	-2570.379	183.9769	1.068346	0.4419447	7.255951
32796	-2380.297	-2563.2	182.9033	1.311918	0.5235991	7.626614
32802	-2388.227	-2574.954	186.7274	1.486981	0.5576246	5.430621
32808	-2379.894	-2565.447	185.5532	1.320075	0.7100729	6.048204
32814	-2393.232	-2583.599	190.366	1.710267	0.5174999	3.278922
32820	-2375.422	-2565.614	190.1921	1.672648	0.6607349	3.278922
32826	-2385.811	-2576.187	190.3757	1.826111	0.4437458	3.278922
32832	-2382.814	-2572.706	189.892	1.812043	0.7870994	3.278922
32838	-2387.769	-2578.131	190.362	1.740236	0.7092276	3.100088
32844	-2386.188	-2576.435	190.2462	1.837512	0.7236914	3.100088
32850	-2377.097	-2565.958	188.8618	1.607197	0.4799436	4.242525
32856	-2385.29	-2574.02	188.7295	1.578019	0.5816167	4.242525
32862	-2386.592	-2575.396	188.8041	1.580682	0.5312577	4.242525
32868	-2377.45	-2568.189	190.7387	1.7282	0.4246608	3.142506
32874	-2390.599	-2581.05	190.4517	1.719833	0.4887267	3.250695
32880	-2381.742	-2570.614	188.872	1.815389	0.6765567	3.950043
32886	-2383.598	-2570.879	187.2816	1.510871	1.121562	4.745209
32892	-2378.034	-2564.954	186.9206	1.397583	0.7646116	5.217697
32898	-2377.883	-2566.403	188.5195	1.573557	0.7646116	4.224726
32904	-2382.382	-2569.688	187.3062	1.464073	0.7646116	4.967062
32910	-2381.695	-2569.295	187.6	1.464073	0.5499322	4.967062
32916	-2385.003	-2573.15	188.1475	1.454909	0.7068754	4.54255
32922	-2387.281	-2573.202	185.9208	1.454909	0.5853783	5.867764
32928	-2394.008	-2580.051	186.0421	1.376107	0.5571444	5.867764
32934	-2380.852	-2567.106	186.2539	1.279794	0.4004504	5.951247
32940	-2381.97	-2567	185.0309	1.279794	0.5493933	6.476901
32946	-2373.097	-2556.785	183.6882	1.174456	0.4728082	7.324851
32952	-2376.114	-2561.855	185.741	1.386771	0.5700093	6.01565
32958	-2368.216	-2552.925	184.709	1.228925	0.8182388	6.484587
32964	-2374.922	-2559.625	184.7028	1.315854	0.8965122	6.393228
32970	-2379.254	-2564.846	185.5916	1.319545	0.3097613	6.393228
32976	-2373.161	-2557.507	184.3465	1.209833	0.3097613	7.124826
32982	-2378.728	-2561.94	183.2121	1.051925	0.4658693	7.651972
32988	-2387.656	-2570.874	183.2179	1.046149	0.4658693	7.651972
32994	-2395.012	-2576.933	181.9215	1.09684	0.520148	8.268222
33000	-2368.916	-2552.961	184.0443	1.271603	0.520148	7.038974
33006	-2383.103	-2567.339	184.2361	1.079803	0.520148	7.038974
33012	-2384.765	-2568.715	183.9503	1.125359	0.4370162	7.244417
33018	-2382.023	-2565.232	183.2096	1.124275	0.4370162	7.642015
33024	-2401.723	-2588.35	186.6266	1.264564	0.6354788	5.545845
33030	-2386.095	-2572.865	186.7698	1.230411	0.5607214	5.545845
33036	-2377.522	-2565.554	188.0324	1.370617	0.4827076	4.838949
33042	-2392.677	-2577.207	184.5299	1.300185	0.5740074	6.71661
33048	-2383.262	-2568.147	184.8848	1.211206	0.4609007	6.671804
33054	-2375.532	-2556.917	181.385	1.046701	0.4609007	8.632777
33060	-2381.732	-2565.92	184.1878	1.178939	0.4660349	7.06023
33066	-2402.764	-2588.832	186.0685	1.39255	0.7328919	5.711108
33072	-2389.631	-2575.78	186.1486	1.31243	0.7328919	5.711108
33078	-2404.83	-2588.552	183.7222	1.198804	0.5072426	7.262522
33084	-2388.868	-2573.94	185.0714	1.252973	0.5868583	6.438758
33090	-2367.092	-2555.857	188.7646	1.575409	0.4519305	4.343046
33096	-2393.589	-2581.146	187.5571	1.575409	1.198523	4.516036
33102	-2392.399	-2579.702	187.3031	1.466268	0.7547495	4.97425
33108	-2392.38	-2579.797	187.4164	1.466268	0.7547495	4.911246
33114	-2388.735	-2576.934	188.1993	1.468772	0.6612252	4.539586
33120	-2385.15	-2572.855	187.7054	1.495009	0.4830296	4.951423
33126	-2385.025	-2571.414	186.3892	1.432754	0.4830296	5.71211
33132	-2381.744	-2565.819	184.0757	1.166254	0.7837486	6.882745
33138	-2392.89	-2577.397	184.5074	1.691891	0.2322111	6.882745
33144	-2392.143	-2576.427	184.2846	1.212741	0.5907572	6.882745
33150	-2383.766	-2570.96	187.194	1.230163	0.3591409	5.508649
33156	-2388.265	-2574.504	186.239	1.384246	0.3935156	5.909693
33162	-2380.322	-2567.066	186.7446	1.384246	0.6518787	5.402606
33168	-2384.878	-2573.351	188.4732	1.578898	0.3893074	4.570937
33174	-2374.944	-2560.976	186.0323	1.291366	0.5314388	5.941327
33180	-2383.372	-2571.306	187.9336	1.297841	0.5314388	4.890059
33186	-2380.266	-2565.788	185.5221	1.335648	0.5314388	6.195163
33192	-2387.153	-2571.741	184.5878	1.188042	0.4909713	6.816923
33198	-2382.036	-2566.002	183.9659	1.16278	0.4325911	7.220279
33204	-2393.35	-2575.052	181.7022	1.220945	0.6597262	8.209274
33210	-2387.826	-2570.666	182.8403	1.220945	0.8387468	7.482753
33216	-2381.24	-2565.425	184.1841	1.220945	0.5891481	6.933801
33222	-2378.535	-2562.791	184.2559	1.220945	0.5417795	6.933801
33228	-2373.782	-2558.633	184.8511	1.220945	0.7781706	6.437595
33234	-2376.798	-2562.224	185.4257	1.22162	0.3964409	6.437595
33240	-2380.832	-2566.472	185.6397	1.311821	0.5332229	6.142611
33246	-2394.294	-2580.465	186.1715	1.481171	0.3766395	5.911867
33252	-2384.078	-2571.205	187.1278	1.481171	0.3958819	5.366316
33258	-2396.809	-2584.054	187.2447	1.370085	0.4551361	5.302626
33264	-2380.358	-2566.506	186.1485	1.25315	0.3872562	6.037317
33270	-2382.869	-2568.243	185.3745	1.283924	0.345691	6.487394
33276	-2393.247	-2578.992	185.7455	1.264962	0.4614356	6.175462
33282	-2384.572	-2567.24	182.668	1.107626	0.3814214	7.996651
33288	-2382.972	-2568.65	185.6779	1.246998	0.5530672	6.140268
33294	-2396.881	-2582.186	185.3046	1.297615	0.5530672	6.315686
33300	-2396.073	-2578.106	182.0327	1.123706	0.4019521	8.30508
33306	-2390.265	-2571.763	181.4983	1.088844	0.4520347	8.558574
33312	-2389.091	-2570.989	181.8977	0.9324993	0.4754304	8.407736
33318	-2401.51	-2580.194	178.6846	1.142836	0.4554135	10.01397
33324	-2384.322	-2565.883	181.5617	0.9629429	0.4360505	8.606993
33330	-2386.014	-2569.427	183.4132	1.058526	0.5431061	7.472784
33336	-2386.545	-2569.295	182.7505	1.058526	0.4324657	7.926906
33342	-2390.068	-2571.04	180.973	1.053066	0.4324657	8.874871
33348	-2393.609	-2573.267	179.658	1.100475	0.2690775	9.728012
33354	-2395.972	-2582.452	186.4801	1.392812	0.3248436	5.851125
33360	-2401.565	-2589.408	187.8435	1.397707	0.3502065	5.067726
33366	-2412.904	-2599.648	186.7443	1.421329	0.7123233	5.338128
33372	-2413.595	-2600.468	186.8723	1.652017	0.3486207	5.465632
33378	-2405.674	-2594.847	189.1731	1.672434	0.5081963	4.001456
33384	-2403.691	-2593.069	189.3773	1.571375	0.4477527	4.001456
33390	-2397.611	-2585.332	187.7208	1.571375	0.4477527	4.934491
33396	-2395.077	-2581.288	186.2109	1.58331	0.3293678	5.888699
33402	-2392.809	-2579.879	187.0701	1.40062	0.2830702	5.576486
33408	-2383.888	-2572.558	188.6699	1.566827	0.4260337	4.427749
33414	-2390.468	-2575.8	185.3324	1.436014	0.4567305	6.31147
33420	-2392.144	-2577.776	185.6325	1.268392	0.6276978	6.093536
33426	-2396.623	-2582.349	185.7261	1.297271	0.3936378	6.236435
33432	-2380.726	-2566.452	185.7261	1.297271	0.3936378	6.236435
33438	-2386.421	-2571.729	185.3086	1.210297	0.6055357	6.318425
33444	-2417.28	-2605.848	188.5686	1.47287	0.6149157	4.365576
33450	-2403.229	-2589.611	186.3818	1.172421	0.3554318	5.989255
33456	-2374.929	-2560.041	185.1127	1.147864	0.3554318	6.691559
33462	-2383.053	-2567.46	184.4074	1.0745	0.3672157	7.098203
33468	-2390.345	-2574.278	183.933	1.396218	0.4472853	7.098203
33474	-2388.879	-2571.921	183.0419	1.084038	0.4472853	7.743313
33480	-2381.128	-2561.999	180.8706	1.102707	0.3352953	9.00505
33486	-2377.898	-2558.634	180.736	1.2373	0.3352953	9.00505
33492	-2378.591	-2561.32	182.7296	1.198487	0.3944549	7.901621
33498	-2377.287	-2564.585	187.2985	1.379432	0.6491995	5.101181
33504	-2393.883	-2585.091	191.2086	1.844965	0.4955784	2.71367
33510	-2387.817	-2578.298	190.4811	1.818343	0.4955784	3.168145
33516	-2383.72	-2574.193	190.4734	1.831067	0.5474353	3.115612
33522	-2381.732	-2570.672	188.9404	1.745274	0.754086	3.894134
33528	-2389.192	-2577.734	188.5422	1.461674	0.5583808	4.433905
33534	-2377.587	-2565.136	187.5482	1.491897	0.3594706	5.168449
33540	-2374.359	-2561.023	186.6644	1.442434	0.455239	5.582227
33546	-2384.128	-2570.905	186.7772	1.329555	0.455239	5.582227
33552	-2394.589	-2579.085	184.4965	1.234549	0.8362912	6.585371
33558	-2399.082	-2583.658	184.5761	1.485858	0.5813043	6.585371
33564	-2397.78	-2582.836	185.0554	1.274376	0.5020023	6.507539
33570	-2395.597	-2583.699	188.1021	1.542499	0.5020023	4.685944
33576	-2391.667	-2579.679	188.0116	1.629249	0.5042671	4.685944
33582	-2393.688	-2581.81	188.1225	1.518344	0.5042671	4.685944
33588	-2391.897	-2579.277	187.3794	1.523026	0.4253385	5.173379
33594	-2389.21	-2575.907	186.6968	1.43877	0.5018828	5.522714
33600	-2398.197	-2582.322	184.1248	1.466843	0.7184186	6.737614
33606	-2390.754	-2575.77	185.0161	1.172395	0.3863236	6.696625
33612	-2384.643	-2573.024	188.3813	1.459972	0.551521	4.53132
33618	-2379.584	-2567.791	188.2073	1.511834	0.5042862	4.642119
33624	-2387.956	-2575.601	187.6441	1.547372	0.9051534	4.642119
33630	-2388.129	-2578.041	189.9124	1.657472	0.553231	3.542655
33636	-2384.975	-2574.767	189.7918	1.87526	0.4429367	3.592738
33642	-2399.212	-2587.083	187.8701	1.553805	0.3493409	4.967279
33648	-2397.611	-2586.049	188.4377	1.630777	0.3780377	4.574299
33654	-2418.687	-2605.108	186.4217	1.33633	0.6872391	5.580436
33660	-2406.833	-2592.867	186.0347	1.519958	0.6378622	5.728663
33666	-2379.38	-2566.924	187.5437	1.466557	0.6570253	4.910639
33672	-2382.531	-2567.479	184.9483	1.245239	0.6570253	6.455752
33678	-2393.548	-2578.646	185.0986	1.301627	0.5174537	6.455752
33684	-2405.383	-2590.044	184.6609	1.29526	0.4787951	6.730651
33690	-2397.173	-2581.808	184.635	1.29526	0.4941796	6.730651
33696	-2413.74	-2600.623	186.8826	1.53577	0.4443744	5.421505
33702	-2404.304	-2592.153	187.8488	1.737337	0.3108935	4.923897
33708	-2401.47	-2589.348	187.8773	1.737337	0.2985303	4.923897
33714	-2398.798	-2587.022	188.224	1.367081	0.5156311	4.703447
33720	-2406.103	-2595.338	189.2349	2.043673	0.8861869	3.462257
33726	-2404.621	-2592.935	188.3135	1.960621	0.6559022	4.201469
33732	-2388.924	-2572.976	184.0519	1.154697	0.4562622	7.155584
33738	-2394.396	-2578.608	184.2124	0.9941726	0.4562622	7.155584
33744	-2389.218	-2569.561	180.3422	0.8623257	0.3609636	9.382831
33750	-2391.715	-2574.901	183.1856	1.122171	0.3771136	7.717081
33756	-2384.219	-2573.949	189.7298	1.425205	0.3215392	4.026898
33762	-2391.333	-2580.566	189.2326	1.552661	0.5178646	4.026898
33768	-2397.924	-2585.757	187.8325	1.421262	0.4648188	4.939146
33774	-2389.781	-2575.95	186.1697	1.315683	0.4648188	5.913331
33780	-2404.246	-2589.621	185.3745	1.261932	0.4648188	6.375433
33786	-2399.701	-2584.431	184.7304	1.306495	0.3535252	6.814449
33792	-2386.663	-2571.163	184.4997	1.330138	0.4620765	6.814449
33798	-2397.293	-2585.298	188.0047	1.365582	0.3766271	4.965886
33804	-2394.909	-2579.683	184.7736	1.321697	0.382326	6.751241
33810	-2390.14	-2574.795	184.6554	1.292321	0.4616324	6.751241
33816	-2384.873	-2569.576	184.7026	1.289204	0.4368517	6.751241
33822	-2385.88	-2573.123	187.243	1.541545	0.7803883	4.948477
33828	-2387.143	-2574.111	186.968	1.484869	0.555308	5.301071
33834	-2384.969	-2573.571	188.6014	1.465427	0.3863154	4.56599
33840	-2403.849	-2591.89	188.0416	1.431762	0.4728384	4.80908
33846	-2397.731	-2585.211	187.4809	1.506938	0.4728384	5.079188
33852	-2391.442	-2578.56	187.1182	1.440577	0.4574565	5.331285
33858	-2389.62	-2576.313	186.6934	1.440577	0.5132416	5.513361
33864	-2405.365	-2590.507	185.1422	1.149715	0.4990259	6.530699
33870	-2398.3	-2581.478	183.178	1.125437	0.4219994	7.673084
33876	-2411.623	-2595.138	183.5154	1.290089	0.4407801	7.38574
33882	-2401.769	-2583.34	181.5712	1.116858	0.6639006	8.331395
33888	-2390.407	-2572.446	182.0393	1.082764	0.3941518	8.331395
33894	-2399.645	-2581.535	181.8898	1.157717	0.4367515	8.328472
33900	-2401.458	-2586.807	185.3489	1.336916	0.4367515	6.375731
33906	-2384.253	-2570.983	186.7303	1.451835	0.7813184	5.281721
33912	-2390.997	-2578.377	187.3804	1.39517	0.3890528	5.281721
33918	-2399.87	-2588.666	188.7965	1.617141	0.4828099	4.271103
33924	-2388.293	-2577.224	188.9304	1.533646	0.4537029	4.271103
33930	-2399.243	-2588.208	188.9648	1.815661	0.3470974	4.208459
33936	-2398.946	-2587.672	188.7259	1.563403	0.6359616	4.208459
33942	-2389.015	-2575.19	186.1753	1.482915	0.5216771	5.76691
33948	-2403.076	-2587.586	184.5099	1.117426	0.4987651	6.889985
33954	-2399.433	-2583.875	184.442	1.101639	0.4717768	6.959666
33960	-2388.802	-2573.049	184.2472	1.296429	0.4717768	6.959666
33966	-2378.293	-2562.369	184.0757	1.201423	0.6452154	6.959666
33972	-2387.514	-2571.448	183.9339	1.242717	0.5881763	7.05756
33978	-2385.378	-2573.341	187.9626	1.461361	0.3985108	4.912045
33984	-2395.061	-2579.585	184.5241	1.264626	0.4225726	6.874961
33990	-2408.845	-2592.257	183.412	1.294738	0.4225726	7.456563
33996	-2389.403	-2572.897	183.4946	1.217827	0.6043567	7.294375
34002	-2378.45	-2562.07	183.62	1.116628	0.368483	7.496873
34008	-2387.284	-2574.069	186.7846	1.46196	0.4955315	5.467422
34014	-2378.418	-2569.363	190.9452	1.7762	0.4955315	2.91568
34020	-2376.912	-2567.196	190.2839	1.753281	0.4955315	3.323208
34026	-2374.576	-2565.243	190.6662	1.66401	0.5847025	3.066586
34032	-2385.633	-2574.967	189.3342	1.765179	0.3406769	4.034801
34038	-2376.451	-2566.638	190.1868	1.683593	0.7160166	3.232573
34044	-2384.555	-2575.205	190.6496	1.852136	0.5418706	3.002887
34050	-2392.814	-2583.94	191.1263	1.875907	0.5418706	2.699401
34056	-2393.348	-2582.619	189.2704	1.875907	0.8383972	3.570463
34062	-2403.48	-2588.183	184.7037	1.613678	1.058079	6.141508
34068	-2398.226	-2587.003	188.777	1.91231	1.058079	3.702493
34074	-2392.698	-2575.154	182.4555	1.027992	0.4654991	8.069117
34080	-2388.524	-2570.478	181.9543	1.014368	0.4654991	8.343247
34086	-2386.161	-2572.164	186.0032	1.172915	0.4654991	6.081401
34092	-2389.456	-2575.474	186.0177	1.238528	0.4209495	6.081401
34098	-2386.667	-2572.53	185.8633	1.37955	0.4281814	6.081401
34104	-2384.66	-2566.951	182.2913	1.304956	0.4195566	8.053109
34110	-2387.126	-2573.484	186.3588	1.213276	0.5914435	5.755484
34116	-2381.235	-2566.431	185.1963	1.245827	0.4482617	6.496582
34122	-2399.682	-2585.316	185.6341	1.210832	0.7224773	6.054985
34128	-2374.67	-2561.07	186.4009	1.231797	0.3919057	5.906269
34134	-2388.57	-2573.521	184.9501	1.189403	0.4093981	6.698954
34140	-2389.804	-2573.335	183.5311	0.9722399	0.4593586	7.529963
34146	-2418.074	-2598.621	180.5468	1.003594	0.4593586	9.10122
34152	-2398.228	-2579.024	180.7963	1.139481	0.273589	9.100403
34158	-2393.193	-2575.575	182.3813	1.053452	0.4966716	8.066863
34164	-2387.828	-2572.598	184.7692	1.053452	0.4966716	6.786534
34170	-2391.117	-2577.478	186.3612	1.149019	0.4966716	5.870232
34176	-2394.699	-2579.824	185.1249	1.116793	0.4011842	6.652216
34182	-2398.413	-2580.764	182.3513	1.079709	0.4901523	8.074678
34188	-2383.098	-2565.886	182.7884	0.9905183	0.4818052	7.896594
34194	-2387.827	-2569.137	181.3099	1.103904	0.2840074	8.833803
34200	-2398.29	-2577.455	179.1653	0.9703283	0.3232149	9.989004
34206	-2390.443	-2572.048	181.6049	1.102115	0.5720319	8.390935
34212	-2394.524	-2578.032	183.5077	1.155809	0.6354088	7.296951
34218	-2405.148	-2591.579	186.431	1.443865	0.6354088	5.554871
34224	-2389.639	-2576.465	186.8258	1.314619	0.4644648	5.554871
34230	-2398.47	-2584.901	186.4308	1.262022	0.3783537	5.888028
34236	-2394.219	-2580.572	186.3522	1.34068	0.3783537	5.888028
34242	-2401.221	-2587.728	186.5065	1.257815	0.3437261	5.888028
34248	-2408.9	-2595.344	186.4443	1.202628	0.4017888	5.888028
34254	-2389.948	-2575.641	185.693	1.202628	0.4420858	6.256548
34260	-2394.218	-2578.706	184.4887	1.228141	0.4745927	6.863684
34266	-2394.981	-2577.52	182.5394	1.228141	0.4745927	7.909241
34272	-2391.837	-2573.967	182.1303	1.026041	0.4105113	8.296449
34278	-2403.512	-2587.236	183.7239	1.135248	0.3797786	7.419039
34284	-2398.682	-2578.12	179.4382	0.7895995	0.3183126	9.946244
34290	-2387.333	-2566.561	179.2286	0.8691521	0.3183126	10.01467
34296	-2397.499	-2576.368	178.8694	0.9589387	0.4541165	10.01467
34302	-2404.174	-2584.009	179.8343	1.05682	0.6952849	9.261946
34308	-2392.939	-2577.95	185.0111	1.380258	0.6952849	6.320766
34314	-2410.36	-2600.587	190.2275	1.878427	1.138286	2.820801
34320	-2423.799	-2607.089	183.2903	1.186574	0.4138952	7.588382
34326	-2400.78	-2581.016	180.2365	1.005047	0.4660795	9.258352
34332	-2403.47	-2588.389	184.9192	1.274751	0.5040761	6.579237
34338	-2401.231	-2586.677	185.4458	1.359144	0.216543	6.579237
34344	-2403.003	-2587.342	184.3394	1.401623	0.2210571	7.146112
34350	-2397.111	-2580.926	183.8148	0.8867446	0.408952	7.473031
34356	-2395.807	-2578.585	182.7772	0.9882431	0.408944	7.973538
34362	-2398.542	-2580.067	181.5246	1.040285	0.408944	8.612328
34368	-2403.814	-2586.179	182.3651	1.172339	0.4574737	8.047837
34374	-2402.992	-2586.995	184.0031	1.150759	0.371983	7.269312
34380	-2400.578	-2584.309	183.7306	1.296104	0.3458815	7.366581
34386	-2397.486	-2580.157	182.6718	1.080931	0.3458815	8.04781
34392	-2393.475	-2576.529	183.0544	1.113298	0.3850725	7.783481
34398	-2399.705	-2581.757	182.0511	1.10055	0.306189	8.414448
34404	-2398.817	-2583.818	185.0015	1.168738	0.3217198	6.779538
34410	-2400.323	-2585.693	185.3698	1.473505	0.4104825	6.316678
34416	-2412.325	-2599.781	187.4559	1.557299	0.5490252	4.996142
34422	-2404.826	-2592.152	187.3256	1.557299	0.296591	5.331847
34428	-2389.58	-2577.711	188.1308	1.557299	0.3370872	4.834752
34434	-2388.69	-2571.033	182.343	1.196075	0.3370872	8.171662
34440	-2395.988	-2580.445	184.4563	1.190451	0.4347894	6.939396
34446	-2402.967	-2587.403	184.4358	1.21097	0.4347894	6.939396
34452	-2397.41	-2581.725	184.3149	1.187586	0.5190822	6.939396
34458	-2403.482	-2589.125	185.6422	1.290708	0.6091899	6.090429
34464	-2400.062	-2586.17	186.1079	1.338034	0.3196319	6.090429
34470	-2395.228	-2579.591	184.3627	1.474457	0.3658596	6.908402
34476	-2392.297	-2575.797	183.5	1.191737	0.4790841	7.410737
34482	-2402.494	-2586.982	184.4881	1.375593	0.3769928	6.881957
34488	-2414.304	-2593.606	179.3017	1.006162	0.342845	9.875805
34494	-2400.302	-2591.149	190.8467	1.768766	0.4037332	3.077497
34500	-2410.274	-2596.19	185.9156	1.372608	0.3170247	6.17951
34506	-2414.686	-2600.364	185.6776	1.620891	0.3127651	6.179156
34512	-2403.194	-2585.984	182.7896	1.177313	0.3127651	7.972323
34518	-2403.593	-2585.726	182.133	1.104699	0.5402332	8.134465
34524	-2408.541	-2593.072	184.531	1.209047	0.301721	7.035963
34530	-2386.386	-2572.388	186.002	1.557059	0.2842053	6.073628
34536	-2395.323	-2581.614	186.2912	1.498562	0.2842053	5.947792
34542	-2401.547	-2587.655	186.1075	1.53542	0.3493878	5.947792
34548	-2392.71	-2579.219	186.5096	1.294722	0.3493878	5.859634
34554	-2397.577	-2581.044	183.4671	1.174192	0.370656	7.545561
34560	-2397.534	-2581.314	183.7796	1.205455	0.5013941	7.233306
34566	-2398.443	-2580.997	182.554	1.227442	0.5013941	7.877778
34572	-2396.732	-2579.348	182.6159	1.213758	0.4727277	7.877778
34578	-2387.071	-2569.578	182.507	1.213758	0.5391039	7.877778
34584	-2392.341	-2573.235	180.8944	1.030892	0.3591828	9.003654
34590	-2387.237	-2568.092	180.855	1.01511	0.3865095	9.003654
34596	-2379.215	-2562.147	182.9315	1.133327	0.5036745	7.724334
34602	-2392.209	-2575.281	183.0724	1.138667	0.549196	7.607313
34608	-2398.331	-2581.048	182.7177	1.206838	0.7576528	7.607313
34614	-2385.754	-2570.884	185.1305	1.222922	0.488561	6.506884
34620	-2377.204	-2564.642	187.4384	1.339916	0.4221319	5.24531
34626	-2399.378	-2584.077	184.6989	1.344726	0.4221319	6.73787
34632	-2391.029	-2575.091	184.0619	1.402575	0.4221319	7.050104
34638	-2400.062	-2585.337	185.2745	1.400168	0.3039105	6.528671
34644	-2391.281	-2579.981	188.7	1.697167	0.4857979	4.277578
34650	-2390.039	-2578.948	188.9094	1.641552	0.4047404	4.272852
34656	-2392.167	-2578.968	186.8008	1.451323	0.4047404	5.553318
34662	-2394.808	-2580.105	185.2968	1.324019	0.5173959	6.336154
34668	-2404.373	-2589.007	184.634	1.324019	0.5201365	6.692683
34674	-2421.595	-2602.23	180.6353	1.320065	0.6055314	8.763771
34680	-2393.959	-2577.942	183.9835	1.358494	0.3186834	7.229171
34686	-2391.289	-2577.154	185.8649	1.313517	0.3556585	6.193722
34692	-2389.919	-2577.788	187.8687	1.365286	0.3556585	5.06541
34698	-2387.637	-2572.673	185.0354	1.277451	0.324552	6.699118
34704	-2390.582	-2578.13	187.548	1.295063	0.3231682	5.320346
34710	-2395.891	-2584.849	188.9575	1.7684	0.359796	4.224346
34716	-2401.69	-2592.871	191.1809	1.7684	0.5537524	2.720527
34722	-2390.795	-2582.056	191.2613	1.818862	0.5537524	2.640104
34728	-2378.572	-2569.624	191.0527	1.701204	0.5537524	2.83966
34734	-2382.999	-2574.052	191.0527	1.701204	0.5537524	2.83966
34740	-2384.469	-2575.932	191.4629	1.701204	0.4535418	2.690047
34746	-2381.64	-2573.307	191.6665	1.785089	0.4535418	2.51211
34752	-2386.775	-2577.372	190.597	1.731598	0.6316716	3.027085
34758	-2389.206	-2579.213	190.0069	1.604309	0.7344955	3.371486
34764	-2404.695	-2595.568	190.8732	1.673627	0.7386572	2.809961
34770	-2408.258	-2599.573	191.3149	1.673627	0.4420104	2.809961
34776	-2392.534	-2583.056	190.5217	1.650656	0.6309333	3.120969
34782	-2409.919	-2598.204	188.2852	1.494327	0.3687445	4.746668
34788	-2412.056	-2602.26	190.2046	1.451608	0.3687445	3.681214
34794	-2389.914	-2580.624	190.7096	1.688174	0.6129246	3.001544
34800	-2391.95	-2580.852	188.9016	1.653166	1.311984	3.650782
34806	-2398.319	-2587.559	189.2403	1.66038	0.9805553	3.624357
34812	-2395.314	-2584.144	188.8309	1.502646	0.4361495	4.362697
34818	-2392.458	-2579.52	187.0627	1.283831	0.4361495	5.469205
34824	-2396.896	-2581.871	184.9746	1.553623	0.4224307	6.475436
34830	-2393.093	-2578.548	185.455	1.316208	0.9070249	5.977666
34836	-2405.241	-2589.34	184.0996	1.047029	0.3760625	7.26876
34842	-2413.25	-2598.852	185.6018	1.216281	0.425485	6.315144
34848	-2400.601	-2582.926	182.3257	1.19627	0.5051948	8.012862
34854	-2394.608	-2577.079	182.4713	1.187531	0.3271544	8.119396
34860	-2397.46	-2580.765	183.3048	1.134026	0.638697	7.415018
34866	-2383.469	-2567.75	184.2805	1.393934	0.6347331	6.7532
34872	-2388.944	-2575.312	186.3685	1.378775	0.6216906	5.63553
34878	-2392.843	-2581.815	188.9725	1.692192	0.7627227	3.900064
34884	-2383.873	-2573.656	189.7824	1.638283	0.5584351	3.624726
34890	-2394.245	-2578.647	184.4025	1.399402	0.5584351	6.744598
34896	-2405.715	-2590.355	184.6399	1.733391	0.2633962	6.744598
34902	-2396.868	-2582.604	185.736	1.374034	0.2837595	6.318428
34908	-2398.435	-2586.387	187.9523	2.42995	0.1803146	4.674052
34914	-2399.039	-2587.09	188.0512	2.331069	0.1803146	4.674052
34920	-2400.905	-2589.023	188.118	2.241184	0.1803146	4.686974
34926	-2389.303	-2576.749	187.4464	2.079705	0.2030309	5.112137
34932	-2393.839	-2580.963	187.1236	1.924857	0.4064372	5.112137
34938	-2400.835	-2586.528	185.6936	1.599195	0.8073315	5.753764
34944	-2384.88	-2569.227	184.3471	1.389607	0.3380574	6.994011
34950	-2396.279	-2580.964	184.6847	1.316257	0.4146345	6.768476
34956	-2398.806	-2581.997	183.1914	1.399522	0.4363532	7.505086
34962	-2389.297	-2578.661	189.3645	1.920992	0.4779079	3.778039
34968	-2388.029	-2577.711	189.6819	1.74955	0.4779079	3.69377
34974	-2397.182	-2585.472	188.2907	1.74955	0.5192656	4.448013
34980	-2409.977	-2599.674	189.6965	2.119157	0.1754772	3.870802
34986	-2403.055	-2592.708	189.6523	2.304032	0.2091595	3.730482
34992	-2410.298	-2599.019	188.7203	2.174891	0.3709509	4.11518
34998	-2407.565	-2596.7	189.135	1.760198	0.3709509	4.11518
35004	-2396.944	-2587.13	190.1856	1.918418	0.3709509	3.417979
35010	-2392.761	-2581.682	188.9208	1.963995	0.2776713	4.238862
35016	-2397.16	-2585.046	187.8858	1.841296	0.3916065	4.750442
35022	-2410.288	-2599.152	188.8637	1.864649	0.3916065	4.186667
35028	-2400.726	-2588.619	187.8936	1.846589	0.3855624	4.749787
35034	-2400.67	-2588.523	187.8528	1.703151	0.4866911	4.749787
35040	-2390.996	-2578.097	187.1011	1.867974	0.3314254	5.240696
35046	-2406.656	-2594.638	187.9826	1.788484	0.2309262	4.93199
35052	-2412.971	-2602.402	189.4304	1.938913	0.2309262	4.032136
35058	-2396.471	-2581.007	184.5366	1.519221	0.2309262	6.961958
35064	-2394.098	-2583.096	188.9983	1.961726	0.1917781	4.328978
35070	-2398.374	-2587.883	189.5098	1.961726	0.3660878	3.790961
35076	-2395.229	-2585.019	189.7899	1.765389	0.3266229	3.790961
35082	-2386.417	-2574.69	188.2735	1.724178	0.2809265	4.733672
35088	-2391.809	-2580.244	188.435	1.767816	0.4636853	4.408837
35094	-2385.324	-2570.885	185.5606	1.414809	0.4297868	6.22535
35100	-2389.361	-2574.598	185.2365	1.43844	0.4297868	6.388507
35106	-2385.098	-2571.18	186.0816	1.473457	0.4297868	5.909502
35112	-2401.685	-2586.656	184.9715	1.472415	0.4297868	6.513736
35118	-2385.513	-2569.983	184.4707	1.254056	0.7183451	6.665718
35124	-2376.568	-2560.784	184.2155	1.213264	0.3809299	7.111939
35130	-2381.656	-2565.582	183.9264	1.222889	0.5396873	7.111939
35136	-2386.465	-2570.292	183.8271	1.274953	0.5396873	7.137303
35142	-2387.751	-2571.743	183.992	1.429912	0.4720194	7.024992
35148	-2394.746	-2578.643	183.897	1.172108	0.5983245	7.107425
35154	-2378.96	-2567.961	189.0004	1.672365	0.6595304	3.971532
35160	-2387.583	-2577.958	190.3749	1.672365	0.5042697	3.308727
35166	-2392.379	-2581.952	189.5729	1.647388	0.8853161	3.496812
35172	-2390.579	-2579.581	189.0022	1.608715	0.8853161	3.849552
35178	-2389.283	-2578.167	188.884	1.608715	0.998236	3.849552
35184	-2396.438	-2583.754	187.3158	1.59164	1.047931	4.719686
35190	-2386.736	-2575	188.2638	1.532355	1.047931	4.219292
35196	-2381.158	-2571.713	190.5552	1.745613	0.7604295	2.942528
35202	-2382.222	-2572.728	190.5061	1.877024	0.6953738	2.942528
35208	-2383.893	-2571.382	187.4886	1.316703	0.559971	5.102188
35214	-2381.612	-2570.695	189.0825	1.5912	0.5122365	4.095692
35220	-2383.065	-2573.006	189.9413	1.701064	0.9478469	3.209533
35226	-2384.221	-2574.066	189.8444	1.709092	1.036196	3.209533
35232	-2380.665	-2570.32	189.6549	1.760729	1.006922	3.307941
35238	-2381.835	-2572.33	190.4946	1.996863	1.297197	2.498906
35244	-2388.646	-2579.454	190.8086	1.928093	1.023661	2.498906
35250	-2391.809	-2582.841	191.0319	1.804319	0.9260827	2.498906
35256	-2389.016	-2579.376	190.3601	1.670675	0.3423205	3.495611
35262	-2395.312	-2583.669	188.3576	1.656983	0.4809963	4.498081
35268	-2395.817	-2585.792	189.9752	1.620875	0.4809963	3.595308
35274	-2407.539	-2594.657	187.1182	1.381203	0.4497783	5.371506
35280	-2398.329	-2585.113	186.7835	1.485007	0.5931079	5.371506
35286	-2392.382	-2579.272	186.8905	1.582654	0.620988	5.236312
35292	-2406.179	-2593.863	187.6832	1.658566	0.4726808	4.882582
35298	-2394.405	-2582.187	187.7821	1.345523	0.4726808	5.001707
35304	-2394.069	-2581.797	187.7285	1.560368	0.8271049	4.636253
35310	-2381.541	-2569.271	187.7291	1.55976	0.8271049	4.636253
35316	-2393.354	-2582.181	188.8266	1.735734	0.8679648	3.888461
35322	-2399.976	-2587.777	187.8004	1.543056	0.3965454	4.958941
35328	-2403.438	-2592.793	189.3545	1.597032	0.3965454	4.054185
35334	-2396.275	-2582.852	186.5765	1.597032	0.4032156	5.59811
35340	-2403.157	-2588.945	185.7878	1.354232	0.5260476	6.045076
35346	-2401.09	-2587.082	185.9918	1.442253	0.5387588	5.874713
35352	-2396.472	-2583.125	186.6525	1.560078	0.3298268	5.659136
35358	-2391.91	-2581.225	189.3143	1.652878	0.3298268	4.123529
35364	-2387.226	-2576.424	189.1976	1.653388	0.3857168	4.123529
35370	-2397.189	-2585.789	188.6003	1.484523	0.3852688	4.557069
35376	-2409.563	-2596.344	186.7812	1.404743	0.5128026	5.485185
35382	-2406.305	-2591.757	185.4515	1.320179	0.455535	6.310875
35388	-2400.578	-2586.261	185.6825	1.315249	0.3391778	6.310875
35394	-2402.006	-2586.108	184.1015	1.315249	0.5066656	6.996481
35400	-2390.171	-2574.366	184.1952	1.226466	0.3737737	7.12347
35406	-2388.751	-2572.701	183.9498	1.226466	0.5093926	7.12347
35412	-2401.375	-2586.953	185.578	1.225511	0.4416659	6.307021
35418	-2394.687	-2581.743	187.0555	1.433858	0.889337	5.043184
35424	-2385.496	-2572.691	187.1951	1.386707	0.2234644	5.600515
35430	-2383.304	-2568.71	185.4057	1.522071	0.4502308	6.23118
35436	-2388.906	-2574.243	185.3369	1.232513	0.4486017	6.427265
35442	-2396.153	-2576.86	180.7071	1.014943	0.2834682	9.200706
35448	-2404.613	-2584.835	180.2228	1.191315	0.4274816	9.2036
35454	-2400.992	-2583.466	182.4747	1.264101	0.318566	8.086951
35460	-2390.333	-2575.508	185.1744	1.090602	0.318566	6.732195
35466	-2398.636	-2583.667	185.0311	1.123522	0.5467275	6.563661
35472	-2408.778	-2596.585	187.8069	1.519712	0.5223067	4.845147
35478	-2411.877	-2597.248	185.3713	1.333185	0.4140946	6.388327
35484	-2380.243	-2567.366	187.1239	1.669762	0.3983993	5.261705
35490	-2386.042	-2572.362	186.3194	1.393547	0.3308701	5.931285
35496	-2389.618	-2574.454	184.8355	1.325456	0.361258	6.738838
35406	-2465.227	-2655.248	190.021	2.792781	0.1711234	3.298849
35412	-2404.533	-2593.019	188.486	1.46702	0.8345377	4.257249
35418	-2400.24	-2588.069	187.8299	1.573195	0.728956	4.638564
35424	-2401.735	-2584.823	183.0882	1.098597	0.6947834	7.509538
35430	-2399.773	-2585.31	185.5366	1.340668	0.7661729	6.007669
35436	-2384.393	-2570.108	185.7149	1.418068	0.5762852	6.007669
35442	-2378.615	-2565.052	186.4371	1.302643	0.5483444	5.699209
35448	-2380.962	-2567.361	186.3992	1.302643	0.5732249	5.699209
35454	-2391.866	-2577.816	185.9504	1.153305	0.5732249	6.026182
35460	-2381.823	-2568.309	186.4865	1.201846	0.4999118	5.769813
35466	-2377.185	-2562.082	184.8973	1.219626	0.5086675	6.616851
35472	-2381.406	-2566.484	185.0779	1.038958	0.5086675	6.616851
35478	-2387.153	-2570.1	182.9464	1.020015	0.5086675	7.772565
35484	-2384.714	-2567.535	182.8211	1.14531	0.5086675	7.772565
35490	-2384.48	-2568.057	183.5766	1.123922	0.4711483	7.41335
35496	-2399.861	-2583.315	183.4537	1.135251	0.5390576	7.41335
35502	-2409.4	-2591.565	182.1647	1.135251	0.6119905	8.044027
35508	-2390.199	-2576.967	186.7689	1.414643	0.5950399	5.416749
35514	-2395.386	-2582.398	187.0122	1.436357	0.4324768	5.416749
35520	-2399.6	-2585.082	185.4826	1.436357	0.4324768	6.253357
35526	-2399.418	-2584.589	185.1707	1.436357	0.6277183	6.253357
35532	-2386.306	-2572.788	186.482	1.494262	0.4719021	5.637967
35538	-2392.578	-2580.567	187.9896	1.490872	0.4081906	4.870229
35544	-2406.685	-2595.165	188.4803	1.496531	0.1978927	4.870229
35550	-2392.099	-2581.45	189.3513	1.555331	0.5762884	3.905564
35556	-2390.775	-2578.762	187.9866	1.441597	0.5506488	4.763564
35562	-2391.094	-2577.649	186.5551	1.260286	0.4678492	5.729999
35568	-2386.244	-2576.191	189.9468	1.526054	0.5797449	3.575726
35574	-2392.683	-2581.887	189.2034	1.526054	0.4783007	4.096148
35580	-2390.371	-2579.633	189.262	1.485918	0.4675353	4.096148
35586	-2396.611	-2586.073	189.4611	1.560317	0.2728785	4.168007
35592	-2385.611	-2574.613	189.002	1.590186	0.4847151	4.168007
35598	-2388.857	-2578.394	189.5367	1.634485	0.4660749	3.855513
35604	-2391.167	-2578.159	186.9918	1.415059	0.9170835	5.072355
35610	-2398.24	-2585.076	186.8358	1.565828	0.9220076	5.072355
35616	-2393.936	-2578.585	184.6486	1.209782	0.5018191	6.762611
35622	-2380.971	-2569.056	188.0853	1.400674	0.5018191	4.774792
35628	-2391.531	-2578.55	187.0193	1.400674	0.5018191	5.366182
35634	-2402.37	-2588.11	185.7405	1.166754	0.4519748	6.240611
35640	-2400.37	-2587.061	186.6911	1.15481	0.342303	5.845115
35646	-2390.206	-2575.803	185.5973	1.218466	0.5210181	6.227059
35652	-2408.11	-2594.051	185.9411	1.287517	0.5210181	6.002246
35658	-2406.313	-2593.273	186.9607	1.287517	0.5736945	5.398544
35664	-2386.97	-2575.037	188.0673	1.377793	0.4874829	4.810959
35670	-2384.45	-2572.594	188.1441	1.317239	0.477863	4.810959
35676	-2386.58	-2574.627	188.047	1.505084	0.4267027	4.810959
35682	-2378.44	-2564.937	186.4967	1.400023	0.5270029	5.63155
35688	-2380.239	-2567.095	186.8558	1.295484	0.3833858	5.63155
35694	-2387.941	-2574.627	186.6854	1.311382	0.4667451	5.63155
35700	-2394.604	-2580.916	186.3113	1.379085	0.6592923	5.638078
35706	-2379.662	-2565.498	185.8367	1.379085	0.3909353	6.134617
35712	-2388.072	-2574.017	185.945	1.270816	0.3909353	6.134617
35718	-2390.828	-2576.834	186.006	1.209804	0.3909353	6.134617
35724	-2399.807	-2580.857	181.0496	1.165809	0.2993672	8.919616
35730	-2393.226	-2574.096	180.8699	1.081861	0.4268975	8.919616
35736	-2394.87	-2575.561	180.6903	0.9782132	0.4229453	9.073445
35742	-2394.844	-2575.473	180.629	1.019489	0.3632165	9.145739
35748	-2400.433	-2581.886	181.4531	1.102141	0.3388849	8.692557
35754	-2400.278	-2586.741	186.4635	1.434403	0.6143259	5.558578
35760	-2397.044	-2586.778	189.734	1.633285	0.3681277	3.848508
35766	-2382.969	-2573.119	190.1502	1.419747	0.3681277	3.731813
35772	-2384.511	-2574.415	189.904	1.43033	0.4964592	3.731813
35778	-2394.094	-2584.827	190.7331	1.625882	0.4964592	3.131862
35784	-2396.967	-2586.454	189.4869	1.582018	0.6494897	3.751889
35790	-2394.212	-2583.222	189.0098	1.537481	0.6494897	4.051076
35796	-2392.769	-2582.02	189.2515	1.642913	0.6494897	3.852346
35802	-2403.104	-2592.594	189.4906	1.592073	0.6318379	3.758061
35808	-2403.238	-2592.434	189.1952	1.592073	0.8695025	3.758061
35814	-2404.492	-2593.781	189.2895	1.499599	0.8679179	3.758061
35820	-2420.33	-2602.04	181.7094	1.160034	0.7680746	8.163788
35826	-2413.13	-2600.569	187.4386	1.350391	0.3969081	5.265826
35832	-2410.496	-2597.884	187.3879	1.490105	0.3747418	5.240843
35838	-2408.428	-2594.292	185.8643	1.525103	0.3048366	6.139501
35844	-2427.169	-2615.398	188.2287	1.808284	0.6478714	4.341975
35850	-2416.899	-2603.46	186.5617	1.573922	0.6478714	5.401883
35856	-2411.644	-2599.925	188.2807	1.563415	0.482618	4.592296
35862	-2409.644	-2596.735	187.0905	1.448741	0.3968315	5.403735
35868	-2415.513	-2602.223	186.7096	1.50898	0.5873104	5.403735
35874	-2409.439	-2596.406	186.9678	1.469261	0.546925	5.316928
35880	-2419.176	-2600.203	181.0274	1.328013	0.546925	8.598074
35886	-2408.324	-2595.633	187.3096	1.255591	0.546925	5.246187
35892	-2400.371	-2587.494	187.1237	1.441452	0.546925	5.246187
35898	-2416.83	-2604.3	187.47	1.441452	0.3537594	5.246187
35904	-2407.389	-2595.029	187.6393	1.252293	0.3633203	5.246187
35910	-2404.688	-2591.157	186.4693	1.325298	0.6369126	5.597795
35916	-2413.761	-2600.104	186.3432	1.451428	0.6369126	5.597795
35922	-2409.149	-2596.189	187.0401	1.451428	0.614139	5.231587
35928	-2402.668	-2590.028	187.3599	1.557406	0.370534	5.223828
35934	-2410.424	-2597.796	187.372	1.391903	0.2346276	5.483529
35940	-2408.584	-2592.541	183.9563	1.288861	0.5779637	7.028831
35946	-2410.227	-2594.124	183.8971	1.129453	0.5779637	7.146421
35952	-2412.5	-2599.536	187.0361	1.643754	0.6317558	5.113531
35958	-2398.314	-2585.201	186.8866	1.503485	0.9074322	5.087372
35964	-2406.947	-2592.257	185.3104	1.565	0.7796699	5.999778
35970	-2408.92	-2597.748	188.8283	1.529141	0.5750979	4.219706
35976	-2408.937	-2597.152	188.2152	1.576083	0.370897	4.737655
35982	-2409.1	-2597.258	188.1572	1.535753	0.9326833	4.343443
35988	-2411.469	-2592.705	181.2359	1.273794	0.4790581	8.574753
35994	-2395.597	-2581.477	185.8796	1.232087	0.5679181	6.026154
36000	-2404.801	-2589.638	184.8367	1.251704	0.4964169	6.643181
36006	-2408.951	-2594.327	185.3763	1.264646	0.5174459	6.32517
36012	-2412.714	-2597.449	184.7342	1.306259	0.6834919	6.519448
36018	-2410.646	-2596.074	185.4282	1.245253	0.4747651	6.346048
36024	-2407.194	-2593.406	186.2129	1.383746	0.4747651	5.843145
36030	-2396.904	-2583.859	186.9548	1.352235	0.5542589	5.382412
36036	-2408.183	-2594.779	186.5955	1.558879	0.6600026	5.382412
36042	-2414.106	-2596.912	182.806	0.9583897	0.5979897	7.806973
36048	-2409.404	-2592.221	182.8171	1.160021	0.464141	7.806973
36054	-2400.689	-2582.286	181.5973	1.077234	0.464141	8.500867
36060	-2395.203	-2576.842	181.6387	1.038397	0.4626754	8.500867
36066	-2394.074	-2580.383	186.3098	1.255464	0.4626754	5.871757
36072	-2393.158	-2577.375	184.2169	1.204659	0.4701316	7.026955
36078	-2406.893	-2591.391	184.4975	1.117531	0.4701316	6.922713
36084	-2393.024	-2579.851	186.8276	1.316125	0.4701316	5.547683
36090	-2393.208	-2578.669	185.4605	1.226426	0.4701316	6.343073
36096	-2390.117	-2575.547	185.4301	1.226426	0.4701316	6.359544
36102	-2389.569	-2575.125	185.5564	1.355977	0.3371794	6.359544
36108	-2401.918	-2588.895	186.9765	1.24043	0.5851347	5.406417
36114	-2411.432	-2596.652	185.22	1.154815	0.5851347	6.412818
36120	-2398.017	-2582.673	184.6556	1.134992	0.4025136	6.894356
36126	-2389.191	-2573.483	184.2924	1.207975	0.574217	6.894356
36132	-2394.887	-2580.755	185.8681	1.334005	0.2863636	6.265033
36138	-2400.309	-2588.027	187.7178	1.482285	0.6426278	4.815848
36144	-2384.944	-2575.421	190.4763	1.652288	0.5698616	3.199711
36150	-2391.844	-2582.675	190.8308	1.721112	0.4125842	3.105358
36156	-2399.359	-2589.839	190.4806	1.788294	0.4018563	3.285203
36162	-2392.163	-2581.805	189.6419	1.690195	0.4582126	3.770806
36168	-2413.544	-2603.463	189.9186	1.732522	0.3619166	3.692242
36174	-2391.141	-2578.169	187.0278	1.260483	0.3173656	5.632775
36180	-2390.953	-2576.782	185.829	1.150489	0.4283505	6.224579
36186	-2393.923	-2577.128	183.2048	1.153688	0.4283505	7.637317
36192	-2391.144	-2574.44	183.2963	1.062187	0.4283505	7.637317
36198	-2392.952	-2576.174	183.2224	1.136092	0.4283505	7.637317
36204	-2392.173	-2573.398	181.2248	0.9644841	0.2903885	8.944645
36210	-2405.279	-2596.617	191.3378	1.751405	0.6523593	2.545866
36216	-2395.292	-2584.514	189.2219	1.340753	0.6787329	4.019743
36222	-2390.889	-2579.627	188.7383	1.527245	0.4986995	4.339838
36228	-2394.976	-2582.976	187.9997	1.434741	0.4986995	4.806427
36234	-2400.019	-2589.826	189.8066	1.551685	0.4376173	3.776892
36240	-2389.267	-2579.119	189.8511	1.551685	0.6523982	3.556141
36246	-2393.591	-2583.299	189.7078	1.551685	0.5239442	3.749177
36252	-2396.383	-2585.814	189.4315	1.546958	0.7214847	3.749177
36258	-2405.498	-2596.648	191.1508	1.611072	0.4048903	2.988524
36264	-2399.395	-2588.674	189.2791	1.763884	0.8309126	3.635406
36270	-2419.822	-2609.348	189.5253	1.678615	0.6941763	3.639151
36276	-2409.618	-2598.671	189.0529	1.68507	1.176056	3.611406
36282	-2399.037	-2588.217	189.1797	1.759906	0.9246327	3.635406
36288	-2400.439	-2591.602	191.1633	1.892848	0.7153814	2.514502
36294	-2406.963	-2598.254	191.2912	1.728954	0.7467689	2.512267
36300	-2400.276	-2590.83	190.5534	1.700759	0.7467689	2.980727
36306	-2409.31	-2599.577	190.2669	1.796305	0.7904666	3.063353
36312	-2410.239	-2600.039	189.7997	1.802	1.254553	3.063353
36318	-2401.807	-2593.077	191.2701	2.024603	0.9065267	2.221223
36324	-2394.462	-2585.977	191.5157	2.106666	0.9065267	2.006574
36330	-2389.724	-2581.274	191.55	2.072383	0.9065267	2.006574
36336	-2393.956	-2585.51	191.5544	2.067973	0.9065267	2.006574
36342	-2397.466	-2588.909	191.4434	2.067973	1.014165	2.006574
36348	-2385.635	-2577.582	191.9465	1.900039	0.7152331	2.006574
36354	-2393.361	-2584.235	190.8745	1.900039	1.049563	2.459413
36360	-2391.005	-2582.084	191.0791	1.900039	0.7476647	2.537114
36366	-2402.248	-2594.258	192.0102	1.900039	0.7476647	1.936528
36372	-2411.466	-2603.477	192.0102	1.900039	0.7476647	1.936528
36378	-2390.43	-2581.728	191.2982	1.801411	0.7970077	2.424238
36384	-2396.05	-2587.173	191.1229	1.89853	0.8651561	2.424238
36390	-2399.619	-2591.139	191.5203	1.886293	0.7749614	2.245693
36396	-2409.279	-2600.352	191.0732	1.649358	0.6087857	2.808959
36402	-2394.579	-2584.68	190.1014	1.649358	0.6087857	3.388668
36408	-2381.092	-2572.504	191.4124	1.703325	0.5807172	2.592878
36414	-2389.594	-2578.729	189.1346	1.773523	0.5807172	3.90089
36420	-2408.819	-2596.811	187.9925	1.564336	0.3591466	4.881898
36426	-2408.203	-2594.622	186.4184	1.294303	0.5490655	5.713449
36432	-2390.455	-2578.703	188.2486	1.552373	0.6646232	4.462249
36438	-2389.969	-2578.304	188.3344	1.521385	0.9181006	4.26007
36444	-2400.156	-2586.576	186.4202	1.399073	0.9181006	5.396567
36450	-2391.979	-2579.171	187.1926	1.399073	0.3768063	5.396567
36456	-2399.535	-2587.695	188.16	1.45172	0.5126701	4.694577
36462	-2396.187	-2581.858	185.6716	1.44988	0.5126701	6.068001
36468	-2390.643	-2576.085	185.4417	1.357515	0.7398044	6.068001
36474	-2394.039	-2579.2	185.1614	1.389069	0.3868091	6.500258
36480	-2384.594	-2569.876	185.2821	1.268436	0.3868091	6.500258
36486	-2392.807	-2579.417	186.6096	1.25501	0.374107	5.798752
36492	-2386.476	-2573.285	186.8082	1.254603	0.6084182	5.472563
36498	-2383.259	-2571.46	188.2007	1.386086	0.4116809	4.807245
36504	-2405.515	-2594.085	188.5701	1.670641	0.6629355	4.215017
36510	-2403.922	-2588.393	184.471	1.166384	0.3988483	6.980713
36516	-2403.636	-2585.633	181.9969	1.056859	0.7711277	8.063597
36522	-2395.789	-2579.131	183.3417	1.127579	0.471133	7.537275
36528	-2407.497	-2590.726	183.2283	1.188015	0.5025607	7.537275
36534	-2404.991	-2588.656	183.6648	0.9701227	0.381555	7.537275
36540	-2413.807	-2599.536	185.7293	1.313684	0.381555	6.23867
36546	-2405.433	-2592.554	187.1214	1.313684	0.6149164	5.262174
36552	-2409.728	-2595.47	185.7414	1.313684	0.4014518	6.210933
36558	-2408.048	-2593.826	185.7777	1.277439	0.4014518	6.210933
36564	-2390.058	-2572.606	182.5482	1.017721	0.4014518	8.087533
36570	-2402.85	-2585.308	182.4579	1.108087	0.4014518	8.087533
36576	-2400.635	-2583.233	182.598	1.238648	0.2763798	8.087533
36582	-2413.781	-2594.317	180.5366	1.081326	0.3139828	9.218049
36588	-2405.382	-2586.109	180.7271	1.189708	0.5223977	8.851262
36594	-2409.423	-2590.521	181.0973	1.009869	0.4127478	8.851262
36600	-2414.346	-2599.179	184.8326	0.9177557	0.5201383	6.804815
36606	-2405.97	-2589.797	183.8267	1.762275	0.2192616	7.230586
36612	-2402.638	-2585.652	183.0139	1.405199	0.9414727	7.230586
36618	-2401.859	-2587.564	185.7055	1.43851	0.6588637	5.93746
36624	-2404.248	-2590.028	185.7795	1.43851	0.5114806	6.016447
36630	-2394.875	-2579.501	184.6265	1.210773	0.4858607	6.788382
36636	-2387.865	-2572.896	185.031	1.133663	0.4864623	6.610938
36642	-2385.191	-2571.871	186.6793	1.332844	0.4864623	5.604639
36648	-2384.93	-2570.375	185.445	1.244441	0.4864623	6.326555
36654	-2376.551	-2561.204	184.6532	1.209391	0.6720876	6.623926
36660	-2380.4	-2565.542	185.1417	1.384434	0.6720876	6.264265
36666	-2383.008	-2569.042	186.0344	1.285928	0.4233606	6.04404
36672	-2388.865	-2576.324	187.4593	1.285928	0.458457	5.227315
36678	-2394.155	-2576.773	182.6178	1.281289	0.5618414	7.763754
36684	-2402.816	-2586.55	183.7344	1.245135	0.5693424	7.178691
36690	-2405.286	-2592.691	187.4055	1.267594	0.3403781	5.393353
36696	-2410.55	-2594.162	183.6125	1.299803	1.086849	6.887701
36702	-2400.546	-2586.446	185.8999	1.357089	0.4595276	6.043017
36708	-2395.325	-2577.202	181.8774	1.142372	0.4595276	8.321582
36714	-2402.168	-2590.77	188.6018	1.378734	0.4525157	4.544997
36720	-2388.27	-2575.409	187.1393	1.300565	0.5547831	5.308679
36726	-2390.786	-2574.11	183.324	1.05449	0.5547831	7.513039
36732	-2389.951	-2571.858	181.9067	1.025085	0.5130005	8.320447
36738	-2403.454	-2585.532	182.0782	1.061893	0.5130005	8.209557
36744	-2409.331	-2592.28	182.9491	1.255962	0.42955	7.718224
36750	-2395.391	-2579.987	184.596	1.208611	0.4513485	6.838207
36756	-2411.713	-2596.204	184.4907	1.313972	0.4513485	6.838207
36762	-2405.108	-2592.094	186.9859	1.339294	0.6089767	5.327513
36768	-2408.927	-2591.856	182.929	1.183222	0.6089767	7.612476
36774	-2394.471	-2581.797	187.3265	1.446499	0.3083605	5.377403
36780	-2404.068	-2588.834	184.766	1.476865	0.6844194	6.409128
36786	-2406.206	-2593.57	187.3638	1.408158	0.8086848	4.936784
36792	-2395.736	-2577.872	182.136	1.241142	0.3437966	8.250203
36798	-2411.517	-2592.189	180.6724	0.9606997	0.4738514	9.044143
36804	-2405.614	-2590.902	185.288	1.326671	0.4127248	6.438394
36810	-2386.615	-2571.14	184.5243	1.235952	0.5415727	6.781151
36816	-2383.099	-2569.432	186.3334	1.401935	0.4067462	5.834501
36822	-2386.468	-2573.043	186.575	1.160311	0.4067462	5.834501
36828	-2393.505	-2580.125	186.6199	1.409909	0.2708808	5.834501
36834	-2395.488	-2580.755	185.2672	1.231042	0.4778222	6.438253
36840	-2386.941	-2571.34	184.3989	1.142399	0.4778222	6.955331
36846	-2387.576	-2572.129	184.5532	1.148855	0.4778222	6.868694
36852	-2385.008	-2569.387	184.3786	1.323454	0.4778222	6.868694
36858	-2382.635	-2565.1	182.4655	1.255103	0.4831784	7.926515
36864	-2379.052	-2561.397	182.3452	1.135753	0.5415147	8.00372
36870	-2380.469	-2562.974	182.5055	1.015159	0.5165306	8.00372
36876	-2401.342	-2583.964	182.622	1.257286	0.4011157	7.92078
36882	-2391.96	-2574.995	183.0348	1.14065	0.4011157	7.762619
36888	-2383.909	-2565.754	181.8457	1.24178	0.4662612	8.279336
36894	-2383.401	-2565.412	182.0113	1.047903	0.4827312	8.279336
36900	-2402.978	-2584.862	181.8833	1.053009	0.4827312	8.344724
36906	-2398.623	-2580.477	181.8545	0.9983752	0.3497991	8.522212
36912	-2385.848	-2567.81	181.9619	0.8909896	0.3497991	8.522212
36918	-2389.371	-2573.41	184.0394	1.138204	0.4621506	7.165618
36924	-2393.528	-2577.607	184.0786	1.098943	0.4621506	7.165618
36930	-2402.415	-2585.605	183.1903	1.147906	0.4621506	7.61579
36936	-2397.687	-2580.2	182.5138	1.097916	0.3183955	8.154883
36942	-2409.76	-2599.274	189.5144	1.516606	0.542561	3.863739
36948	-2396.46	-2586.37	189.9104	1.691472	0.542561	3.53364
36954	-2404.523	-2592.072	187.5491	1.72917	0.9406382	4.572304
36960	-2393.677	-2582.191	188.5135	1.48186	0.417638	4.572304
36966	-2385.112	-2574.676	189.5642	1.549131	0.417638	3.938758
36972	-2378.761	-2567.841	189.0804	1.629177	0.6747642	3.938758
36978	-2379.852	-2567.837	187.9843	1.560409	0.6024069	4.65507
36984	-2396.302	-2585.216	188.9139	1.62547	0.3741187	4.31342
36990	-2392.375	-2581.305	188.9304	1.609011	0.3741187	4.31342
36996	-2397.612	-2586.343	188.7316	1.746004	0.4055973	4.31342
37002	-2390.776	-2576.138	185.3626	1.311317	0.4426904	6.376372
37008	-2395.273	-2580.017	184.7435	1.155602	0.4426904	6.795583
37014	-2393.991	-2579.217	185.2256	1.178411	0.506464	6.463381
37020	-2402.186	-2589.509	187.3227	1.467106	0.3651568	5.300321
37026	-2398.254	-2583.612	185.3578	1.386062	0.4385871	6.342413
37032	-2395.396	-2582.321	186.9249	1.537519	0.5233946	5.323411
37038	-2388.54	-2577.259	188.7188	1.694317	0.5234728	4.233471
37044	-2379.936	-2567.215	187.2787	1.451256	0.5046961	5.192366
37050	-2395.291	-2582.542	187.2508	1.455725	0.5191185	5.192366
37056	-2398.021	-2584.779	186.7584	1.455725	0.4613912	5.517337
37062	-2388.253	-2575.258	187.0048	1.455725	0.3354788	5.516181
37068	-2391.962	-2578.787	186.8251	1.233485	0.5578473	5.516181
37074	-2398.926	-2587.316	188.3894	1.448132	0.4649685	4.612973
37080	-2386.971	-2574.179	187.2078	1.270945	0.4649685	5.368192
37086	-2385.433	-2570.528	185.0949	1.26869	0.4649685	6.523184
37092	-2388.802	-2572.847	184.0448	1.299947	0.3706703	7.168181
37098	-2377.299	-2566.089	188.7899	1.550003	0.3706703	4.429984
37104	-2386.048	-2573.611	187.5627	1.446415	0.5497144	4.997839
37110	-2385.439	-2573.593	188.1538	1.617173	0.5070658	4.610471
37116	-2379.815	-2569.462	189.6473	1.587644	0.5070658	3.779039
37122	-2381.389	-2570.817	189.4273	1.437758	0.4961544	4.001607
37128	-2394.663	-2584.567	189.9038	1.565844	0.4961544	3.653865
37134	-2385.875	-2573.158	187.2821	1.362081	0.3527721	5.394791
37140	-2382.386	-2569.903	187.5166	1.495054	0.3080819	5.246047
37146	-2388.004	-2575.733	187.7288	1.59695	0.4820339	4.882649
37152	-2389.711	-2577.421	187.7097	1.522722	0.5392383	4.882649
37158	-2398.672	-2584.948	186.2757	1.417135	0.5392383	5.732732
37164	-2401.699	-2587.452	185.7537	1.260845	0.5270234	6.113684
37170	-2395.574	-2581.246	185.6726	1.282042	0.498659	6.171345
37176	-2381.319	-2567.015	185.6964	1.219404	0.5225	6.171345
37182	-2380.891	-2564.287	183.3963	1.279457	0.4598613	7.437123
37188	-2389.441	-2572.155	182.7145	1.085171	0.5933884	7.791714
37194	-2396.977	-2579.349	182.3727	1.143021	0.8110179	7.791714
37200	-2385.523	-2572.339	186.8163	1.348336	0.7574906	5.307339
37206	-2371.963	-2559.823	187.86	1.349597	0.4381897	4.989997
37212	-2377.775	-2563.48	185.7051	1.306189	0.4381897	6.197522
37218	-2375.987	-2560.242	184.2547	1.216919	0.4381897	7.030398
37224	-2387.653	-2572.773	185.1193	1.216919	0.3485684	6.658454
37230	-2403.487	-2591.437	187.9496	1.597848	0.584642	4.668082
37236	-2389.846	-2579.522	189.6769	1.656899	0.584642	3.652214
37242	-2405.245	-2595.244	189.9984	1.668934	0.4416159	3.593909
37248	-2391.668	-2580.703	189.035	1.602845	0.510331	4.117908
37254	-2397.341	-2586.001	188.6594	1.791499	0.3641077	4.37491
37260	-2387.149	-2576.348	189.1992	1.739371	0.3887247	4.070279
37266	-2384.13	-2573.228	189.0982	1.405101	0.3887247	4.317411
37272	-2388.965	-2571.705	182.7398	1.391331	0.6621318	7.562659
37278	-2396.759	-2583.793	187.0345	1.656084	1.390379	4.67536
37284	-2408.596	-2595.958	187.3621	1.540061	0.4833235	5.116717
37290	-2398.509	-2586.689	188.1801	1.480222	0.4362184	4.740789
37296	-2402.907	-2590.557	187.6499	1.46735	0.4784409	5.001984
37302	-2405.197	-2590.509	185.312	1.214164	0.4784409	6.422512
37308	-2405.782	-2591.499	185.7175	1.209038	0.5208964	6.166928
37314	-2394.122	-2579.961	185.8391	1.285941	0.4072077	6.166928
37320	-2402.38	-2587.129	184.7491	1.285629	0.4072077	6.757812
37326	-2396.365	-2578.66	182.295	1.216672	0.3070145	8.221902
37332	-2399.975	-2585.669	185.6935	1.261337	0.3982073	6.268853
37338	-2395.629	-2582.331	186.7022	1.427214	0.4997634	5.528038
37344	-2405.37	-2593.32	187.9491	1.607684	0.4652994	4.769794
37350	-2409.48	-2598.815	189.3356	1.481399	0.6411577	3.903391
37356	-2408.364	-2597.471	189.1073	1.719499	0.6340947	3.903391
37362	-2420.604	-2607.772	187.1677	1.45354	0.3841487	5.37225
37368	-2401.005	-2587.482	186.4773	1.275099	0.3841487	5.849154
37374	-2406.675	-2595.715	189.0393	1.487858	0.6652007	4.050315
37380	-2419.952	-2608.686	188.7339	1.678277	1.000931	3.894277
37386	-2402.079	-2591.273	189.1938	1.518121	0.7327966	3.894277
37392	-2399.886	-2587.506	187.6196	1.259712	0.5353863	5.082278
37398	-2396.51	-2584.18	187.6703	1.332294	0.461101	5.082278
37404	-2399.631	-2587.425	187.7941	1.431028	0.3454188	5.082278
37410	-2402.216	-2590.213	187.9967	1.550821	0.3454188	4.903113
37416	-2409.911	-2597.729	187.8185	1.432445	0.5048087	4.903113
37422	-2395.938	-2582.283	186.3449	1.29558	0.5048087	5.791638
37428	-2395.219	-2577.78	182.5606	1.103206	0.2562684	8.206529
37434	-2404.61	-2590.216	185.6057	1.246634	0.2562684	6.495376
37440	-2399.067	-2583.218	184.1515	1.131309	0.4574048	7.113509
37446	-2396.869	-2582.091	185.2226	1.143631	0.2798499	6.726383
37452	-2391.975	-2575.614	183.6393	1.324082	0.2798499	7.48094
37458	-2397.075	-2579.803	182.7279	1.229584	0.2699581	8.03158
37464	-2391.356	-2574.027	182.6704	1.38432	0.2750572	7.973022
37470	-2386.774	-2573.749	186.9751	1.516487	0.3203604	5.517414
37476	-2384.631	-2571.888	187.2567	1.510703	0.211386	5.517414
37482	-2379.545	-2566.504	186.9586	1.510703	0.5205166	5.322205
37488	-2395.063	-2581.717	186.654	1.386137	0.362404	5.715697
37494	-2392.954	-2577	184.0461	1.200168	0.4193637	7.170234
37500	-2395.714	-2580.393	184.6795	1.202942	0.4415088	6.80575
37506	-2400.179	-2586.516	186.3376	1.312402	0.6981873	5.631874
37512	-2385.042	-2570.758	185.7162	1.231608	0.3921207	6.279096
37518	-2401.144	-2586.794	185.6496	1.28902	0.4290485	6.24608
37524	-2396.115	-2581.894	185.7791	1.23753	0.3880291	6.24608
37530	-2409.233	-2594.245	185.0118	1.448534	0.3029629	6.645872
37536	-2394.933	-2578.138	183.2053	1.299581	0.3428839	7.64954
37542	-2383.193	-2568.077	184.8836	1.324455	0.5185467	6.558849
37548	-2385.32	-2571.878	186.5572	1.352448	0.5185467	5.631855
37554	-2385.045	-2570.588	185.5425	1.452584	0.5185467	6.131668
37560	-2392.532	-2578.697	186.1656	1.331697	0.5217353	5.85493
37566	-2392.958	-2575.39	182.432	1.36947	0.6787874	7.727056
37572	-2393.894	-2576.455	182.561	1.240418	0.6787874	7.727056
37578	-2399.984	-2583.882	183.8981	1.277731	0.6787874	6.98973
37584	-2413.044	-2598.46	185.4156	1.445425	0.4947726	6.2258
37590	-2397.799	-2583.157	185.3578	1.30658	0.4947726	6.332596
37596	-2391.527	-2578.563	187.0361	1.417557	0.3570276	5.494809
37602	-2395.245	-2581.281	186.0364	1.331723	0.3740035	6.069985
37608	-2384.674	-2570.213	185.5397	1.285487	0.3274066	6.418444
37614	-2393.175	-2580.34	187.1647	1.513264	0.3119664	5.425249
37620	-2402.375	-2582.315	179.9398	1.060669	0.5963227	9.276356
37626	-2397.671	-2579.585	181.9146	1.151262	0.30481	8.461755
37632	-2406.519	-2593.036	186.517	1.551575	0.5389797	5.52676
37638	-2411.099	-2597.742	186.643	1.407578	0.3836911	5.686454
37644	-2402.777	-2583.722	180.9449	1.052952	0.63326	8.720388
37650	-2408.917	-2599.506	190.589	1.826575	0.8502589	2.809165
37656	-2403.621	-2594.14	190.5186	1.733091	0.6950754	3.021745
37662	-2389.868	-2576.603	186.735	1.388124	0.3490412	5.685514
37668	-2401.764	-2588.806	187.0413	1.490059	0.3519196	5.457929
37674	-2396.221	-2584.146	187.925	1.490059	0.3371267	4.986678
37680	-2388.131	-2576.283	188.1515	1.429317	0.3371267	4.894463
37686	-2381.486	-2566.714	185.2273	1.343775	0.3178441	6.567612
37692	-2385.82	-2565.67	179.8502	1.112586	0.639868	9.263508
37698	-2380.122	-2560.744	180.6221	0.9736524	0.3621829	9.174764
37704	-2400.334	-2578.096	177.7616	1.166049	0.4915627	10.45431
37710	-2386.147	-2569.612	183.4643	1.166049	0.4915627	7.432362
37716	-2381.327	-2565.584	184.2576	1.243379	0.357205	7.09904
37722	-2388.774	-2568.801	180.0272	1.15209	0.5255951	9.238879
37728	-2383.712	-2567.64	183.928	1.480364	0.3880847	7.115277
37734	-2395.82	-2583.738	187.9182	1.324383	0.3361945	5.083531
37740	-2399.055	-2584.203	185.1483	1.324383	0.6676078	6.296525
37746	-2375.543	-2560.826	185.283	1.523031	0.6676078	6.115289
37752	-2400.623	-2584.627	184.0042	1.267026	0.4295097	7.146687
37758	-2392.75	-2576.626	183.8764	1.180838	0.5687186	7.13739
37764	-2376.498	-2560.751	184.2536	1.185286	0.5687186	6.931951
37770	-2384.62	-2566.756	182.1357	1.102948	0.5597366	8.117886
37776	-2385.47	-2569.105	183.6349	1.220024	0.5439638	7.266499
37782	-2387.51	-2574.083	186.5729	1.485498	0.4958614	5.570583
37788	-2391.282	-2578.949	187.6662	1.599134	0.6834405	4.748579
37794	-2400.346	-2591.903	191.5576	2.209806	1.047447	1.811001
37800	-2393.209	-2581.316	188.1074	1.646149	0.4591783	4.665723
37806	-2393.096	-2580.75	187.6541	1.667872	0.4492724	4.916443
37812	-2397.534	-2584.04	186.506	1.585861	0.4492724	5.59623
37818	-2397.836	-2584.835	186.9987	1.355774	0.4140393	5.487331
37824	-2392.232	-2578.253	186.021	1.304891	0.4751603	5.990662
37830	-2395.234	-2580.704	185.4703	1.41546	0.7364692	6.023069
37836	-2377.675	-2565.238	187.5631	1.498601	0.3379022	5.181706
37842	-2389.061	-2576.527	187.466	1.504083	0.3821749	5.181706
37848	-2383.153	-2569.068	185.9148	1.47648	0.5229304	5.9118
37854	-2396.067	-2579.704	183.6366	1.331956	0.5317574	7.215776
37860	-2392.534	-2579.599	187.0644	1.566124	0.5503633	5.207136
37866	-2400.883	-2588.474	187.5912	1.566124	0.3511898	5.113075
37872	-2392.327	-2583.206	190.8792	1.860651	0.3863597	3.023277
37878	-2382.716	-2572.351	189.6347	1.860651	0.593965	3.550425
37884	-2378.394	-2568.693	190.299	1.793125	0.593965	3.200098
37890	-2385.948	-2576.107	190.159	1.793125	0.6952509	3.200098
37896	-2386.244	-2576.491	190.247	1.697334	0.7012305	3.200098
37902	-2387.734	-2575.923	188.1888	1.4983	0.3150218	4.862456
37908	-2387.153	-2573.628	186.4743	1.453555	0.7776157	5.424412
37914	-2391.459	-2577.168	185.709	1.570771	0.895234	5.706582
37920	-2394.106	-2579.262	185.1556	1.273584	0.5064778	6.449714
37926	-2390.61	-2574.362	183.7519	1.0728	0.4551174	7.361729
37932	-2387.547	-2571.79	184.2435	1.372589	0.4551174	6.936294
37938	-2392.922	-2579.863	186.9417	1.294302	0.4551174	5.511356
37944	-2386.758	-2571.36	184.6017	1.18901	0.4551174	6.842127
37950	-2375.341	-2560.028	184.6874	1.230802	0.3867435	6.842127
37956	-2388.635	-2574.115	185.4804	1.326304	0.6594061	6.120956
37962	-2389.438	-2574.206	184.7678	1.490485	0.392014	6.652859
37968	-2388.673	-2573.345	184.6716	1.253152	0.392014	6.832972
37974	-2394.991	-2580.509	185.5176	1.253152	0.392014	6.375343
37980	-2391.115	-2574.26	183.145	1.241175	0.4985321	7.556982
37986	-2419.274	-2607.431	188.157	1.792285	0.2780258	4.764632
37992	-2410.046	-2595.572	185.5254	1.407724	0.2780258	6.421977
37998	-2409.001	-2594.291	185.2901	1.407724	0.3853443	6.421977
38004	-2399.821	-2584.594	184.7732	1.29915	0.4022065	6.742656
38010	-2399.062	-2583.1	184.0382	1.405107	0.2693108	7.237434
38016	-2388.751	-2572.911	184.16	1.283278	0.2693108	7.237434
38022	-2383.002	-2566.852	183.8506	1.221153	0.4463914	7.237434
38028	-2402.173	-2586.404	184.2316	1.181414	0.4208721	7.079016
38034	-2400.523	-2585.126	184.6027	1.389452	0.6515206	6.568942
38040	-2398.736	-2584.194	185.4575	1.507915	0.6515206	6.040325
38046	-2406.357	-2591.781	185.4239	1.507915	0.562369	6.128744
38052	-2414.391	-2601.543	187.1528	1.675571	0.6264978	5.035266
38058	-2404.86	-2589.709	184.8485	1.30853	0.3086381	6.802622
38064	-2406.067	-2587.676	181.6094	1.064759	0.2632594	8.72293
38070	-2404.231	-2590.876	186.6447	1.480385	0.845504	5.271881
38076	-2402.986	-2591.341	188.3549	1.480385	0.5827711	4.508133
38082	-2385.706	-2575.189	189.4836	1.480385	0.5199862	3.922712
38088	-2394.939	-2583.968	189.0293	1.545915	0.578676	4.092902
38094	-2393.453	-2582.34	188.8869	1.562682	0.6673469	4.092902
38100	-2396.881	-2579.374	182.4925	1.409877	0.390486	7.919452
38106	-2407.728	-2589.04	181.3121	1.015758	0.390486	8.756958
38112	-2394.065	-2579.371	185.3066	1.138203	0.4068984	6.536445
38118	-2383.676	-2568.557	184.8804	1.235081	0.6064648	6.536445
38124	-2387.216	-2574.192	186.9757	1.308056	0.4215133	5.518531
38106	-2435.392	-2622.647	187.2558	1.410762	0.5291778	5.205554
38112	-2404.452	-2589.731	185.2791	1.269898	0.4381146	6.448552
38118	-2395.985	-2580.765	184.7805	1.123868	0.419886	6.815289
38124	-2398.492	-2580.937	182.4447	0.9360411	0.4863178	8.104905
38130	-2394.967	-2581.911	186.9438	1.235206	0.4456372	5.551938
38136	-2401.296	-2589.136	187.8401	1.478051	0.3891046	4.981069
38142	-2400.95	-2589.878	188.9276	1.623608	0.314966	4.378007
38148	-2402.16	-2590.77	188.6102	1.623608	0.4773825	4.378007
38154	-2395.738	-2584.298	188.5599	1.461983	0.4462578	4.528022
38160	-2392.871	-2577.76	184.8892	1.347051	0.3938744	6.662809
38166	-2396.167	-2580.118	183.9504	1.39251	0.7642117	6.840996
38172	-2410.505	-2593.178	182.6734	1.1314	0.5001108	7.86643
38178	-2403.695	-2586.349	182.6538	1.107555	0.52689	7.86643
38184	-2387.854	-2571.005	183.1515	1.033174	0.2770408	7.901067
38190	-2383.608	-2566.149	182.5419	1.131085	0.5417362	7.901067
38196	-2374.447	-2557.238	182.7902	1.110934	0.3193265	7.999523
38202	-2385.878	-2568.688	182.8099	1.110934	0.3106164	7.999523
38208	-2390.551	-2577.277	186.7261	1.325209	0.2507987	5.850702
38214	-2392.994	-2580.834	187.8396	1.270679	0.3737983	5.113349
38220	-2403.934	-2593.036	189.1016	1.502693	0.3388057	4.318325
38226	-2393.301	-2581.848	188.5471	1.72073	0.5206454	4.318325
38232	-2386.706	-2574.382	187.6758	1.449043	0.4325065	5.042812
38238	-2380.865	-2568.434	187.5694	1.405374	0.5200942	5.042812
38244	-2388.478	-2576.741	188.2629	1.531545	0.6534664	4.47444
38250	-2390.627	-2578.023	187.3966	1.576408	0.9499132	4.737862
38256	-2391.935	-2581.726	189.792	1.576408	0.4936313	3.714899
38262	-2406.923	-2594.992	188.0696	1.634768	0.5041754	4.65045
38268	-2385.43	-2573.515	188.0847	1.396574	0.3790749	4.901386
38274	-2396.52	-2584.806	188.2859	1.455567	0.6106833	4.537978
38280	-2392.432	-2579.025	186.5927	1.371885	0.2591732	5.886239
38286	-2399.538	-2586.576	187.0382	1.433889	0.3511688	5.491394
38292	-2393.713	-2579.744	186.0311	1.242431	0.4131487	6.079916
38298	-2397.02	-2582.176	185.156	1.183224	0.4131487	6.587162
38304	-2403.21	-2587.948	184.7379	1.406812	0.7661656	6.406084
38310	-2412.354	-2594.125	181.7705	1.234783	0.7699183	8.090209
38316	-2398.692	-2581.175	182.4828	1.150575	0.4420009	8.011351
38322	-2414.55	-2597.015	182.4644	1.168995	0.4420009	8.011351
38328	-2398.478	-2580.946	182.4687	1.164693	0.4420009	8.011351
38334	-2393.002	-2575.282	182.2795	1.14081	0.6425601	7.956828
38340	-2401.017	-2583.796	182.779	0.9915531	0.4228899	7.956828
38346	-2390.823	-2571.511	180.6875	1.007271	0.4228899	9.05962
38352	-2384.827	-2565.584	180.7574	0.9619493	0.4097961	9.05962
38358	-2380.393	-2564.301	183.9087	1.191819	0.4848429	7.186072
38364	-2376.835	-2560.798	183.9634	1.137156	0.4848429	7.186072
38370	-2396.126	-2579.887	183.7605	1.031429	0.5674856	7.280931
38376	-2391.79	-2576.218	184.4284	1.254181	0.8393781	6.609688
38382	-2405.396	-2584.815	179.4191	1.254181	0.4428599	9.580047
38388	-2409.554	-2589.209	179.6545	1.018768	0.4428599	9.580047
38394	-2381.026	-2563.313	182.287	1.049067	0.5059589	8.111328
38400	-2391.703	-2582.405	190.7023	1.62802	0.3994257	3.251751
38406	-2393.366	-2583.244	189.8773	1.526604	0.4914048	3.696489
38412	-2392.973	-2582.335	189.3615	1.560767	0.4914048	3.973438
38418	-2386.806	-2576.31	189.5047	1.417608	0.4914048	3.973438
38424	-2396.059	-2585.491	189.4311	1.491189	0.4914048	3.973438
38430	-2401.291	-2590.607	189.3163	1.406539	0.6260519	3.96943
38436	-2403.415	-2592.577	189.1613	1.410793	0.6260519	4.055503
38442	-2418.603	-2607.522	188.9194	1.600634	0.6260519	4.085215
38448	-2422.09	-2611.106	189.0162	1.559167	0.5876699	4.085215
38454	-2405.213	-2591.696	186.4831	1.363909	0.6171495	5.584327
38460	-2392.969	-2581.095	188.1268	1.247129	0.4294433	4.907489
38466	-2395.283	-2584.27	188.9875	1.500117	0.3395369	4.383301
38472	-2394.071	-2582.126	188.0544	1.500117	0.4893842	4.748079
38478	-2403.336	-2588.897	185.5615	1.609202	0.6834824	5.904855
38484	-2402.321	-2586.984	184.6622	1.29636	0.6834824	6.563775
38490	-2405.749	-2593.174	187.4255	1.49689	0.6729558	4.947576
38496	-2398.785	-2588.724	189.9391	1.662261	0.6729558	3.424036
38502	-2389.44	-2577.291	187.8512	1.497429	0.6562475	4.722452
38508	-2387.976	-2574.143	186.1666	1.266132	0.5536764	5.86278
38514	-2382.832	-2568.397	185.5646	1.355576	0.723481	6.013278
38520	-2380.634	-2566.175	185.541	1.355576	0.7245548	6.025369
38526	-2390.916	-2579.319	188.4035	1.481961	0.6618129	4.416774
38532	-2382.351	-2568.12	185.7694	1.209002	0.4665291	6.188079
38538	-2378.703	-2566.208	187.5048	1.235352	0.4603236	5.228327
38544	-2383.388	-2570.135	186.747	1.397036	0.507892	5.512624
38550	-2398.795	-2585.803	187.0072	1.320202	0.507892	5.411725
38556	-2400.001	-2585.596	185.5959	1.540591	0.7397987	5.883947
38562	-2404.976	-2594.95	189.9745	1.545128	0.3926426	3.732632
38568	-2401.452	-2588.235	186.7835	1.593107	0.4965919	5.39486
38574	-2382.838	-2570.501	187.6627	1.421176	0.473525	5.0252
38580	-2398.055	-2585.822	187.7675	1.44464	0.4027889	5.0252
38586	-2386.937	-2574.32	187.3839	1.332199	0.4027889	5.299872
38592	-2386.232	-2572.075	185.8426	1.370091	0.3247708	6.211176
38598	-2394.564	-2582.059	187.4957	1.451094	0.3853105	5.191177
38604	-2386.359	-2574.095	187.7358	1.451094	0.3853105	5.058117
38610	-2393.102	-2578.283	185.1812	1.403426	0.3784115	6.490834
38616	-2389.033	-2575.256	186.2232	1.206371	0.3651244	6.046318
38622	-2392.805	-2575.645	182.8397	1.131214	0.4229868	7.849807
38628	-2400.572	-2583.269	182.6975	1.273362	0.4229868	7.849807
38634	-2390.535	-2574.515	183.9799	1.410033	0.404957	7.107617
38640	-2391.345	-2577.927	186.5815	1.410033	0.3176909	5.794973
38646	-2388.056	-2575.487	187.4309	1.655771	0.5102503	4.989531
38652	-2393.898	-2580.723	186.8247	1.428916	0.5102503	5.4502
38658	-2391.647	-2576.747	185.1	1.266728	0.3817283	6.605214
38664	-2393.658	-2578.023	184.3646	1.318434	0.3817283	6.974206
38670	-2391.66	-2576.927	185.2663	1.403565	0.3817283	6.441047
38676	-2375.989	-2561.021	185.0323	1.304252	0.4456024	6.556313
38682	-2393.065	-2578.052	184.9865	1.233072	0.5143492	6.556313
38688	-2387.228	-2567.547	180.3188	1.144043	0.3271688	9.284413
38694	-2387.916	-2570.169	182.2528	1.001551	0.5341503	8.130692
38700	-2397.576	-2583.382	185.8053	1.317746	0.3894074	6.186723
38706	-2394.069	-2580.083	186.0137	1.228484	0.4107781	6.099451
38712	-2391.833	-2575.999	184.1657	1.306382	0.5922625	6.895206
38718	-2400.701	-2588.45	187.7494	1.369318	0.6108732	4.886191
38724	-2393.874	-2578.809	184.9352	1.364241	0.3581087	6.66754
38730	-2392.81	-2579.099	186.2888	1.343251	0.5364759	5.768372
38736	-2385.159	-2574.801	189.6419	1.685072	0.3573624	3.884405
38742	-2408.389	-2593.015	184.6262	1.584943	1.141106	6.157221
38748	-2412.116	-2597.715	185.599	1.257335	0.5777614	6.157221
38754	-2422.338	-2606.825	184.4869	1.257335	0.3553216	6.970243
38760	-2393.939	-2581.254	187.3148	1.339384	0.4621224	5.274124
38766	-2393.655	-2580.578	186.9226	1.357165	0.3569392	5.590478
38772	-2386.036	-2572.83	186.794	1.291341	0.458869	5.590478
38778	-2393.462	-2579.329	185.8665	1.230996	0.4163695	6.172455
38784	-2404.34	-2589.034	184.694	1.205669	0.4163695	6.82137
38790	-2399.282	-2583.972	184.6901	1.243594	0.3985173	6.82137
38796	-2403.644	-2588.65	185.0057	1.270064	0.4007668	6.634221
38802	-2402.773	-2589.138	186.3648	1.35717	0.6120393	5.65696
38808	-2399.292	-2583.517	184.2251	1.441601	0.3671747	6.99878
38814	-2407.083	-2591.749	184.666	1.270385	0.4479363	6.770371
38820	-2403.365	-2590.114	186.7494	1.293576	0.5221768	5.55544
38826	-2406.167	-2592.916	186.7494	1.293576	0.5221768	5.55544
38832	-2401.325	-2588.113	186.788	1.25504	0.5221768	5.55544
38838	-2402.557	-2584.507	181.9498	1.089846	0.5074435	8.267845
38844	-2389.506	-2571.497	181.9916	1.096913	0.4573156	8.287107
38850	-2382.374	-2564.469	182.0949	1.086593	0.406514	8.287107
38856	-2385.1	-2572.136	187.0365	1.189931	0.3696412	5.605439
38862	-2409.446	-2594.182	184.7355	1.228797	0.4720172	6.732518
38868	-2396.199	-2580.092	183.8926	1.188843	0.3849896	7.294236
38874	-2409.689	-2596.647	186.958	1.59858	0.7345374	5.106325
38880	-2401.313	-2589.014	187.7015	1.471822	0.4670499	4.981734
38886	-2388.967	-2573.926	184.9594	1.198548	0.4670499	6.632513
38892	-2400.627	-2584.744	184.1168	1.274761	0.3666878	7.1474
38898	-2401.176	-2585.536	184.3603	1.249119	0.3666878	7.030159
38904	-2398.995	-2586.609	187.6132	1.572662	0.3861392	5.057776
38910	-2401.99	-2589.689	187.6988	1.487096	0.3861392	5.057776
38916	-2393.637	-2580.321	186.6845	1.510171	0.4436457	5.545271
38922	-2395.541	-2582.335	186.794	1.506103	0.3875767	5.545271
38928	-2392.097	-2576.661	184.5645	1.144291	0.4846723	6.858775
38934	-2409.957	-2591.73	181.7731	1.144291	0.3205324	8.521675
38940	-2419.439	-2599.876	180.4372	1.098166	0.7585683	8.878595
38946	-2401.383	-2581.788	180.4054	1.4478	0.5299053	8.878595
38952	-2392.227	-2576.678	184.4505	1.168445	0.7095375	6.729
38958	-2398.359	-2585.777	187.4175	1.195428	0.6378583	5.145871
38964	-2410.781	-2599.049	188.2674	1.327446	0.3985443	4.816768
38970	-2409.091	-2597.148	188.0565	1.366354	0.4945537	4.816768
38976	-2402.618	-2589.228	186.6106	1.402597	0.5400172	5.556291
38982	-2391.013	-2577.974	186.9607	1.446256	0.4330458	5.439089
38988	-2404.085	-2590.65	186.5645	1.534013	0.6260353	5.439089
38994	-2399.788	-2586.513	186.7253	1.338443	0.6510504	5.439089
39000	-2398.121	-2583.107	184.9857	1.609579	0.6510504	6.24217
39006	-2403.515	-2592.404	188.8882	1.636454	0.5973216	4.106051
39012	-2410.041	-2598.411	188.3707	1.738987	0.6429866	4.304695
39018	-2409.127	-2598.128	189.0013	1.735078	0.4077065	4.164487
39024	-2401.728	-2590.177	188.4485	1.620848	0.4405655	4.507077
39030	-2400.751	-2589.854	189.1033	1.599445	0.4405655	4.14898
39036	-2416.779	-2604.428	187.649	1.378335	0.6274937	4.923885
39042	-2410.519	-2600.011	189.4921	1.551671	0.2671549	4.163414
39048	-2394.984	-2580.497	185.5138	1.551671	0.3336094	6.280656
39054	-2394.207	-2580.586	186.3787	1.345444	0.7180848	5.577073
39060	-2408.685	-2597.906	189.2208	1.63183	0.3481058	4.166274
39066	-2386.245	-2575.336	189.0911	1.63183	0.5360156	4.045973
39072	-2376.586	-2566.143	189.5569	1.636039	0.5360156	3.776493
39078	-2396.785	-2586.313	189.5282	1.521266	0.6327018	3.776493
39084	-2386.213	-2575.203	188.9905	1.778288	0.6800488	3.900784
39090	-2402.485	-2592.395	189.9097	1.714001	0.4260652	3.635728
39096	-2397.305	-2587.421	190.1163	1.507407	0.4260652	3.635728
39102	-2390.662	-2578.479	187.8172	1.488071	0.4260652	4.949101
39108	-2400.09	-2587.897	187.8075	1.516033	0.5102651	4.857725
39114	-2407.166	-2593.553	186.3873	1.369815	0.5456671	5.692002
39120	-2408.595	-2593.912	185.3164	1.299224	0.4999756	6.354388
39126	-2393.006	-2578.388	185.3821	1.332716	0.6067392	6.211048
39132	-2385.444	-2569.482	184.0385	1.118617	0.5568571	7.093416
39138	-2401.641	-2585.568	183.9271	1.230001	0.5568571	7.093416
39144	-2394.824	-2578.768	183.9443	1.162506	0.5568571	7.120443
39150	-2373.155	-2557.339	184.1848	1.127477	0.4337583	7.120443
39156	-2397.246	-2581.25	184.0031	1.330851	0.4219933	7.120443
39162	-2408.669	-2589.863	181.1936	1.018761	0.5786031	8.648417
39168	-2397.278	-2581.748	184.4703	1.286294	0.4621008	6.853919
39174	-2403.618	-2590.866	187.248	1.397949	0.7097326	5.074245
39180	-2410.015	-2598.399	188.3842	1.515141	0.3380523	4.715593
39186	-2404.308	-2592.577	188.2699	1.515141	0.3764439	4.734875
39192	-2406.959	-2594.88	187.9213	1.40257	0.6301584	4.756476
39198	-2405.139	-2591.788	186.6494	1.276335	0.5459135	5.599241
39204	-2405.247	-2594.696	189.4493	1.630944	0.7021539	3.704727
39210	-2406.38	-2596.02	189.6403	1.740922	0.658269	3.564072
39216	-2406.512	-2594.905	188.3938	1.533268	0.5282805	4.503594
39222	-2396.758	-2584.458	187.7006	1.375711	0.4788632	5.024324
39228	-2399.576	-2585.007	185.4311	1.291264	0.5086691	6.288673
39234	-2393.763	-2581.044	187.2815	1.222129	0.3421446	5.484573
39240	-2378.288	-2566.2	187.9119	1.413815	0.6726199	4.722897
39246	-2393.664	-2581.547	187.883	1.347528	0.536101	4.886438
39252	-2397.828	-2585.981	188.1532	1.385087	0.3641688	4.886438
39258	-2399.597	-2588.8	189.2039	1.289072	0.3641688	4.351066
39264	-2395.984	-2582.753	186.7695	1.383925	0.4892612	5.524465
39270	-2395.915	-2583.11	187.1952	1.521199	0.4671614	5.234873
39276	-2407.187	-2593.902	186.7151	1.398638	0.5601273	5.483911
39282	-2410.287	-2597.333	187.0461	1.356591	0.3765559	5.500928
39288	-2414.772	-2601.411	186.639	1.436588	0.4626655	5.592187
39294	-2404.3	-2587.848	183.5479	1.288816	0.4626655	7.348176
39300	-2387.733	-2571.248	183.5147	1.207731	0.5314808	7.348176
39306	-2382.872	-2568.561	185.6888	1.29718	0.4090223	6.24069
39312	-2389.233	-2574.453	185.2199	1.393288	0.4090223	6.443032
39318	-2383.349	-2569.677	186.3279	1.480376	0.453737	5.747377
39324	-2388.729	-2570.791	182.0624	1.182322	0.5148238	8.152252
39330	-2383.267	-2568.622	185.3557	1.202613	0.4591674	6.423148
39336	-2383.836	-2569.777	185.9412	1.230873	0.6306498	5.943383
39342	-2390.331	-2576.691	186.3597	1.458243	0.6306498	5.589771
39348	-2392.293	-2578.347	186.0544	1.449818	0.4162171	5.950976
39354	-2385.562	-2571.848	186.2861	1.218105	0.4162171	5.950976
39360	-2392.989	-2579.269	186.2798	1.224429	0.4162171	5.950976
39366	-2390.006	-2574.298	184.2924	1.281372	0.386382	7.028067
39372	-2385.776	-2570.911	185.1356	1.202935	0.4155054	6.585135
39378	-2387.461	-2569.152	181.6916	1.033823	0.2620165	8.697427
39384	-2381.355	-2567.288	185.9332	1.45849	0.2905795	6.156447
39390	-2395.57	-2581.932	186.3614	1.39073	0.5680753	5.675886
39396	-2393.049	-2580.536	187.4869	1.39073	0.5680753	5.055256
39402	-2395.481	-2578.045	182.5646	1.169482	0.3655741	8.03585
39408	-2400.288	-2586.222	185.9331	1.253634	0.241953	6.334343
39414	-2400.422	-2586.239	185.8171	1.572265	0.2913889	6.156647
39420	-2399.092	-2589.463	190.3714	1.693757	0.3230653	3.500019
39426	-2396.07	-2583.064	186.9941	1.541055	0.3230653	5.490143
39432	-2397.362	-2585.515	188.1528	1.508369	0.4899728	4.687846
39438	-2394.024	-2582.127	188.1025	1.558701	0.4899728	4.687846
39444	-2387.259	-2573.448	186.1888	1.435216	0.4693277	5.833324
39450	-2392.249	-2575.328	183.0789	1.147781	0.5784321	7.575126
39456	-2400.923	-2584.471	183.5478	1.216565	0.2894502	7.575126
39462	-2395.297	-2580.309	185.0126	1.251518	0.4265204	6.614321
39468	-2400.274	-2587.625	187.3515	1.394398	0.4265204	5.258732
39474	-2395.128	-2581.913	186.7851	1.315569	0.812227	5.306473
39480	-2399.612	-2584.811	185.1995	1.237518	0.4771456	6.472054
39486	-2384.642	-2570.275	185.6331	1.319675	0.483386	6.186267
39492	-2394.241	-2581.272	187.0301	1.391053	0.483386	5.382503
39498	-2386.398	-2572.809	186.411	1.646054	0.9443696	5.250072
39504	-2391.498	-2577.707	186.2097	1.466744	0.3309436	5.951137
39510	-2391.287	-2576.11	184.8232	1.447398	0.3309436	6.714399
39516	-2386.713	-2569.374	182.6612	1.305244	0.3669047	7.910408
39522	-2395.861	-2578.789	182.9287	1.271907	0.4154143	7.734646
39528	-2387.501	-2573.36	185.859	1.302063	0.4760935	6.079675
39534	-2383.083	-2570.132	187.0489	1.246314	0.317765	5.62848
39540	-2390.987	-2576.601	185.6141	1.36956	0.3326544	6.326187
39546	-2378.625	-2566.964	188.339	1.39046	0.5304052	4.612663
39552	-2386.87	-2571.206	184.3358	1.319803	0.5000656	6.873591
39558	-2389.731	-2573.653	183.9223	1.319803	0.5000656	7.096319
39564	-2394.175	-2580.139	185.9639	1.319803	0.4545812	6.033189
39570	-2398.637	-2584.824	186.1866	1.327973	0.4545812	5.907218
39576	-2400.896	-2586.422	185.5258	1.192594	0.4545812	6.340687
39582	-2407.18	-2591.536	184.3562	1.303019	0.4667069	6.902121
39588	-2399.248	-2583.756	184.508	1.409276	0.3334087	6.902121
39594	-2411.954	-2595.943	183.9897	1.265038	0.4708871	7.11601
39600	-2401.249	-2585.448	184.1994	1.211093	0.363139	7.141086
39606	-2388.373	-2572.707	184.3341	1.076422	0.363139	7.141086
39612	-2388.308	-2574.652	186.3434	1.488787	0.3470416	5.847086
39618	-2400.908	-2587.192	186.2837	1.415841	0.4134977	5.847086
39624	-2386.364	-2571.122	184.7576	1.205999	0.5923864	6.629723
39630	-2381.668	-2566.347	184.6792	1.252798	0.6142121	6.629723
39636	-2392.521	-2577.424	184.9034	1.134401	0.4572679	6.706673
39642	-2388.495	-2573.395	184.9	1.242201	0.4005196	6.706673
39648	-2400.496	-2584.797	184.3015	1.239327	0.2998606	7.145465
39654	-2404.002	-2590.57	186.5681	1.267702	0.2998606	5.902387
39660	-2388.923	-2574.622	185.699	1.327442	0.3652636	6.265579
39666	-2393.736	-2579.58	185.8439	1.226908	0.3439869	6.265579
39672	-2389.9	-2575.471	185.5712	1.285799	0.3439869	6.381683
39678	-2386.481	-2569.03	182.549	1.126481	0.4497547	7.981491
39684	-2386.142	-2568.771	182.6298	1.215267	0.3611401	7.981491
39690	-2399.377	-2582.21	182.8331	1.087966	0.3255661	7.981491
39696	-2379.178	-2567.709	188.5316	1.71681	0.4616764	4.385072
39702	-2385.843	-2574.861	189.018	1.640718	0.2678747	4.380459
39708	-2382.085	-2570.068	187.9823	1.619274	0.5308192	4.683929
39714	-2395.113	-2580.897	185.7845	1.533105	0.5308192	5.945156
39720	-2400.54	-2587.237	186.697	1.568132	0.5308192	5.425691
39726	-2389.101	-2576.005	186.9041	1.568132	0.4110074	5.425691
39732	-2399.088	-2585.092	186.004	1.434199	0.4138104	5.989485
39738	-2400.588	-2585.761	185.1732	1.451337	0.6045247	6.261871
39744	-2415.776	-2601.196	185.4196	1.451337	0.6045247	6.127843
39750	-2387.566	-2573.151	185.5855	1.170116	0.507069	6.272065
39756	-2386.304	-2572.627	186.3226	1.261486	0.507069	5.82043
39762	-2393.484	-2580.468	186.9841	1.52883	0.4041811	5.410441
39768	-2406.925	-2593.936	187.0117	1.391626	0.2601436	5.644702
39774	-2388.97	-2575.883	186.9136	1.447646	0.2601436	5.667805
39780	-2389.305	-2576.407	187.1015	1.278104	0.4733427	5.414852
39786	-2401.051	-2590.247	189.1969	1.576805	0.4733427	4.075775
39792	-2391.49	-2581.248	189.7579	1.892498	1.224551	3.04951
39798	-2387.757	-2577.336	189.5791	1.895948	0.9845619	3.286176
39804	-2383.928	-2571.738	187.8102	1.627555	0.9845619	4.457206
39810	-2386.565	-2574.3	187.735	1.627555	0.9673786	4.50939
39816	-2390.115	-2579.489	189.3741	1.585237	0.6557438	3.810081
39822	-2395.178	-2584.784	189.6065	1.540514	0.5281849	3.810081
39828	-2400.66	-2584.293	183.6322	1.221332	0.2807827	7.538574
39834	-2392.38	-2575.934	183.5537	1.292258	0.4057138	7.398938
39840	-2408.431	-2595.145	186.7149	1.359224	0.5289799	5.532378
39846	-2393.027	-2579.321	186.2934	1.454273	0.7643434	5.532378
39852	-2410.469	-2596.302	185.8329	1.454273	1.216557	5.532378
39858	-2388.681	-2575.191	186.5105	1.448463	0.4966537	5.624478
39864	-2398.293	-2583.787	185.4944	1.396362	0.4966537	6.207937
39870	-2402.213	-2586.11	183.897	1.415519	0.4862324	7.070834
39876	-2411.335	-2591.74	180.4051	1.108265	0.4862324	9.096361
39882	-2403.099	-2590.595	187.4964	1.396863	0.4509434	5.152765
39888	-2400.355	-2587.736	187.3806	1.686822	0.3599382	5.152765
39894	-2425.365	-2606.275	180.9093	1.361164	0.6249211	8.581935
39900	-2404.898	-2593.932	189.0333	1.330597	0.5353141	4.250686
39906	-2405.777	-2595.104	189.327	1.37427	0.5353141	4.058948
39912	-2401.812	-2591.059	189.2468	1.461887	0.53059	4.058948
39918	-2397.21	-2586.138	188.9286	1.504521	0.7255284	4.058948
39924	-2390.977	-2576.586	185.6089	1.510452	0.4811877	6.097645
39930	-2407.4	-2591.454	184.054	1.383922	0.4934357	6.996836
39936	-2403.044	-2588.075	185.0306	1.235706	0.3001421	6.754198
39942	-2405.967	-2593.354	187.3869	1.797538	0.2510031	5.227561
39948	-2400.819	-2588.55	187.7309	1.457583	0.2494343	5.227561
39954	-2398.658	-2588.783	190.1248	1.622894	0.4272803	3.562398
39960	-2402.98	-2590.991	188.0115	1.579115	0.3568668	4.865681
39966	-2407.258	-2592.587	185.3291	1.301827	0.3568668	6.489544
39972	-2409.347	-2592.036	182.6883	0.9973608	0.3568668	8.071215
39978	-2404.672	-2587.719	183.0464	1.313155	0.3016419	7.77632
39984	-2395.214	-2580.234	185.0199	1.3331	0.4561548	6.537262
39990	-2380.937	-2568.085	187.1482	1.560672	0.4561548	5.249679
39996	-2390.847	-2577.451	186.6044	1.589503	0.4561548	5.533492
40002	-2396.681	-2583.739	187.0573	1.379728	0.4561548	5.399703
40008	-2392.845	-2577.19	184.3456	1.247043	0.4020752	7.001459
40014	-2409.095	-2593.125	184.0302	1.354914	0.5204146	7.001459
40020	-2379.495	-2562.024	182.5287	1.218308	0.4137387	7.978529
40026	-2389.457	-2575.121	185.6634	1.218308	0.4471121	6.259225
40032	-2401.553	-2585.821	184.2671	1.572087	0.4951993	6.778911
40038	-2401.083	-2588.805	187.7215	1.572087	0.4951993	4.888218
40044	-2396.752	-2584.509	187.7571	1.498846	0.4951993	4.909159
40002	-2396.86	-2584.236	187.3755	1.614341	0.2766879	5.29915
40008	-2400.772	-2587.895	187.123	1.361653	0.5371036	5.29915
40014	-2392.731	-2580.142	187.4105	1.404507	0.3539959	5.29915
40020	-2400.479	-2590.458	189.9788	1.561377	0.4722873	3.636407
40026	-2396.366	-2582.953	186.587	1.444625	0.7538419	5.383195
40032	-2405.296	-2593.513	188.2178	1.444625	0.5344715	4.646639
40038	-2399.218	-2586.352	187.1335	1.498997	0.3471634	5.407747
40044	-2385.321	-2572.832	187.5112	1.650929	0.3471634	5.115133
40050	-2392.063	-2580.572	188.5089	1.787016	0.3471634	4.48218
40056	-2402.043	-2590.482	188.4394	1.39295	0.6164697	4.48218
40062	-2412.889	-2599.642	186.7523	1.236257	0.6164697	5.507055
40068	-2409.596	-2593.044	183.4484	1.237632	0.2655021	7.648462
40074	-2406.846	-2590.037	183.1908	1.110101	0.4486636	7.648462
40080	-2413.842	-2596.422	182.5801	1.17217	0.4486636	7.941578
40086	-2406.995	-2591.035	184.0395	1.302429	0.6458716	6.924237
40092	-2391.062	-2576.749	185.6861	1.292868	0.3907459	6.263631
40098	-2407.655	-2592.784	185.1293	1.394899	0.6743473	6.263631
40104	-2396.844	-2582.065	185.2206	1.369724	0.6261829	6.263631
40110	-2408.415	-2595.724	187.3091	1.355492	0.5300006	5.2059
40116	-2403.2	-2587.117	183.917	1.220505	0.3807794	7.268577
40122	-2399.631	-2583.031	183.3998	1.192559	0.2826267	7.675941
40128	-2395.651	-2577.451	181.7995	1.115197	0.5527758	8.296037
40134	-2396.449	-2580.324	183.8757	1.292113	0.3949882	7.237319
40140	-2399.798	-2583.901	184.1032	1.064631	0.3949882	7.237319
40146	-2383.526	-2570.071	186.5448	1.24885	0.6436105	5.593239
40152	-2386.031	-2572.723	186.6917	1.360451	0.4751621	5.593239
40158	-2404.337	-2590.877	186.5407	1.290042	0.4551896	5.733677
40164	-2393.7	-2579.933	186.2339	1.290042	0.3903179	5.967336
40170	-2377.478	-2564.6	187.1223	1.467975	0.3903179	5.382602
40176	-2394.181	-2581.461	187.2804	1.374987	0.3580016	5.382602
40182	-2389.388	-2576.969	187.581	1.346535	0.2418989	5.382602
40188	-2394.276	-2580.771	186.495	1.352776	0.4053694	5.774417
40194	-2389.081	-2575.727	186.6456	1.36037	0.3281039	5.774417
40200	-2411.035	-2602.97	191.9345	1.958231	0.5866998	2.092784
40206	-2410.561	-2598.164	187.6036	1.628904	0.477334	4.93897
40212	-2405.788	-2591.919	186.1314	1.475269	0.7991654	5.586907
40218	-2405.222	-2590.606	185.3837	1.475269	0.3819523	6.338213
40224	-2412.486	-2598.917	186.4313	1.372939	0.5981336	5.622835
40230	-2393.415	-2582.216	188.8009	1.577523	0.4107622	4.363927
40236	-2389.561	-2576.968	187.407	1.422678	0.4237317	5.215268
40242	-2397.512	-2581.186	183.6742	1.206435	0.4237317	7.362189
40248	-2399.122	-2582.363	183.2412	1.4337	0.54506	7.362189
40254	-2389.323	-2573.569	184.2461	1.19491	0.5292149	6.963823
40260	-2387.608	-2574.434	186.8256	1.523257	0.5795606	5.338229
40266	-2400.705	-2588.999	188.2934	1.492009	0.3833386	4.726938
40272	-2397.656	-2584.807	187.1509	1.523525	0.4746146	5.25095
40278	-2395.439	-2584.969	189.5303	1.563967	0.4746146	3.891224
40284	-2387.55	-2576.964	189.414	1.650998	0.4918854	3.891224
40290	-2399.07	-2586.839	187.7688	1.708585	0.3056988	4.990993
40296	-2392.059	-2580.215	188.1567	1.475051	0.3056988	4.90512
40302	-2397.214	-2586.432	189.2177	1.541144	0.6072416	3.964169
40308	-2408.281	-2595.299	187.0184	1.355377	0.6072416	5.302117
40314	-2410.761	-2596.119	185.3581	1.390407	0.2659102	6.538317
40320	-2395.986	-2581.163	185.1768	1.268045	0.4050494	6.538317
40326	-2405.263	-2589.682	184.4188	1.029938	0.4050494	7.07587
40332	-2420.541	-2604.461	183.9202	1.464847	0.4584686	7.057528
40338	-2418.181	-2605.305	187.1232	1.474753	0.4544626	5.312567
40344	-2396.352	-2585.709	189.3566	1.756498	0.3337633	4.035488
40350	-2403.197	-2589.952	186.7543	1.482301	0.3337633	5.641205
40356	-2418.361	-2605.962	187.6017	1.636448	0.3337633	5.088958
40362	-2398.019	-2585.441	187.4221	1.443054	0.3099043	5.324642
40368	-2389.221	-2576.56	187.3394	1.369085	0.5616535	5.154387
40374	-2405.395	-2587.914	182.5186	1.072722	0.3857611	8.090316
40380	-2400.274	-2582.7	182.4257	1.096012	0.4202045	8.09219
40386	-2399.539	-2584.488	184.9492	1.106306	0.445244	6.708645
40392	-2399.348	-2581.973	182.625	1.021173	0.445244	8.001433
40398	-2397.471	-2580.063	182.5921	1.127449	0.445244	7.962316
40404	-2399.684	-2583.823	184.1386	1.178057	0.4329972	7.118853
40410	-2393.444	-2578.618	185.174	1.317459	0.5842183	6.350272
40416	-2385.192	-2570.919	185.7267	1.488133	0.5842183	5.956602
40422	-2398.335	-2586.991	188.6562	1.769831	0.4951866	4.252324
40428	-2393.09	-2580.829	187.7396	1.34762	0.5085126	4.990795
40434	-2394.943	-2580.362	185.4187	1.307754	0.4132509	6.377239
40440	-2384.23	-2569.659	185.4295	1.307754	0.407568	6.377239
40446	-2403.344	-2583.197	179.8533	1.294421	0.359486	9.414459
40452	-2413.247	-2600.544	187.2976	1.668468	0.5773642	4.998379
40458	-2413.294	-2602.656	189.3618	1.403364	0.8000935	3.81656
40464	-2393.504	-2581.104	187.5993	1.524691	0.3042364	5.18878
40470	-2397.523	-2585.159	187.6365	1.524691	0.2884114	5.18878
40476	-2393.712	-2581.628	187.9161	1.524691	0.2884114	5.033831
40482	-2405.3	-2595.727	190.4266	1.799303	0.5573825	3.153204
40488	-2395.55	-2585.716	190.1663	1.508866	0.5573825	3.477572
40494	-2402.939	-2590.973	188.0339	1.638893	0.317545	4.867281
40500	-2397.258	-2585.309	188.0506	1.71673	0.277213	4.867281
40506	-2385.383	-2570.152	184.7694	1.36952	0.6702223	6.475704
40512	-2379.853	-2564.999	185.1455	1.373915	0.4269091	6.475704
40518	-2384.589	-2572.509	187.9202	1.458322	0.4114176	4.923626
40524	-2391.392	-2578.443	187.0514	1.424608	0.506087	5.331408
40530	-2382.673	-2569.788	187.1148	1.38167	0.65939	5.19397
40536	-2394.893	-2581.985	187.092	1.28607	0.3763939	5.514629
40542	-2396.747	-2582.564	185.817	1.353473	0.3763939	6.174949
40548	-2394.289	-2580.016	185.7266	1.355398	0.3719567	6.227948
40554	-2378.928	-2564.948	186.0205	1.288282	0.333877	6.148029
40560	-2390.661	-2576.141	185.4805	1.288282	0.3379514	6.43656
40566	-2402.347	-2587.663	185.316	1.45272	0.3379514	6.43656
40572	-2390.689	-2575.883	185.1934	1.406825	0.4222681	6.43656
40578	-2394.317	-2579.023	184.7053	1.34214	0.4955323	6.666131
40584	-2403.913	-2589.202	185.2896	1.220796	0.6846837	6.263689
40590	-2421.145	-2600.589	179.4435	1.15783	0.3199626	9.747535
40596	-2409.709	-2597.111	187.4017	1.427607	0.2798405	5.383464
40602	-2415.339	-2600.038	184.6988	1.427607	0.3457366	6.775036
40608	-2394.085	-2580.723	186.6375	1.398525	0.3595395	5.721221
40614	-2404.099	-2590.412	186.3123	1.560031	0.4446169	5.721221
40620	-2393.821	-2583.107	189.2858	1.589687	0.4446169	4.046433
40626	-2402.332	-2588.053	185.7209	1.506698	0.4707827	6.048363
40632	-2382.137	-2570.068	187.931	1.388202	0.4442907	4.922941
40638	-2398.631	-2586.841	188.2094	1.53531	0.3971421	4.73461
40644	-2397.342	-2585.535	188.1927	1.526871	0.4102605	4.73461
40650	-2394.588	-2580.928	186.3404	1.414939	0.3981552	5.832579
40656	-2393.098	-2578.241	185.1428	1.135185	0.4791555	6.556344
40662	-2386.444	-2571.512	185.0674	1.248335	0.4573468	6.556344
40668	-2383.327	-2569.189	185.8617	1.207813	0.3989752	6.205687
40674	-2389.161	-2574.918	185.7566	1.136133	0.4979291	6.205687
40680	-2392.548	-2577.424	184.8755	1.286583	0.2744752	6.843659
40686	-2395.305	-2579.765	184.46	1.164174	0.2744752	7.133349
40692	-2395.705	-2579.641	183.9367	1.206764	0.3519919	7.29699
40698	-2410.091	-2591.912	181.8215	0.9253504	0.4329262	8.491997
40704	-2407.647	-2589.569	181.9217	1.312734	0.2166147	8.491997
40710	-2392.526	-2577.591	185.0652	1.325564	0.4114897	6.560976
40716	-2390.887	-2578.688	187.8014	1.358024	0.3586643	5.103295
40722	-2398.485	-2585.59	187.1058	1.362297	0.5876859	5.265738
40728	-2383.054	-2570.979	187.9252	1.453805	0.5876859	4.759771
40734	-2380.633	-2567.89	187.2575	1.408632	0.5876859	5.156239
40740	-2389.177	-2575.664	186.4873	1.348443	0.5876859	5.613965
40746	-2382.218	-2569.003	186.7848	1.428275	0.4932755	5.487951
40752	-2389.856	-2576.77	186.9143	1.321339	0.4798775	5.487951
40758	-2388.179	-2574.926	186.7477	1.487964	0.4798775	5.487951
40764	-2395.601	-2582.849	187.2488	1.40436	0.4798775	5.257756
40770	-2386.985	-2573.325	186.3399	1.517267	0.3165248	5.869886
40776	-2375.061	-2562.63	187.569	1.506913	0.3946425	5.109523
40782	-2376.817	-2563.816	186.9988	1.533014	0.5507833	5.261313
40788	-2383.471	-2571.192	187.7213	1.48336	0.7417969	4.740582
40794	-2372.571	-2560.681	188.1095	1.57833	0.4214474	4.740582
40800	-2388.158	-2574.323	186.1652	1.686232	0.970129	5.348906
40806	-2395.983	-2582.045	186.0621	1.809579	0.3888989	5.778789
40812	-2383.5	-2570.027	186.5268	1.450945	0.3373524	5.778789
40818	-2381.404	-2568.876	187.4719	1.349475	0.4928945	5.152577
40824	-2386.893	-2574.633	187.7397	1.362114	0.4928945	4.997044
40830	-2392.49	-2574.902	182.413	0.9202973	0.4003813	8.212578
40836	-2404.147	-2586.378	182.2313	1.101909	0.4003813	8.212578
40842	-2404.261	-2591.621	187.3597	1.312031	0.5039511	5.225234
40848	-2413.944	-2601.37	187.4261	1.332185	0.697447	5.020749
40854	-2404.028	-2590.417	186.3888	1.302667	0.5462439	5.727463
40860	-2397.18	-2586.074	188.8942	1.542492	0.53451	4.21016
40866	-2414.757	-2603.198	188.4409	1.665474	0.3594202	4.574319
40872	-2401.62	-2590.018	188.3978	1.435472	0.5083933	4.574319
40878	-2409.284	-2594.265	184.9806	1.325775	0.3937488	6.625051
40884	-2386.783	-2571.701	184.9181	1.388213	0.3937488	6.625051
40890	-2379.682	-2568.326	188.6435	1.425331	0.4581774	4.489721
40896	-2384.688	-2573.539	188.8502	1.347868	0.3885781	4.489721
40902	-2382.898	-2564.929	182.0315	1.053847	0.3885781	8.356736
40908	-2393.94	-2577.824	183.8838	1.192673	0.4099977	7.270889
40914	-2411.838	-2590.637	178.7986	1.03137	0.3817537	10.08514
40920	-2400.333	-2583.705	183.3717	1.176429	0.5674806	7.411774
40926	-2397.143	-2587.19	190.0471	1.545692	0.5674806	3.516641
40932	-2385.229	-2575.733	190.5037	1.671979	0.5410958	3.19797
40938	-2378.587	-2565.338	186.7512	1.388013	0.3181028	5.713564
40944	-2379.613	-2566.587	186.9746	1.390734	0.3181028	5.589564
40950	-2378.537	-2564.06	185.5231	1.491053	0.3047403	6.343634
40956	-2387.437	-2571.312	183.8756	1.227083	0.3599346	7.310022
40962	-2395.265	-2578.783	183.5184	1.227083	0.3146202	7.553972
40968	-2401.296	-2584.684	183.3887	1.054114	0.4683921	7.553972
40974	-2383.593	-2566.681	183.0883	1.354485	0.4683921	7.553972
40980	-2392.909	-2577.803	184.8945	1.302563	0.6197955	6.481953
40986	-2399.638	-2585.614	185.9759	1.302563	0.5557602	5.945293
40992	-2392.195	-2578.162	185.9676	1.515524	0.7215879	5.706826
40998	-2394.662	-2580.979	186.3167	1.515524	1.032949	5.324849
41004	-2392.518	-2578.356	185.838	1.393084	0.6595375	5.889387
41010	-2394.073	-2579.793	185.72	1.242338	0.530222	6.139349
41016	-2391.778	-2577.656	185.8777	1.217984	0.4506999	6.139349
41022	-2392.158	-2579.863	187.7057	1.456714	0.8609605	4.685555
41028	-2395.29	-2583.438	188.148	1.456714	0.7606293	4.503223
41034	-2402.911	-2590.568	187.6565	1.401086	0.8299198	4.76384
41040	-2394.958	-2581.16	186.202	1.356364	0.5073914	5.834219
41046	-2401.39	-2587.652	186.2617	1.296703	0.5073914	5.834219
41052	-2396.173	-2579.201	183.0275	1.150437	0.5073914	7.660617
41058	-2393.771	-2578.759	184.9878	1.212928	0.463331	6.61287
41064	-2395.598	-2577.365	181.7676	1.143895	0.5932303	8.265428
41070	-2393.682	-2578.302	184.6198	1.174742	0.4755541	6.820887
41076	-2385.885	-2567.784	181.8989	1.355344	0.4996718	8.160399
41082	-2391.071	-2573.019	181.9475	1.306726	0.4996718	8.160399
41088	-2394.362	-2578.509	184.1471	1.118367	0.4841753	7.098014
41094	-2392.655	-2580.107	187.4514	1.385058	0.430759	5.204352
41100	-2405.612	-2593.479	187.8671	1.312968	0.430759	5.013942
41106	-2400.474	-2586.685	186.2107	1.347544	0.467361	5.871113
41112	-2392.769	-2578.997	186.2275	1.330805	0.467361	5.871113
41118	-2399.422	-2585.781	186.3588	1.325474	0.3984403	5.871113
41124	-2394.241	-2578.126	183.8846	1.365908	0.4097638	7.177633
41130	-2395.499	-2575.095	179.5962	1.193822	0.302506	9.668986
41136	-2400.098	-2581.047	180.9487	1.121831	0.321511	8.969607
41142	-2396.779	-2578.449	181.67	1.227339	0.5415835	8.314506
41148	-2395.392	-2580.847	185.4552	1.230786	0.2826872	6.549723
41154	-2382.032	-2569.213	187.181	1.335543	0.446543	5.365232
41160	-2382.547	-2569.716	187.1692	1.347355	0.446543	5.365232
41166	-2391.58	-2575.472	183.8922	1.151919	0.2993604	7.412764
41172	-2392.873	-2578.576	185.7023	1.05686	0.2993604	6.488652
41178	-2381.774	-2564.508	182.7333	1.154939	0.2993604	8.030727
41184	-2394.256	-2576.897	182.6411	1.247147	0.2993604	8.030727
41190	-2393.23	-2577.302	184.0712	1.159316	0.3309068	7.274532
41196	-2382.877	-2567.033	184.1563	1.202443	0.2755466	7.274532
41202	-2378.22	-2562.271	184.0508	1.082853	0.3771939	7.274532
41208	-2384.297	-2565.549	181.2522	0.9905156	0.3202441	8.879928
41214	-2405.702	-2584.63	178.928	0.8856687	0.3259509	10.15517
41220	-2394.862	-2574.685	179.8229	1.163649	0.3259509	9.53736
41226	-2407.302	-2590.075	182.773	0.9202624	0.734034	7.746669
41232	-2398.139	-2583.657	185.5179	1.412671	0.3005049	6.39426
41238	-2405.091	-2588.643	183.5515	1.583695	0.2111299	7.486481
41244	-2416.659	-2604.991	188.332	1.503475	0.3783986	4.704482
41250	-2419.078	-2606.546	187.4672	1.269403	0.2139035	5.530368
41256	-2397.833	-2581.166	183.3327	0.965894	0.4676469	7.631839
41262	-2404.514	-2587.699	183.1847	0.9594625	0.4553612	7.725945
41268	-2403.107	-2586.104	182.9978	1.146333	0.4553612	7.725945
41274	-2405.779	-2589.742	183.9631	1.099585	0.4045464	7.283886
41280	-2387.119	-2570.596	183.4764	1.054491	0.4045464	7.568957
41286	-2389.184	-2572.704	183.5202	0.9518526	0.436118	7.568957
41292	-2396.331	-2577.038	180.7071	0.9697703	0.4354773	9.056836
41298	-2402.263	-2582.685	180.4215	1.101803	0.5257274	9.056836
41304	-2394.242	-2576.592	182.3504	1.055796	0.3301739	8.250437
41310	-2392.214	-2574.477	182.2626	1.09752	0.3516397	8.250437
41316	-2403.867	-2583.389	179.5213	1.021061	0.6533261	9.475756
41322	-2406.983	-2591.163	184.1797	1.164063	0.4564989	7.081595
41328	-2391.352	-2575.79	184.4381	0.9834211	0.413803	7.081595
41334	-2393.85	-2574.494	180.645	1.025692	0.5015197	8.999626
41340	-2388.766	-2569.596	180.8302	0.840486	0.5015197	8.999626
41346	-2388.78	-2571.003	182.2231	0.9781149	0.3305392	8.359056
41352	-2409.665	-2591.937	182.2721	0.9993974	0.4042469	8.241523
41358	-2422.087	-2603.327	181.2402	1.130473	0.3587334	8.768203
41364	-2409.782	-2590.735	180.9534	0.9466874	0.6291301	8.775285
41370	-2412.14	-2596.172	184.0315	1.355021	0.5047731	7.014412
41376	-2401.001	-2586.771	185.7698	1.382418	0.4083554	6.150963
41382	-2390.58	-2574.359	183.7794	1.085045	0.4083554	7.386354
41388	-2385.972	-2567.656	181.6837	1.149159	0.482385	8.400074
41394	-2402.175	-2584.165	181.9896	1.20951	0.2973873	8.400074
41400	-2400.96	-2584.513	183.5521	1.302554	0.6814209	7.160624
41406	-2400.379	-2583.943	183.5635	1.175329	0.772843	7.160624
41412	-2388.447	-2574.802	186.3557	1.359262	0.5364749	5.722964
41418	-2394.963	-2579.442	184.4786	1.375038	0.342979	6.925304
41424	-2390.336	-2575.694	185.3583	1.16468	0.4879896	6.415522
41430	-2380.924	-2568.044	187.1201	1.338684	0.5790369	5.278002
41436	-2381.614	-2568.967	187.3537	1.283763	0.5790369	5.179211
41442	-2396.649	-2584.079	187.4292	1.380709	0.4713031	5.179211
41448	-2397.473	-2584.114	186.6408	1.380709	0.9407548	5.271806
41454	-2398.633	-2585.119	186.486	1.438058	1.037388	5.271806
41460	-2391.356	-2578.29	186.9341	1.438058	0.9760863	5.057491
41466	-2391.085	-2577.577	186.4927	1.438058	0.4628517	5.671505
41472	-2407.3	-2595.564	188.2635	1.578935	0.899875	4.278734
41478	-2395.651	-2584.279	188.6279	1.642841	0.563548	4.278734
41484	-2396.663	-2585.303	188.6397	1.491633	0.66065	4.278734
41490	-2390.224	-2577.824	187.5994	1.454536	0.6426827	4.897257
41496	-2419.584	-2606.525	186.9412	1.56098	0.3859231	5.435873
41502	-2409.961	-2590.408	180.4464	1.073058	0.209972	9.410385
41508	-2412.461	-2592.44	179.9788	0.9374513	0.488029	9.410385
41514	-2395.374	-2584.32	188.9457	1.520183	0.4298324	4.294399
41520	-2406.19	-2596.559	190.369	1.669015	0.4298324	3.390102
41526	-2396.632	-2584.914	188.2818	1.64217	0.8661286	4.253519
41532	-2381.686	-2568.975	187.289	1.415772	0.6397842	5.093527
41538	-2378.644	-2567.259	188.6149	1.586652	0.5533483	4.326664
41544	-2379.693	-2566.745	187.0526	1.417742	0.431322	5.405885
41550	-2394.591	-2578.683	184.0925	1.384292	0.4750522	6.992618
41556	-2391.249	-2576.971	185.7213	1.369434	0.4492848	6.143444
41562	-2392.858	-2580.474	187.6167	1.384995	0.3282659	5.226503
41568	-2410.864	-2598.018	187.1539	1.454821	0.5418586	5.226503
41574	-2407.849	-2593.328	185.4784	1.326795	0.5418586	6.214857
41580	-2384.088	-2571.168	187.0801	1.259425	0.5418586	5.375101
41586	-2388.696	-2575.533	186.8377	1.257477	0.7149718	5.375101
41592	-2393.384	-2580.186	186.8022	1.275812	0.7284318	5.375101
41598	-2393.114	-2580.297	187.1835	1.464173	0.3654023	5.378485
41604	-2388.144	-2569.971	181.827	1.282095	0.3832395	8.349701
41610	-2395.045	-2581.761	186.7162	1.339405	0.3148819	5.763334
41616	-2405.819	-2592.822	187.0028	1.433144	0.3421977	5.521739
41622	-2404.426	-2592.384	187.958	1.421322	0.5083636	4.828353
41628	-2401.868	-2589.776	187.9075	1.378736	0.4686199	4.917413
41634	-2400.826	-2587.698	186.8718	1.262892	0.5271751	5.500657
41640	-2396.367	-2582.993	186.6262	1.306253	0.6155523	5.538626
41646	-2406.169	-2592.432	186.2626	1.195606	0.5152654	5.881963
41652	-2391.653	-2577.641	185.988	1.350096	0.5327714	5.932286
41658	-2385.012	-2569.186	184.1738	1.238304	0.5327714	6.976319
41664	-2384.022	-2570.02	185.9975	1.261393	0.6517303	5.879996
41670	-2396.316	-2580.7	184.384	1.22514	0.6517303	6.775762
41676	-2385.011	-2568.861	183.8501	1.196471	0.4312952	7.265631
41682	-2388.458	-2572.308	183.8501	1.196471	0.4312952	7.265631
41688	-2386.817	-2569.504	182.6871	0.9329218	0.4312952	8.028842
41694	-2383.439	-2570.746	187.3076	1.454196	0.521859	5.159333
41700	-2389.497	-2576.295	186.7974	1.373906	0.5235243	5.483722
41706	-2406.697	-2591.51	184.8126	1.433942	0.5954812	6.474104
41712	-2401.353	-2588.93	187.5773	1.528536	0.5654688	4.930618
41718	-2388.609	-2576.143	187.5338	1.45421	0.564546	4.99691
41724	-2392.838	-2578.983	186.1444	1.566483	0.7211556	5.582212
41730	-2395.435	-2583.989	188.5533	1.566483	0.5766047	4.352974
41736	-2404.909	-2592.865	187.9555	1.474626	0.5766047	4.740445
41742	-2403.818	-2591.64	187.8219	1.608185	0.5766047	4.740445
41748	-2407.604	-2593.522	185.9175	1.608185	0.5766047	5.79289
41754	-2402.216	-2587.76	185.5449	1.370372	0.5394641	6.157033
41760	-2392.143	-2579.732	187.5892	1.604233	0.4063572	5.031848
41766	-2398.737	-2581.202	182.465	1.519297	0.3309295	7.941461
41772	-2398.806	-2584.854	186.0477	1.459417	0.6620004	5.736565
41778	-2394.706	-2580.999	186.293	1.50692	0.4698617	5.736565
41784	-2399.138	-2582.807	183.6689	1.31869	0.534623	7.203135
41790	-2412.067	-2595.555	183.4879	1.426905	0.5821493	7.203135
41796	-2415.61	-2599.226	183.6152	1.517347	0.4269801	7.223748
41802	-2410.217	-2594.315	184.0982	1.338178	0.5368608	6.959801
41808	-2411.373	-2596.218	184.8448	1.308892	0.5368608	6.572485
41814	-2416.41	-2598.621	182.2104	1.159068	0.3227786	8.278629
41820	-2421.548	-2609.725	188.1769	1.505441	0.8143383	4.423411
41826	-2414.253	-2602.423	188.1702	1.597726	0.7432789	4.423411
41832	-2400.182	-2587.548	187.3661	1.56044	0.6907895	4.932111
41838	-2395.096	-2582.808	187.7114	1.363593	0.5842625	4.932111
41844	-2394.032	-2574.439	180.4069	1.147314	0.2655573	9.312727
41850	-2388.015	-2570.77	182.7556	0.9927622	0.4223257	7.969245
41856	-2383.14	-2566.47	183.3298	1.249255	0.3668227	7.583087
41862	-2386.995	-2571.135	184.1398	1.249255	0.3714857	7.14349
41868	-2396.513	-2579.398	182.8847	1.126353	0.3821087	7.870252
41874	-2406.253	-2590.516	184.2634	1.154616	0.3821087	7.116437
41880	-2403.64	-2587.824	184.1839	1.154676	0.4235237	7.116437
41886	-2384.791	-2569.825	185.0346	1.348059	0.4235237	6.553135
41892	-2393.369	-2578.773	185.4034	1.337099	0.5082769	6.279159
41898	-2385.145	-2571.01	185.8652	1.456442	0.3649952	6.105274
41904	-2391.596	-2578.98	187.3842	1.45259	0.3853142	5.25196
41910	-2381.567	-2569.61	188.0431	1.396364	0.505009	4.797858
41916	-2386.46	-2575.161	188.7006	1.598842	0.3106848	4.525262
41922	-2392.004	-2580.385	188.381	1.517421	0.5220878	4.525262
41928	-2389.032	-2577.166	188.134	1.568143	0.6549326	4.525262
41934	-2388.002	-2576.079	188.0769	1.490683	0.5191559	4.713426
41940	-2386.073	-2575.905	189.832	1.531866	0.5191559	3.693337
41946	-2391.584	-2581.323	189.7393	1.582197	0.6784015	3.583029
41952	-2396.362	-2585.985	189.6227	1.597489	0.8405683	3.525994
41958	-2393.074	-2582.567	189.4931	1.597489	0.8405683	3.601407
41964	-2393.682	-2584.392	190.7094	1.731383	0.6866576	2.914687
41970	-2385.415	-2576.221	190.8057	1.635081	0.6866576	2.914687
41976	-2379.023	-2568.408	189.3851	1.596785	0.7034703	3.760547
41982	-2390.11	-2580.16	190.0504	1.659633	0.598926	3.420881
41988	-2399.188	-2586.457	187.2694	1.668431	0.6866637	4.928851
41994	-2400.776	-2590.926	190.1499	1.570265	0.6866637	3.343666
42000	-2391.142	-2576.992	185.8495	1.482482	0.6552283	5.837436
42006	-2396.069	-2585.233	189.1634	1.566494	0.6658844	3.933953
42012	-2397.425	-2586.025	188.6001	1.570626	0.2988649	4.612848
42018	-2387.529	-2572.864	185.3351	1.165809	0.2988649	6.629034
42024	-2393.963	-2575.443	181.4801	0.8565264	0.5631649	8.594799
42030	-2384.67	-2568.713	184.0433	1.124131	0.383001	7.250136
42036	-2379.774	-2563.236	183.4617	1.276195	0.312603	7.560486
42042	-2380.319	-2563.094	182.7754	1.288954	0.7159024	7.560486
42048	-2383.975	-2567.482	183.5064	1.036186	0.3310607	7.643026
42054	-2391.834	-2577.296	185.4617	1.263721	0.2529885	6.568661
42060	-2392.204	-2577.384	185.1803	1.263721	0.6372964	6.334634
42066	-2383.706	-2570.455	186.7485	1.263721	0.391919	5.698587
42072	-2382.371	-2567.207	184.8364	1.271717	0.5643761	6.574154
42078	-2393.093	-2578.825	185.7313	1.361898	0.6516984	5.970513
42084	-2399.099	-2585.397	186.2981	1.513635	0.3202685	5.890115
42090	-2386.386	-2574.765	188.3786	1.520803	0.7861079	4.319694
42096	-2402.008	-2589.498	187.49	1.267202	0.3475157	5.338611
42102	-2385.056	-2575.28	190.2246	1.654019	0.7140162	3.229196
42108	-2396.79	-2587.364	190.5735	1.692434	0.5021673	3.181555
42114	-2390.368	-2579.723	189.3552	1.692434	0.6945553	3.729322
42120	-2394.879	-2585.076	190.1967	1.603434	0.637364	3.335882
42126	-2396.295	-2586.999	190.7045	1.534728	0.5193703	3.180745
42132	-2408.262	-2593.189	184.9271	1.26562	1.142132	6.166756
42138	-2396.13	-2579.382	183.2521	1.259443	0.5509942	7.444863
42144	-2402.041	-2589.352	187.3108	1.302928	0.4269765	5.331236
42150	-2390.817	-2576.149	185.3323	1.027183	0.5978438	6.411016
42156	-2413.064	-2587.292	174.2278	0.8827451	0.4400048	12.49687
42162	-2399.401	-2583.403	184.0016	1.000391	0.6088969	7.135288
42168	-2396.467	-2581.788	185.3211	1.284341	0.6571296	6.232136
42174	-2402.698	-2584.505	181.8077	1.415036	0.3903586	8.281743
42180	-2385.471	-2568.164	182.6927	1.126968	0.3405953	8.018139
42186	-2402.105	-2585.595	183.4898	1.012293	0.3405953	7.653623
42192	-2403.923	-2585.334	181.4113	1.286755	0.3405953	8.614822
42198	-2405.1	-2586.518	181.4171	1.280899	0.3405953	8.614822
42204	-2409.807	-2596.655	186.8481	1.292472	0.4276433	5.591006
42210	-2395.715	-2578.024	182.3091	1.346035	0.251471	8.217747
42216	-2407.021	-2593.259	186.2383	1.346035	0.2625881	6.088956
42222	-2403.848	-2592.11	188.2625	1.857356	0.2625881	4.690772
42228	-2410.852	-2599.171	188.3184	2.010771	0.2625881	4.573473
42234	-2407.723	-2596.279	188.5563	1.772815	0.2625881	4.573473
42240	-2415.999	-2604.283	188.2847	1.685936	0.4174832	4.586369
42246	-2407.683	-2595.026	187.3427	1.492067	0.2850447	5.373525
42252	-2399.016	-2581.251	182.2352	1.244451	0.2767798	8.277156
42258	-2400.405	-2581.744	181.3392	1.22218	0.2146047	8.85214
42264	-2395.94	-2581.353	185.4126	1.312484	0.4761536	6.316743
42270	-2394.748	-2578.625	183.8773	1.355747	0.4639225	7.134141
42276	-2394.727	-2580.565	185.8377	1.199552	0.3092508	6.325473
42282	-2393.034	-2575.603	182.569	1.164201	0.3092508	8.101196
42288	-2379.118	-2564.829	185.7109	1.389004	0.3450908	6.248525
42294	-2376.516	-2563.856	187.3397	1.523656	0.3477753	5.279678
42300	-2394.655	-2580.71	186.0544	1.577223	0.3339652	5.971979
42306	-2395.025	-2580.974	185.9491	1.279847	0.3515201	6.170957
42312	-2403.536	-2588.266	184.7294	1.498333	0.5580041	6.51467
42318	-2403.983	-2591.481	187.4978	1.439588	0.3559721	5.229291
42324	-2395.405	-2582.702	187.2969	1.439588	0.3984527	5.293177
42330	-2404.484	-2591.599	187.1153	1.388948	0.5315445	5.293177
42336	-2396.952	-2581.69	184.7378	1.395834	0.7902376	6.39634
42342	-2389.861	-2569.868	180.0067	1.378695	0.2939744	9.365331
42348	-2385.956	-2571.187	185.2303	1.363088	0.5069525	6.360224
42354	-2386.101	-2570.139	184.0376	1.389925	0.3039511	7.201218
42360	-2397.763	-2581.519	183.7568	1.273038	0.3831479	7.323882
42366	-2400.477	-2584.082	183.6056	1.127206	0.2607133	7.629911
42372	-2409.422	-2592.765	183.3432	1.05261	0.4157143	7.629911
42378	-2399.891	-2580.262	180.3711	0.9502816	0.4046523	9.275247
42384	-2399.435	-2579.922	180.4874	0.9598858	0.3423661	9.275247
42390	-2402.326	-2581.276	178.9498	1.16489	0.2509234	10.09142
42396	-2410.119	-2589.113	178.9944	0.9106968	0.3396377	10.09142
42402	-2395.648	-2576.099	180.4515	0.8910536	0.3396377	9.333636
42408	-2396.087	-2577.776	181.689	1.058453	0.3427022	8.586188
42414	-2419.088	-2605.429	186.3404	1.590238	0.1929379	6.005576
42420	-2421.002	-2605.672	184.6702	1.533471	0.5070685	6.571306
42426	-2408.012	-2595.053	187.0407	1.67648	0.2087802	5.54918
42432	-2407.08	-2594.977	187.8966	1.626644	0.5266758	4.731442
42438	-2391.254	-2579.237	187.983	1.647624	0.3365891	4.867397
42444	-2395.214	-2583.443	188.2296	1.61854	0.330855	4.752962
42450	-2397.147	-2585.564	188.4166	1.431494	0.330855	4.752962
42456	-2399.529	-2584.503	184.9736	1.411271	0.4399064	6.535713
42462	-2395.297	-2580.138	184.8407	1.367993	0.4399064	6.631052
42468	-2389.76	-2574.713	184.9535	1.258287	0.4813604	6.590134
42474	-2397.484	-2583.807	186.3227	1.258287	0.701217	5.667572
42480	-2395.749	-2582.337	186.5888	1.631171	0.319507	5.667572
42486	-2401.537	-2587.776	186.2388	1.536039	0.5631125	5.667572
42492	-2409.73	-2592.375	182.645	1.14529	0.5631125	7.820833
42498	-2400.257	-2581.792	181.5352	1.14529	0.4980493	8.4671
42504	-2406.426	-2588.083	181.6574	1.023077	0.4980493	8.4671
42510	-2401.529	-2584.315	182.7857	1.10929	0.3358603	7.983365
42516	-2414.031	-2597.547	183.5152	1.149973	0.5142833	7.393628
42522	-2387.798	-2571.785	183.9872	1.032035	0.4649293	7.248087
42528	-2395.993	-2578.408	182.4148	0.9736252	0.6803872	7.946498
42534	-2401.27	-2583.43	182.1601	1.057938	0.6803872	8.03739
42540	-2399.384	-2581.43	182.0463	1.117353	0.4604702	8.24417
42546	-2395.226	-2577.305	182.0794	1.21044	0.3921524	8.24417
42552	-2387.399	-2574.182	186.7827	1.21044	0.3921524	5.708793
42558	-2397.715	-2585.748	188.0326	1.333239	0.351201	4.997385
42564	-2401.759	-2588.265	186.5062	1.369153	0.7909902	5.444496
42570	-2406.101	-2592.967	186.8666	1.276193	0.3646234	5.656934
42576	-2405.082	-2585.044	179.9622	1.328609	0.2583921	9.46147
42582	-2410.611	-2594.272	183.6609	1.269159	0.4791672	7.282827
42588	-2411.448	-2594.701	183.2527	1.311682	0.5185912	7.443977
42594	-2414.083	-2602.067	187.9836	1.799397	0.3290128	4.791604
42600	-2413.41	-2603.393	189.9821	1.78206	0.3290128	3.667339
42606	-2407.442	-2596.315	188.8732	1.78206	0.3726169	4.249556
42612	-2405.261	-2582.763	177.5017	1.024783	0.3449427	10.80942
42618	-2399.164	-2583.163	183.9991	1.048699	0.568418	7.14274
42624	-2394.836	-2578.913	184.0767	1.160232	0.6499116	6.977835
42630	-2400.463	-2587.052	186.589	1.496514	0.3253421	5.734183
42636	-2414.382	-2600.766	186.3848	1.634833	0.3560534	5.734183
42642	-2400.494	-2583.462	182.9678	1.201639	0.3663415	7.802636
42648	-2387.506	-2572.404	184.8975	1.201639	0.3580662	6.775757
42654	-2382.298	-2567.196	184.8975	1.201639	0.3580662	6.775757
42660	-2390.121	-2575.738	185.6173	1.18256	0.5055259	6.249392
42666	-2402.499	-2588.797	186.2984	1.372067	0.3039077	5.987541
42672	-2402.53	-2589.494	186.964	1.413536	0.387152	5.503152
42678	-2400.174	-2587.177	187.0024	1.390438	0.3794166	5.503152
42684	-2378.076	-2565.581	187.505	1.355748	0.5015666	5.122798
42606	-2399.908	-2584.062	184.154	1.259507	0.4403052	7.0596
42612	-2397.302	-2582.847	185.5445	1.455708	0.4051164	6.236978
42618	-2388.557	-2575.584	187.0272	1.632953	0.4696275	5.263611
42624	-2393.888	-2581.636	187.7481	1.259203	0.4696275	5.071448
42630	-2393.513	-2579.68	186.1674	1.305838	0.4296033	5.954328
42636	-2386.572	-2572.886	186.3135	1.622026	0.3741038	5.759949
42642	-2390.369	-2578.207	187.8377	1.557882	0.5180339	4.810516
42648	-2401.472	-2589.149	187.6773	1.384824	0.7557918	4.810516
42654	-2386.558	-2574.169	187.6116	1.502807	0.4321716	5.048907
42660	-2387.684	-2572.748	185.0643	1.317057	0.4321716	6.545261
42666	-2390.879	-2575.629	184.7508	1.305597	0.5801861	6.589291
42672	-2378.254	-2562.979	184.7246	1.222153	0.6571695	6.589291
42678	-2379.766	-2563.063	183.2976	1.108946	0.471249	7.570746
42684	-2386.487	-2571.312	184.8248	1.172277	0.471249	6.71554
42690	-2386.717	-2566.873	180.1565	0.9875775	0.471249	9.305144
42696	-2391.89	-2577.878	185.9879	1.231641	0.5341447	5.995815
42702	-2388.137	-2570.986	182.8489	1.163757	0.3719595	7.880268
42708	-2389.665	-2572.105	182.4401	1.057125	0.4056184	8.119922
42714	-2394.953	-2577.712	182.7586	1.009019	0.7189992	7.717142
42720	-2395.343	-2578.293	182.9505	1.184746	0.504679	7.685834
42726	-2399.554	-2581.457	181.9033	1.184746	0.5101398	8.239776
42732	-2393.703	-2577.168	183.465	1.095222	0.3685389	7.591261
42738	-2402.235	-2585.62	183.385	1.207163	0.4573839	7.484251
42744	-2402.978	-2586.848	183.8702	1.207163	0.2331991	7.484251
42750	-2388.512	-2572.602	184.0897	1.217866	0.3029577	7.266888
42756	-2404.073	-2591.235	187.1613	1.381778	0.4515966	5.345661
42762	-2400.023	-2588.435	188.4122	1.57879	0.2784851	4.740698
42768	-2396.922	-2585.536	188.6147	1.476578	0.2393081	4.740698
42774	-2392.184	-2580.217	188.0329	1.476578	0.3891592	4.874543
42780	-2405.839	-2589.505	183.6665	1.004785	0.4720323	7.428216
42786	-2396.586	-2580.088	183.5026	1.184306	0.4630155	7.428216
42792	-2397.943	-2581.397	183.454	1.189072	0.4885775	7.428216
42798	-2401.319	-2584.799	183.4796	1.256155	0.4355475	7.428216
42804	-2404.299	-2583.56	179.2607	0.9505639	0.4355475	9.830597
42810	-2416.219	-2601.067	184.8476	1.29947	0.5017234	6.606681
42816	-2396.538	-2580.561	184.0231	1.144845	0.4920475	7.143356
42822	-2389.462	-2575.207	185.7456	1.144845	0.4581604	6.243849
42828	-2388.598	-2575.712	187.1145	1.338426	0.4581604	5.388968
42834	-2404.786	-2589.258	184.4715	1.323821	0.4872415	6.809784
42840	-2400.175	-2584.025	183.8499	1.20133	0.483764	7.213567
42846	-2390.616	-2576.238	185.6222	1.272241	0.4142447	6.28503
42852	-2388.527	-2574.689	186.1622	1.453582	0.4729834	5.834372
42858	-2397.569	-2587.165	189.5959	1.641702	0.5173248	3.767903
42864	-2408.746	-2596.918	188.1719	1.563032	0.5454566	4.596342
42870	-2391.332	-2578.64	187.3086	1.652169	0.4636956	5.102957
42876	-2407.165	-2594.892	187.7272	1.746081	1.056599	4.397219
42882	-2392.142	-2577.017	184.8749	1.389379	0.4149505	6.625846
42888	-2391.966	-2576.524	184.5575	1.349899	0.5905583	6.661536
42894	-2388.113	-2575.562	187.4492	1.349899	0.5720809	5.09543
42900	-2399.619	-2590.372	190.7531	1.739677	0.6969244	2.875089
42906	-2403.108	-2593.912	190.8042	1.777824	0.6969244	2.821
42912	-2407.621	-2598.408	190.7873	1.750542	0.7313564	2.821
42918	-2407.522	-2597.008	189.4859	1.539862	0.7313564	3.714628
42924	-2390.868	-2578.283	187.4152	1.537748	0.341257	5.237871
42930	-2401.7	-2589.82	188.1199	1.653824	0.2635565	4.882632
42936	-2393.62	-2580.498	186.8772	1.55276	0.4599583	5.399887
42942	-2395.01	-2582.56	187.5507	1.505982	0.4599583	5.05336
42948	-2416.844	-2603.424	186.5803	1.415054	0.4312215	5.667059
42954	-2426.582	-2613.97	187.3876	1.770514	0.5306358	4.931567
42960	-2396.142	-2585.688	189.5459	1.770514	0.4297822	3.80925
42966	-2391.643	-2581.732	190.0888	1.770514	0.2709716	3.690602
42972	-2407.246	-2596.043	188.7964	1.779542	0.4516884	4.209672
42978	-2401.416	-2590.353	188.9369	1.929762	0.3070391	4.209672
42984	-2396.778	-2585.634	188.8553	1.929762	0.3439327	4.209672
42990	-2389.601	-2577.902	188.3012	1.70078	0.3439327	4.651102
42996	-2409.505	-2597.498	187.9923	1.481083	0.3439327	4.946112
43002	-2381.433	-2566.339	184.9056	1.589358	0.3352274	6.58805
43008	-2386.906	-2575.303	188.3965	1.485985	0.4370172	4.61559
43014	-2385.624	-2568.185	182.5614	1.162323	0.5383632	7.876834
43020	-2390.394	-2572.781	182.3866	1.211887	0.6028596	7.891762
43026	-2398.926	-2583.182	184.2562	1.211887	0.3359828	7.140953
43032	-2396.553	-2580.487	183.9335	1.142293	0.5522064	7.140953
43038	-2403.455	-2588.948	185.4936	1.299637	0.5522064	6.212628
43044	-2403.162	-2592.736	189.5739	1.83725	0.6789141	3.530457
43050	-2410.303	-2598.942	188.6392	1.624143	0.7190697	4.160312
43056	-2402.641	-2591.444	188.803	1.508454	0.682062	4.160312
43062	-2403.193	-2591.048	187.8555	1.572631	0.5424295	4.770709
43068	-2400.093	-2588.093	187.9999	1.522426	0.4844615	4.770709
43074	-2394.185	-2582.224	188.0393	1.522426	0.4615254	4.770709
43080	-2392.576	-2573.735	181.1588	1.051286	0.6262458	8.612993
43086	-2380.575	-2566.125	185.55	1.112903	0.295231	6.546013
43092	-2388.504	-2567.575	179.0711	0.9905699	0.295231	10.06158
43098	-2383.685	-2565.962	182.2771	1.16987	0.5288298	8.032529
43104	-2392.194	-2572.746	180.552	0.89985	0.5288298	9.092039
43110	-2385.804	-2569.484	183.6799	1.220831	0.4377732	7.337582
43116	-2390.913	-2574.345	183.4323	1.101405	0.4377732	7.534354
43122	-2385.878	-2569.472	183.594	1.219446	0.4935174	7.332423
43128	-2396.59	-2580.049	183.4592	1.371875	0.4935174	7.322994
43134	-2394.543	-2577.014	182.4709	1.136137	0.3797154	8.088332
43140	-2396.011	-2579.256	183.2446	1.138767	0.3956689	7.657072
43146	-2391.578	-2574.505	182.927	0.9819976	0.2881669	8.033738
43152	-2385.195	-2563.419	178.2244	0.8622693	0.33765	10.52376
43158	-2392.091	-2574.896	182.8052	1.001582	0.33765	8.028358
43164	-2391.571	-2575.831	184.2601	1.178157	0.3222214	7.173194
43170	-2403.979	-2581.818	177.8391	1.181701	0.5110365	10.3885
43176	-2387.647	-2569.305	181.6574	0.9145078	0.4775523	8.543074
43182	-2390.663	-2574.35	183.6863	1.249571	0.4152824	7.340999
43188	-2389.273	-2573.093	183.8206	1.188001	0.3777687	7.340999
43194	-2400.593	-2583.92	183.327	1.06445	0.4740274	7.576266
43200	-2398.7	-2579.758	181.0575	1.0943	0.2757569	8.983223
43206	-2392.469	-2576.082	183.613	1.034449	0.3496979	7.565482
43212	-2394.939	-2578.633	183.6935	0.9171482	0.3674478	7.565482
43218	-2387.494	-2569.559	182.0656	1.122695	0.405588	8.284414
43224	-2390.849	-2574.804	183.9542	1.29568	0.405588	7.182263
43230	-2384.883	-2569.776	184.8931	1.276186	0.405588	6.68683
43236	-2391.028	-2574.465	183.4367	1.252297	0.3886174	7.50082
43242	-2400.634	-2584.077	183.4425	1.070083	0.4856436	7.50082
43248	-2394.301	-2577.717	183.4159	1.282944	0.3836464	7.50082
43254	-2392.35	-2578.987	186.6374	1.66944	0.4101892	5.517557
43260	-2396.898	-2585.388	188.4904	1.660858	0.3522292	4.557524
43266	-2409.669	-2597.866	188.1978	1.667358	0.507183	4.557524
43272	-2393.853	-2575.378	181.5253	1.061604	0.512593	8.504132
43278	-2422.4	-2606.845	184.4445	1.128401	0.5421181	6.88174
43284	-2403.724	-2589.627	185.9028	1.559434	0.2908715	6.117662
43290	-2407.583	-2596.967	189.3837	1.622521	0.5782559	3.846708
43296	-2396.187	-2585.615	189.4279	1.49056	0.5529851	3.919055
43302	-2397.392	-2585.613	188.2209	1.49056	0.5389821	4.615155
43308	-2407.29	-2595.061	187.7709	1.49056	0.5411786	4.864771
43314	-2386.84	-2573.136	186.2959	1.302635	0.4641109	5.852203
43320	-2390.081	-2575.734	185.6535	1.465806	0.4107776	6.16635
43326	-2401.638	-2587.254	185.6164	1.465806	0.4307156	6.16635
43332	-2390.964	-2575.859	184.8946	1.415509	0.4307156	6.585262
43338	-2392.397	-2577.92	185.5239	1.3702	0.4307156	6.26863
43344	-2397.613	-2581.641	184.0285	1.139753	0.4577508	7.174781
43350	-2380.133	-2565.394	185.261	1.423804	0.3389471	6.480888
43356	-2375.982	-2563.297	187.3148	1.395819	0.5726397	5.143982
43362	-2384.889	-2572.399	187.5108	1.346374	0.385255	5.240781
43368	-2396.378	-2583.257	186.8796	1.433842	0.3930053	5.532084
43374	-2400.631	-2587.927	187.2961	1.601753	0.291169	5.330639
43380	-2390.511	-2578.69	188.1781	1.495729	0.2628087	4.939328
43386	-2396.106	-2582.129	186.0227	1.362911	0.5427429	5.897741
43392	-2404.075	-2591.552	187.4773	1.496254	0.5214113	5.042328
43398	-2411.441	-2598.054	186.6134	1.432692	0.5214113	5.55444
43404	-2386.867	-2573.438	186.5715	1.474589	0.5214113	5.55444
43410	-2394.274	-2581.632	187.358	1.369337	0.5522319	5.151956
43416	-2401.09	-2588.667	187.5766	1.369337	0.522557	5.056609
43422	-2391.249	-2578.399	187.1507	1.411385	0.8037958	5.056609
43428	-2395.798	-2583.344	187.5461	1.511092	0.4293505	5.083525
43434	-2382.163	-2569.766	187.6026	1.323323	0.5049942	5.083525
43440	-2375.932	-2562.75	186.8176	1.323323	0.3509121	5.673567
43446	-2381.288	-2567.684	186.3958	1.288551	0.4859203	5.784834
43452	-2390.478	-2575.812	185.3342	1.288551	0.5171819	6.335267
43458	-2389.726	-2577.12	187.394	1.326947	0.5171819	5.1861
43464	-2377.046	-2564.388	187.3417	1.379235	0.5171819	5.1861
43470	-2388.732	-2575.303	186.5706	1.404072	0.5240681	5.591331
43476	-2380.882	-2566.672	185.7896	1.276841	0.3776344	6.23018
43482	-2379.269	-2564.864	185.5953	1.228857	0.5122955	6.23018
43488	-2388.286	-2570.384	182.0974	1.126132	0.5094162	8.168248
43494	-2386.886	-2571.535	184.6487	1.126132	0.5666566	6.752463
43500	-2390.226	-2575.529	185.3028	1.226178	0.3503173	6.552156
43506	-2389.478	-2574.914	185.4363	1.063546	0.3503173	6.567915
43512	-2402.339	-2589.309	186.9698	1.324671	0.5043111	5.433051
43518	-2388.303	-2575.412	187.1099	1.197311	0.4536743	5.4736
43524	-2398.426	-2584.482	186.0559	1.501258	0.4536743	5.884795
43530	-2392.694	-2580.972	188.2781	1.541981	0.698382	4.426255
43536	-2378.76	-2566.625	187.865	1.443031	0.6582937	4.743556
43542	-2382.555	-2569.697	187.1422	1.285477	0.3622223	5.50318
43548	-2382.984	-2569.699	186.7149	1.405004	0.2938995	5.754651
43554	-2369.253	-2555.922	186.6694	1.186631	0.3525198	5.827741
43560	-2377.441	-2562.526	185.0856	1.398659	0.3525198	6.573886
43566	-2377.122	-2563.625	186.5034	1.40523	0.3357705	5.818528
43572	-2385.964	-2572.13	186.1652	1.560859	0.5587581	5.697929
43578	-2388.079	-2574.479	186.4002	1.424546	0.6617043	5.562537
43584	-2392.564	-2577.648	185.0837	1.386397	0.9429679	6.121033
43590	-2399.156	-2587.003	187.8479	1.552777	0.7289274	4.6399
43596	-2387.575	-2573.066	185.4911	1.343144	0.4308029	6.301046
43602	-2385.709	-2571.497	185.7882	1.430098	0.4358363	6.087174
43608	-2394.137	-2582.209	188.0722	1.616324	0.4358363	4.725419
43614	-2388.859	-2577.097	188.2383	1.616324	0.3508008	4.725419
43620	-2383.401	-2571.219	187.8185	1.568674	0.6246016	4.725419
43626	-2388.553	-2576.724	188.1711	1.38005	0.4475797	4.790342
43632	-2380.478	-2568.704	188.2256	1.522393	0.3462682	4.790342
43638	-2381.665	-2569.329	187.6641	1.65316	0.5924743	4.790342
43644	-2387.067	-2576.063	188.9956	1.63418	0.510021	4.12274
43650	-2393.236	-2579.218	185.9817	1.569602	0.420855	5.920556
43656	-2390.548	-2579.473	188.9248	1.753877	0.3324061	4.284056
43662	-2386.126	-2573.636	187.5096	1.629192	0.3324061	5.145636
43668	-2401.217	-2588.91	187.6933	1.597565	0.2672897	5.145636
43674	-2401.002	-2588.018	187.0156	1.514405	0.3282964	5.486601
43680	-2400.992	-2587.601	186.6094	1.514405	0.5503621	5.486601
43686	-2392.14	-2580.888	188.7473	1.531135	0.4431083	4.386724
43692	-2393.375	-2584.166	190.7918	1.973912	1.004439	2.49266
43698	-2391.828	-2582.579	190.7507	1.952157	0.6016361	2.827223
43704	-2393.237	-2581.229	187.9917	1.663958	0.8193174	4.435173
43710	-2401.457	-2592.014	190.5571	2.136375	1.301884	2.369386
43716	-2395.327	-2587.219	191.8925	2.111678	0.6894586	1.923304
43722	-2378.913	-2570.625	191.7118	2.13689	0.8151718	1.923304
43728	-2388.957	-2580.706	191.7494	2.099299	0.8151718	1.923304
43734	-2390.588	-2582.078	191.4901	1.953285	0.6284236	2.344142
43740	-2398.148	-2587.751	189.6037	1.827159	0.4276949	3.745529
43746	-2386.975	-2576.747	189.7723	1.649927	0.4323566	3.745529
43752	-2394.852	-2585.307	190.4542	1.635126	0.6204135	3.179155
43758	-2400.856	-2591.09	190.2336	1.731539	0.7124352	3.179155
43764	-2398.321	-2588.06	189.7391	1.698386	0.7124352	3.48957
43770	-2388.736	-2578.078	189.3418	1.679708	0.7124352	3.731019
43776	-2393.749	-2583.372	189.6224	1.719793	0.9170607	3.405474
43782	-2400.557	-2589.853	189.2954	1.69507	0.9170607	3.610616
43788	-2394.126	-2584.048	189.9213	1.606149	0.506313	3.610616
43794	-2405.52	-2595.092	189.5718	1.606149	0.7534072	3.610616
43800	-2392.651	-2580.927	188.2762	1.606149	0.7534072	4.351727
43806	-2399.151	-2587.91	188.7592	1.405625	0.5484523	4.351727
43812	-2394.627	-2581.421	186.7938	1.267725	0.6051079	5.475906
43818	-2401.11	-2584.79	183.6796	1.267725	0.695132	7.101103
43824	-2401.396	-2585.906	184.5104	1.25779	0.6911238	6.661329
43830	-2395.369	-2579.097	183.7288	1.119992	0.4958268	7.311405
43836	-2393.19	-2581.671	188.4815	1.290889	0.4488103	4.665398
43842	-2390.475	-2576.074	185.5988	1.038038	0.4488103	6.39051
43848	-2396.278	-2577.755	181.4776	1.257228	0.5846197	8.366152
43854	-2394.432	-2580.695	186.2628	1.331819	0.6855075	5.671374
43860	-2382.876	-2569.587	186.7108	1.301079	0.3789682	5.712769
43866	-2393.414	-2578.735	185.3208	1.281093	0.3789682	6.48085
43872	-2391.741	-2577.32	185.579	1.323934	0.5268148	6.174628
43878	-2390.386	-2575.716	185.3303	1.208477	0.5268148	6.372469
43884	-2395.277	-2579.335	184.0577	1.114931	0.5268148	7.110281
43890	-2386.35	-2572.461	186.1104	1.236515	0.5268148	5.932632
43896	-2388.075	-2570.303	182.2279	1.061924	0.5331582	8.112636
43902	-2394.414	-2577.952	183.5376	1.200171	0.5331582	7.33848
43908	-2398.269	-2585.496	187.2276	1.386465	0.669285	5.121463
43914	-2394.391	-2581.771	187.3802	1.408315	0.5482441	5.121463
43920	-2398.71	-2586.025	187.3151	1.408315	0.5913888	5.121463
43926	-2375.492	-2562.924	187.4322	1.408952	0.5150109	5.121463
43932	-2391.123	-2574.967	183.8438	1.106472	0.5150109	7.240018
43938	-2394.207	-2576.484	182.2772	1.191804	0.5150109	8.03259
43944	-2402.062	-2589.005	186.9425	1.198171	0.5779961	5.454251
43950	-2391.55	-2580.123	188.5725	1.474004	0.5779961	4.393149
43956	-2396.765	-2580.084	183.3194	1.42673	0.790325	7.145441
43962	-2380.567	-2564.987	184.42	1.214444	0.2579433	7.150182
43968	-2382.082	-2569.918	187.8352	1.421659	0.5065173	4.898264
43974	-2378.567	-2566.018	187.4507	1.591796	0.4796234	5.042399
43980	-2376.242	-2564.603	188.3615	1.540222	0.5163376	4.528632
43986	-2394.093	-2581.472	187.3786	1.540222	0.5173297	5.076336
43992	-2419.282	-2603.884	184.6018	1.362019	0.3625572	6.843786
43998	-2406.22	-2590.213	183.9926	1.264651	0.6536842	6.964076
44004	-2397.896	-2584.865	186.9683	1.448985	0.7361421	5.182371
44010	-2394.76	-2583.132	188.372	1.666836	0.5788707	4.396726
44016	-2394.276	-2581.199	186.9235	1.539009	0.660372	5.21203
44022	-2382.102	-2567.688	185.586	1.425695	0.3006475	6.350085
44028	-2388.379	-2575.65	187.2711	1.378325	0.3377499	5.409547
44034	-2380.177	-2568.05	187.8726	1.522975	0.3808168	4.947132
44040	-2383.088	-2571.183	188.0944	1.522975	0.4322215	4.768852
44046	-2390.064	-2578.774	188.7096	1.555348	0.6411924	4.218185
44052	-2385.694	-2573.975	188.2814	1.532063	0.5201222	4.574756
44058	-2382.18	-2570.054	187.8739	1.538775	0.5225307	4.79695
44064	-2382.757	-2570.263	187.5058	1.465775	0.50021	5.062576
44070	-2384.857	-2571.511	186.6543	1.411995	0.50021	5.562275
44076	-2386.936	-2575.565	188.6284	1.452984	0.50021	4.442359
44082	-2381.833	-2568.79	186.9573	1.505472	0.5368586	5.311459
44088	-2394.778	-2582.429	187.6509	1.624127	0.2501284	5.178714
44094	-2393.878	-2581.295	187.4175	1.796442	0.2741638	5.178714
44100	-2412.776	-2600.835	188.0591	1.393138	0.6629519	4.65936
44106	-2409.126	-2595.343	186.2165	1.228412	0.4125407	5.987108
44112	-2402.756	-2589.879	187.1231	1.409963	0.28186	5.543841
44118	-2384.194	-2571.064	186.8699	1.338158	0.4377044	5.543841
44124	-2384.749	-2570.017	185.2673	1.407989	0.3889829	6.430351
44130	-2399.463	-2584.709	185.2455	1.289221	0.4650725	6.430351
44136	-2383.131	-2568.114	184.983	1.358017	0.4650725	6.535345
44142	-2383.565	-2569.42	185.8548	1.358017	0.5620839	5.975838
44148	-2401.666	-2586.403	184.7376	1.284005	0.6864567	6.527554
44154	-2403.522	-2587.9	184.3778	1.429621	0.5451691	6.752659
44160	-2416.379	-2606.071	189.6913	1.668495	0.3097498	3.924999
44166	-2416.483	-2605.285	188.802	1.657292	0.9039121	3.924999
44172	-2398.516	-2587.704	189.1876	1.607352	0.6299375	3.924999
44178	-2400.296	-2589.62	189.3237	1.483353	0.6374238	3.91205
44184	-2393.998	-2580.206	186.2078	1.386108	0.602391	5.734732
44190	-2404.663	-2594.42	189.7564	1.510583	0.4713965	3.795103
44196	-2400.674	-2588.522	187.8473	1.645854	0.4713965	4.799395
44202	-2404.376	-2592.283	187.9062	1.446473	0.5551393	4.801877
44208	-2401.209	-2588.072	186.8634	1.523089	0.5012912	5.385111
44214	-2386.788	-2574.712	187.9244	1.421366	0.5254131	4.831692
44220	-2401.177	-2591.722	190.545	1.70304	0.5248079	3.170342
44226	-2396.535	-2587.771	191.2358	1.782647	0.5248079	2.705969
44232	-2399.465	-2590.563	191.0973	1.782647	0.6166277	2.705969
44238	-2409.223	-2600.381	191.1582	1.782062	0.494528	2.783968
44244	-2402.49	-2588.053	185.5627	1.238233	0.4972967	6.256171
44250	-2403.776	-2584.259	180.4829	1.168865	0.5892481	8.937277
44256	-2412.67	-2594.169	181.4996	0.8698747	0.6089844	8.541414
44262	-2406.252	-2587.637	181.3848	1.039341	0.5718318	8.541414
44268	-2391.744	-2575.053	183.3093	0.9934358	0.3996098	7.696105
44274	-2386.933	-2570.061	183.1281	1.186049	0.3996098	7.690001
44280	-2387.355	-2570.652	183.2974	1.111917	0.3987582	7.639997
44286	-2378.453	-2561.792	183.3389	1.070375	0.3987582	7.639997
44292	-2394.741	-2580.411	185.67	1.297116	0.3987582	6.261605
44298	-2397.948	-2582.989	185.0407	1.164244	0.5042182	6.573147
44304	-2395.045	-2581.578	186.5327	1.51032	0.2946782	5.795764
44310	-2389.947	-2577.019	187.0724	1.374071	0.4027495	5.448513
44316	-2396.294	-2580.578	184.2844	1.412034	0.4169193	6.930382
44322	-2396.259	-2581.394	185.1349	1.278605	0.333927	6.633618
44328	-2395.164	-2580.832	185.6673	1.49754	0.2678262	6.309956
44334	-2403.325	-2587.866	184.5405	1.407104	0.4443052	6.767827
44340	-2398.197	-2583.04	184.8435	1.407104	0.5258577	6.529497
44346	-2400.329	-2584.839	184.51	1.484023	0.8815958	6.415433
44352	-2402.648	-2589.052	186.4036	1.477179	0.3655212	5.799491
44358	-2408.552	-2595.227	186.6754	1.439553	0.4012852	5.632288
44364	-2410.739	-2599.135	188.3957	1.643725	0.407071	4.558768
44370	-2394.887	-2581.981	187.0937	1.392325	0.3666573	5.46607
44376	-2396.97	-2581.775	184.8049	1.392325	0.3666573	6.713268
44382	-2400.086	-2586.046	185.9592	1.376354	0.3954678	6.064587
44388	-2398.495	-2579.61	181.1148	0.928689	0.4130307	8.884768
44394	-2395.06	-2575.945	180.8852	1.158286	0.4130307	8.884768
44400	-2401.346	-2582.065	180.719	1.026925	0.5077082	8.954399
44406	-2392.874	-2576.785	183.9104	1.198086	0.40591	7.25789
44412	-2393.868	-2579.521	185.6536	1.269054	0.3221423	6.371898
44418	-2400.792	-2583.068	182.2764	1.0879	0.4615077	8.136322
44424	-2393.065	-2576.108	183.0425	1.44895	0.4615077	7.534352
44430	-2395.575	-2584.953	189.3786	1.69952	0.6349666	3.758152
44436	-2394.9	-2585.648	190.7488	1.69952	0.4622739	3.113354
44442	-2399.929	-2585.095	185.1656	1.418256	0.5286142	6.346415
44448	-2398.338	-2588.239	189.9011	1.418256	0.5410445	3.698986
44454	-2401.706	-2589.799	188.0935	1.50522	0.5607867	4.659447
44460	-2413.875	-2598.988	185.1132	1.329474	0.3215082	6.632605
44466	-2401.904	-2586.325	184.4208	1.33245	0.2556849	7.089386
44472	-2404.251	-2587.687	183.4365	1.151164	0.3359776	7.613192
44478	-2403.278	-2585.859	182.5812	1.17025	0.3359776	8.059766
44484	-2397.966	-2585.512	187.5459	1.237633	0.3697382	5.298611
44490	-2390.577	-2577.336	186.759	1.484628	0.5292826	5.438862
44496	-2395.241	-2582.908	187.667	1.405201	0.5292826	4.980537
44502	-2404.359	-2590.332	185.9733	1.507498	0.7065984	5.718644
44508	-2394.642	-2582.273	187.6311	1.290752	0.4389433	5.148854
44514	-2389.773	-2577.585	187.8123	1.290752	0.5630171	4.934261
44520	-2384.783	-2571.569	186.7854	1.129377	0.4857403	5.658716
44526	-2382.537	-2569.112	186.5745	1.240005	0.5477637	5.658716
44532	-2396.459	-2581.809	185.3504	1.279951	0.6680436	6.21056
44538	-2398.561	-2583.949	185.3881	1.626903	0.4230857	6.21056
44544	-2406.374	-2587.329	180.9542	1.344083	0.4230857	8.739729
44550	-2391.243	-2575.311	184.0673	1.204178	0.4230857	7.152959
44556	-2382.781	-2568.078	185.2973	1.127205	0.5508078	6.414041
44562	-2390.234	-2575.637	185.403	1.197033	0.4451541	6.414041
44568	-2399.842	-2585.727	185.8848	1.297501	0.4451541	6.097596
44574	-2386.085	-2572.245	186.1603	1.138133	0.3834886	6.097596
44580	-2391.203	-2579.278	188.0747	1.310256	0.4198206	4.911249
44586	-2395.165	-2581.097	185.9312	1.084674	0.5381842	6.103335
44592	-2396.853	-2582.525	185.672	1.343897	0.5381842	6.103335
44598	-2394.707	-2582.752	188.0441	1.271358	0.3842961	4.987875
44604	-2396.284	-2584.782	188.4975	1.464047	0.3117166	4.713432
44610	-2384.32	-2572.399	188.0789	1.539688	0.4653097	4.735245
44616	-2384.326	-2575.25	190.9247	1.539688	0.4269631	3.14151
44622	-2386.178	-2573.577	187.3991	1.457225	0.2979499	5.344774
44628	-2392.663	-2580.163	187.4999	1.701483	0.2225424	5.260683
44634	-2395.207	-2580.954	185.7466	1.561401	0.2225424	6.297348
44640	-2402.357	-2584.929	182.5718	1.257332	0.1821519	8.230634
44646	-2388	-2568.338	180.3375	1.17539	0.1821519	9.458267
44652	-2401.499	-2582.536	181.0372	0.9461516	0.3743852	8.956515
44658	-2395.914	-2576.234	180.3193	0.9938721	0.391582	9.292929
44664	-2405.746	-2592.016	186.2699	1.314844	0.4109374	5.912428
44670	-2395.598	-2581.291	185.6927	1.429031	0.3705511	6.207899
44676	-2389.023	-2572.754	183.7313	1.390577	0.4554656	7.20187
44682	-2391.223	-2575.989	184.7661	1.401471	0.60928	6.506036
44688	-2385.47	-2569.23	183.7607	1.279921	0.4781269	7.224421
44694	-2388.33	-2572.095	183.765	1.314754	0.3079804	7.382975
44700	-2396.343	-2582.368	186.0253	1.222913	0.4391319	6.067585
44706	-2392.923	-2578.246	185.3229	1.410322	0.4706803	6.317428
44712	-2393.566	-2579.376	185.8096	1.382471	0.4706803	6.06784
44718	-2399.251	-2586.229	186.9775	1.430307	0.4706803	5.401853
44724	-2387.889	-2574.403	186.5134	1.417648	0.3365352	5.805341
44730	-2392.298	-2579.673	187.3749	1.529851	0.377375	5.223136
44736	-2399.19	-2584.873	185.6827	1.468607	0.30839	6.264572
44742	-2392.715	-2579.198	186.483	1.453727	0.3525266	5.783615
44748	-2386.656	-2575.985	189.3284	1.617321	0.3525266	4.108037
44754	-2408.383	-2594.2	185.8174	1.284359	0.3037804	6.297238
44760	-2398.886	-2584.658	185.772	1.284359	0.4265722	6.184529
44766	-2394.251	-2577.014	182.764	1.145426	0.3913298	7.914835
44772	-2404.048	-2586.866	182.818	1.065478	0.4083353	7.911181
44778	-2394.211	-2576.033	181.8224	1.131711	0.4685149	8.348201
44784	-2387.092	-2571.385	184.2932	1.426018	0.2461831	7.121041
44790	-2392.228	-2578.459	186.231	1.217596	0.3495633	6.053585
44796	-2406.425	-2595.061	188.6358	1.680266	0.3820116	4.430602
44802	-2402.15	-2592.076	189.9269	1.650774	0.4428097	3.644705
44808	-2411.187	-2601.132	189.9455	1.80801	0.3521651	3.644705
44814	-2398.977	-2588.862	189.8855	1.930901	0.3230352	3.644705
44820	-2396.992	-2586.59	189.5982	1.651196	0.5539365	3.7278
44826	-2405.681	-2593.946	188.2643	1.856059	0.6466412	4.295823
44832	-2389.488	-2578.004	188.5164	1.717789	0.6466412	4.231355
44838	-2382.663	-2571.429	188.7662	1.598559	0.5567162	4.231355
44844	-2399.207	-2588.848	189.6409	1.657303	0.4326659	3.816713
44850	-2396.721	-2585.283	188.562	1.252703	0.4326659	4.65802
44856	-2384.472	-2565.526	181.0537	0.9831599	0.3804181	8.921762
44862	-2381.546	-2564.048	182.5024	0.9198291	0.3804181	8.186037
44868	-2404.855	-2589.679	184.8243	1.250366	0.2229585	6.963686
44874	-2391.916	-2578.282	186.3656	1.35666	0.3086007	5.9534
44880	-2388.156	-2574.499	186.3431	1.379153	0.3086007	5.9534
44886	-2394.901	-2580.953	186.0518	1.367177	0.4608327	5.9534
44892	-2387.408	-2573.463	186.0556	1.367177	0.4586974	5.9534
44898	-2398.256	-2584.421	186.1652	1.16335	0.4407311	6.022231
44904	-2402.432	-2584.812	182.3807	0.9379244	0.3583941	8.265038
44910	-2388.727	-2569.169	180.4415	0.8545104	0.4407311	9.253249
44916	-2376.801	-2557.302	180.5005	1.028516	0.3239178	9.253249
44922	-2380.818	-2563.069	182.2513	1.086417	0.4303833	8.180182
44928	-2390.395	-2572.702	182.3064	1.158673	0.3646657	8.180182
44934	-2405.429	-2586.284	180.8557	1.135976	0.4073407	8.917894
44940	-2387.454	-2567.114	179.6601	1.01615	0.3557912	9.667254
44946	-2390.024	-2569.118	179.0941	1.041556	0.3898398	9.915836
44952	-2387.186	-2569.328	182.1424	1.238287	0.3800906	8.208477
44958	-2386.503	-2564.155	177.6522	1.009879	0.5538415	10.54131
44964	-2389.38	-2571.883	182.5028	1.230298	0.3268121	8.080257
44970	-2394.797	-2574.6	179.8035	1.050076	0.4843487	9.446753
44976	-2386.671	-2569.793	183.1222	1.107816	0.3298622	7.811517
44982	-2376.757	-2559.147	182.3903	1.132965	0.4603918	8.052692
44988	-2382.985	-2566.54	183.555	1.077599	0.4368217	7.482279
44994	-2383.879	-2565.894	182.0144	1.025865	0.3360752	8.438227
45000	-2407.609	-2589.337	181.7287	1.025865	0.3360752	8.589969
45006	-2398.92	-2579.819	180.8988	1.175678	0.7627549	8.589969
45012	-2399.068	-2588.721	189.6527	1.57417	0.6465733	3.662895
45018	-2393.045	-2580.806	187.7611	1.447244	0.8077279	4.693965
45024	-2399.445	-2587.265	187.8209	1.475539	0.7351028	4.693965
45030	-2406.413	-2593.393	186.9795	1.299693	0.2687683	5.700814
45036	-2384.688	-2570.111	185.4232	1.270401	0.3575515	6.454794
45042	-2393.874	-2583.714	189.8397	1.81693	0.9723511	3.186156
45048	-2393.174	-2582.772	189.5974	1.81693	1.232296	3.186156
45054	-2384.981	-2575.448	190.467	1.738556	0.7494626	3.007938
45060	-2407.153	-2592.233	185.0797	1.298983	0.4226807	6.556157
45066	-2404.671	-2593.193	188.522	1.423183	0.4395703	4.577828
45072	-2398.679	-2584.277	185.5976	1.450379	0.4395703	6.176169
45078	-2381.457	-2567.397	185.9401	1.15283	0.4151944	6.176169
45084	-2388.059	-2571.463	183.4042	1.087139	0.3984822	7.596379
45090	-2389.626	-2572.681	183.0547	1.065512	0.3984822	7.794852
45096	-2395.204	-2580.594	185.3895	1.292224	0.3984822	6.416828
45102	-2388.843	-2575.055	186.2116	1.239854	0.355492	6.045252
45108	-2392.895	-2577.077	184.1826	1.20783	0.766368	6.813981
45114	-2412.024	-2595.892	183.8678	1.251084	0.766368	6.960349
45120	-2389.537	-2573.518	183.981	1.082424	0.4139598	7.273861
45126	-2373.883	-2559.038	185.1548	1.267106	0.3513724	6.608883
45132	-2394.187	-2578.701	184.5145	1.267106	0.3513724	6.954562
45138	-2392.828	-2578.048	185.2199	1.137433	0.3513724	6.643836
45144	-2403.63	-2586.334	182.7044	1.268045	0.4947329	7.781661
45150	-2391.19	-2577.008	185.8177	1.371869	0.2769458	6.284235
45156	-2386.756	-2572.54	185.7841	1.603475	0.693129	5.779285
45162	-2380.252	-2568.514	188.2615	1.598277	0.5413739	4.529825
45168	-2389.693	-2578.819	189.1264	1.805498	0.5413739	3.921653
45174	-2387.686	-2577.775	190.0897	1.854199	0.5819809	3.298161
45180	-2393.299	-2584.13	190.8313	1.889044	0.6330794	2.789297
45186	-2395.172	-2585.911	190.7398	1.889044	0.2406518	3.287018
45192	-2387.202	-2576.791	189.5891	1.609743	0.395027	3.914468
45198	-2381.408	-2569.071	187.6638	1.411563	0.3493895	5.160586
45204	-2393.377	-2581.663	188.2861	1.411563	0.4417013	4.714382
45210	-2398.86	-2587.098	188.2381	1.556509	0.4417013	4.660095
45216	-2398.515	-2586.703	188.1881	1.686875	0.4417013	4.615072
45222	-2395.856	-2584.393	188.5369	1.473404	0.4056456	4.576645
45228	-2390.849	-2576.403	185.5539	1.502705	0.420014	6.191018
45234	-2400.69	-2585.629	184.9393	1.179585	0.3664251	6.755827
45240	-2416.344	-2602.327	185.9839	1.092011	0.5439213	6.065749
45246	-2405.494	-2590.951	185.4568	1.462886	0.4743251	6.212697
45252	-2397.082	-2582.86	185.7779	1.489817	0.2993004	6.212697
45258	-2412.162	-2600.07	187.9074	1.637172	0.3466153	4.903321
45264	-2408.607	-2593.608	185.001	1.328225	0.5501506	6.4662
45270	-2401.687	-2589.177	187.49	1.328225	0.5360172	5.115588
45276	-2406.052	-2593.805	187.7531	1.457202	0.3245288	5.115588
45282	-2406.956	-2593.88	186.9233	1.498412	0.341766	5.530072
45288	-2398.657	-2586.358	187.7009	1.489808	0.5629629	4.885481
45294	-2392.984	-2582.584	189.6	1.575825	0.4099618	3.911258
45300	-2396.189	-2586.404	190.2148	1.68079	0.3899079	3.517666
45306	-2406.781	-2594.567	187.7859	1.70873	0.4910373	4.779998
45312	-2393.129	-2579.441	186.3118	1.337428	0.4910373	5.799312
45318	-2392.095	-2579.453	187.3584	1.428027	0.6506663	5.039884
45324	-2386.993	-2575.749	188.7566	1.398238	0.422568	4.477517
45330	-2382.887	-2571.403	188.516	1.452702	0.5312135	4.477517
45336	-2388.851	-2576.96	188.1087	1.452702	0.4852708	4.748084
45342	-2398.413	-2585.02	186.6064	1.413828	0.4716774	5.614045
45348	-2406.653	-2593.851	187.198	1.471616	0.7162153	5.056514
45354	-2404.894	-2592.526	187.6322	1.473972	0.429229	5.056514
45360	-2402.724	-2588.079	185.3548	1.472256	0.429229	6.306511
45366	-2389.701	-2575.084	185.3824	1.116945	0.6347787	6.306511
45372	-2389.869	-2575.548	185.6792	1.380551	0.3998685	6.210076
45378	-2393.884	-2579.432	185.5483	1.217505	0.5733017	6.210076
45384	-2403.464	-2588.707	185.2432	1.189124	0.5733017	6.391175
45390	-2397.732	-2582.836	185.1042	1.207372	0.5733017	6.456641
45396	-2400.545	-2585.72	185.1752	1.24526	0.5733017	6.397649
45402	-2395.172	-2578.579	183.4071	1.212483	0.4676635	7.459969
45408	-2389.355	-2575.181	185.8268	1.345313	0.4676635	6.081548
45414	-2390.554	-2577.587	187.0331	1.37651	0.4676635	5.4037
45420	-2392.953	-2579.294	186.3413	1.260988	0.6062455	5.727098
45426	-2394.663	-2581.451	186.7873	1.297402	0.6062455	5.462242
45432	-2384.165	-2572.331	188.1666	1.533972	0.5276464	4.631327
45438	-2383.623	-2571.922	188.2989	1.470538	0.4856436	4.631327
45444	-2398.13	-2587.699	189.569	1.470538	0.4856436	3.911848
45450	-2386.737	-2575.997	189.2604	1.578971	0.4856436	4.026336
45456	-2381.709	-2572.156	190.4469	1.578971	0.5356923	3.291585
45462	-2381.512	-2570.37	188.8581	1.536705	0.5637494	4.208256
45468	-2411.792	-2600.798	189.0057	1.583752	0.5637494	4.097565
45474	-2393.412	-2575.512	182.0998	1.307068	0.4306242	8.14312
45480	-2402.93	-2587.756	184.826	1.307068	0.4787694	6.635086
45486	-2386.694	-2569.034	182.3401	1.156811	0.4787694	8.04982
45492	-2386.001	-2568.471	182.47	1.156811	0.4066001	8.04982
45498	-2394.523	-2578.536	184.013	1.103578	0.3258083	7.341705
45504	-2397.594	-2583.358	185.7636	1.391274	0.2927706	6.282373
45510	-2395.451	-2581.562	186.111	1.391274	0.2927706	6.093419
45516	-2408.724	-2595.916	187.1926	1.403719	0.1994025	5.630727
45522	-2388.849	-2574.783	185.9343	1.272398	0.3782054	6.153282
45528	-2400.418	-2583.985	183.5672	1.266712	0.4937745	7.321224
45504	-2476.804	-2663.916	187.1122	2.357383	0.4213018	4.862562
45510	-2442.582	-2626.068	183.4864	1.130798	0.5050251	7.427449
45516	-2429.1	-2612.722	183.6217	1.228413	0.3764294	7.427449
45522	-2424.148	-2606.694	182.5458	1.113595	0.4773538	7.964451
45528	-2423.241	-2607.85	184.6084	1.264949	0.3315502	6.928014
45534	-2408.454	-2596.193	187.7389	1.3767	0.3183157	5.175706
45540	-2401.464	-2579.16	177.6957	0.9105953	0.3582922	10.75287
45546	-2400.97	-2579.732	178.7629	0.9105953	0.35079	10.20077
45552	-2398.711	-2582.22	183.5093	1.097946	0.3127233	7.630267
45558	-2398.632	-2581.494	182.8626	0.9297226	0.3780077	7.991351
45564	-2392.219	-2575.874	183.655	1.080642	0.3846283	7.480059
45570	-2404.365	-2588.277	183.9123	1.328674	0.3237659	7.277369
45576	-2391.271	-2578.771	187.5	1.488045	0.3237659	5.239538
45582	-2410.944	-2596.191	185.2472	1.142764	0.5633698	6.422291
45588	-2400.895	-2587.068	186.1727	1.098777	0.3795092	6.116614
45594	-2401.663	-2587.718	186.0548	1.346654	0.2708785	6.177214
45600	-2406.606	-2589.849	183.2426	1.157973	0.7386693	7.364847
45606	-2392.142	-2575.82	183.6776	1.102972	0.4772078	7.364847
45612	-2387.966	-2571.749	183.7825	1.181439	0.5665666	7.189287
45618	-2407.82	-2592.015	184.1948	1.129294	0.3927505	7.155658
45624	-2389.943	-2572.818	182.8753	1.123849	0.3223989	7.943583
45630	-2387.77	-2570.745	182.9756	1.065031	0.3299357	7.912566
45636	-2390.747	-2573.515	182.7679	1.144583	0.3919186	7.912566
45642	-2395.223	-2578.64	183.4167	1.251449	0.288738	7.627566
45648	-2402.378	-2583.972	181.594	1.364899	0.3165416	8.504351
45654	-2409.979	-2597.911	187.932	1.533804	0.2930118	5.013852
45660	-2393.94	-2580.381	186.4412	1.42483	0.3564149	5.817807
45666	-2398.594	-2585.331	186.7364	1.459183	0.4375727	5.550835
45672	-2392.536	-2579.962	187.4255	1.459183	0.4375727	5.170817
45678	-2394.931	-2583.794	188.8634	1.707297	0.3483695	4.325786
45684	-2388.532	-2575.025	186.493	1.596825	0.2736015	5.797947
45690	-2390.109	-2579.972	189.8631	1.520029	0.4881887	3.711632
45696	-2376.193	-2566.527	190.3331	1.746749	0.3978912	3.40087
45702	-2385.958	-2575.433	189.4745	1.654985	0.7784776	3.620967
45708	-2392.24	-2581.69	189.4499	1.674598	0.7826574	3.620967
45714	-2386.676	-2573.257	186.581	1.487932	0.6320392	5.450731
45720	-2384.955	-2570.217	185.2623	1.243589	0.2942043	6.632282
45726	-2381.527	-2567.288	185.7611	1.199356	0.3865176	6.278191
45732	-2392.172	-2579.936	187.7648	1.33857	0.2877377	5.221659
45738	-2386.713	-2573.159	186.4469	1.358717	0.4013762	5.801705
45744	-2395.091	-2581.169	186.0777	1.250375	0.4013762	6.062435
45750	-2388.391	-2574.222	185.8317	1.271763	0.5302599	6.062435
45756	-2397.943	-2580.084	182.1408	1.020018	0.3624817	8.344465
45762	-2403.972	-2586.113	182.1408	1.020018	0.3624817	8.344465
45768	-2396.777	-2578.922	182.1452	1.122021	0.3779989	8.271146
45774	-2398.593	-2583.787	185.1941	1.383995	0.3779989	6.494783
45780	-2393.105	-2577.931	184.8253	1.263928	0.3779989	6.759162
45786	-2393.99	-2578.796	184.8066	1.282641	0.3779989	6.759162
45792	-2397.629	-2582.528	184.8981	1.282641	0.3341	6.759162
45798	-2398.19	-2582.757	184.5671	1.399599	0.4426328	6.759162
45804	-2402.804	-2587.747	184.942	1.32518	0.4482985	6.59126
45810	-2400.369	-2588.488	188.1189	1.541884	0.2345258	4.987849
45816	-2414.749	-2602.891	188.1426	1.3391	0.3062753	4.987849
45822	-2392.548	-2581.384	188.8357	1.454139	0.3665181	4.462966
45828	-2394.68	-2578.272	183.5913	1.152412	0.4778905	7.383993
45834	-2388.376	-2571.905	183.5282	1.166766	0.5070308	7.383993
45840	-2381.927	-2566.181	184.2541	1.215999	0.5023366	6.971556
45846	-2384.646	-2569.64	184.9938	1.400319	0.4440156	6.526721
45852	-2394.594	-2579.523	184.9282	1.31307	0.5349451	6.526721
45858	-2391.976	-2578.742	186.7665	1.329567	0.5105479	5.536604
45864	-2402.4	-2589.404	187.004	1.27158	0.577513	5.380322
45870	-2394.125	-2581.491	187.3659	1.514655	0.6241264	5.008124
45876	-2386.196	-2574.027	187.8306	1.394408	0.4121825	5.008124
45882	-2384.279	-2572.086	187.8069	1.394408	0.4168582	5.016438
45888	-2388.322	-2576.005	187.6838	1.356789	0.5088194	5.016438
45894	-2397.297	-2584.138	186.8411	1.476154	0.5088194	5.416464
45900	-2395.589	-2581.635	186.0466	1.175885	0.5088194	6.016378
45906	-2394.71	-2577.066	182.3567	1.175885	0.5088194	8.004062
45912	-2388.688	-2570.804	182.1165	1.137987	0.7002109	8.004062
45918	-2394.226	-2576.814	182.588	1.19388	0.3713576	8.004062
45924	-2405.747	-2588.103	182.3558	1.317491	0.4275921	8.004062
45930	-2398.743	-2581.741	182.9978	1.111636	0.3622823	7.83916
45936	-2390.645	-2572.963	182.3177	1.063891	0.4858885	8.104806
45942	-2401.564	-2591.945	190.3814	1.865282	0.3526865	3.356363
45948	-2404.257	-2592.27	188.0127	1.673614	0.48423	4.679219
45954	-2389.34	-2573.431	184.0911	1.309413	0.4100425	7.096682
45960	-2398.138	-2584.462	186.3236	1.233969	0.4100425	5.928224
45966	-2381.323	-2564.282	182.9591	1.173663	0.4100425	7.776329
45972	-2399.216	-2582.284	183.068	1.064738	0.4100425	7.776329
45978	-2394.703	-2577.237	182.5344	1.265611	0.6395145	7.756371
45984	-2385.557	-2569.361	183.8039	1.130962	0.3147133	7.452411
45990	-2394.937	-2579.501	184.564	1.180763	0.3147133	7.017414
45996	-2409.408	-2593.965	184.5574	1.287122	0.2725174	7.017414
46002	-2386.008	-2572.205	186.1968	1.32969	0.32662	6.03809
46008	-2387.234	-2573.627	186.3934	1.292664	0.3985899	5.870019
46014	-2403.102	-2589.345	186.2433	1.505908	0.3667929	5.870019
46020	-2397.29	-2583.311	186.0214	1.329609	0.859821	5.68894
46026	-2404.541	-2590.178	185.6372	1.458218	0.2298529	6.401659
46032	-2389.07	-2575.583	186.5129	1.610407	0.4165559	5.61176
46038	-2392.893	-2580.982	188.0888	1.538595	0.6139509	4.599364
46044	-2390.735	-2578.604	187.8689	1.360522	0.6139509	4.822022
46050	-2402.758	-2589.06	186.3024	1.360522	0.6062829	5.693855
46056	-2396.821	-2584.305	187.4846	1.329459	0.4411164	5.206315
46062	-2395.572	-2584.27	188.6981	1.622355	0.2670197	4.57208
46068	-2388.863	-2580.395	191.5322	1.624856	0.6150061	2.536153
46074	-2396.157	-2585.742	189.5849	1.644697	0.7878585	3.55628
46080	-2384.067	-2575.299	191.2311	1.736738	0.6150061	2.653328
46086	-2392.636	-2582.582	189.9468	1.736738	0.9897945	3.159675
46092	-2398.204	-2589.236	191.0323	1.736738	0.6395782	2.754089
46098	-2388.972	-2579.822	190.8497	1.686924	0.8173692	2.758342
46104	-2397.977	-2582.728	184.7514	1.276485	0.4601579	6.709289
46110	-2410.178	-2601.764	191.5859	1.740921	0.5814415	2.460579
46116	-2405.413	-2596.084	190.6715	1.740921	0.7282219	2.899419
46122	-2394.131	-2585.645	191.5146	1.844557	0.5614248	2.45924
46128	-2394.796	-2585.87	191.0734	1.665843	0.5614248	2.841417
46134	-2415.465	-2597.146	181.6817	1.079818	0.4008388	8.516149
46140	-2393.604	-2584.947	191.3434	1.872907	0.9494478	2.24248
46146	-2400.028	-2591.671	191.6436	1.916674	0.6588605	2.24248
46152	-2390.2	-2581.735	191.5347	1.886628	0.7668944	2.24248
46158	-2391.28	-2582.334	191.0541	1.886628	0.7668944	2.546332
46164	-2383.412	-2574.747	191.335	1.818155	0.6063219	2.546332
46170	-2386.901	-2578.289	191.3875	1.71246	0.5434472	2.637693
46176	-2392.438	-2583.508	191.0705	1.805104	0.6989486	2.639693
46182	-2391.046	-2582.046	190.9997	1.805104	0.6989486	2.68323
46188	-2398.54	-2589.54	191	1.804857	0.6989486	2.68323
46194	-2390.247	-2581.242	190.9945	1.804857	0.613976	2.757589
46200	-2395.94	-2580.299	184.3588	1.356624	0.6830842	6.695594
46206	-2381.318	-2566.319	185.0006	1.370403	0.4899095	6.496121
46212	-2393.404	-2578.517	185.1129	1.25805	0.4899095	6.496121
46218	-2398.105	-2583.5	185.3946	1.239681	0.5535942	6.297859
46224	-2402.425	-2590.724	188.2987	1.597112	0.5794871	4.476837
46230	-2398.086	-2587.107	189.0202	1.597112	0.5794871	4.068188
46236	-2398.082	-2587.096	189.0147	1.53862	0.363736	4.317488
46242	-2405.304	-2594.221	188.9165	1.464431	0.4543237	4.317488
46248	-2402.795	-2591.941	189.1467	1.687823	0.4760011	4.03848
46254	-2399.828	-2588.987	189.1594	1.67514	0.4760011	4.03848
46260	-2412.145	-2599.904	187.7596	1.596758	0.5339538	4.818205
46266	-2412.72	-2600.544	187.8239	1.427809	0.5339538	4.876529
46272	-2397.106	-2584.83	187.7235	1.566124	0.4401227	4.943568
46278	-2410.582	-2598.108	187.5259	1.566124	0.4337829	5.059722
46284	-2397.477	-2585.551	188.0743	1.494015	0.6254835	4.623297
46290	-2413.893	-2601.12	187.2274	1.586582	0.5851592	5.076373
46296	-2422.278	-2609.423	187.1456	1.433628	0.3500518	5.433751
46302	-2417.167	-2603.281	186.1138	1.315974	0.521408	5.892112
46308	-2397.892	-2582.717	184.8254	1.190845	0.521408	6.660115
46314	-2394.645	-2580.29	185.6456	1.190845	0.475896	6.256461
46320	-2394.68	-2581.04	186.3603	1.217678	0.5824624	5.759486
46326	-2386.917	-2571.679	184.7623	1.142902	0.6934465	6.585593
46332	-2387.78	-2573.466	185.6858	1.209922	0.4526962	6.246206
46338	-2387.874	-2573.043	185.1682	1.337248	0.6423121	6.29753
46344	-2387.5	-2572.858	185.3581	1.26186	0.2831723	6.584807
46350	-2390.053	-2574.941	184.8881	1.257388	0.4802719	6.626968
46356	-2405.915	-2590.925	185.0094	1.136135	0.4802719	6.626968
46362	-2390.697	-2577.875	187.1786	1.379893	0.4802719	5.30968
46368	-2393.037	-2579.494	186.4561	1.47498	0.4802719	5.654878
46374	-2389.029	-2569.693	180.6643	1.034605	0.5328691	8.957877
46380	-2386.396	-2575.168	188.772	1.593161	0.9563407	3.947204
46386	-2375.316	-2563.42	188.1047	1.289145	0.681127	4.678428
46392	-2391.531	-2580.765	189.2336	1.446058	0.7637197	3.89078
46398	-2393.555	-2580.047	186.4919	1.214536	0.5838358	5.68799
46404	-2394.633	-2580.719	186.0856	1.18534	0.5838358	5.926287
46410	-2398.151	-2583.144	184.9938	1.18534	0.5838358	6.519916
46416	-2404.082	-2589.181	185.099	1.294558	0.2882458	6.700648
46422	-2386.431	-2570.916	184.4856	1.19267	0.7042865	6.700648
46428	-2404.039	-2594.489	190.4507	1.443549	0.3642424	3.548433
46434	-2393.877	-2584	190.1228	1.593586	0.5790961	3.434247
46440	-2375.748	-2557.371	181.6237	1.012181	0.4555755	8.529341
46446	-2395.498	-2577.468	181.9707	1.026806	0.2799401	8.529341
46452	-2391.31	-2571.647	180.3369	1.163023	0.2799401	9.322611
46458	-2386.842	-2568.721	181.8783	1.085737	0.2628612	8.569675
46464	-2413.688	-2599.014	185.3253	1.31862	0.5204684	6.320913
46470	-2406.574	-2590.443	183.8692	1.31862	0.6054014	7.038014
46476	-2387.875	-2573.01	185.1351	1.180829	0.7101217	6.351262
46482	-2391.487	-2578.262	186.7745	1.775197	0.9331794	4.983564
46488	-2396.952	-2585.419	188.4667	1.773371	0.6145009	4.25356
46494	-2413.367	-2601.995	188.6284	1.386035	0.5192557	4.462545
46500	-2398.084	-2586.193	188.1089	1.415352	0.5447994	4.714908
46506	-2408.24	-2596.105	187.8643	1.320599	0.5447994	4.904311
46512	-2408.417	-2595.809	187.392	1.682634	0.4786922	5.025443
46518	-2398.4	-2584.239	185.8388	1.367397	0.6282648	5.926582
46524	-2402.106	-2588.814	186.7082	1.532975	0.8076314	5.231859
46530	-2404.549	-2590.718	186.1689	1.397417	0.3807369	5.954536
46536	-2389.088	-2575.754	186.666	1.30553	0.4898917	5.623789
46542	-2388.411	-2574.979	186.5683	1.403217	0.4898917	5.623789
46548	-2391.179	-2577.705	186.5258	1.403217	0.4898917	5.647089
46554	-2392.499	-2579.067	186.5684	1.355319	0.4930697	5.647089
46560	-2385.538	-2572.097	186.5585	1.335908	0.5108555	5.647089
46566	-2388.322	-2572.643	184.3209	1.312671	0.4275631	6.953615
46572	-2386.615	-2570.495	183.8801	1.317721	0.7132695	6.953615
46578	-2393.35	-2578.639	185.2889	1.299395	0.9047578	6.078732
46584	-2392.232	-2576.449	184.2171	1.509334	0.9047578	6.546781
46590	-2391.838	-2579.9	188.0626	1.4162	0.1960976	5.149855
46596	-2397.143	-2586.263	189.1198	1.372234	0.2779422	4.460375
46602	-2410.096	-2591.691	181.5945	1.106046	0.4075133	8.541736
46608	-2409.022	-2595.34	186.3173	1.443585	0.4443026	5.782563
46614	-2389.292	-2577.057	187.7645	1.496915	0.6240643	4.796125
46620	-2384.204	-2571.939	187.7348	1.526643	0.6240643	4.796125
46626	-2389.931	-2578.163	188.2323	1.541759	0.3294065	4.796125
46632	-2388.505	-2573.585	185.0802	1.223736	0.6185045	6.42501
46638	-2392.429	-2578.197	185.7675	1.155919	0.279723	6.42501
46644	-2385.673	-2573.316	187.643	1.304429	0.279723	5.31847
46650	-2385.518	-2571.675	186.1572	1.263484	0.6421975	5.798694
46656	-2398.221	-2585.969	187.7474	1.305939	0.4203486	5.094934
46662	-2397.247	-2586.586	189.339	1.399295	0.4203486	4.149838
46668	-2398.766	-2589.829	191.0636	1.731935	0.7288589	2.665352
46674	-2399.081	-2589.929	190.8477	1.827551	0.8198885	2.671597
46680	-2387.452	-2578.737	191.2848	1.71483	0.5730807	2.671597
46686	-2393.13	-2583.501	190.3708	1.674639	0.3855078	3.435185
46692	-2386.792	-2573.216	186.4238	1.371818	0.3684397	5.842795
46698	-2388.743	-2574.981	186.2381	1.293946	0.513919	5.842795
46704	-2403.935	-2586.381	182.4468	1.01814	0.7407942	7.864166
46710	-2388.099	-2570.899	182.8007	1.151264	0.3875082	7.896095
46716	-2398.483	-2582.059	183.5755	1.211216	0.4993991	7.341525
46722	-2393.68	-2580.256	186.5764	1.334436	0.3494907	5.801272
46728	-2389.157	-2575.244	186.0865	1.412039	0.7863363	5.654602
46734	-2401.94	-2589.032	187.0918	1.298515	0.3391489	5.550408
46740	-2396.346	-2583.047	186.7005	1.465363	0.3827336	5.624245
46746	-2398.352	-2584.761	186.4092	1.206822	0.3329582	5.981708
46752	-2402.225	-2588.267	186.0419	1.336158	0.5088476	5.931457
46758	-2396.044	-2582.655	186.6112	1.374837	0.496912	5.609395
46764	-2388.057	-2576.597	188.5393	1.395842	0.353416	4.677305
46770	-2384.628	-2571.915	187.2868	1.386835	0.4882732	5.2386
46776	-2393.866	-2582.296	188.4303	1.46993	0.4307258	4.612091
46782	-2400.611	-2588.94	188.3291	1.5317	0.2358259	4.874559
46788	-2394.271	-2580.196	185.9255	1.276894	0.2282252	6.346077
46794	-2395.905	-2581.164	185.2598	1.152426	0.4132739	6.547527
46800	-2406.148	-2591.175	185.0266	1.140448	0.5579918	6.547527
46806	-2399.122	-2584.282	185.1595	1.189395	0.5579918	6.449014
46812	-2402.148	-2586.408	184.26	1.14334	0.5579918	6.95993
46818	-2400.319	-2582.472	182.1529	1.150882	0.3886814	8.240391
46824	-2392.672	-2576.111	183.4394	1.148052	0.2472577	7.726309
46830	-2394.794	-2581.6	186.8059	1.59201	0.6882768	5.22709
46836	-2396.152	-2581.788	185.6362	1.241189	0.3027301	6.420335
46842	-2393.247	-2582.374	189.1272	1.333745	0.3027301	4.444678
46848	-2386.723	-2575.639	188.9157	1.565102	0.5783643	4.146894
46854	-2383.966	-2572.6	188.634	1.416979	0.3656399	4.598202
46860	-2381.904	-2566.135	184.231	1.249883	0.4814498	6.984571
46866	-2378.824	-2565.491	186.6673	1.179743	0.4278393	5.751768
46872	-2396.008	-2577.735	181.7274	1.008002	0.7108931	8.273197
46878	-2392.715	-2581.503	188.7876	1.471367	0.3654765	4.481497
46884	-2383.456	-2568.927	185.4708	1.290358	0.3654765	6.409334
46890	-2385.519	-2571.061	185.5419	1.122438	0.7467592	6.136702
46896	-2393.552	-2579.512	185.9603	1.146466	0.4472406	6.136702
46902	-2391.462	-2572.09	180.6283	1.051018	0.2780792	9.230176
46908	-2383.76	-2567.866	184.1054	1.411357	0.3801581	7.065433
46914	-2388.567	-2572.956	184.3889	1.098556	0.5239681	6.943305
46920	-2387.859	-2572.485	184.6257	1.391792	0.2584499	6.943305
46926	-2404.381	-2588.456	184.0749	1.15344	0.7044422	6.943305
46932	-2384.978	-2570.343	185.3649	1.130834	0.5277082	6.395015
46938	-2385.384	-2567.564	182.1799	1.086244	0.2712752	8.397939
46944	-2394.036	-2575.926	181.8898	1.038543	0.4304664	8.397939
46950	-2406.511	-2590.424	183.9135	1.057307	0.4476723	7.290401
46956	-2389.764	-2573.185	183.4212	1.067192	0.3922642	7.604389
46962	-2386.501	-2571.007	184.5058	1.1205	0.3922642	6.993586
46968	-2383.823	-2567.721	183.8982	1.097203	0.375844	7.350165
46974	-2408.891	-2592.064	183.1728	1.156952	0.8202369	7.350165
46980	-2392.982	-2576.123	183.1404	1.21908	0.6880614	7.421755
46986	-2405.589	-2589.513	183.9249	1.054107	0.3205489	7.421755
46992	-2388.016	-2570.736	182.7198	1.077141	0.3534676	8.015694
46998	-2399.801	-2581.886	182.0845	1.185182	0.3534676	8.296532
47004	-2402.857	-2584.619	181.7619	1.141034	0.5598754	8.296532
47010	-2395.694	-2581.915	186.2205	1.141034	0.3153135	6.14166
47016	-2403.362	-2585.363	182.0015	0.9978582	0.4446686	8.346484
47022	-2396.486	-2582.474	185.9883	1.206575	0.3590609	6.180949
47028	-2402.876	-2586.531	183.6553	1.272531	0.5258632	7.242698
47034	-2399.842	-2580.786	180.9436	1.026491	0.5258632	8.820103
47040	-2391.437	-2574.311	182.8742	1.062739	0.3410345	7.955034
47046	-2399.448	-2583.297	183.849	1.147638	0.3410345	7.388272
47052	-2393.738	-2577.62	183.8823	1.17363	0.3140855	7.388272
47058	-2393.663	-2576.72	183.0571	1.243871	0.7844249	7.388272
47064	-2399.129	-2582.566	183.4369	1.103388	0.6023612	7.388272
47070	-2390.554	-2575.345	184.7906	1.061948	0.5530189	6.721739
47076	-2391.675	-2574.612	182.9372	0.9937167	0.3751306	7.920515
47082	-2399.417	-2583.383	183.9656	1.029747	0.5052745	7.224325
47088	-2394.548	-2583.714	189.1662	1.457748	0.329286	4.31886
47094	-2396.006	-2584.639	188.6329	1.560613	0.5676729	4.31886
47100	-2391.725	-2580.811	189.0862	1.554329	0.3218187	4.31886
47106	-2392.03	-2580.239	188.2092	1.621694	0.4793557	4.602801
47112	-2397.64	-2587.845	190.2052	1.787878	0.8278399	3.079067
47118	-2386.923	-2577.839	190.9161	1.813921	0.8278399	2.632201
47124	-2398.693	-2587.521	188.8279	1.619812	0.4470096	4.287057
47130	-2396.266	-2580.818	184.5528	1.254978	0.7124219	6.62497
47136	-2404.043	-2589.854	185.811	1.226168	0.367109	6.257657
47142	-2393.154	-2578.827	185.6727	1.283294	0.3698537	6.298732
47148	-2404.33	-2589.379	185.0489	1.13853	0.4149766	6.667379
47154	-2406.599	-2593.786	187.1865	1.437484	0.4179892	5.33481
47160	-2380.333	-2566.22	185.8873	1.437484	0.4179892	6.047036
47166	-2387.78	-2574.555	186.7749	1.437484	0.5175216	5.466405
47172	-2390.161	-2576.536	186.3753	1.257095	0.4036331	5.893997
47178	-2380.9	-2564.533	183.633	1.080682	0.6105389	7.288912
47184	-2383.964	-2569.512	185.5476	1.14264	0.4305969	6.379382
47190	-2391.868	-2576.509	184.6412	1.018538	0.4130333	6.95409
47196	-2380.637	-2566.667	186.0307	1.296961	0.4130333	6.050573
47202	-2373.556	-2558.912	185.3559	1.228238	0.4130333	6.454623
47208	-2401.379	-2587.578	186.199	1.212729	0.4665939	5.951877
47214	-2395.433	-2581.679	186.2459	1.23483	0.3915579	5.989587
47220	-2401.07	-2589.15	188.0809	1.402268	0.7054487	4.61051
47226	-2404.155	-2589.765	185.6106	1.350714	0.7054487	6.003418
47232	-2384.039	-2570.56	186.5213	1.392506	0.7054487	5.481718
47238	-2384.581	-2570.363	185.7825	1.294514	0.4175262	6.182445
47244	-2383.181	-2569.072	185.8906	1.334152	0.385637	6.135437
47250	-2395.559	-2580.069	184.5107	1.254567	0.2963809	7.029069
47256	-2389.329	-2573.749	184.4205	1.016519	0.4589732	7.029069
47262	-2389.208	-2568.742	179.534	1.047545	0.4817444	9.592607
47268	-2390.323	-2569.952	179.6287	1.009589	0.4491309	9.592607
47274	-2386.451	-2569.451	182.9999	1.013414	0.4103521	7.839791
47280	-2384.786	-2568.331	183.5448	1.072347	0.4103521	7.516872
47286	-2399.025	-2578.018	178.9928	0.8459205	0.3556643	10.10848
47292	-2409.299	-2589.024	179.7247	0.7871095	0.3556643	9.754108
47298	-2404.012	-2583.742	179.7305	0.9300155	0.2889004	9.754108
47304	-2392.571	-2579.244	186.6733	1.236953	0.368258	5.780309
47310	-2387.65	-2572.6	184.9504	1.117294	0.3725079	6.77679
47316	-2402.787	-2587.547	184.7601	1.117294	0.4749044	6.77679
47322	-2391.177	-2576.97	185.7935	1.293893	0.536797	6.06558
47328	-2386.212	-2572.045	185.8328	1.354021	0.3502698	6.195286
47334	-2386.538	-2572.434	185.8957	1.193806	0.3985602	6.195286
47340	-2388.266	-2574.213	185.9469	1.172179	0.354422	6.227391
47346	-2389.076	-2577.132	188.0563	1.786461	0.244171	4.872186
47352	-2391.266	-2580.076	188.8104	1.533352	0.2141416	4.638483
47358	-2382.503	-2567.245	184.7429	1.355564	0.5554151	6.586766
47364	-2403.234	-2587.893	184.6596	1.375301	0.5554151	6.621136
47370	-2392.296	-2572.82	180.5245	1.156649	0.4575227	9.033753
47376	-2385.257	-2569.39	184.1331	1.156649	0.4575227	7.109691
47382	-2394.054	-2578.321	184.2672	1.194651	0.3666065	7.109691
47388	-2404.403	-2592.317	187.9139	1.410145	0.5037978	4.86333
47394	-2391.057	-2575.541	184.4839	1.362092	0.5037978	6.767552
47400	-2393.012	-2578.419	185.407	1.303791	0.6085335	6.211822
47406	-2394.907	-2580.293	185.3857	1.325072	0.6085335	6.211822
47412	-2394.006	-2580.426	186.4204	1.325072	0.3624751	5.876906
47418	-2399.869	-2586.109	186.2392	1.325072	0.4578287	5.876906
47424	-2396.49	-2581.724	185.2341	1.352197	0.4578287	6.409263
47430	-2399.974	-2586.782	186.8082	1.419386	0.4155309	5.555583
47436	-2398.441	-2584.918	186.4768	1.352108	0.4155309	5.774228
47442	-2393.718	-2576.048	182.3305	1.022381	0.4522931	8.151077
47448	-2403.672	-2585.198	181.526	1.117169	0.3975277	8.582376
47454	-2389.304	-2573.024	183.7203	1.192042	0.366198	7.40519
47460	-2394.325	-2580.542	186.217	1.185127	0.366198	6.060084
47466	-2380.592	-2566.843	186.2515	1.150596	0.366198	6.060084
47472	-2382.417	-2564.912	182.4944	1.226837	0.3028432	8.115402
47478	-2391.897	-2575.474	183.5769	1.342921	0.3500585	7.419163
47484	-2404.192	-2588.021	183.8287	1.342921	0.2432824	7.419163
47490	-2412.462	-2600.075	187.6131	1.722117	0.2432824	5.155341
47496	-2399.359	-2588.447	189.0881	1.641172	0.4185632	4.15688
47502	-2393.951	-2584.534	190.5828	1.594742	0.4632325	3.272863
47508	-2388.179	-2574.551	186.372	1.366947	0.4426133	5.796225
47514	-2401.239	-2588.168	186.9292	1.338359	0.2524328	5.729989
47520	-2387.631	-2572.838	185.2071	1.272914	0.5481277	6.386183
47526	-2390.447	-2575.785	185.338	1.432829	0.3818278	6.386183
47532	-2388.653	-2575.207	186.5533	1.353521	0.3818278	5.767193
47538	-2387.427	-2571.05	183.6229	1.478769	0.3135061	7.364459
47544	-2399.157	-2581.417	182.26	1.095917	0.4392314	8.161931
47550	-2391.909	-2575.846	183.9364	1.095917	0.3693763	7.337397
47556	-2394.288	-2578.833	184.545	1.314126	0.3693763	6.892688
47562	-2382.468	-2566.364	183.8957	1.230259	0.5588629	7.108507
47568	-2387.268	-2571.503	184.2352	1.216277	0.3727921	7.108507
47574	-2374.012	-2558.344	184.3321	1.119369	0.3727921	7.108507
47580	-2378.292	-2562.203	183.9107	0.9512305	0.5364854	7.269051
47586	-2387.65	-2572.094	184.4439	1.123657	0.4051121	7.011868
47592	-2407.757	-2588.591	180.8347	1.03288	0.4479002	8.944024
47598	-2397.289	-2578.204	180.9152	0.9523827	0.4479002	8.944024
47604	-2400.033	-2580.73	180.6969	1.23101	0.4149832	8.944024
47610	-2391.88	-2573.871	181.9912	1.059752	0.4530949	8.311061
47616	-2391.059	-2574.411	183.352	1.223093	0.4740761	7.477883
47622	-2394.643	-2577.925	183.2819	1.293204	0.4740761	7.477883
47628	-2405.173	-2588.843	183.6694	1.381097	0.5602009	7.147965
47634	-2404.16	-2589.914	185.7537	1.381097	0.4205422	6.147956
47640	-2394.928	-2576.729	181.8006	1.036577	0.4205422	8.456118
47646	-2386.087	-2569.282	183.1949	1.033715	0.4451649	7.690484
47652	-2398.051	-2583.939	185.8879	1.265865	0.4171157	6.141098
47658	-2391.381	-2577.635	186.254	1.426964	0.4886031	5.78419
47664	-2397.385	-2579.743	182.3584	1.369882	0.2945048	8.122042
47670	-2404.81	-2585.711	180.9012	1.009643	0.6979966	8.720164
47676	-2398.994	-2581.19	182.1969	1.294004	0.3313992	8.203919
47682	-2404.873	-2588.535	183.6614	1.1372	0.6183188	7.237338
47688	-2408.821	-2592.258	183.4366	1.361957	0.6183188	7.237338
47694	-2400.52	-2585.968	185.4472	1.498582	0.3721354	6.301793
47700	-2393.913	-2583.045	189.1322	1.556328	0.3721354	4.231251
47706	-2401.607	-2588.949	187.3415	1.52219	0.5808518	5.052331
47712	-2389.534	-2576.874	187.3398	1.583226	0.5128188	5.078056
47718	-2406.638	-2595.919	189.2814	1.702188	0.3961412	4.036359
47724	-2387.22	-2575.936	188.7163	1.651898	0.3961412	4.385547
47730	-2399.527	-2586.142	186.6155	1.561633	0.6475318	5.379281
47736	-2391.662	-2578.609	186.9474	1.270118	0.6186472	5.379281
47742	-2398.091	-2584.632	186.5414	1.403162	0.6186472	5.529536
47748	-2399.661	-2588.284	188.6231	1.332638	0.6186472	4.410952
47754	-2395.73	-2585.806	190.0759	1.522086	0.3420881	3.747002
47760	-2388.309	-2576.443	188.1347	1.315728	0.4185339	4.876087
47766	-2394.192	-2579.338	185.1457	1.139858	0.5459209	6.493419
47772	-2400.666	-2584.04	183.3742	1.177823	0.3423727	7.624888
47778	-2399.219	-2585.152	185.9325	1.173715	0.560825	6.035042
47784	-2389.464	-2574.563	185.0989	1.260811	0.5372508	6.460609
47790	-2383.813	-2566.377	182.565	1.179947	0.308305	8.096107
47796	-2388.596	-2569.554	180.9588	1.072504	0.4080144	8.89622
47802	-2395.275	-2576.525	181.2503	1.014387	0.2971965	8.89622
47808	-2401.537	-2583.505	181.9682	0.9581178	0.3349143	8.500127
47814	-2402.16	-2584.633	182.4726	1.074611	0.2343652	8.29944
47820	-2402.689	-2585.993	183.3047	0.9537083	0.435758	7.683633
47826	-2388.807	-2572.428	183.6214	1.074622	0.435758	7.449336
47832	-2396.677	-2580.424	183.7468	1.143789	0.3373619	7.449336
47838	-2388.276	-2568.623	180.3468	1.115639	0.494364	9.11609
47844	-2396.365	-2578.279	181.9146	1.072228	0.494364	8.307451
47850	-2397.984	-2579.977	181.9926	1.127759	0.4172946	8.308792
47856	-2400.884	-2583.114	182.2295	0.8908244	0.4172946	8.308792
47862	-2401.74	-2583.665	181.9248	0.9953526	0.5339105	8.308792
47868	-2392.336	-2574.213	181.8772	1.043017	0.5339105	8.308792
47874	-2398.017	-2583.858	185.841	1.444742	0.4015919	6.085255
47880	-2397.463	-2579.063	181.5995	1.105208	0.4602787	8.488421
47886	-2402.562	-2586.632	184.0695	1.220969	0.3755859	7.192041
47892	-2398.169	-2583.462	185.2927	1.330881	0.7675081	6.145035
47898	-2393.967	-2579.085	185.1187	1.216742	0.6520858	6.382488
47904	-2400.393	-2585.442	185.0491	1.108817	0.6520858	6.478753
47910	-2400.242	-2585.033	184.791	1.280208	0.4477927	6.697742
47916	-2395.237	-2580.719	185.4818	1.332844	0.4656846	6.277896
47922	-2385.509	-2570.681	185.1722	1.328556	0.6723063	6.277896
47928	-2395.194	-2578.931	183.7379	1.262117	0.5086716	7.21883
47934	-2396.005	-2579.38	183.3754	1.135262	0.5562735	7.440973
47940	-2399.503	-2582.496	182.9922	1.199163	0.6527787	7.537196
47946	-2392.299	-2575.249	182.9492	1.357726	0.5722082	7.537196
47952	-2392.291	-2577.05	184.759	1.230954	0.7115738	6.526966
47958	-2391.894	-2573.577	181.6827	1.178976	0.6352949	8.259885
47964	-2412.154	-2598.733	186.579	1.211832	0.3931062	5.818539
47970	-2399.191	-2588.298	189.1071	1.661702	0.4077485	4.145977
47976	-2390.12	-2579.339	189.2185	1.724082	0.4077485	4.046996
47982	-2392.401	-2582.284	189.8834	1.724082	0.429052	3.641897
47988	-2392.524	-2581.556	189.0319	1.549557	0.429052	4.229764
47994	-2405.93	-2595.453	189.5234	1.696872	0.8253332	3.536131
48000	-2402.578	-2591.89	189.3119	1.687574	0.4753698	3.944803
48006	-2406.039	-2593.014	186.9756	1.620487	0.6837668	5.120716
48012	-2404.773	-2594.654	189.8815	1.717291	0.6837668	3.417104
48018	-2394.902	-2584.652	189.7504	1.717291	0.7881562	3.417104
48024	-2410.085	-2600.527	190.4426	1.697633	0.887372	2.950874
48030	-2403	-2591.124	188.1243	1.697633	1.011903	4.224648
48036	-2402.088	-2590.862	188.7747	1.581036	0.4604541	4.325687
48042	-2409.786	-2599.108	189.3219	1.6551	0.4938015	3.939858
48048	-2405.05	-2593.933	188.8826	1.6551	0.8109024	3.939858
48054	-2400.811	-2590.219	189.4082	1.486389	0.5449387	3.939858
48060	-2393.678	-2581.177	187.4992	1.425426	0.5724372	5.02548
48066	-2402.061	-2590.513	188.4528	1.45106	0.5724372	4.47824
48072	-2400.883	-2584.642	183.7588	1.251644	0.4181135	7.298145
48078	-2393.045	-2581.087	188.0423	1.393614	0.4181135	4.884624
48084	-2386.587	-2574.286	187.6992	1.407607	0.3149976	5.18471
48090	-2386.679	-2570.455	183.7751	1.189315	0.4895457	7.254938
48096	-2396.434	-2580.41	183.9753	1.168357	0.4895457	7.158669
48102	-2404.311	-2589.802	185.4906	1.19342	0.5142894	6.304542
48108	-2410.604	-2596.19	185.5867	1.382351	0.3582647	6.304542
48114	-2404.999	-2590.998	185.9996	1.329286	0.3582647	6.108899
48120	-2405.446	-2590.415	184.9699	1.260719	0.6502392	6.44071
48126	-2399.047	-2583.576	184.5284	1.144597	0.3938245	6.966778
48132	-2404.357	-2588.474	184.1169	1.115079	0.6686538	6.966778
48138	-2397.618	-2587.633	190.0152	1.49423	0.4855052	3.641154
48144	-2399.878	-2587.474	187.5956	1.512229	0.5236142	4.965769
48150	-2390.523	-2576.961	186.4378	1.353357	0.3365362	5.881829
48156	-2390.401	-2577.406	187.0054	1.353357	0.3365362	5.570869
48162	-2401.126	-2589.746	188.6204	1.454882	0.3519292	4.600526
48168	-2401.225	-2591.74	190.5151	1.717739	0.3875191	3.322921
48174	-2387.785	-2578.653	190.8678	1.676637	0.7101821	2.83341
48180	-2394.953	-2584.418	189.4651	1.676637	0.9360349	3.510932
48186	-2396.062	-2585.261	189.1996	1.687291	1.141116	3.543017
48192	-2381.882	-2571.181	189.2986	1.55163	0.7398611	3.809691
48198	-2385.598	-2576.033	190.4349	1.500981	0.526154	3.35342
48204	-2383.854	-2574.126	190.2725	1.500981	0.526154	3.44861
48210	-2387.855	-2575.812	187.9575	1.480878	0.526154	4.779358
48216	-2382.461	-2569.753	187.2914	1.376151	0.606777	5.140042
48222	-2374.729	-2563.016	188.2867	1.469599	0.712796	4.451673
48228	-2393.519	-2582.326	188.8071	1.447499	0.3942118	4.451673
48234	-2386.329	-2575.144	188.8154	1.546939	0.5485746	4.239863
48240	-2388.385	-2574.221	185.8359	1.32612	0.5485746	6.014838
48246	-2396.383	-2581.906	185.5236	1.393133	0.5291517	6.1651
48252	-2387.818	-2573.265	185.4475	1.340744	0.6144312	6.1651
48258	-2392.409	-2580.593	188.1839	1.308553	0.4212134	4.849924
48264	-2401.366	-2589.143	187.7766	1.51672	0.5108817	4.873954
48270	-2384.876	-2573.113	188.2369	1.327055	0.4399058	4.790877
48276	-2407.81	-2594.406	186.5959	1.250881	0.4331804	5.746558
48282	-2400.733	-2585.474	184.7408	1.163697	0.267122	6.992321
48288	-2404.151	-2585.89	181.7395	1.198408	0.297853	8.538273
48294	-2411.053	-2595.802	184.749	1.338726	0.473344	6.664639
48300	-2385.406	-2570.17	184.764	1.224491	0.473344	6.718239
48306	-2392.767	-2580.959	188.1928	1.268471	0.3846612	4.90637
48312	-2393.082	-2578.966	185.8843	1.171237	0.4729797	6.140042
48318	-2402.15	-2586.13	183.9803	1.075356	0.4729797	7.221065
48324	-2390.889	-2576.442	185.5523	1.343833	0.5144422	6.18911
48330	-2398.592	-2581.975	183.3835	1.112519	0.6525177	7.374107
48336	-2389.868	-2574.837	184.969	1.225324	0.4198185	6.658773
48342	-2390.315	-2575.284	184.9683	1.210747	0.4280241	6.658773
48348	-2382.963	-2569.844	186.881	1.312497	0.5148677	5.479204
48354	-2384.654	-2571.554	186.9002	1.353043	0.3072359	5.664571
48360	-2387.422	-2573.61	186.188	1.39301	0.5073281	5.82188
48366	-2391.072	-2578.94	187.8688	1.39301	0.5073281	4.894775
48372	-2384.801	-2572.367	187.5657	1.558543	0.5073281	4.971326
48378	-2377.576	-2564.238	186.6618	1.411459	0.4549634	5.600912
48384	-2382.454	-2569.951	187.4969	1.49795	0.4549634	5.092519
48390	-2384.131	-2569.9	185.7685	1.426661	0.4549634	6.081082
48396	-2386.271	-2571.639	185.3683	1.362804	0.7756915	6.081082
48402	-2389.328	-2571.073	181.7453	1.082955	0.5612591	8.335094
48408	-2396.068	-2577.903	181.8353	1.101192	0.5003294	8.328969
48414	-2384.944	-2568.25	183.3055	1.041239	0.5003294	7.576498
48420	-2386.351	-2570.593	184.2421	1.267039	0.4239914	7.024182
48426	-2389.521	-2570.151	180.6299	0.9263073	0.4239914	9.131851
48432	-2398.818	-2584.056	185.238	1.276573	0.353468	6.556387
48438	-2409.961	-2593.357	183.3969	1.065871	0.5155915	7.501013
48444	-2384.102	-2571.747	187.6451	1.293907	0.3213152	5.269678
48450	-2382.006	-2569.071	187.0653	1.239011	0.3619926	5.57128
48456	-2396.172	-2582.318	186.1458	1.482245	0.805131	5.57128
48462	-2390.265	-2578.449	188.1834	1.482245	0.5603275	4.62235
48468	-2396.372	-2582.211	185.8388	1.376319	0.8925634	5.74356
48474	-2391.708	-2578.136	186.4283	1.369735	0.4627175	5.744371
48480	-2401.954	-2590.776	188.8223	1.45361	0.4627175	4.368553
48402	-2437.244	-2624.119	186.8747	1.337449	0.3732264	5.609258
48408	-2426.895	-2612.277	185.3828	1.36126	0.437396	6.343478
48414	-2397.501	-2585.155	187.6538	1.424716	0.5963194	4.920259
48420	-2410.021	-2597.423	187.4018	1.438632	0.4496158	5.183347
48426	-2412.161	-2599.018	186.8576	1.204647	0.342731	5.726203
48432	-2408.898	-2596.659	187.7609	1.499613	0.605544	4.811415
48438	-2406.107	-2593.88	187.7736	1.368982	0.4177903	5.048046
48444	-2416.464	-2599.177	182.7135	1.512924	0.3025362	7.846307
48450	-2417.99	-2602.996	185.0063	1.520714	1.043704	6.034821
48456	-2411.882	-2599.197	187.3144	1.743649	1.091757	4.611982
48462	-2408.541	-2597.569	189.0277	1.591156	0.4690212	4.168122
48468	-2400.984	-2588.852	187.8687	1.44282	0.7933231	4.645696
48474	-2388.264	-2578.738	190.4733	1.690902	0.5643985	3.183513
48480	-2391.815	-2579.811	187.996	1.490752	0.3731069	4.904993
48486	-2399.241	-2586.517	187.276	1.313455	0.5567744	5.224395
48492	-2391.318	-2577.511	186.193	1.446336	0.3848784	5.910158
48498	-2407.134	-2594.918	187.7838	1.563533	0.8001929	4.621052
48504	-2394.943	-2582.634	187.6904	1.54561	0.7171295	4.740481
48510	-2396.146	-2584.208	188.0619	1.491601	0.4981022	4.740481
48516	-2389.937	-2576.548	186.6114	1.361648	0.4261246	5.684422
48522	-2382.698	-2570.729	188.0312	1.66021	0.4261246	4.733752
48528	-2385.657	-2572.669	187.0121	1.331152	0.5180011	5.393918
48534	-2388.998	-2573.219	184.221	1.075736	0.4081674	7.154439
48540	-2386.652	-2571.995	185.3423	1.182859	0.330177	6.577665
48546	-2376.466	-2557.625	181.1586	1.047228	0.2560803	8.980836
48552	-2390.796	-2575.133	184.3364	1.078639	0.3666777	7.13474
48558	-2383.792	-2568.188	184.3957	1.084443	0.3357418	7.13474
48564	-2402.18	-2584.819	182.6389	1.099463	0.3949631	8.002296
48570	-2402.526	-2585.019	182.4922	1.278409	0.647063	7.766507
48576	-2398.823	-2583.086	184.2629	1.264721	0.4012832	7.037327
48582	-2397.608	-2585.257	187.6491	1.556801	0.5105063	4.923026
48588	-2398.025	-2585.797	187.7721	1.476149	0.4849382	4.923026
48594	-2400.671	-2588.605	187.9345	1.652139	0.5207773	4.701271
48600	-2414.922	-2600.105	185.1832	1.088869	0.5162057	6.526258
48606	-2397.824	-2583.096	185.2715	1.208343	0.5162057	6.413676
48612	-2408.071	-2593.774	185.7031	1.437889	0.4204337	6.144669
48618	-2404.144	-2587.713	183.5697	1.137377	0.4417318	7.437608
48624	-2410.62	-2597.799	187.1793	1.345518	0.5400252	5.274436
48630	-2395.445	-2581.931	186.4869	1.290612	0.4242111	5.793509
48636	-2408.227	-2593.554	185.3271	1.352672	0.7083855	6.154741
48642	-2415.876	-2603.151	187.2754	1.436249	0.5210326	5.187806
48648	-2402.144	-2588.362	186.2178	1.421682	0.8539439	5.534187
48654	-2395.443	-2580.929	185.486	1.269435	0.647752	6.157546
48660	-2394.506	-2582.546	188.0401	1.612456	0.647752	4.558661
48666	-2386.738	-2576.926	190.1878	1.704074	0.4562934	3.447846
48672	-2389.371	-2579.582	190.2104	1.597214	0.4768802	3.476188
48678	-2404.726	-2594.344	189.6183	1.717395	0.6310484	3.612344
48684	-2390.343	-2578.544	188.2012	1.550532	0.5242548	4.605681
48690	-2400.364	-2590.875	190.5112	1.630997	0.5242548	3.233594
48696	-2386.034	-2575.869	189.8352	1.813479	0.7809441	3.315897
48702	-2387.77	-2576.809	189.0386	1.899698	0.8781301	3.665276
48708	-2382.079	-2570.632	188.5526	1.516665	0.4187816	4.529589
48714	-2385.568	-2573.141	187.5728	1.467549	0.6118642	4.928978
48720	-2416.839	-2603.229	186.3896	1.3342	0.340359	5.914106
48726	-2407.371	-2593.502	186.1304	1.481203	0.3953274	5.914106
48732	-2384.867	-2572.158	187.2917	1.319173	0.5304857	5.23517
48738	-2402.346	-2587.739	185.3936	1.312118	0.5498612	6.262184
48744	-2393.044	-2578.294	185.2505	1.165087	0.4923604	6.469755
48750	-2387.109	-2567.623	180.5135	1.067727	0.4923604	9.055032
48756	-2383.058	-2566.54	183.4817	1.048004	0.5568476	7.430329
48762	-2385.141	-2571.658	186.5163	1.337841	0.4854034	5.69228
48768	-2391.508	-2578.816	187.3085	1.357597	0.3959588	5.334738
48774	-2390.741	-2579.48	188.7394	1.740066	0.5934544	4.134982
48780	-2391.001	-2580.736	189.7348	1.909979	0.7319697	3.353624
48786	-2391.347	-2579.21	187.8636	1.68109	0.788122	4.518314
48792	-2389.896	-2578.226	188.3303	1.635693	0.788122	4.280638
48798	-2391.403	-2578.061	186.658	1.426268	0.3138097	5.748996
48804	-2378.901	-2567.684	188.7827	1.434231	0.398155	4.468577
48810	-2383.462	-2573.166	189.7042	1.761813	0.4415995	3.710558
48816	-2385.848	-2573.107	187.2585	1.607689	0.5498573	5.077037
48822	-2388.132	-2576.131	187.9993	1.573274	0.4456747	4.780316
48828	-2370.728	-2557.23	186.5018	1.42576	0.5761915	5.572897
48834	-2390.698	-2571.582	180.8844	1.033101	0.5761915	8.806745
48840	-2397.217	-2578.531	181.3133	1.120489	0.4774281	8.61653
48846	-2389.592	-2573.95	184.3581	1.202892	0.4166071	7.003676
48852	-2407.784	-2593.634	185.8497	1.403955	0.2439777	6.29508
48858	-2417.653	-2605.758	188.1045	1.525358	0.4096707	4.785341
48864	-2393.315	-2581.61	188.2956	1.401147	0.3147801	4.857355
48870	-2394.063	-2579.852	185.7883	1.361059	0.3629484	6.201309
48876	-2400.513	-2587.911	187.3975	1.493296	0.5537269	5.060077
48882	-2385.003	-2573.54	188.5371	1.433646	0.5365065	4.4717
48888	-2385.194	-2569.782	184.5881	1.20866	0.6887641	6.647565
48894	-2388.585	-2569.979	181.3933	0.9828316	0.3175104	8.812439
48900	-2396.198	-2580.025	183.8271	1.031748	0.340731	7.462446
48906	-2390.73	-2575.742	185.0114	1.227532	0.3780967	6.678197
48912	-2381.088	-2566.188	185.1004	1.138588	0.3780967	6.678197
48918	-2389.64	-2572.513	182.8732	1.127238	0.4056348	7.851452
48924	-2390.01	-2573.627	183.6176	1.280446	0.2834108	7.511327
48930	-2394.623	-2579.02	184.3972	1.205062	0.4442527	6.954166
48936	-2392.527	-2576.7	184.1729	1.074805	0.3637666	7.227921
48942	-2384.643	-2566.398	181.7548	1.074805	0.3637666	8.519123
48948	-2396.353	-2578.185	181.8319	0.9633311	0.3467773	8.556215
48954	-2392.09	-2574.511	182.4211	0.9793198	0.4497119	8.12818
48960	-2389.732	-2573.291	183.5591	1.348607	0.4497119	7.322357
48966	-2398.648	-2584.255	185.6068	0.9924465	0.4345119	6.424895
48972	-2406.653	-2587.838	181.1852	1.363509	0.4966694	8.538322
48978	-2397.354	-2580.878	183.5232	1.128707	0.3625532	7.548786
48984	-2396.673	-2582.408	185.7349	1.236389	0.3524938	6.30991
48990	-2392.354	-2575.828	183.4733	1.180071	0.4358886	7.472045
48996	-2400.43	-2582.674	182.244	1.270353	0.4358886	8.080735
49002	-2410.315	-2595.827	185.512	1.14188	0.2981252	6.54724
49008	-2413.463	-2597.942	184.4789	1.380801	0.2633366	7.021614
49014	-2414.234	-2603.136	188.9024	1.548717	0.5756714	4.166029
49020	-2412.098	-2602.746	190.6472	1.820682	0.7182285	2.873515
49026	-2406.727	-2595.325	188.5986	1.671302	0.3633029	4.477854
49032	-2404.628	-2589.633	185.0049	1.459452	0.3633029	6.572522
49038	-2413.086	-2595.233	182.1476	1.223315	0.3836704	8.209904
49044	-2393.026	-2580.335	187.3089	1.587289	0.3445736	5.265325
49050	-2399.743	-2587.965	188.2216	1.621048	0.6869385	4.421956
49056	-2392.608	-2579.538	186.9297	1.523273	0.7315544	5.165801
49062	-2392.234	-2579.28	187.0457	1.523273	0.5487182	5.242548
49068	-2404.949	-2591.554	186.6047	1.523824	0.8672096	5.256531
49074	-2405.601	-2593.205	187.6032	1.545011	0.5969115	4.880967
49080	-2410.326	-2592.293	181.9673	1.165187	0.3733353	8.347785
49086	-2408.929	-2595.681	186.7522	1.298148	0.4307696	5.63737
49092	-2397.478	-2579.738	182.2593	1.329722	0.3305695	8.152593
49098	-2395.68	-2580.949	185.2688	1.289635	0.4120071	6.469646
49104	-2403.964	-2590.577	186.6122	1.35092	0.4672307	5.649571
49110	-2397.881	-2582.97	185.0892	1.328741	0.5634864	6.407026
49116	-2400.273	-2585.434	185.1607	1.218123	0.8509033	6.225044
49122	-2403.859	-2591.287	187.4284	1.67357	0.2793985	5.233541
49128	-2403.341	-2590.848	187.5076	1.376098	0.5064844	5.105586
49134	-2390.388	-2578.132	187.7435	1.549694	0.8757593	4.603039
49140	-2404.673	-2593.096	188.4228	1.567628	0.9301484	4.176449
49146	-2405.013	-2592.769	187.7556	1.443219	0.4816904	4.953581
49152	-2412.12	-2597.876	185.7564	1.419765	0.5273288	6.025337
49158	-2398.09	-2584.217	186.127	1.350306	0.3606317	6.025337
49164	-2384.708	-2571.475	186.7665	1.426762	0.4336325	5.556014
49170	-2391.367	-2580.227	188.8593	1.640493	0.2840283	4.447663
49176	-2390.029	-2578.434	188.4044	1.618295	0.5161666	4.460676
49182	-2386.356	-2574.331	187.9748	1.583153	0.369264	4.869672
49188	-2390.594	-2577.652	187.0579	1.535319	0.5833826	5.200107
49194	-2392.56	-2578.026	185.466	1.488403	0.4953604	6.174452
49200	-2389.668	-2575.214	185.5464	1.408005	0.4953604	6.174452
49206	-2390.659	-2576.668	186.0087	1.582854	0.2441678	6.11103
49212	-2375.757	-2561.488	185.7304	1.316973	0.5096962	6.11103
49218	-2381.664	-2567.826	186.1627	1.54388	0.4333825	5.823046
49224	-2390.646	-2575.172	184.5261	1.263269	0.3255829	6.980301
49230	-2394.263	-2577.557	183.294	1.242588	0.4567411	7.514666
49236	-2390.474	-2573.841	183.3665	1.170054	0.4567411	7.514666
49242	-2397.345	-2581.089	183.7439	1.190912	0.5029232	7.258895
49248	-2394.492	-2576.04	181.5476	1.218403	0.4809431	8.4369
49254	-2389.928	-2576.512	186.5835	1.339504	0.5325472	5.612275
49260	-2396.443	-2585.81	189.3671	1.622479	0.450403	3.975388
49266	-2393.99	-2583.825	189.8349	1.736352	0.6008443	3.500375
49272	-2388.845	-2578.558	189.7131	1.871787	0.4909901	3.591999
49278	-2389.74	-2577.919	188.1788	1.498462	0.4909901	4.677904
49284	-2393.738	-2580.935	187.1973	1.605527	0.5145167	5.143134
49290	-2385.072	-2571.323	186.2505	1.238285	0.4050448	5.970976
49296	-2404.268	-2591.807	187.539	1.595641	0.2571627	5.246272
49302	-2391.463	-2577.202	185.7389	1.548576	0.3977087	6.088421
49308	-2393.311	-2580.943	187.6321	1.670018	0.3977087	4.980655
49314	-2406.75	-2592.669	185.9188	1.424264	0.3977087	6.058134
49320	-2401.29	-2587.12	185.8301	1.389146	0.465252	6.058134
49326	-2395.61	-2581.603	185.9923	1.325129	0.4111002	6.058134
49332	-2391.16	-2578.444	187.2842	1.472064	0.6567696	5.051965
49338	-2382.114	-2568.282	186.1677	1.482193	0.6147276	5.694327
49344	-2381.365	-2568.428	187.0629	1.443955	0.6147276	5.222606
49350	-2379.174	-2566.59	187.4159	1.493377	0.363336	5.236386
49356	-2390.786	-2576.728	185.9421	1.568219	0.3790175	5.986943
49362	-2383.842	-2568.937	185.0947	1.38686	0.3258532	6.606366
49368	-2387.333	-2572.507	185.1747	1.128801	0.4132454	6.606366
49374	-2397.267	-2581.757	184.4904	1.090765	0.4263031	6.983079
49380	-2400.195	-2582.953	182.7574	1.314728	0.4759448	7.745317
49386	-2403.903	-2589.743	185.8401	1.285544	0.5616366	6.023735
49392	-2413.73	-2601.129	187.3987	1.643624	0.7219131	4.845195
49398	-2398.079	-2588.707	190.6275	1.840122	0.7959714	2.815685
49404	-2397.318	-2581.027	183.7091	1.087913	0.466013	7.366378
49410	-2404.826	-2588.134	183.3085	1.196065	0.3244933	7.671112
49416	-2414.293	-2599.723	185.4306	1.423738	0.3469748	6.379705
49422	-2401.582	-2587.809	186.2271	1.307428	0.3834369	5.968939
49428	-2390.074	-2576.233	186.1589	1.303502	0.7528814	5.696687
49434	-2425.438	-2613.321	187.8831	1.472098	0.6111956	4.753955
49440	-2410.1	-2594.082	183.982	1.153635	0.5519946	7.108945
49446	-2400.037	-2586.868	186.8308	1.320073	0.5519946	5.470351
49452	-2401.924	-2588.804	186.88	1.4324	0.5885794	5.35099
49458	-2392.032	-2579.395	187.3629	1.450098	0.4196471	5.228719
49464	-2378.297	-2565.729	187.4325	1.448884	0.3840684	5.228719
49470	-2390.668	-2577.735	187.0674	1.325667	0.3840684	5.497936
49476	-2411.371	-2598.205	186.8339	1.521419	0.4034587	5.497936
49482	-2392.805	-2579.111	186.3065	1.30359	0.2752505	6.057685
49488	-2404.311	-2593.589	189.2782	1.58804	0.3649143	4.138653
49494	-2391.981	-2577.645	185.664	1.395314	0.6903272	5.960707
49500	-2389.036	-2574.874	185.8378	1.23088	0.5402295	6.072827
49506	-2390.648	-2577.456	186.808	1.379489	0.3762728	5.619452
49512	-2387.381	-2573.95	186.5686	1.407031	0.5571751	5.562307
49518	-2401.962	-2587.476	185.5137	1.200619	0.299735	6.512468
49524	-2410.273	-2596.838	186.5655	1.257614	0.3613566	5.835698
49530	-2398.613	-2583.531	184.9187	1.257614	0.3696516	6.721247
49536	-2392.958	-2576.208	183.25	1.293563	0.2599257	7.732215
49542	-2400.509	-2586.15	185.6412	1.40918	0.3792487	6.237146
49548	-2403.955	-2591.572	187.6168	1.557429	0.4872024	4.96211
49554	-2390.8	-2577.814	187.0141	1.316979	0.4656343	5.448879
49560	-2401.275	-2585.086	183.8111	1.016055	0.3722198	7.444298
49566	-2400.122	-2587.549	187.4269	1.228478	0.3722198	5.366545
49572	-2393.798	-2577.159	183.3604	1.580778	0.2486941	7.53499
49578	-2393.414	-2580.861	187.4473	1.3095	0.3123497	5.381307
49584	-2395.327	-2581.612	186.2851	1.229449	0.3783681	5.985364
49590	-2400.546	-2588.227	187.6807	1.362335	0.4615664	5.059388
49596	-2389.674	-2577.457	187.7831	1.296378	0.4410176	5.059388
49602	-2396.191	-2582.538	186.3477	1.266685	0.5197585	5.792573
49608	-2391.547	-2579.998	188.4513	1.537035	0.6152695	4.395287
49614	-2388.288	-2576.649	188.3611	1.606385	0.5705961	4.443959
49620	-2401.297	-2587.915	186.6178	1.215212	0.4909047	5.698825
49626	-2391.584	-2576.195	184.6105	1.092636	0.5608239	6.79592
49632	-2382.961	-2567.501	184.5402	1.074722	0.4192392	6.971976
49638	-2393.833	-2578.407	184.5742	1.10096	0.3878177	6.971976
49644	-2383.359	-2567.789	184.4298	1.096682	0.4684592	6.971976
49650	-2394.768	-2580.843	186.0745	1.09883	0.4149943	6.13264
49656	-2380.14	-2567.697	187.557	1.354479	0.4149943	5.179016
49662	-2397.585	-2585.98	188.3948	1.316396	0.5724957	4.58646
49668	-2386.055	-2570.717	184.6627	1.230303	0.3526811	6.893033
49674	-2375.693	-2561.581	185.8886	1.172378	0.4204427	6.188188
49680	-2382.292	-2567.431	185.1395	1.172976	0.3229392	6.701297
49686	-2396.877	-2580.434	183.5579	1.12894	0.4528354	7.437846
49692	-2390.764	-2574.549	183.7854	1.178065	0.3141034	7.437846
49698	-2375.599	-2559.74	184.1412	1.245713	0.5279971	6.99395
49704	-2387.026	-2570.702	183.6758	1.162405	0.5072822	7.306935
49710	-2388.405	-2574.945	186.5398	1.280658	0.4607867	5.733903
49716	-2376.604	-2563.09	186.4863	1.42646	0.3082655	5.849751
49722	-2376.157	-2559.702	183.5454	1.111495	0.3082655	7.609159
49728	-2375.107	-2558.661	183.5542	1.060663	0.3055342	7.634964
49734	-2386.567	-2567.56	180.9929	1.008812	0.4727538	8.849915
49740	-2388.788	-2571.028	182.2405	1.087635	0.3491291	8.270283
49746	-2401.353	-2585.751	184.3982	1.128673	0.3547823	7.087845
49752	-2399.847	-2583.42	183.5734	1.170322	0.3282927	7.538631
49758	-2392.391	-2577.31	184.9193	1.236102	0.4205527	6.679082
49764	-2398.663	-2584.605	185.9429	1.328008	0.4110288	6.08355
49770	-2407.933	-2596.402	188.4693	1.600568	0.4423363	4.504992
49776	-2398.816	-2587.298	188.4823	1.381359	0.4765846	4.587093
49782	-2398.428	-2584.21	185.7827	1.381359	0.5742148	5.992432
49788	-2385.358	-2571.346	185.9886	1.315895	0.4191456	6.05691
49794	-2388.948	-2575.176	186.2277	1.206671	0.353415	6.05691
49800	-2394.675	-2581.152	186.4769	1.37036	0.3217289	5.868931
49806	-2395.891	-2583.13	187.2389	1.473934	0.332754	5.380538
49812	-2382.028	-2571.608	189.5807	1.546705	0.4081146	3.941014
49818	-2390.4	-2579.472	189.0712	1.483762	0.3181122	4.371859
49824	-2397.844	-2585.049	187.2042	1.613164	0.2324945	5.457283
49830	-2375.138	-2562.503	187.3651	1.390297	0.269228	5.43863
49836	-2384.174	-2569.221	185.0466	1.349971	0.3979147	6.571839
49842	-2384.152	-2569.338	185.1858	1.185995	0.4109046	6.571839
49848	-2386.972	-2569.277	182.3052	1.185995	0.425094	8.103623
49854	-2399.601	-2586.218	186.6171	1.40835	0.3790848	5.705236
49860	-2388.289	-2576.209	187.9195	1.521164	0.7307783	4.616221
49866	-2380.394	-2567.871	187.4763	1.521164	0.4602521	5.085926
49872	-2391.826	-2582.444	190.6179	1.659639	0.4355019	3.242965
49878	-2387.23	-2576.804	189.5745	1.628761	0.3107346	4.01324
49884	-2392.298	-2580.586	188.2882	1.32454	0.415491	4.788789
49890	-2396.435	-2584.275	187.8398	1.385076	0.415491	5.004762
49896	-2386.579	-2574.257	187.6785	1.46911	0.4580506	5.004762
49902	-2398.69	-2588.079	189.3885	1.392184	0.4580506	4.08693
49908	-2398.37	-2585.723	187.3529	1.55468	0.4580506	5.137863
49914	-2404.97	-2594.376	189.4059	1.746121	0.3661409	3.974273
49920	-2393.814	-2581.127	187.3121	1.40918	0.4795322	5.220413
49926	-2390.567	-2577.944	187.377	1.256914	0.5328485	5.220413
49932	-2402.377	-2588.563	186.1859	1.546415	0.4369706	5.805435
49938	-2399.687	-2584.745	185.0577	1.396858	0.4369706	6.500864
49944	-2392.316	-2575.431	183.1149	1.184845	0.4647428	7.633952
49950	-2397.758	-2582.325	184.5675	1.130185	0.4978362	6.852917
49956	-2378.295	-2564.243	185.9476	1.161381	0.4978362	6.088087
49962	-2405.308	-2591.441	186.1334	1.374677	0.3752084	5.992371
49968	-2404.922	-2590.754	185.8325	1.37625	0.3773117	6.153163
49974	-2401.569	-2588.418	186.8491	1.186648	0.4519512	5.624397
49980	-2398.885	-2581.708	182.8232	1.254467	0.4210808	7.794655
49986	-2398.397	-2581.317	182.9197	1.083046	0.627379	7.657021
49992	-2390.629	-2575.811	185.1816	1.33317	0.5354919	6.378035
49998	-2404.716	-2588.41	183.6943	1.150304	0.3576063	7.450994
50004	-2394.262	-2579.788	185.5259	1.263957	0.3047941	6.465165
50010	-2397.777	-2582.591	184.814	1.353884	0.3880467	6.705916
50016	-2393.346	-2579.21	185.8638	1.344203	0.5066321	6.026214
50022	-2398.032	-2586.129	188.0972	1.68504	0.3802052	4.732239
50028	-2388.588	-2573.146	184.5579	1.276786	0.3113221	6.973099
50034	-2387.699	-2573.248	185.5493	1.276899	0.3695061	6.3696
50040	-2400.415	-2585.948	185.5333	1.315303	0.3031911	6.435353
50046	-2405.889	-2592.157	186.2679	1.396134	0.5800303	5.714358
50052	-2394.23	-2582.292	188.0617	1.537344	0.3443194	4.875719
50058	-2395.803	-2581.3	185.4969	1.299734	0.4606161	6.292472
50064	-2386.794	-2573.229	186.4354	1.336256	0.3797146	5.843484
50070	-2392.975	-2577.946	184.9711	1.325282	0.3797146	6.645424
50076	-2398.86	-2584.492	185.6315	1.468333	0.3183273	6.280328
50082	-2391.784	-2578.822	187.0378	1.576562	0.282669	5.49805
50088	-2384.333	-2571.196	186.8635	1.301426	0.5865126	5.433944
50094	-2373.702	-2562.75	189.0473	1.484392	0.3940786	4.295379
50100	-2395.765	-2581.847	186.0821	1.487313	0.3870077	5.946081
50106	-2391.663	-2578.08	186.4168	1.296343	0.3185254	5.946081
50112	-2380.44	-2566.865	186.4249	1.238461	0.3185254	5.973261
50118	-2405.58	-2589.11	183.53	1.203203	0.3185254	7.555844
50124	-2398.461	-2582.411	183.9501	1.212717	0.3185254	7.325575
50130	-2390.066	-2574.359	184.2937	1.220219	0.3099542	7.147405
50136	-2390.099	-2574.876	184.7764	1.257468	0.3828406	6.783875
50142	-2399.978	-2584.742	184.7646	1.250737	0.3828406	6.793841
50148	-2402.119	-2587.838	185.7192	1.312012	0.5097358	6.119794
50154	-2407.91	-2592.931	185.0216	1.290685	0.3736935	6.643356
50160	-2414.372	-2599.714	185.3413	1.746173	1.184332	5.657456
50166	-2394.151	-2579.748	185.5964	1.484675	0.3959019	6.202644
50172	-2398.632	-2582.27	183.6376	1.383912	0.6320693	7.10707
50178	-2399.94	-2583.511	183.5709	1.609688	1.189395	6.692674
50184	-2393.684	-2579.051	185.3669	1.209567	0.4318445	6.439845
50190	-2394.123	-2576.959	182.8363	1.087875	0.2996615	8.011189
50196	-2391.291	-2572.903	181.612	1.161555	0.3577356	8.555511
50202	-2393.946	-2576.913	182.9668	1.000463	0.5357225	7.748937
50208	-2395.287	-2580.774	185.4865	1.178474	0.3932658	6.431349
50214	-2400.606	-2585.349	184.7425	1.226564	0.644774	6.586419
50220	-2392.445	-2574.516	182.0712	0.941267	0.3978932	8.385811
50226	-2386.796	-2568.123	181.3274	1.007953	0.4567513	8.687803
50232	-2377.464	-2561.721	184.2567	1.168588	0.4251602	7.068171
50238	-2386.815	-2571.7	184.8852	1.21056	0.4251602	6.706675
50244	-2390.084	-2575.003	184.9192	1.238317	0.3817961	6.718236
50250	-2391.791	-2576.194	184.4028	1.289418	0.6690187	6.718236
50256	-2392.971	-2577.541	184.5701	1.147015	0.5019405	6.838772
50262	-2397.799	-2580.563	182.764	1.039125	0.4055736	7.95687
50268	-2394.59	-2579.439	184.849	1.137393	0.5341132	6.665348
50274	-2383.138	-2567.659	184.5205	1.326498	0.5321263	6.742349
50280	-2379.901	-2563.901	183.9996	1.193335	0.4576098	7.161642
50286	-2379.392	-2563.73	184.3376	1.240055	0.4576098	6.954593
50292	-2376.148	-2561.175	185.0263	1.323604	0.7079014	6.334392
50298	-2391.307	-2574.794	183.4869	1.030042	0.3272147	7.66124
50304	-2389.141	-2571.569	182.428	1.167777	0.3388015	8.139507
50310	-2388.155	-2573.127	184.9719	1.297386	0.4052519	6.633068
50316	-2391.521	-2579.231	187.7103	1.80631	0.2053785	5.113567
50322	-2382.498	-2567.73	185.2317	1.384321	0.2162383	6.681857
50328	-2392.109	-2574.478	182.3694	1.131686	0.2854375	8.254537
50334	-2391.214	-2572.778	181.5637	0.9574745	0.2854375	8.775086
50340	-2383.524	-2569.27	185.7461	1.372895	0.4744142	6.104125
50346	-2390.875	-2576.986	186.1106	1.297687	0.5633634	5.868001
50352	-2389.847	-2576.468	186.6213	1.474781	0.4323399	5.610683
50358	-2385.987	-2573.995	188.0083	1.580829	0.4323399	4.784507
50364	-2381.712	-2569.132	187.4203	1.395295	0.4323399	5.214317
50370	-2380.093	-2568.203	188.1103	1.501444	0.3865155	4.820451
50376	-2396.685	-2582.568	185.8829	1.510185	0.3654051	6.065874
50382	-2398.705	-2583.13	184.4243	1.266391	0.7643141	6.653153
50388	-2414.396	-2599.285	184.8897	1.266391	0.4464078	6.653153
50394	-2406.59	-2591.098	184.5084	1.197198	0.4903568	6.855369
50400	-2410.562	-2595.287	184.7249	1.583213	0.4903568	6.529777
50406	-2405.163	-2593.402	188.2387	1.423947	0.4437026	4.731936
50412	-2411.134	-2600.225	189.091	1.496478	0.5340463	4.124904
50418	-2405.54	-2591.678	186.1381	1.527822	0.5281136	5.757074
50424	-2397.701	-2583.198	185.4978	1.289051	0.4593654	6.298959
50430	-2392.93	-2576.475	183.5451	1.265742	0.2954411	7.542648
50436	-2405.77	-2593.514	187.7442	1.449086	0.487647	4.951096
50442	-2389.3	-2576.596	187.2968	1.48582	0.3634735	5.30621
50448	-2402.128	-2588.815	186.6864	1.315293	0.3634735	5.735566
50454	-2398.493	-2580.456	181.963	1.315293	0.6996367	7.991749
50460	-2388.45	-2576.821	188.3706	1.499285	0.4150312	4.645451
50466	-2373.644	-2560.993	187.349	1.438554	0.4150312	5.247564
50472	-2375.548	-2561.635	186.0865	1.329353	0.4107106	6.004845
50478	-2374.337	-2560.2	185.8631	1.400929	0.4964167	6.004845
50484	-2387.963	-2575.45	187.4869	1.397812	0.4175658	5.191164
50490	-2375.608	-2562.261	186.6531	1.495902	0.4293188	5.584676
50496	-2388.95	-2574.514	185.564	1.184277	0.5108721	6.272637
50502	-2401.424	-2588.733	187.3098	1.566312	0.4995805	5.116118
50508	-2399.507	-2587.168	187.6606	1.632913	0.6255833	4.777005
50514	-2403.402	-2592.199	188.7971	1.59824	0.3725236	4.396627
50520	-2410.644	-2601.623	190.9797	2.242257	1.357801	1.997157
50526	-2404.96	-2596.192	191.2318	2.210253	1.206322	1.933812
50532	-2404.211	-2596.033	191.8219	2.200013	0.9174318	1.725489
50538	-2391.753	-2583.93	192.1776	2.200013	0.9174318	1.466245
50544	-2397.863	-2590.127	192.2647	2.293176	0.8043862	1.425128
50550	-2392.038	-2584.739	192.7012	2.293176	0.6828602	1.194312
50556	-2383.644	-2576.134	192.4896	2.186532	0.6828602	1.450682
50562	-2393.292	-2585.524	192.2314	2.21408	0.8632547	1.459554
50568	-2394.571	-2587.02	192.4496	2.244873	0.8632547	1.262546
50574	-2405.023	-2597.331	192.3077	2.437773	0.8632547	1.219877
50580	-2399.495	-2591.479	191.9832	2.335256	1.180197	1.313746
50586	-2396.486	-2588.163	191.6771	2.346337	1.275587	1.479931
50592	-2397.967	-2590.264	192.2967	2.346337	0.7550381	1.405167
50598	-2387.342	-2579.311	191.969	2.26323	1.065024	1.463669
50604	-2404.846	-2596.977	192.1305	2.26323	0.8055884	1.547773
50610	-2399.191	-2591.636	192.4448	2.087651	0.8055884	1.443546
50616	-2399.25	-2591.822	192.5721	2.092177	0.6946497	1.44784
50622	-2394.937	-2585.984	191.0473	2.058424	1.173727	2.175055
50628	-2391.411	-2583.041	191.6307	1.981747	0.7524102	2.130116
50634	-2376.251	-2568.542	192.2909	1.967581	0.6596463	1.776276
50640	-2379.647	-2571.547	191.9002	1.858457	0.6596463	2.113007
50646	-2388.289	-2580.303	192.0146	1.871168	0.5707127	2.113007
50652	-2391.402	-2582.74	191.3378	1.76313	0.5707127	2.611323
50658	-2394.201	-2585.768	191.5667	1.698475	0.4688167	2.611323
50664	-2403.089	-2594.113	191.0234	1.664039	0.5335515	2.898987
50670	-2403.224	-2593.629	190.4052	1.64776	0.7511232	3.097902
50676	-2392.135	-2581.027	188.8914	1.48716	0.5605128	4.220234
50682	-2389.656	-2579.761	190.1052	1.53921	0.5827115	3.473223
50688	-2384.681	-2572.319	187.6373	1.43049	0.4769343	5.030874
50694	-2388.192	-2573.752	185.5596	1.307554	0.366564	6.350621
50700	-2386.464	-2574.23	187.7656	1.545832	0.3571466	5.020668
50706	-2382.171	-2569.009	186.838	1.468909	0.324636	5.613625
50712	-2396.504	-2580.722	184.2184	1.176774	0.4439531	7.065945
50718	-2397.902	-2581.436	183.5339	1.230334	0.5617818	7.300434
50724	-2386.664	-2568.661	181.9975	1.087062	0.3938327	8.351685
50730	-2398.57	-2583.614	185.044	1.427141	0.3938327	6.535812
50736	-2388.018	-2572.524	184.5053	1.27044	0.3772047	6.929114
50742	-2389.346	-2570.371	181.0253	0.9392286	0.5338434	8.816331
50748	-2382.515	-2566.055	183.5395	1.03293	0.514765	7.442945
50754	-2399.786	-2584.183	184.3967	1.306337	0.4748514	6.8709
50760	-2402.166	-2587.181	185.0143	1.376133	0.1875175	6.849771
50766	-2397.787	-2580.565	182.7779	1.253392	0.4805494	7.762938
50772	-2402.493	-2586.756	184.2632	1.244819	0.2927271	7.172109
50778	-2388.228	-2568.994	180.7654	1.205685	0.2415563	9.125257
50784	-2401.607	-2587.495	185.8879	1.276801	0.3272533	6.234286
50790	-2400.018	-2585.574	185.5554	1.404926	0.4290507	6.234286
50796	-2387.768	-2574.281	186.5135	1.463549	0.3255738	5.793285
50802	-2399.173	-2587.047	187.874	1.53573	0.3255738	5.003649
50808	-2388.704	-2575.35	186.6455	1.460311	0.3144671	5.736378
50814	-2393.371	-2580.724	187.3533	1.249905	0.5363356	5.23435
50820	-2399.966	-2583.255	183.2884	1.246025	0.310115	7.67242
50826	-2397.886	-2580.441	182.5549	1.110651	0.4098094	8.025907
50832	-2391.448	-2575.197	183.7493	1.282656	0.5380972	7.176326
50838	-2394.016	-2577.794	183.7778	1.204116	0.5380972	7.203242
50844	-2390.653	-2579.339	188.6862	1.363982	0.5535847	4.41197
50850	-2388.453	-2576.902	188.4489	1.389093	0.5743116	4.513685
50856	-2384.029	-2570.309	186.28	1.290393	0.3374406	6.001283
50862	-2390.304	-2577.94	187.6353	1.499659	0.3104961	5.174778
50868	-2396.715	-2583.6	186.8854	1.788868	0.2604548	5.495453
50874	-2396.171	-2582.486	186.3147	1.331037	0.231903	6.09955
50880	-2396.11	-2582.703	186.5931	1.417495	0.4940359	5.598538
50886	-2395.703	-2580.226	184.5239	1.270814	0.5922932	6.721066
50892	-2399.593	-2584.365	184.7725	1.173403	0.4930841	6.723195
50898	-2398.715	-2585.236	186.5206	1.258507	0.4734658	5.744533
50904	-2386.932	-2570.466	183.5339	1.082804	0.4391762	7.488491
50910	-2394.936	-2582.529	187.593	1.556883	0.5468751	4.921995
50916	-2407.586	-2595.627	188.041	1.578687	0.700254	4.537625
50922	-2404.827	-2589.381	184.5536	1.366449	0.6889009	6.580754
50928	-2398.138	-2583.218	185.0797	1.466418	0.380016	6.509957
50934	-2383.443	-2573.93	190.4866	1.840963	0.6104878	3.045685
50940	-2380.915	-2567.816	186.9009	1.586582	0.7737794	5.117796
50946	-2387.217	-2573.245	186.0282	1.354145	0.679015	5.792346
50952	-2410.903	-2597.569	186.6665	1.468964	0.5966374	5.441973
50958	-2404.451	-2593.56	189.1089	1.417943	0.5966374	4.105332
50964	-2402.091	-2590.149	188.0582	1.481126	0.6202016	4.643733
50904	-2486.681	-2670.298	183.6173	1.513689	1.59328	6.548778
50910	-2428.132	-2615.089	186.9571	1.538104	0.4202679	5.403424
50916	-2419.654	-2608.254	188.5997	1.522591	0.7101719	4.246789
50922	-2418.07	-2605.7	187.6305	1.540083	0.4382753	5.011571
50928	-2426.311	-2613.877	187.5661	1.592692	0.4448276	5.011571
50934	-2423.209	-2612.037	188.8281	1.521032	0.3913362	4.401567
50940	-2400.87	-2583.53	182.6599	1.279676	0.4808058	7.811728
50946	-2396.551	-2577.767	181.2162	1.079675	0.6859965	8.524157
50952	-2402.115	-2587.921	185.8067	1.469613	0.7651843	5.790345
50958	-2406.636	-2592.855	186.2193	1.35709	0.5463747	5.790345
50964	-2405.641	-2593.283	187.6417	1.573168	0.5546113	4.879159
50970	-2400.571	-2587.908	187.3373	1.531757	0.8142356	4.879159
50976	-2391.594	-2579.736	188.1418	1.405162	0.5065931	4.736332
50982	-2393.46	-2580.079	186.6184	1.396546	0.4869236	5.602679
50988	-2396.228	-2580.25	184.0221	1.346717	0.4869236	7.039894
50994	-2395.96	-2583.096	187.1356	1.319526	0.4260052	5.419639
51000	-2398.938	-2583.584	184.6462	1.322972	0.466806	6.734782
51006	-2403.866	-2588.386	184.5199	1.411718	0.5076856	6.717879
51012	-2391.356	-2575.923	184.567	1.299823	0.5068506	6.753603
51018	-2397.03	-2579.104	182.0738	1.36794	0.7105298	7.897033
51024	-2388.519	-2575.701	187.1815	1.705981	0.5878543	5.033391
51030	-2385.656	-2573.151	187.4954	1.824089	0.3563334	5.017165
51036	-2394.705	-2577.625	182.9195	1.373843	0.525342	7.583345
51042	-2392.259	-2576.619	184.3607	1.348062	0.7577002	6.64774
51048	-2398.883	-2583.691	184.8079	1.362359	0.4440947	6.64774
51054	-2386.27	-2571.044	184.7735	1.246565	0.5333766	6.64774
51060	-2391.834	-2579.612	187.7781	1.335083	0.526079	4.960634
51066	-2384.936	-2570.691	185.7551	1.271047	0.3803647	6.249138
51072	-2402.677	-2589.125	186.4485	1.271047	0.4865615	5.764967
51078	-2406.737	-2595.112	188.3753	1.45723	0.4180083	4.663242
51084	-2392.045	-2576.087	184.0413	1.386794	0.7022355	6.837141
51090	-2417.198	-2601.362	184.1641	1.538009	0.3001497	7.058349
51096	-2406.621	-2592.229	185.6081	1.377061	0.3917575	6.259166
51102	-2413.419	-2601.687	188.2678	1.498328	0.4011343	4.718332
51108	-2415.029	-2600.601	185.5716	1.300766	0.4029896	6.308669
51114	-2430.326	-2615.019	184.693	1.262319	0.4122096	6.795548
51120	-2413.306	-2602.415	189.109	2.206791	0.4424767	3.796296
51126	-2395.947	-2584.208	188.2606	1.46324	0.5597899	4.590155
51132	-2394.189	-2583.05	188.861	1.541959	0.5629208	4.204328
51138	-2403.3	-2592.016	188.7162	1.697896	0.952377	3.921526
51144	-2399.408	-2588.207	188.7986	1.505146	0.5223648	4.296418
51150	-2390.835	-2579.785	188.9498	1.390569	0.4998823	4.296418
51156	-2382.349	-2570.299	187.95	1.429058	0.5546732	4.787498
51162	-2390.209	-2578.181	187.9717	1.426542	0.3894497	4.936196
51168	-2394.692	-2582.132	187.44	1.393751	0.5506195	5.094384
51174	-2391.69	-2578.168	186.4787	1.393751	0.5506195	5.624504
51180	-2393.638	-2579.728	186.0905	1.393751	0.5506195	5.837181
51186	-2381.53	-2567.598	186.0673	1.439412	0.5361751	5.837181
51192	-2387.809	-2574.935	187.1254	1.398375	0.6168096	5.211645
51198	-2388.884	-2577.482	188.5979	1.521316	0.7030448	4.253798
51204	-2388.927	-2578.755	189.8275	1.614936	0.5747323	3.597749
51210	-2393.572	-2582.22	188.6486	1.558172	0.5747323	4.305358
51216	-2397.936	-2587.6	189.6635	1.482934	0.521687	3.816405
51222	-2405.092	-2595.088	189.9959	1.468329	0.3483457	3.816405
51228	-2401.238	-2589.387	188.1489	1.468329	0.6606343	4.568566
51234	-2400.049	-2589.123	189.0733	1.632593	0.7653782	3.87454
51240	-2398.28	-2588.053	189.773	1.638423	0.7336984	3.488977
51246	-2394.582	-2584.152	189.57	1.675196	0.874943	3.488977
51252	-2401.419	-2591.104	189.6846	1.914784	1.027317	3.187468
51258	-2396.088	-2585.851	189.763	1.914784	1.647648	2.838571
51264	-2392.282	-2582.796	190.5141	1.914784	0.737599	2.882296
51270	-2401.309	-2591.685	190.376	1.733458	0.737599	3.074255
51276	-2397.298	-2586.848	189.5496	1.733458	0.737599	3.560914
51282	-2387.262	-2575.943	188.6802	1.584699	0.7556104	4.133364
51288	-2390.017	-2580.054	190.0367	1.606775	0.7556104	3.337073
51294	-2393.57	-2583.586	190.0165	1.626982	0.7556104	3.337073
51300	-2399.725	-2587.407	187.6825	1.416478	0.8137002	4.751187
51306	-2395.269	-2581.396	186.1273	1.416478	0.7993081	5.621305
51312	-2401.161	-2589.573	188.4122	1.511732	0.6808817	4.380662
51318	-2408.121	-2597.136	189.0147	1.516496	0.8171818	3.939363
51324	-2396.653	-2585.617	188.9639	1.643258	0.4664487	4.17727
51330	-2393.133	-2579.367	186.234	1.337257	0.4664487	5.864905
51336	-2403.777	-2586.735	182.9578	1.362822	0.3859457	7.700804
51342	-2396.775	-2581.446	184.6705	1.352982	0.6827572	6.529172
51348	-2397.293	-2584.03	186.7373	1.340009	0.6088001	5.464282
51354	-2392.906	-2578.728	185.8223	1.340009	0.6088001	5.965673
51360	-2398.004	-2583.671	185.6664	1.410872	0.6699659	5.965673
51366	-2398.842	-2583.136	184.2943	1.237127	0.5745408	6.87739
51372	-2395.421	-2579.211	183.7895	1.253119	0.6152567	7.108522
51378	-2390.705	-2575.571	184.8668	1.343733	0.802004	6.347053
51384	-2395.082	-2578.636	183.5542	1.015329	0.3096295	7.654191
51390	-2391.376	-2574.722	183.3464	1.015329	0.4097643	7.654191
51396	-2388.842	-2569.972	181.1305	1.058954	0.468885	8.753963
51402	-2382.134	-2566.19	184.0562	1.163123	0.5510305	7.064768
51408	-2389.582	-2573.141	183.5584	1.33496	0.3368697	7.448425
51414	-2406.389	-2590.986	184.5973	1.191235	0.3985011	6.899628
51420	-2408.345	-2591.114	182.7692	1.215844	0.3700269	7.897098
51426	-2401.719	-2587.106	185.3869	1.215844	0.4946416	6.36618
51432	-2397.466	-2584.205	186.7385	1.420048	0.4990382	5.512665
51438	-2397.995	-2583.728	185.7332	1.405452	0.3914639	6.176027
51444	-2406.924	-2594.334	187.4096	1.687279	0.4066738	5.085059
51450	-2398.26	-2585.431	187.1712	1.354585	0.425524	5.381249
51456	-2389.145	-2572.034	182.8887	1.283742	0.425524	7.739632
51462	-2397.409	-2582.575	185.1667	1.270025	0.5512238	6.407065
51468	-2412.96	-2598.278	185.318	1.118673	0.5512238	6.407065
51474	-2390.777	-2574.792	184.0153	1.213409	0.2527021	7.375305
51480	-2391.498	-2574.144	182.6464	1.302758	0.4830148	7.804618
51486	-2382.014	-2565.481	183.467	1.144367	0.5015513	7.433685
51492	-2395.051	-2582.455	187.4048	1.720221	0.3041675	5.188334
51498	-2392.943	-2578.706	185.7626	1.405594	0.4334658	6.116792
51504	-2396.819	-2584.708	187.889	1.366039	0.4406974	4.96221
51510	-2397.672	-2585.339	187.6665	1.474913	0.3720191	5.098117
51516	-2392.21	-2579.954	187.7444	1.439711	0.47285	4.970182
51522	-2394.483	-2583.42	188.9373	1.373729	0.278336	4.561625
51528	-2405.969	-2593.515	187.5461	1.351313	0.594242	5.022636
51534	-2408.04	-2593.472	185.4313	1.468266	0.3220492	6.384484
51540	-2413.136	-2600.829	187.6931	1.42523	0.4263548	5.052683
51546	-2405.322	-2591.208	185.8858	1.448093	0.6582382	5.834167
51552	-2402.269	-2589.977	187.7073	1.349516	0.4337519	5.079273
51558	-2394.828	-2582.363	187.535	1.405424	0.5147135	5.066701
51564	-2398.289	-2585.031	186.7419	1.405424	0.24564	5.80557
51570	-2394.74	-2578.793	184.0529	1.141493	0.2710005	7.368786
51576	-2396.553	-2581.03	184.4773	1.207209	0.5019199	6.856366
51582	-2395.437	-2581.711	186.274	1.241716	0.6151746	5.767501
51588	-2388.013	-2573.934	185.9211	1.252501	0.3261094	6.230823
51594	-2388.51	-2571.914	183.4036	1.220628	0.3415512	7.587191
51600	-2385.016	-2571.541	186.5248	1.220628	0.5309919	5.711014
51606	-2394.58	-2578.009	183.4288	1.050603	0.4663728	7.536246
51612	-2394.96	-2577.906	182.9451	1.035554	0.4663728	7.803012
51618	-2398.065	-2582.433	184.3681	1.196711	0.3275872	7.098802
51624	-2392.862	-2577.203	184.3414	1.208122	0.5957493	6.850687
51630	-2374.879	-2559.296	184.4165	1.133053	0.5957493	6.850687
51636	-2377.185	-2562.895	185.7096	1.226812	0.3419501	6.340979
51642	-2386.802	-2571.663	184.8602	1.15721	0.4725331	6.703381
51648	-2400.737	-2585.761	185.0247	1.230331	0.4026894	6.643453
51654	-2391.581	-2575.384	183.8025	1.230331	0.4026894	7.301815
51660	-2388.956	-2572.783	183.8271	1.205665	0.4026894	7.301815
51666	-2383.553	-2568.389	184.8357	1.081997	0.4121791	6.815883
51672	-2398.096	-2579.18	181.0836	0.8859689	0.4121791	8.924748
51678	-2403.828	-2585.56	181.7321	1.124332	0.4979028	8.373673
51684	-2402.813	-2584.548	181.7356	1.332048	0.2994062	8.467439
51690	-2390.073	-2573.911	183.8379	1.149044	0.3314467	7.404581
51696	-2391.997	-2576.182	184.1851	1.282136	0.3372609	7.139925
51702	-2389.155	-2573.745	184.5897	1.282136	0.3372609	6.92212
51708	-2386.524	-2571.184	184.6599	1.255127	0.4332331	6.796256
51714	-2395.365	-2578.194	182.8283	1.048868	0.4332331	7.889797
51720	-2390.501	-2575.159	184.658	1.260103	0.3440049	6.889364
51726	-2391.301	-2574.486	183.1845	1.204671	0.4094379	7.639813
51732	-2397.102	-2579.804	182.7013	1.16696	0.3920297	7.936045
51738	-2392.876	-2579.269	186.3931	1.180009	0.4424834	5.887001
51744	-2392.617	-2574.665	182.0482	1.101726	0.5739877	8.153631
51750	-2392.494	-2573.557	181.0623	1.121034	0.3382165	8.890486
51756	-2389.379	-2570.18	180.8002	1.083958	0.4455823	8.937439
51762	-2392.019	-2576.317	184.2979	1.169098	0.4455823	7.025728
51768	-2401.769	-2582.799	181.0301	0.9482922	0.4229551	8.909366
51774	-2404.459	-2586.88	182.4214	1.157517	0.3778172	8.105316
51780	-2388.081	-2570.544	182.463	1.047155	0.4132143	8.105316
51786	-2391.913	-2575.502	183.589	1.175149	0.4343692	7.414153
51792	-2383.435	-2568.407	184.9728	1.251406	0.4438779	6.618785
51798	-2379.215	-2567.873	188.6583	1.621166	0.297421	4.55371
51804	-2388.089	-2571.037	182.9482	1.443174	0.297421	7.764585
51810	-2383.506	-2566.093	182.5863	1.448229	0.297421	7.955141
51816	-2395.309	-2579.632	184.3228	1.145768	0.5747977	6.911039
51822	-2389.085	-2573.624	184.539	1.179913	0.4241602	6.911039
51828	-2392.497	-2577.085	184.5881	1.218188	0.3787461	6.911039
51834	-2393.51	-2576.871	183.3608	1.427789	0.5647678	7.284953
51840	-2398.274	-2582.953	184.6788	1.360981	0.4538959	6.708861
51846	-2399.965	-2584.752	184.7867	1.193551	0.4030465	6.791545
51852	-2400.222	-2582.31	182.0872	1.193551	0.4030465	8.237815
51858	-2416.677	-2597.926	181.2496	1.160669	0.3890605	8.714777
51864	-2401.025	-2584.329	183.3042	1.061623	0.3890605	7.673337
51870	-2411.453	-2590.654	179.2008	1.205224	0.3009894	9.873189
51876	-2399.537	-2582.548	183.0111	1.032182	0.3009894	7.946022
51882	-2391.695	-2574.761	183.0663	1.31374	0.3009894	7.766195
51888	-2391.841	-2576.69	184.8482	1.164154	0.3009894	6.890182
51894	-2404.432	-2588.114	183.6827	1.005347	0.4689551	7.422058
51900	-2406.7	-2590.053	183.3532	1.074498	0.6372468	7.422058
51906	-2391.375	-2575.676	184.3006	1.202106	0.4310669	7.020628
51912	-2389.608	-2576.356	186.7477	1.263844	0.4310669	5.658328
51918	-2401.963	-2586.549	184.5865	1.240535	0.385595	6.892472
51924	-2396.347	-2582.481	186.1342	1.379629	0.7568117	5.665861
51930	-2388.92	-2576.746	187.8254	1.413829	0.5060581	4.908497
51936	-2399.407	-2587.117	187.7094	1.529859	0.5060581	4.908497
51942	-2401.624	-2589.546	187.9225	1.44116	0.485615	4.858119
51948	-2394.717	-2580.886	186.169	1.393306	0.485615	5.851853
51954	-2389.18	-2575.423	186.243	1.512992	0.4064394	5.823516
51960	-2382.346	-2569.766	187.4192	1.487133	0.4064394	5.190838
51966	-2383.772	-2572.08	188.3083	1.503444	0.6402789	4.474926
51972	-2384.956	-2572.794	187.8375	1.602775	0.5232035	4.780936
51978	-2405.214	-2591.574	186.3607	1.602775	0.4578365	5.658388
51984	-2386.681	-2569.768	183.0867	1.193996	0.6866161	7.464969
51990	-2393.983	-2580.589	186.6062	1.493104	0.8134375	5.306478
51996	-2395.186	-2581.891	186.705	1.56736	0.56362	5.393643
52002	-2402.64	-2588.596	185.9559	1.56736	1.71682	5.194768
52008	-2394.831	-2579.628	184.7973	1.56736	0.7763831	6.279981
52014	-2393.953	-2578.875	184.9222	1.172765	0.5266791	6.613012
52020	-2401.349	-2586.13	184.7817	1.313245	0.5266791	6.613012
52026	-2398.864	-2583.814	184.9502	1.191487	0.4979079	6.613012
52032	-2403.06	-2590.335	187.2748	1.522036	0.4643227	5.193095
52038	-2385.86	-2574.098	188.2381	1.608777	0.3941249	4.680689
52044	-2389.587	-2578.918	189.331	1.650652	0.4923701	3.938528
52050	-2390.829	-2581.313	190.4845	1.775067	0.8814224	2.882789
52056	-2384.656	-2569.445	184.7886	1.532157	0.6629609	6.382439
52062	-2374.399	-2560.731	186.3323	1.464414	0.6629609	5.577007
52068	-2397.381	-2581.906	184.5246	1.50843	0.6349986	6.559138
52074	-2399.591	-2583.745	184.1541	1.230906	0.3927764	7.122904
52080	-2397.085	-2581.893	184.8082	1.554338	0.6128183	6.397632
52086	-2379.805	-2566.837	187.0314	1.458983	0.4546611	5.371733
52092	-2384.395	-2571.233	186.8381	1.53959	0.5216373	5.371733
52098	-2391.976	-2579.079	187.1028	1.380095	0.5216373	5.31368
52104	-2398.758	-2584.821	186.0631	1.340662	0.6712143	5.786316
52110	-2395.109	-2579.725	184.6161	1.14038	0.5661307	6.762771
52116	-2389.218	-2572.813	183.5952	1.139492	0.8570802	7.110123
52122	-2394.379	-2576.833	182.4543	1.049639	0.8570802	7.769833
52128	-2387.153	-2566.018	178.8655	1.152309	0.6185109	9.778002
52134	-2389.817	-2576.241	186.424	1.386605	0.7642366	5.497843
52140	-2392.128	-2576.199	184.0708	1.469313	0.8189257	6.699384
52146	-2393.178	-2579.097	185.9188	1.501624	0.4788869	5.935616
52152	-2397.087	-2582.916	185.8296	1.393913	0.604555	5.935616
52158	-2382.678	-2565.248	182.5705	1.120074	0.3688457	8.055465
52164	-2378.931	-2563.175	184.2445	1.213757	0.3310642	7.151989
52170	-2383.291	-2569.602	186.3107	1.358902	0.4009176	5.876544
52176	-2391.892	-2577.354	185.4628	1.278057	0.5382128	6.252921
52182	-2401.107	-2587.169	186.0627	1.420891	1.028412	5.519372
52188	-2398.139	-2586.871	188.7314	1.430672	0.5612828	4.342126
52194	-2380.575	-2563.509	182.9345	1.396455	0.6217865	7.485568
52200	-2389.998	-2576.979	186.9812	1.421039	0.4065721	5.468878
52206	-2393.627	-2577.588	183.961	1.187236	0.4316768	7.21065
52212	-2405.916	-2592.203	186.2864	1.353116	0.3765268	5.919148
52218	-2390.31	-2576.453	186.1426	1.225015	0.5292915	5.919148
52224	-2393.601	-2581.374	187.7729	1.225015	0.5884976	4.971513
52230	-2398.214	-2588.273	190.0593	1.882582	0.8256146	3.111133
52236	-2394.659	-2586.002	191.3434	1.946311	0.8256146	2.282321
52242	-2401.884	-2593.015	191.1308	1.946311	0.7387284	2.48292
52248	-2393.931	-2585.143	191.2124	2.015302	0.9837981	2.212421
52254	-2384.02	-2575.012	190.9928	1.975708	1.073614	2.322231
52260	-2381.507	-2572.503	190.9967	1.975708	0.7506308	2.539029
52266	-2390.654	-2582.15	191.4959	1.993371	0.7506308	2.211571
52272	-2393.645	-2585.532	191.8868	1.92035	0.6372257	2.101404
52278	-2387.38	-2578.297	190.9169	1.861869	0.6372257	2.750139
52284	-2393.827	-2585.09	191.2626	1.861869	0.6464614	2.528945
52290	-2389.547	-2581.317	191.7696	1.863594	0.6464614	2.206398
52296	-2399.096	-2590.873	191.7762	1.856949	0.6464614	2.206398
52302	-2388.449	-2580.185	191.7359	1.848276	0.6464614	2.238016
52308	-2401.202	-2591.093	189.8907	1.848276	1.11594	3.054246
52314	-2396.917	-2586.476	189.559	1.848276	1.11594	3.251373
52320	-2385.395	-2575.846	190.4502	1.7202	0.5170248	3.223799
52326	-2421.998	-2612.697	190.6983	1.752342	0.691299	2.905058
52332	-2404.768	-2590.276	185.5085	1.427012	0.3484332	6.333981
52338	-2391.361	-2573.862	182.501	1.152583	0.3484332	8.097742
52344	-2400.604	-2586.929	186.3249	1.570566	0.6988741	5.496524
52350	-2387.572	-2571.44	183.8674	1.217037	0.4731682	7.205423
52356	-2408.567	-2591.964	183.3969	1.211979	0.4731682	7.460588
52362	-2395.62	-2582.704	187.0838	1.233846	0.5136647	5.411908
52368	-2407.764	-2590.948	183.1839	1.166023	0.3618919	7.71106
52374	-2402.431	-2586.781	184.3499	1.287587	0.365385	7.016497
52380	-2390.251	-2574.501	184.2501	1.180277	0.4762712	7.016497
52386	-2398.306	-2580.089	181.7823	1.078861	0.506057	8.364024
52392	-2401.964	-2583.798	181.8338	1.027385	0.506057	8.364024
52398	-2394.921	-2576.564	181.6428	1.238124	0.4828537	8.374081
52404	-2404.406	-2586.978	182.5711	1.082624	0.4892946	7.956649
52410	-2395.038	-2578.066	183.0279	1.075132	0.3706462	7.833449
52416	-2401.535	-2583.967	182.4321	0.8906883	0.4984405	8.124994
52422	-2401.807	-2586.71	184.903	1.086148	0.4094053	6.780198
52428	-2396.363	-2579.573	183.2093	1.015304	0.4094053	7.727873
52434	-2402.798	-2584.933	182.1346	1.22517	0.710623	7.940718
52440	-2398.446	-2581.25	182.8046	0.9979357	0.4219397	7.940718
52446	-2411.271	-2595.885	184.6145	1.172677	0.4174541	6.880967
52452	-2388.362	-2574.412	186.0499	1.465219	0.4211315	5.94002
52458	-2386.114	-2571.611	185.4964	1.465219	0.3930889	6.270566
52464	-2390.874	-2576.182	185.308	1.497371	0.7068945	6.087431
52470	-2387.659	-2574.266	186.6067	1.188828	0.5724538	5.648475
52476	-2394.297	-2580.623	186.3254	1.513484	0.4237207	5.760392
52482	-2387.672	-2573.387	185.7155	1.51314	0.281061	6.25756
52488	-2389.423	-2576.704	187.2806	1.387396	0.4539219	5.274431
52494	-2386.452	-2573.075	186.623	1.543203	0.8057899	5.274431
52500	-2389.075	-2576.774	187.6989	1.546649	0.3738415	5.038263
52506	-2387.88	-2578.93	191.0504	1.800799	0.5666946	2.768389
52512	-2376.591	-2567.495	190.9044	1.786829	0.5666946	2.865671
52518	-2379.9	-2569.691	189.7913	1.566813	0.4960856	3.718452
52524	-2378.032	-2565.551	187.5187	1.43454	0.3528144	5.224185
52530	-2386.113	-2573.521	187.4073	1.533705	0.3586671	5.224185
52536	-2392.599	-2582.108	189.5085	1.530452	0.4191158	3.979721
52542	-2389.968	-2576.453	186.485	1.442676	0.6059498	5.548811
52548	-2400.607	-2585.336	184.7284	1.356838	0.6247246	6.538719
52554	-2393.005	-2578.932	185.9272	1.229162	0.3066952	6.263938
52560	-2405.174	-2592.448	187.2731	1.317312	0.3066952	5.480072
52566	-2394.84	-2579.947	185.1075	1.083125	0.278633	6.82278
52572	-2380.918	-2568.211	187.2924	1.334397	0.3873735	5.36565
52578	-2388.419	-2573.626	185.2069	1.219887	0.3996314	6.553714
52584	-2388.898	-2573.137	184.2388	1.201214	0.3996314	7.086133
52590	-2389.868	-2576.582	186.7137	1.387547	0.4778603	5.563709
52596	-2388.584	-2577.584	189.0005	1.692892	0.4778603	4.117109
52602	-2382.134	-2570.903	188.7688	1.407341	0.4778603	4.410077
52608	-2393.124	-2579.974	186.8501	1.407341	0.5308036	5.429934
52614	-2404.352	-2592.757	188.4043	1.551513	0.4946437	4.5182
52620	-2399.187	-2587.834	188.6466	1.427409	0.3830011	4.565634
52626	-2396.473	-2584.423	187.9503	1.427409	0.312228	5.038039
52632	-2412.221	-2596.084	183.8626	1.176447	0.4849572	7.219009
52638	-2399.778	-2583.87	184.0918	1.170721	0.4849572	7.098917
52644	-2390.495	-2574.484	183.9891	1.273358	0.4849572	7.098917
52650	-2396.381	-2581.579	185.1983	1.267844	0.4854723	6.4486
52656	-2401.445	-2586.87	185.4249	1.267844	0.3634999	6.4486
52662	-2383.19	-2566.64	183.4507	1.236421	0.4136191	7.476039
52668	-2385.915	-2565.822	179.9062	1.192347	0.4136191	9.384014
52674	-2395.163	-2578.458	183.2958	1.340916	0.3324621	7.590993
52680	-2390.536	-2575.033	184.4972	1.243539	0.3324621	6.99836
52686	-2393.469	-2576.816	183.3466	1.120525	0.5383686	7.479207
52692	-2401.385	-2587.113	185.7279	1.284415	0.8455181	5.883078
52698	-2381.882	-2567.341	185.4587	1.284415	0.4062306	6.375432
52704	-2397.351	-2582.184	184.8328	1.062902	0.500731	6.743436
52710	-2401.763	-2583.91	182.1467	1.015635	0.4181868	8.28556
52716	-2386.007	-2569.001	182.9937	1.057966	0.4534125	7.777217
52722	-2394.722	-2578.288	183.5666	1.334186	0.4453267	7.330236
52728	-2397.023	-2583.78	186.7576	1.489831	0.5151877	5.449199
52734	-2388.11	-2577.34	189.2293	1.489831	0.3757844	4.209697
52740	-2385.454	-2574.647	189.1928	1.381242	0.4527877	4.209697
52746	-2389.937	-2575.146	185.2089	1.290063	0.3026561	6.625329
52752	-2402.453	-2586.48	184.0274	1.094057	0.5057898	7.15611
52758	-2394.151	-2577.599	183.4478	1.20153	0.3879733	7.522739
52764	-2396.1	-2580.968	184.8672	1.150272	0.3859228	6.789424
52770	-2397.618	-2583.557	185.9388	1.273187	0.4531097	6.073704
52776	-2399.335	-2585.47	186.1351	1.286971	0.4368058	5.975071
52782	-2412.698	-2598.247	185.5487	1.10139	0.4166014	6.415283
52788	-2417.786	-2598.675	180.8893	0.9699129	0.2576558	9.162139
52794	-2390.448	-2578.966	188.5181	1.418992	0.3811358	4.644536
52800	-2388.482	-2576.381	187.8995	1.38777	0.5533342	4.839894
52806	-2383.388	-2570.036	186.6481	1.421322	0.5533342	5.514023
52812	-2375.223	-2563.074	187.8509	1.421322	0.3500187	5.050725
52818	-2386.982	-2571.684	184.7017	1.427354	0.6490276	6.496667
52824	-2374.019	-2558.714	184.695	1.228886	0.5249426	6.706965
52830	-2379.236	-2564.096	184.8599	1.063981	0.5249426	6.706965
52836	-2390.97	-2578.027	187.0566	1.353444	0.6702359	5.233635
52842	-2388.596	-2576.467	187.8707	1.5579	0.3439577	4.971026
52848	-2385.677	-2573.815	188.1381	1.300087	0.3394498	4.971026
52854	-2387.524	-2575.104	187.5794	1.296042	0.3800032	5.236419
52860	-2383.914	-2568.526	184.6121	1.184681	0.333007	6.967515
52866	-2387.534	-2572.11	184.5758	1.221068	0.333007	6.967515
52872	-2393.559	-2576.889	183.3293	1.17205	0.333007	7.662783
52878	-2400.545	-2579.767	179.2216	1.308892	0.4534971	9.645372
52884	-2401.457	-2578.886	177.4292	1.067901	0.4082307	10.75814
52890	-2387.029	-2573.24	186.2112	1.290521	0.3677948	6.004003
52896	-2373.383	-2558.843	185.4601	1.242555	0.6858872	6.158302
52902	-2379.131	-2564.326	185.1949	1.314929	0.7378773	6.226779
52908	-2380.229	-2565.982	185.7525	1.314929	0.3802725	6.226779
52914	-2394.235	-2579.249	185.0149	1.358171	1.015956	6.133491
52920	-2377.964	-2564.708	186.744	1.358171	0.3614224	5.682849
52926	-2384.552	-2569.91	185.3575	1.534663	0.9760399	5.872201
52932	-2382.954	-2568.967	186.0125	1.303006	0.6213552	5.872201
52938	-2391.316	-2573.429	182.1134	1.155037	0.6477457	8.034045
52944	-2410.401	-2594.66	184.259	1.250683	0.8154765	6.718005
52950	-2384.552	-2571.842	187.2903	1.424298	0.4150745	5.287797
52956	-2386.239	-2575.724	189.4848	1.560427	0.3511275	4.053039
52962	-2386.11	-2574.339	188.2281	1.582968	0.4619386	4.630791
52968	-2388.769	-2576.399	187.6296	1.310095	0.3952369	5.184308
52974	-2391.753	-2573.768	182.0156	1.305002	0.3952369	8.224614
52980	-2388.984	-2572.134	183.1493	1.247176	0.6041294	7.463971
52986	-2376.581	-2562.178	185.5973	1.247176	0.5432028	6.192344
52992	-2380.048	-2563.918	183.8696	1.196692	0.6716956	7.053761
52998	-2386.001	-2570.089	184.0872	1.268336	0.7309037	6.8565
53004	-2402.536	-2590.737	188.201	1.318873	0.3911324	4.866627
53010	-2395.945	-2582.563	186.618	1.451564	0.5259813	5.537517
53016	-2397.492	-2583.645	186.1526	1.379679	0.5259813	5.83205
53022	-2389.537	-2577.431	187.8933	1.37354	0.3795902	5.020067
53028	-2389.36	-2571.122	181.7618	1.360468	0.4703157	8.257062
53034	-2385.197	-2571.466	186.2685	1.341643	0.6503589	5.688797
53040	-2395.127	-2579.234	184.1076	1.11419	0.5690742	7.048614
53046	-2388.088	-2568.23	180.1414	1.105014	0.5776748	9.160906
53052	-2378.18	-2562.188	184.0077	1.151177	0.5461684	7.101338
53058	-2390.416	-2575.43	185.0136	1.228564	0.2745848	6.800311
53064	-2403.71	-2584.91	181.2003	1.228564	0.951135	8.28899
53070	-2392.097	-2577.869	185.772	1.228564	0.2984292	6.358957
53076	-2389.301	-2572.515	183.2134	1.260864	0.5443159	7.470397
53082	-2386.005	-2573.366	187.3616	1.527861	0.3091138	5.312242
53088	-2391.43	-2576.341	184.9105	1.336949	0.3853153	6.665824
53094	-2408.656	-2587.776	179.1207	1.132106	0.4308694	9.813215
53100	-2382.307	-2561.169	178.8621	1.1153	0.6001846	9.813215
53106	-2395.022	-2580.915	185.8927	1.319178	0.5966881	5.948193
53112	-2392.8	-2580.646	187.8454	1.317726	0.4290537	5.025074
53118	-2387.874	-2573.585	185.7111	1.210652	0.6180414	6.089594
53124	-2380.382	-2566.2	185.8184	1.222971	0.5380064	6.089594
53130	-2382.374	-2568.663	186.2894	1.243887	0.5380064	5.821099
53136	-2388.328	-2575.386	187.0574	1.817103	0.2257491	5.436053
53142	-2369.525	-2558.814	189.2888	1.596546	0.3282632	4.172031
53148	-2376.334	-2563.88	187.5466	1.431367	0.3282632	5.239628
53154	-2383.607	-2570.972	187.3654	1.458227	0.3877387	5.256616
53160	-2387.627	-2575.704	188.0772	1.511857	0.3319269	4.896182
53166	-2391.217	-2577.694	186.4767	1.413867	0.516045	5.644538
53172	-2403.317	-2590.44	187.1228	1.521237	0.4321517	5.309264
53178	-2398.649	-2587.372	188.7233	1.521237	0.380316	4.472749
53184	-2392.811	-2580.664	187.8527	1.575086	0.5889166	4.731487
53190	-2405.053	-2594.31	189.2575	1.523062	0.6293074	3.933749
53196	-2385.238	-2574.135	188.8971	1.55239	0.6293074	4.122733
53202	-2387.319	-2572.215	184.896	1.274863	0.6079759	6.505263
53208	-2392.464	-2574.01	181.5458	1.043708	0.3259731	8.689307
53214	-2377.405	-2564.257	186.8521	1.531601	0.4321482	5.452789
53220	-2391.682	-2577.568	185.8856	1.365126	0.4321482	6.073143
53226	-2385.142	-2571.518	186.3753	1.4919	0.4767196	5.693197
53232	-2397.924	-2585.702	187.7784	1.370978	0.434308	5.027371
53238	-2401.817	-2588.767	186.9497	1.889321	0.4035357	5.231166
53244	-2406.965	-2592.888	185.9231	1.379374	0.3103952	6.179868
53250	-2400.163	-2585.089	184.9259	1.37739	0.3103952	6.721478
53256	-2402.235	-2587.439	185.2044	1.159059	0.4256477	6.561404
53262	-2402.905	-2588.447	185.5414	1.159059	0.4256477	6.378788
53268	-2395.302	-2577.268	181.9657	1.092426	0.4975776	8.266659
53274	-2391.448	-2573.272	181.8236	1.210501	0.332704	8.445377
53280	-2397.386	-2584.509	187.1236	1.320417	0.3516165	5.506352
53286	-2399.756	-2585.829	186.0733	1.287497	0.4680357	5.978316
53292	-2407.427	-2591.099	183.6719	1.287497	0.4680357	7.277317
53298	-2396.257	-2580.576	184.319	1.206435	0.4593216	6.981145
53304	-2400.323	-2585.29	184.9674	1.393444	0.4820284	6.508803
53310	-2396.941	-2585.045	188.1035	1.504071	0.4945459	4.71356
53316	-2381.629	-2569.717	188.0883	1.473785	0.4945459	4.738991
53322	-2383.322	-2568.242	184.9202	1.582633	0.241611	6.705228
53328	-2379.193	-2565.788	186.5943	1.362559	0.4175933	5.70199
53334	-2372.233	-2558.308	186.0756	1.362559	0.5070111	5.90029
53340	-2375.605	-2559.646	184.0408	1.262512	0.3936587	7.16589
53346	-2376.19	-2560.233	184.0433	1.398151	0.3269444	7.16589
53352	-2382.114	-2567.44	185.3264	1.156814	0.3302387	6.600266
53358	-2386.287	-2566.821	180.5341	0.9489584	0.4151734	9.179266
53364	-2381.071	-2565.15	184.0791	1.191449	0.4151734	7.161401
53370	-2389.623	-2573.262	183.6384	1.191449	0.4754602	7.340026
53376	-2392.323	-2575.737	183.4136	1.416194	0.4754602	7.340026
53382	-2395.986	-2579.867	183.8818	1.252186	0.3193631	7.340026
53304	-2464.939	-2642.008	177.0683	0.9434181	0.5002987	10.92711
53310	-2400.653	-2590.775	190.1212	1.61105	0.5024915	3.495137
53316	-2388.246	-2574.418	186.1717	1.308868	0.4705181	5.910616
53322	-2391.292	-2577.541	186.2495	1.177505	0.4705181	5.939858
53328	-2387.858	-2575.622	187.7634	1.405326	0.4705181	4.980957
53334	-2389.269	-2576.531	187.2616	1.673635	0.3481654	5.23954
53340	-2394.372	-2581.67	187.2979	1.673635	0.3312848	5.23954
53346	-2399.687	-2586.229	186.5414	1.495216	0.3312848	5.75377
53352	-2402.45	-2589.631	187.1804	1.558179	0.3312848	5.368137
53358	-2414.003	-2601.156	187.1534	1.530715	0.356826	5.368137
53364	-2403.697	-2588.145	184.4478	1.1308	0.5392717	6.881107
53370	-2407.47	-2592.145	184.6749	1.292152	0.3284805	6.881107
53376	-2396.314	-2580.846	184.5318	1.289568	0.3284805	6.959636
53382	-2412.609	-2597.47	184.8614	1.041382	0.2927364	6.959636
53388	-2398.085	-2581.381	183.2961	1.101258	0.5322399	7.521769
53394	-2415.988	-2599.202	183.2144	1.15202	0.5855058	7.494699
53400	-2407.716	-2594.853	187.1371	1.174255	0.5793862	5.359039
53406	-2410.93	-2595.913	184.9835	1.218292	0.540132	6.543706
53412	-2418.964	-2603.679	184.7144	1.218292	0.4464908	6.773767
53418	-2421.574	-2606.189	184.6154	1.317351	0.4464908	6.773767
53424	-2399.19	-2587.547	188.3575	1.555827	0.2441375	4.832886
53430	-2387.163	-2575.017	187.8541	1.488379	0.3190448	5.049059
53436	-2394.761	-2580.551	185.79	1.545399	0.5026237	5.960303
53442	-2410.031	-2593.01	182.9789	1.241208	0.3129125	7.836972
53448	-2398.918	-2583.092	184.1738	1.245084	0.3429143	7.159357
53454	-2393.629	-2576.265	182.6354	1.098684	0.3429143	8.061111
53460	-2389.326	-2572.806	183.4794	1.216247	0.3429143	7.54741
53466	-2382.487	-2569.091	186.6036	1.331085	0.3173142	5.826521
53472	-2380.826	-2567.64	186.8134	1.376669	0.3895199	5.603578
53478	-2399.859	-2587.841	187.9817	1.464182	0.3265847	4.98233
53484	-2399.97	-2587.617	187.6469	1.339504	0.3468806	5.212727
53490	-2396.401	-2583.387	186.9861	1.37751	0.5352783	5.367525
53496	-2382.167	-2569.566	187.3992	1.417574	0.2972083	5.367525
53502	-2383.854	-2571.448	187.5947	1.287553	0.4389713	5.17076
53508	-2391.311	-2578.901	187.5904	1.287553	0.4413282	5.17076
53514	-2414.297	-2600.498	186.2014	1.395072	0.4141476	5.902717
53520	-2407.75	-2595.636	187.8865	1.574825	0.868084	4.513395
53526	-2408.912	-2597.502	188.5896	1.618248	0.583686	4.297181
53532	-2392.101	-2579.078	186.977	1.347768	0.4048238	5.513298
53538	-2402.653	-2590.362	187.7082	1.50872	0.5647039	4.869408
53544	-2391.217	-2576.894	185.6763	1.324225	0.3808324	6.262539
53550	-2411.27	-2599.005	187.7354	1.352501	0.5003963	4.997827
53556	-2424.408	-2612.025	187.6175	1.496177	0.4849928	4.997827
53562	-2421.965	-2606.643	184.6775	1.313027	0.8053449	6.46425
53568	-2402.663	-2585.125	182.4618	1.18653	0.5190678	7.933423
53574	-2417.202	-2602.165	184.9626	1.279027	0.5190678	6.540251
53580	-2408.625	-2591.726	183.1009	1.207685	0.4367869	7.655802
53586	-2414.993	-2595.242	180.2489	1.058077	0.4367869	9.251214
53592	-2398.959	-2587.827	188.8681	1.507388	0.4159214	4.360113
53598	-2411.196	-2599.162	187.9658	1.637446	0.7835113	4.488443
53604	-2399.992	-2587.718	187.7264	1.70582	0.5277406	4.781352
53610	-2413.073	-2594.7	181.6274	1.119849	0.5109226	8.420373
53616	-2425.397	-2610.953	185.5563	1.293093	0.8335411	5.979499
53622	-2416.346	-2602.57	186.2235	1.197101	0.4329348	5.979756
53628	-2414.254	-2601.314	187.0595	1.289661	0.3911083	5.51448
53634	-2397.416	-2585.267	187.8511	1.583037	0.4261231	4.87732
53640	-2399.946	-2585.55	185.604	1.538181	0.641993	5.951055
53646	-2403.676	-2591.651	187.9752	1.656504	0.5673406	4.635375
53652	-2400.874	-2590.049	189.1752	1.654602	0.5293349	3.990984
53658	-2394.627	-2582.292	187.6656	1.428605	0.4220226	5.070508
53664	-2382.775	-2570.616	187.8406	1.437665	0.4220226	4.968317
53670	-2390.402	-2579.93	189.5287	1.555356	0.4134053	3.960091
53676	-2396.89	-2586.165	189.2747	1.768	0.4357476	3.960091
53682	-2396.246	-2583.248	187.0024	1.768	0.406795	5.265607
53688	-2392.688	-2581.396	188.7076	1.768	0.406795	4.313259
53694	-2402.751	-2588.521	185.7699	1.382486	0.7304964	5.881672
53700	-2393.887	-2578.778	184.8911	1.462636	0.5307579	6.469382
53706	-2399.426	-2581.923	182.4968	1.098317	0.5307579	7.951849
53712	-2397.046	-2579.545	182.499	1.096115	0.5307579	7.951849
53718	-2405.612	-2589.056	183.4439	1.209356	0.5090186	7.404637
53724	-2389.851	-2573.512	183.6608	1.334568	0.3275726	7.404637
53730	-2424.6	-2609.129	184.5284	1.401846	0.4305567	6.79068
53736	-2416.917	-2600.858	183.9412	1.341636	0.4305567	7.139426
53742	-2405.87	-2590.708	184.8381	1.409153	0.3390647	6.717474
53748	-2406.169	-2587.984	181.8155	1.197603	0.2247107	8.597438
53754	-2395.449	-2578.584	183.1349	1.449913	0.2129908	7.77808
53760	-2404.036	-2589.808	185.7724	1.346595	0.9110242	5.785264
53766	-2402.341	-2588.724	186.3831	1.239816	0.5227674	5.785264
53772	-2414.084	-2598.838	184.755	1.282435	0.5227674	6.647501
53778	-2407.407	-2591.091	183.6837	1.282435	0.4962146	7.248025
53784	-2397.687	-2588.269	190.5817	1.80796	0.7039265	2.931928
53790	-2400.573	-2591.39	190.8171	1.83541	0.5212018	2.931928
53796	-2402.75	-2594.667	191.9174	1.825616	0.3564614	2.446067
53802	-2389.981	-2581.037	191.0562	1.825616	0.5374441	2.777242
53808	-2390.132	-2580.792	190.6606	1.825616	0.6524364	2.91504
53814	-2384.205	-2573.656	189.4509	1.679898	0.595161	3.760567
53820	-2393.95	-2583.813	189.8631	1.679898	0.516241	3.592244
53826	-2399.812	-2590.214	190.4021	1.679898	0.57625	3.221612
53832	-2385.046	-2575.495	190.4481	1.679898	0.347233	3.432691
53838	-2393.63	-2583.732	190.1021	1.57179	0.3303417	3.717819
53844	-2405.81	-2594.122	188.3115	1.515373	0.3898119	4.696629
53850	-2388.466	-2576.288	187.8217	1.565129	0.6620575	4.696629
53856	-2398.222	-2586.338	188.1163	1.565129	0.6620575	4.531434
53862	-2411.098	-2599.108	188.0105	1.553869	0.5000095	4.73269
53868	-2401.562	-2586.549	184.9873	1.359285	0.5000095	6.500213
53874	-2392.305	-2575.97	183.6646	1.202039	0.5000095	7.298085
53880	-2399.237	-2585.82	186.5838	1.265701	0.5000095	5.681453
53886	-2395.919	-2580.426	184.5077	1.265701	0.304164	7.014926
53892	-2398.007	-2583.966	185.9592	1.306402	0.452032	6.045547
53898	-2392.254	-2578.212	185.9587	1.306402	0.535879	5.96947
53904	-2390.596	-2578.135	187.5389	1.306402	0.4866582	5.145145
53910	-2399.224	-2587.148	187.9234	1.43028	0.2432746	5.145145
53916	-2383.295	-2570.974	187.6798	1.351029	0.3848401	5.145145
53922	-2386.061	-2573.703	187.6419	1.388906	0.3848401	5.145145
53928	-2388.495	-2575.859	187.3639	1.510478	0.5993208	5.031315
53934	-2402.352	-2588.996	186.6446	1.521131	0.283148	5.743616
53940	-2390.789	-2579.987	189.1972	1.521131	0.3091551	4.290966
53946	-2382.653	-2571.781	189.1275	1.354712	0.4242533	4.290966
53952	-2406.305	-2594.378	188.0734	1.392951	0.4242533	4.861317
53958	-2413.33	-2600.967	187.6367	1.444157	0.5157903	4.987789
53964	-2407.514	-2595.897	188.3831	1.444157	0.7437515	4.389586
53970	-2411.817	-2599.461	187.6441	1.525407	0.7573778	4.74945
53976	-2396.828	-2585.006	188.1776	1.529111	0.4030566	4.74945
53982	-2397.243	-2584.508	187.2653	1.450909	0.4927648	5.21088
53988	-2409.789	-2596.566	186.7766	1.673602	0.4286756	5.419649
53994	-2393.276	-2579.196	185.9197	1.31465	0.4286756	6.085543
54000	-2389.73	-2575.645	185.9148	1.31465	0.4313282	6.085543
54006	-2398.338	-2584.419	186.0817	1.255644	0.3791924	6.081046
54012	-2390.7	-2576.485	185.7847	1.282193	0.5317642	6.081046
54018	-2384.779	-2569.692	184.9136	1.260355	0.4638011	6.626925
54024	-2388.763	-2573.515	184.7518	1.210324	0.5969177	6.626925
54030	-2386.606	-2571.337	184.7314	1.230689	0.5969177	6.626925
54036	-2389.551	-2574.866	185.3152	1.322327	0.5969177	6.26079
54042	-2394.175	-2579.074	184.8999	1.119897	0.5969177	6.595725
54048	-2410.388	-2594.572	184.1832	1.340192	1.013761	6.595725
54054	-2399.71	-2584.558	184.8476	1.203469	0.5757569	6.595725
54060	-2395.326	-2580.618	185.2918	1.154253	0.3514753	6.595725
54066	-2383.576	-2566.736	183.1602	1.043828	0.4722556	7.678203
54072	-2381.938	-2565.24	183.3023	1.168398	0.4598212	7.547053
54078	-2395.89	-2579.708	183.8189	1.077127	0.44782	7.330429
54084	-2386.408	-2570.109	183.7003	1.164661	0.44782	7.34707
54090	-2393.648	-2580.26	186.6125	1.269418	0.5687956	5.604067
54096	-2399.145	-2585.654	186.5094	1.372526	0.5687956	5.604067
54102	-2401.243	-2588.1	186.8569	1.311571	0.5023527	5.5042
54108	-2408.784	-2595.73	186.946	1.287315	0.4640532	5.5042
54114	-2390.643	-2577.2	186.5574	1.47018	0.5930772	5.5042
54120	-2391.011	-2576.81	185.7992	1.404273	0.5284704	6.009437
54126	-2397.681	-2584.75	187.0686	1.369607	0.5024865	5.355545
54132	-2388.329	-2577.112	188.7833	1.512557	0.4652798	4.354747
54138	-2387.943	-2577.67	189.7273	1.625979	0.5923569	3.634346
54144	-2390.264	-2579.574	189.31	1.515659	0.3600372	4.167443
54150	-2379.978	-2569.336	189.3588	1.634448	0.2848172	4.167443
54156	-2395.614	-2585.599	189.9851	1.678097	0.630286	3.422091
54162	-2390.361	-2580.908	190.5472	1.777261	0.615946	3.04288
54168	-2383.778	-2574.109	190.3315	1.773253	0.5403397	3.240707
54174	-2383.9	-2574.311	190.4117	1.692982	0.5403397	3.240707
54180	-2412.037	-2594.806	182.7689	1.262605	0.595296	7.666278
54186	-2410.661	-2593.9	183.2391	1.245911	0.3375472	7.666278
54192	-2392.319	-2581.046	188.7265	1.408359	0.5001663	4.412263
54198	-2387.07	-2574.881	187.8115	1.444587	0.5001663	4.904531
54204	-2382.966	-2570.208	187.2417	1.349928	0.5001663	5.272945
54210	-2386.996	-2573.176	186.1797	1.268566	0.5294339	5.875001
54216	-2400.613	-2582.714	182.1009	1.152239	0.692366	8.010214
54222	-2387.757	-2571.887	184.1305	1.267435	0.7287174	6.835119
54228	-2382.366	-2565.842	183.4758	1.229837	0.6203144	7.285739
54234	-2376.18	-2558.432	182.252	1.148082	0.4813611	8.099071
54240	-2398.414	-2578.826	180.4124	0.9587423	0.4813611	9.175934
54246	-2386.731	-2568.256	181.5256	1.070794	0.3850648	8.620158
54252	-2380.77	-2562.601	181.8309	1.070794	0.3615724	8.483223
54258	-2390.838	-2573.784	182.9461	1.13044	0.3615724	7.857495
54264	-2396.444	-2583.001	186.5569	1.472669	0.3615724	5.722462
54270	-2393.471	-2577.347	183.8752	1.169641	0.4348767	7.263068
54276	-2377.922	-2561.829	183.9069	1.111805	0.4493652	7.263068
54282	-2408.175	-2590.75	182.5753	1.154279	0.4493652	7.953029
54288	-2405.196	-2590.583	185.3866	1.338557	0.4493652	6.342084
54294	-2404.981	-2589.469	184.4883	1.293515	0.6914929	6.653681
54300	-2395.708	-2580.168	184.4602	1.302878	0.7058882	6.653681
54306	-2395.184	-2582.633	187.4496	1.391944	0.7058882	4.968423
54312	-2395.01	-2585.025	190.0152	1.732771	0.3281149	3.677845
54318	-2395.5	-2586.407	190.9063	1.735958	0.5610882	2.900465
54324	-2395.986	-2586.985	190.9993	1.779841	0.5610882	2.817499
54330	-2396.647	-2587.75	191.1032	1.879689	0.5264491	2.726154
54336	-2391.147	-2579.797	188.6501	1.73618	0.5264491	4.246011
54342	-2403.608	-2591.638	188.03	1.6712	1.09837	4.246011
54348	-2403.453	-2590.131	186.6774	1.392827	0.7293818	5.378757
54354	-2388.929	-2575.862	186.9333	1.505482	0.4770521	5.378757
54360	-2396.21	-2583.176	186.9655	1.444224	0.4942601	5.378757
54366	-2399.761	-2584.695	184.9344	1.154838	0.4942601	6.644656
54372	-2386.865	-2569.513	182.6479	1.336597	0.3910096	7.875093
54378	-2398.188	-2584.129	185.9409	1.367664	0.3910096	6.084006
54384	-2385.896	-2572.198	186.3023	1.355147	0.7318219	5.604136
54390	-2382.353	-2567.627	185.2743	1.355147	0.4892734	6.356572
54396	-2385.655	-2571.767	186.1114	1.382109	0.7418535	5.687139
54402	-2382.656	-2567.686	185.0297	1.314763	0.3937354	6.604461
54408	-2394.952	-2579.439	184.4869	1.345816	0.722597	6.604461
54414	-2386.991	-2571.754	184.7636	1.212082	0.6163379	6.604461
54420	-2386.66	-2570.436	183.7759	1.208671	0.6911248	7.083895
54426	-2395.365	-2579.52	184.1557	1.208671	0.4424849	7.083895
54432	-2402.51	-2587.09	184.5798	1.43708	0.6531198	6.554341
54438	-2402.264	-2590.93	188.6663	1.287911	0.4302257	4.582319
54444	-2388.841	-2576.83	187.9882	1.457016	0.7760411	4.582319
54450	-2403.933	-2592.034	188.1016	1.53794	0.7760411	4.473069
54456	-2401.913	-2590.508	188.5951	1.53794	0.4387836	4.473069
54462	-2394.146	-2581.791	187.6449	1.387395	0.4387836	5.08781
54468	-2394.389	-2581.564	187.1746	1.42238	0.4523994	5.315149
54474	-2387.244	-2574.673	187.4291	1.42238	0.3236275	5.315149
54480	-2392.902	-2572.372	179.4709	1.194555	0.3598818	9.668515
54486	-2390.493	-2572.639	182.1466	0.9754403	0.4476258	8.278371
54492	-2391.531	-2573.714	182.1833	1.132732	0.3476545	8.278371
54498	-2387.264	-2567.798	180.5337	0.9058439	0.4392658	9.178792
54504	-2388.179	-2570.68	182.5005	1.210506	0.5605324	7.865302
54510	-2384.267	-2569.748	185.4811	1.295038	0.336445	6.43431
54516	-2401.481	-2585.329	183.8478	1.119055	0.4335917	7.306206
54522	-2388.48	-2573.668	185.188	1.383257	0.4217718	6.452755
54528	-2400.137	-2586.917	186.7802	1.326033	0.5068398	5.534373
54534	-2406.324	-2591.252	184.9284	1.300336	0.3213168	6.748439
54540	-2386.904	-2572.267	185.3631	1.237447	0.3213168	6.547461
54546	-2390.026	-2572.155	182.1291	1.23967	0.4135869	8.180254
54552	-2378.522	-2564.052	185.5294	1.219024	0.352853	6.430402
54558	-2391.817	-2576.956	185.1395	1.181039	0.5999945	6.430402
54564	-2380.979	-2565.585	184.6051	1.167709	0.3050206	7.014226
54570	-2373.623	-2556.067	182.4439	0.9818143	0.4812021	8.085527
54576	-2394.846	-2580.057	185.2117	1.248699	0.3752282	6.561562
54582	-2383.718	-2569.92	186.2027	1.439451	0.7459878	5.602757
54588	-2387.381	-2574.143	186.762	1.110096	0.3154089	5.863091
54594	-2374.219	-2559.132	184.9131	1.176462	0.5831607	6.568957
54600	-2379.068	-2564.028	184.9601	1.214744	0.527633	6.568957
54606	-2387.269	-2576.852	189.5831	1.49553	0.4502414	3.924573
54612	-2403.854	-2584.419	180.566	0.9756018	0.3766438	9.187868
54618	-2392.562	-2573.219	180.6574	1.016218	0.3145752	9.187868
54624	-2400.987	-2583.215	182.2281	0.9331611	0.3755555	8.330117
54630	-2381.005	-2565.273	184.2678	1.255453	0.5402146	6.910125
54636	-2387.814	-2571.84	184.0262	1.27644	0.5671461	7.006655
54642	-2384.802	-2573.603	188.8015	1.521747	0.3954035	4.411674
54648	-2397.63	-2587.15	189.5207	1.803437	0.4154691	3.820116
54654	-2399.503	-2586.468	186.9655	1.556967	0.4587809	5.350019
54660	-2394.662	-2580.31	185.6483	1.370424	0.2882377	6.362162
54666	-2393.68	-2578.57	184.8898	1.318011	0.4153431	6.655994
54672	-2398.023	-2583.746	185.7223	1.321576	0.8275595	5.877047
54678	-2403.082	-2589.226	186.1435	1.326481	0.5135313	5.877047
54684	-2403.366	-2589.076	185.71	1.326916	0.5145919	6.112381
54690	-2405.124	-2591.054	185.9297	1.07617	0.378955	6.261654
54696	-2396.509	-2582.243	185.7339	1.378648	0.3280579	6.261654
54702	-2399.301	-2583.507	184.2064	1.378648	0.7901292	6.693421
54708	-2413.649	-2598.596	184.9468	1.257137	0.7901292	6.358303
54714	-2396.539	-2585.282	188.7432	1.396079	0.3366517	4.582837
54720	-2390.369	-2578.541	188.1713	1.302788	0.3366517	4.954465
54726	-2397.198	-2584.784	187.5868	1.326978	0.4288425	5.163536
54732	-2388.596	-2575.989	187.3924	1.326454	0.5441965	5.163536
54738	-2390.242	-2577.703	187.4613	1.326454	0.5012026	5.163536
54744	-2399.039	-2587.007	187.9677	1.413807	0.4866237	4.847247
54750	-2399.035	-2584.137	185.1022	1.413807	0.3511076	6.558289
54756	-2397.411	-2582.09	184.6788	1.390672	0.3511076	6.799612
54762	-2390.687	-2575.126	184.4396	1.31278	0.3511076	6.970612
54768	-2394.768	-2581.02	186.2521	1.31278	0.3550433	5.983885
54774	-2394.482	-2580.213	185.7311	1.373635	0.5532476	6.042169
54780	-2391.67	-2579.716	188.0458	1.410615	0.5277222	4.767852
54786	-2392.274	-2573.191	180.9166	1.019282	0.428676	8.926305
54792	-2408.305	-2587.343	179.0381	1.1141	0.428676	9.868292
54798	-2406.78	-2588.123	181.3429	1.346664	0.3290422	8.632619
54804	-2412.545	-2594.098	181.5524	1.016249	0.3872315	8.632619
54810	-2397.18	-2582.383	185.2021	1.137944	0.4040898	6.59605
54816	-2394.991	-2582.506	187.5147	1.282098	0.3871087	5.272108
54822	-2404.167	-2591.921	187.7543	1.282098	0.6537443	4.898584
54828	-2393.975	-2581.729	187.7543	1.282098	0.6537443	4.898584
54834	-2401.808	-2585.056	183.2477	1.282098	0.5415776	7.442936
54840	-2398.662	-2583.343	184.6809	1.171889	0.5634842	6.712938
54846	-2389.78	-2574.59	184.8097	1.138659	0.5851889	6.643697
54852	-2396.782	-2583.76	186.9778	1.356892	0.4671055	5.445522
54858	-2394.663	-2581.927	187.2638	1.269304	0.3619046	5.445522
54864	-2390.397	-2576.913	186.5158	1.318763	0.4783081	5.709632
54870	-2387.176	-2573.944	186.7679	1.230889	0.3884775	5.709632
54876	-2396.191	-2582.767	186.5761	1.210008	0.5073147	5.709632
54882	-2418.175	-2598.881	180.7059	0.9386109	0.3274661	9.188083
54888	-2397.57	-2578.786	181.2162	1.207281	0.3274661	8.775593
54894	-2397.108	-2581.957	184.8499	1.4127	0.3274661	6.722828
54900	-2396.373	-2581.532	185.1593	1.325881	0.2360405	6.722828
54906	-2403.937	-2586.715	182.7777	1.522184	0.1817278	7.980501
54912	-2399.473	-2588.826	189.3531	1.621484	0.6597082	3.798219
54918	-2391.767	-2579.344	187.5773	1.591274	0.8200017	4.708198
54924	-2385.201	-2571.614	186.4128	1.591274	0.4201505	5.673517
54930	-2404.383	-2591.286	186.9026	1.450635	0.3905496	5.512864
54936	-2399.196	-2585.541	186.3445	1.41619	0.3905496	5.837728
54942	-2393.865	-2579.855	185.9899	1.318665	0.44638	6.027613
54948	-2414.99	-2599.263	184.2734	1.124349	0.6172497	6.915805
54954	-2424.048	-2608.545	184.4976	1.202598	0.4294848	6.915805
54960	-2427.434	-2615.315	187.8803	1.912562	0.2215587	4.934308
54966	-2404.744	-2592.81	188.0662	1.903853	0.2215587	4.835623
54972	-2410.677	-2599.388	188.7115	1.444224	0.3259631	4.586744
54978	-2406.779	-2595.205	188.4258	1.389408	0.30555	4.803057
54984	-2412.491	-2599.022	186.5307	1.32676	0.3262548	5.857851
54990	-2402.751	-2589.521	186.77	1.518575	0.3670874	5.574183
54996	-2389.208	-2576.905	187.6967	1.372478	0.3670874	5.143666
55002	-2382.477	-2570.312	187.8344	1.450509	0.3670874	5.02403
55008	-2384.576	-2572.36	187.7841	1.627108	0.3063796	5.026879
55014	-2396.297	-2583.805	187.5079	1.356365	0.3833434	5.238971
55020	-2389.355	-2577.016	187.6608	1.302257	0.2828295	5.305689
55026	-2386.526	-2574.037	187.5105	1.40295	0.3038008	5.305689
55032	-2381.401	-2568.784	187.3835	1.426178	0.3508909	5.305689
55038	-2394.303	-2580.374	186.0703	1.36544	0.4205643	5.983914
55044	-2395.156	-2578.547	183.3909	1.185366	0.4033364	7.545891
55050	-2398.147	-2582.562	184.4151	1.246022	0.4658044	6.901945
55056	-2395.196	-2579.512	184.3155	1.352179	0.4620293	6.901945
55062	-2393.263	-2577.441	184.1781	1.165635	0.4620293	7.076391
55068	-2397.935	-2580.961	183.0261	1.180297	0.3775226	7.770813
55074	-2402.074	-2584.853	182.7788	1.331708	0.5871254	7.630402
55080	-2414.388	-2595.388	181.0001	1.088739	0.4408681	8.83351
55086	-2395.161	-2579.344	184.1831	1.106964	0.3880157	7.178955
55092	-2413.505	-2597.763	184.2579	0.9997025	0.3572626	7.229804
55098	-2406.381	-2589.006	182.625	1.11641	0.4260256	7.969306
55104	-2405.862	-2591.735	185.8726	1.219803	0.5430499	6.057488
55110	-2416.531	-2597.013	180.4816	0.8408315	0.549317	9.143476
55116	-2409.624	-2590.029	180.4054	1.142264	0.4167958	9.143476
55122	-2400.649	-2583.701	183.0524	1.088943	0.6739464	7.548676
55128	-2395.115	-2582.496	187.3814	1.31964	0.4397622	5.270152
55134	-2392.588	-2577.998	185.4095	1.31964	0.5003906	6.292367
55140	-2396.969	-2583.474	186.505	1.263653	0.5703015	5.664959
55146	-2393.947	-2580.646	186.6992	1.255188	0.456158	5.664959
55152	-2388.863	-2572.045	183.1814	1.288164	0.4000572	7.606377
55158	-2388.204	-2573.364	185.1599	1.160774	0.4764169	6.535745
55164	-2391.186	-2573.923	182.7372	1.16912	0.3747404	7.934036
55170	-2389.43	-2575.071	185.6409	1.135102	0.372443	6.393564
55176	-2392.617	-2579.741	187.1245	1.286027	0.583393	5.301066
55182	-2379.945	-2566.629	186.6837	1.196782	0.3948111	5.767648
55188	-2397.155	-2579.155	181.9997	1.27537	0.4514586	8.19332
55194	-2391.145	-2575.779	184.6342	1.1498	0.4514586	6.84926
55200	-2390.347	-2577.162	186.8154	1.286878	0.5021153	5.54082
55206	-2396.634	-2583.336	186.702	1.527197	0.5507161	5.428323
55212	-2400.612	-2587.911	187.2997	1.402244	0.2991294	5.428323
55218	-2401.738	-2589.099	187.3607	1.310906	0.3123066	5.428323
55224	-2403.54	-2588.129	184.5886	1.386091	0.3287602	6.876656
55230	-2399.847	-2583.332	183.4847	1.205625	0.3287602	7.566643
55236	-2412.317	-2595.671	183.3537	1.311506	0.3403392	7.566643
55242	-2399.966	-2584.6	184.6334	1.090573	0.3403392	6.998221
55248	-2421.1	-2605.44	184.3403	1.286994	0.4611913	6.924495
55254	-2391.998	-2578.892	186.8945	1.235987	0.4870766	5.53908
55260	-2385.599	-2572.445	186.8457	1.284711	0.4870766	5.53908
55266	-2395.036	-2581.606	186.5704	1.289978	0.4870766	5.687347
55272	-2395.518	-2583.144	187.6261	1.303874	0.3862447	5.199417
55278	-2385.896	-2570.823	184.927	1.121829	0.4464629	6.711115
55284	-2402.784	-2586.598	183.8146	1.190766	0.3097453	7.420682
55290	-2389.274	-2573.796	184.5219	1.455152	0.3097453	6.898339
55296	-2383.089	-2568.199	185.1108	1.313842	0.3097453	6.656714
55302	-2379.785	-2564.545	184.7602	1.441371	0.417982	6.656714
55308	-2372.919	-2558.106	185.1864	1.183663	0.3342629	6.656714
55314	-2385.106	-2570.318	185.2115	1.158562	0.3342629	6.656714
55320	-2385.843	-2569.935	184.0925	1.173896	0.3342629	7.251348
55326	-2383.418	-2564.703	181.285	0.9215862	0.277543	8.951897
55332	-2390.505	-2571.908	181.403	0.9136951	0.4997169	8.658784
55338	-2398.576	-2579.045	180.4688	1.007693	0.2979786	9.312223
55344	-2401.174	-2581.186	180.0122	1.044161	0.5067388	9.319969
55350	-2384.903	-2572.761	187.8572	1.475979	0.5085468	4.853896
55356	-2392.953	-2582.988	190.0344	1.512484	0.5085468	3.597213
55362	-2389.772	-2577.872	188.0999	1.306229	0.8046531	4.585124
55368	-2381.504	-2571.993	190.4889	1.76476	0.9371834	2.850102
55374	-2389.358	-2579.994	190.6363	1.624152	0.5721371	3.119338
55380	-2386.021	-2576.619	190.5987	1.622099	0.5989503	3.119338
55386	-2389.95	-2580.751	190.8011	1.622099	0.5869223	3.008974
55392	-2397.342	-2587.529	190.1877	1.63877	0.8280633	3.178052
55398	-2386.66	-2577.075	190.4157	1.667857	0.8152787	3.033679
55404	-2380.694	-2571.11	190.4157	1.667857	0.8152787	3.033679
55410	-2391.133	-2581.049	189.9155	1.616775	0.4876175	3.625836
55416	-2383.212	-2572.718	189.5059	1.616775	0.4876175	3.862215
55422	-2386.549	-2576.442	189.8932	1.532411	0.5335387	3.644267
55428	-2402.802	-2589.631	186.8288	1.158685	0.5335387	5.576001
55434	-2388.205	-2580.253	192.0474	1.748015	0.4300967	2.321911
55440	-2388.637	-2578.389	189.7524	1.65878	0.8625618	3.399892
55446	-2378.325	-2568.88	190.5553	1.615272	0.6675378	3.092059
55452	-2389.396	-2579.147	189.7504	1.555376	0.8313474	3.482267
55458	-2393.302	-2583.035	189.7327	1.493157	0.8313474	3.528862
55464	-2388.546	-2577.103	188.5566	1.453	0.8702383	4.202374
55470	-2379.94	-2569.643	189.703	1.506157	0.7615612	3.58663
55476	-2384.147	-2573.01	188.8629	1.6569	0.3614514	4.339071
55482	-2392.44	-2581.403	188.9632	1.616746	0.3614514	4.305095
55488	-2378.242	-2566.161	187.9195	1.663676	0.2362797	5.028302
55494	-2376.373	-2564.393	188.02	1.508739	0.3007343	4.968853
55500	-2388.169	-2571.881	183.712	1.554785	0.589583	7.007943
55506	-2382.831	-2567.828	184.9978	1.276721	0.4305206	6.6047
55512	-2388.215	-2572.018	183.803	1.063039	0.3463326	7.452201
55518	-2384.191	-2569.843	185.6512	1.47544	0.3463326	6.23253
55524	-2386.405	-2572.279	185.8742	1.252437	0.3463326	6.23253
55530	-2401.424	-2590.514	189.0902	1.716747	0.7641326	3.817343
55536	-2405.758	-2594.826	189.0682	1.703917	0.7930847	3.817343
55542	-2381.122	-2564.321	183.1993	1.297907	0.3572738	7.637401
55548	-2383.268	-2565.972	182.7039	1.125996	0.4944163	7.858082
55554	-2388.44	-2570.921	182.4813	1.147969	0.2784212	8.19535
55560	-2378.259	-2563.621	185.3622	1.246808	0.3911742	6.463899
55566	-2380.781	-2566.117	185.3362	1.272831	0.3911742	6.463899
55572	-2377.383	-2562.682	185.2999	1.309171	0.3911742	6.463899
55578	-2379.304	-2562.286	182.9822	1.23151	0.3911742	7.752475
55584	-2386.079	-2573.349	187.2697	1.68926	0.3747312	5.196119
55590	-2387.472	-2570.934	183.4616	1.064334	0.3747312	7.602951
55596	-2396.94	-2579.589	182.6485	1.044682	0.3747312	8.047752
55602	-2400.296	-2582.75	182.4535	1.229003	0.3800397	8.047752
55608	-2395.406	-2577.941	182.5343	1.148171	0.3800397	8.047752
55614	-2403.711	-2586.903	183.1919	1.012388	0.4237689	7.724309
55620	-2417.285	-2600.91	183.6249	1.165948	0.4237689	7.410268
55626	-2401.741	-2583.094	181.3529	0.9425303	0.4933962	8.675667
55632	-2406.584	-2595.931	189.3467	1.494711	0.6368224	3.892824
55638	-2403.066	-2592.14	189.0735	1.587001	0.9114892	3.804759
55644	-2392.307	-2579.643	187.3357	1.569014	0.2148084	5.436427
55650	-2404.605	-2588.768	184.1627	1.345814	0.2678951	7.204283
55656	-2406.716	-2590.037	183.3205	1.184014	0.2541234	7.761044
55662	-2395.68	-2576.287	180.607	1.060747	0.2894588	9.221775
55668	-2408.677	-2589.368	180.691	0.9739823	0.2894588	9.223264
55674	-2392.864	-2573.921	181.0564	0.9299683	0.3716626	8.957786
55680	-2385.825	-2571.89	186.0654	1.278526	0.3984088	6.056926
55686	-2396.755	-2582.464	185.7089	1.246976	0.4318276	6.233929
55692	-2397.046	-2583.835	186.7887	1.281375	0.4335642	5.623715
55698	-2406.416	-2594.918	188.5026	1.444442	0.6799761	4.368273
55704	-2394.596	-2580.47	185.875	1.358368	0.3079756	6.220496
55710	-2402.056	-2584.545	182.4889	1.138374	0.6100181	7.870896
55716	-2407.956	-2591.588	183.6323	1.021377	0.6100181	7.321508
55722	-2395.867	-2577.947	182.0806	0.9767566	0.6141067	8.171667
55728	-2414.058	-2590.996	176.9387	0.9767566	0.3413755	11.13352
55734	-2410.763	-2591.935	181.1719	1.058125	0.3413755	8.86215
55740	-2403.713	-2585.388	181.6748	1.236833	0.5091275	8.334492
55746	-2404.954	-2591.405	186.4511	1.336753	0.5409196	5.679212
55752	-2397.63	-2583.47	185.8396	1.141275	0.437153	6.215069
55758	-2412.129	-2599.03	186.9016	1.270806	0.437153	5.563943
55764	-2393.865	-2576.628	182.7627	0.9927648	0.6467318	7.774848
55770	-2397.926	-2584.497	186.5707	1.384664	0.5695724	5.5631
55776	-2398.205	-2582.464	184.259	1.200119	0.5695724	6.920378
55782	-2404.009	-2592.308	188.2996	1.449949	0.4917954	4.636671
55788	-2394.884	-2583.258	188.374	1.50438	0.4188305	4.636671
55794	-2405.865	-2593.923	188.0583	1.606975	0.5439975	4.636671
55800	-2409.388	-2592.446	183.0584	1.181581	0.5439975	7.596137
55806	-2399.343	-2583.594	184.2509	1.196856	0.7085472	6.822111
55812	-2400.471	-2585.203	184.7324	1.257914	0.3692353	6.822111
55818	-2399.279	-2581.423	182.1439	1.257914	0.6114363	7.99012
55824	-2400.568	-2584.423	183.8551	1.160485	0.6586362	7.090548
55830	-2382.91	-2566.745	183.8348	1.275088	0.591846	7.090548
55836	-2388.06	-2572.122	184.0622	1.114863	0.5473318	7.090548
55842	-2383.598	-2569.74	186.1418	1.343246	0.5473318	5.839501
55848	-2398.559	-2581.282	182.723	1.244543	0.7297274	7.602909
55854	-2399.626	-2584.412	184.7859	1.341928	0.718528	6.447443
55860	-2402.083	-2584.196	182.113	1.322097	0.3290248	8.2364
55866	-2398.097	-2580.233	182.1367	1.165229	0.6648465	8.003722
55872	-2402.767	-2588.376	185.6096	1.324351	0.7824451	5.966041
55878	-2401.814	-2588.675	186.8612	1.41242	0.746267	5.254825
55884	-2408.58	-2593.428	184.8484	1.411675	0.755745	6.350426
55890	-2406.146	-2592.953	186.8069	1.470496	0.3846371	5.560941
55896	-2395.306	-2582.263	186.9568	1.299849	0.5138818	5.445315
55902	-2398.422	-2585.038	186.6159	1.404921	0.435343	5.648995
55908	-2400.382	-2587.091	186.709	1.236385	0.478147	5.648995
55914	-2402.888	-2587.445	184.5572	1.293319	0.419672	6.844555
55920	-2398.922	-2584.66	185.7378	1.218931	0.8248321	5.926379
55926	-2396.255	-2582.517	186.2623	1.228942	0.447938	5.926379
55932	-2398.399	-2584.888	186.489	1.253258	0.4403417	5.796659
55938	-2391.749	-2575.397	183.6475	1.214518	0.3866282	7.410199
55944	-2389.169	-2572.987	183.817	1.208656	0.4193979	7.288652
55950	-2402.635	-2587.253	184.6182	1.197636	0.4304346	6.852536
55956	-2404.482	-2589.512	185.03	1.198219	0.2422486	6.852536
55962	-2402.974	-2587.533	184.5588	1.283542	0.4786964	6.792205
55968	-2386.062	-2571.971	185.9095	1.13246	0.2905601	6.346571
55974	-2392.571	-2578.81	186.2381	1.3042	0.3139534	6.044875
55980	-2392.212	-2575.245	183.0323	1.135375	0.4585937	7.710322
55986	-2388.442	-2569.961	181.519	0.9520595	0.5284226	8.552112
55992	-2385.29	-2566.36	181.0704	1.046868	0.5790372	8.698572
55998	-2390.145	-2571.635	181.4906	0.9306141	0.3991065	8.698572
56004	-2400.541	-2587.526	186.9848	1.553898	0.2946624	5.5239
56010	-2413.152	-2593.725	180.5732	0.9738105	0.3528172	9.210827
56016	-2385.952	-2570.661	184.7089	1.216865	0.3528172	6.875226
56022	-2391.214	-2575.891	184.6771	1.189399	0.3818442	6.875226
56028	-2398.051	-2582.269	184.2176	1.295273	0.6011492	6.866206
56034	-2388.431	-2572.725	184.2942	1.175343	0.3515607	7.122301
56040	-2394.234	-2575.111	180.877	1.121158	0.5132935	8.815943
56046	-2396.871	-2579.956	183.0845	1.16603	0.318452	7.814062
56052	-2391.076	-2576.146	185.0704	1.304449	0.5343207	6.454906
56058	-2387.602	-2572.974	185.3712	1.428133	0.3089358	6.454906
56064	-2394.006	-2581.315	187.3085	1.428133	0.3480735	5.349302
56070	-2396.157	-2580.068	183.9118	1.268785	0.3088448	7.327819
56076	-2387.985	-2572.734	184.7486	1.268785	0.3150069	6.870131
56082	-2402.315	-2587.234	184.9193	1.368916	0.2089882	6.870131
56088	-2388.766	-2572.83	184.0631	1.443152	0.4357749	7.014087
56094	-2401.093	-2588.933	187.8405	1.757915	0.4274474	4.784348
56100	-2379.26	-2564.295	185.0343	1.427925	0.4274474	6.506166
56106	-2384.641	-2572.425	187.7837	1.413305	0.3105562	5.140364
56112	-2393.359	-2576.888	183.5294	1.192599	0.3105562	7.571496
56118	-2397.155	-2581.022	183.8663	1.170355	0.4391419	7.263282
56124	-2401.781	-2587.881	186.0995	1.224108	0.4391419	6.026484
56130	-2399.53	-2582.51	182.9798	1.227904	0.3065507	7.851379
56136	-2395.289	-2577.878	182.5885	1.249882	0.3807411	7.963853
56142	-2396.831	-2580.738	183.9068	1.200358	0.3482653	7.320693
56148	-2396.818	-2578.935	182.1178	1.177138	0.4151531	8.218042
56154	-2416.964	-2603.172	186.2082	1.315198	0.2587511	6.127498
56160	-2409.135	-2593.947	184.8127	1.457187	0.3180675	6.730176
56166	-2400.309	-2584.569	184.2601	1.347116	0.7170475	6.730176
56172	-2397.702	-2584.22	186.5189	1.385304	0.3182268	5.842087
56178	-2388.569	-2572.821	184.252	1.342488	0.6466629	6.787446
56184	-2398.756	-2582.726	183.9704	1.208733	0.5120287	7.119595
56190	-2390.893	-2575.012	184.1184	1.199615	0.4295646	7.121478
56196	-2389.701	-2572.876	183.1752	1.25257	0.2637055	7.788968
56202	-2399.662	-2580.624	180.9618	1.254976	0.683801	8.567677
56208	-2386.715	-2568.864	182.1495	1.09699	0.3884274	8.271156
56214	-2388.167	-2574.24	186.0734	1.26729	0.3884274	6.069284
56220	-2378.229	-2562.878	184.6487	1.29614	0.3884274	6.825942
56226	-2401.223	-2588.247	187.0236	1.389366	0.3884274	5.482253
56232	-2395.919	-2577.807	181.8887	1.080179	0.5665855	8.256006
56238	-2380.639	-2562.494	181.8555	1.060771	0.6020726	8.256006
56244	-2398.085	-2579.774	181.6892	1.257756	0.5811732	8.256006
56250	-2394.81	-2576.522	181.7117	1.23527	0.5811732	8.256006
56256	-2394.306	-2577.947	183.6416	1.210399	0.3604019	7.44392
56262	-2389.626	-2574.624	184.9983	1.31187	0.4542756	6.562288
56268	-2380.512	-2563.563	183.0512	1.303135	0.4487988	7.619735
56274	-2391.368	-2574.394	183.0266	1.081485	0.5731996	7.642799
56280	-2392.546	-2582.583	190.0375	1.567814	0.3608912	3.719925
56286	-2395.016	-2581.169	186.1533	1.096134	0.4025483	6.104061
56292	-2393.853	-2579.967	186.1137	1.224683	0.4025483	6.055605
56298	-2382.474	-2569.208	186.7331	1.345174	0.5737885	5.492019
56304	-2389.91	-2575.701	185.7906	1.106449	0.5737885	6.138272
56310	-2380.709	-2566.535	185.8253	1.208098	0.4056892	6.218335
56304	-2494.13	-2674.979	180.8486	1.308396	0.769636	8.541685
56310	-2428.786	-2616.798	188.0123	1.625922	0.9322807	4.374633
56316	-2423.825	-2611.662	187.8365	1.678715	1.054543	4.374633
56322	-2424.47	-2609.092	184.6221	1.368506	0.6542703	6.567738
56328	-2408.944	-2595.632	186.6873	1.416043	0.6542703	5.414824
56334	-2415.833	-2603.652	187.819	1.550871	0.4991289	4.842079
56340	-2406.789	-2594.465	187.6767	1.53646	0.4991289	4.929332
56346	-2413.215	-2597.347	184.1313	1.37563	0.4901096	6.962641
56352	-2410.965	-2595.475	184.5095	1.352002	0.5867845	6.689338
56358	-2413.922	-2598.53	184.6083	1.253233	0.5867845	6.689338
56364	-2401.807	-2588.031	186.2242	1.271581	0.5150426	5.861607
56370	-2398.453	-2581.845	183.3919	1.273098	0.5150426	7.393059
56376	-2412.314	-2598.908	186.5936	1.376146	0.5150426	5.601981
56382	-2423.683	-2610.7	187.0172	1.556268	0.2254748	5.601981
56388	-2416.304	-2601.648	185.3436	1.308286	0.6519596	6.210723
56394	-2401.359	-2589.287	187.9275	1.347052	0.6519596	4.767099
56400	-2412.396	-2597.374	184.9774	1.187445	0.5198682	6.581103
56406	-2425.22	-2607.927	182.707	1.187445	0.3472023	7.970702
56412	-2410.973	-2597.737	186.764	1.169268	0.3831743	5.751284
56418	-2429.152	-2616.357	187.2052	1.19109	0.476378	5.402798
56424	-2419.755	-2602.238	182.4835	1.19109	0.4171197	8.013768
56430	-2413.869	-2597.048	183.1787	1.198611	0.4826357	7.575972
56436	-2413.979	-2598.682	184.7021	1.199792	0.4826357	6.756445
56442	-2398.995	-2585.292	186.2969	1.122139	0.4259306	5.987584
56448	-2411.785	-2599.298	187.5126	1.427762	0.3132058	5.278953
56454	-2412.565	-2600.72	188.1546	1.324396	0.6488517	4.655115
56460	-2406.028	-2593.735	187.7073	1.405837	0.6488517	4.859548
56466	-2411.403	-2597.636	186.2329	1.405837	0.8480365	5.538246
56472	-2412.529	-2600.869	188.3398	1.453045	0.8480365	4.33923
56478	-2396.454	-2585.678	189.2238	1.399024	0.4391739	4.195797
56484	-2415.241	-2601.336	186.0952	1.654175	0.4391739	5.793872
56490	-2416.101	-2603.884	187.7825	1.436397	0.6018298	4.837619
56496	-2401.738	-2590.015	188.2771	1.436397	0.6325417	4.536266
56502	-2403.048	-2591.279	188.2309	1.475635	0.6325417	4.540167
56508	-2391.765	-2579.989	188.2247	1.481895	0.6325417	4.540167
56514	-2403.814	-2592.464	188.6507	1.319691	0.4648852	4.538497
56520	-2383.832	-2571.28	187.448	1.319691	0.6414264	5.057335
56526	-2390.212	-2578.171	187.9582	1.593844	0.8022458	4.504755
56532	-2388.209	-2574.884	186.6747	1.458366	0.3301997	5.702258
56538	-2407.149	-2593.84	186.6911	1.151403	0.4065699	5.776025
56544	-2393.348	-2579.583	186.2358	1.309785	0.5839214	5.776025
56550	-2385.771	-2571.768	185.9963	1.380566	0.7059339	5.776025
56556	-2397.063	-2583.637	186.5741	1.339391	0.7059339	5.481571
56562	-2407.153	-2594.163	187.01	1.280391	0.4956535	5.443224
56568	-2397.042	-2585.364	188.3217	1.436819	0.5227874	4.60321
56574	-2411.475	-2598.785	187.3093	1.544829	0.5227874	5.107323
56580	-2396.993	-2581.043	184.0505	1.559315	0.5200087	6.880755
56586	-2392.328	-2576.665	184.3366	1.273263	0.5200087	6.880755
56592	-2379.375	-2565.876	186.5013	1.514599	0.5200087	5.572245
56598	-2387.499	-2577.731	190.2317	1.891277	0.7643215	3.046408
56604	-2385.605	-2577.104	191.4998	1.934595	0.8091118	2.201565
56610	-2407.398	-2598.802	191.404	1.8626	0.8091118	2.309368
56616	-2403.978	-2595.291	191.3128	1.981572	0.7856232	2.309368
56622	-2397.471	-2585.573	188.1021	1.843	0.5245835	4.496736
56628	-2400.635	-2589.143	188.5076	1.557957	0.4529467	4.496736
56634	-2393.879	-2582.492	188.6132	1.411153	0.4766495	4.496736
56640	-2388.769	-2574.782	186.0132	1.416192	0.4766495	5.932816
56646	-2394.993	-2579.105	184.1115	1.27292	0.4073726	7.108085
56652	-2408.909	-2593.015	184.106	1.198281	0.4509665	7.108085
56658	-2401.397	-2585.473	184.0759	1.361142	0.3803707	7.108085
56664	-2399.53	-2587.257	187.7261	1.477321	0.5679079	4.874233
56670	-2396.711	-2584.959	188.2485	1.603616	0.3060175	4.781854
56676	-2403.265	-2593.131	189.8653	1.962579	0.2933806	3.677398
56682	-2424.343	-2613.68	189.3374	1.769504	1.062454	3.457331
56688	-2418.838	-2608.414	189.5757	1.769504	1.062454	3.317532
56694	-2400.405	-2584.616	184.2109	1.208705	0.5511565	6.956807
56700	-2403.853	-2587.201	183.3478	1.056678	0.5337229	7.516687
56706	-2408.611	-2591.312	182.7011	1.006409	0.5211991	7.900011
56712	-2405.872	-2585.914	180.0425	0.8893586	0.5293076	9.366525
56718	-2403.045	-2582.956	179.9107	0.8014898	0.4484638	9.554224
56724	-2392.384	-2582.234	189.8504	1.880663	1.214109	3.006609
56730	-2397.332	-2587.462	190.1304	1.821796	0.9777432	3.006609
56736	-2396.998	-2587.312	190.3143	1.821796	0.8089974	3.006609
56742	-2394.124	-2583.231	189.1073	1.763965	0.8089974	3.749394
56748	-2399.9	-2588.304	188.4045	1.74705	1.233606	3.920712
56754	-2400.474	-2586.37	185.8962	1.188763	0.5022097	6.09725
56760	-2406.625	-2592.546	185.9215	1.189762	0.7163936	5.913896
56766	-2406.257	-2588.624	182.3679	1.056214	0.5192338	8.052906
56772	-2406.234	-2595.521	189.2871	1.839055	1.233606	3.355598
56778	-2404.264	-2593.676	189.4115	1.773779	1.179417	3.348489
56784	-2401.503	-2586.695	185.1922	1.365525	0.3415	6.546742
56790	-2401.433	-2586.207	184.7742	1.473436	0.3415	6.714458
56796	-2404.829	-2594.375	189.5455	1.54483	0.3450474	4.034653
56802	-2399.959	-2588.764	188.8048	1.509422	0.870018	4.02914
56808	-2398.348	-2584.966	186.6184	1.548944	0.3739085	5.633109
56814	-2389.367	-2578.443	189.0766	1.76879	0.4781431	4.030149
56820	-2397.035	-2586.574	189.5389	1.645499	0.4340158	3.880682
56826	-2384.41	-2574.76	190.3501	1.645499	0.5859518	3.264202
56832	-2394.255	-2584.994	190.7382	1.739026	0.5616337	2.999304
56838	-2386.091	-2574.985	188.8945	1.493107	0.5177345	4.253158
56844	-2391.794	-2580.402	188.6082	1.649471	0.5378505	4.308584
56850	-2382.101	-2572.143	190.0424	1.470724	0.5847147	3.548005
56856	-2379.45	-2569.775	190.3253	1.551903	0.5847147	3.335024
56862	-2383.538	-2572.935	189.3972	1.551903	0.4445468	4.004512
56868	-2389.094	-2576.42	187.326	1.469108	0.6424094	5.041379
56874	-2382.701	-2571.641	188.9403	1.520063	0.6424094	4.106159
56880	-2387.17	-2575.4	188.2294	1.561594	0.6011722	4.517859
56886	-2397.724	-2586.26	188.5362	1.493355	0.7148291	4.295953
56892	-2393.931	-2581.286	187.355	1.502713	0.67611	4.981195
56898	-2384.589	-2571.971	187.382	1.377421	0.67611	5.035747
56904	-2399.723	-2582.356	182.633	1.380126	0.3901176	7.860709
56910	-2392.84	-2578.767	185.9263	1.192737	0.4388497	6.138228
56916	-2392.654	-2576.78	184.1264	1.347416	0.4388497	7.028535
56922	-2391.148	-2581.321	190.1731	1.535111	0.4388497	3.573071
56928	-2408.448	-2595.501	187.0529	1.307092	0.4388497	5.459123
56934	-2381.063	-2568.664	187.6009	1.382096	0.5889295	4.979424
56940	-2383.55	-2572.84	189.2897	1.854072	0.4674192	3.869925
56946	-2387.09	-2576.613	189.5225	1.474861	0.7039406	3.75129
56952	-2388.834	-2578.177	189.3434	1.472346	0.6280011	3.914612
56958	-2381.622	-2570.466	188.8437	1.472346	0.6280011	4.199606
56964	-2400.487	-2587.976	187.4885	1.472346	0.3562655	5.215952
56970	-2384.871	-2574.413	189.5421	1.472346	0.6601835	3.774869
56976	-2390.254	-2578.401	188.1477	1.619669	0.9615223	4.284419
56982	-2394.511	-2579.4	184.8886	1.36708	0.4142633	6.631233
56988	-2394.62	-2582.792	188.1715	1.506275	0.3984408	4.770595
56994	-2395.629	-2583.355	187.7259	1.372798	0.7845196	4.770595
57000	-2387.319	-2573.224	185.9055	1.372798	0.3064786	6.197924
57006	-2392.864	-2578.336	185.4719	1.256524	0.6140746	6.197924
57012	-2399.188	-2583.686	184.4979	1.244884	0.6140746	6.732076
57018	-2395.695	-2581.323	185.6273	1.358461	0.5326309	6.124516
57024	-2396.278	-2581.673	185.3947	1.226712	0.5881131	6.276557
57030	-2408.948	-2596.893	187.9454	1.366469	0.5178177	4.857393
57036	-2388.001	-2575.9	187.8991	1.412792	0.5178177	4.857393
57042	-2388.576	-2578.443	189.8666	1.571556	0.5040082	3.664593
57048	-2386.177	-2575.95	189.7731	1.617949	0.5332427	3.664593
57054	-2392.137	-2581.818	189.681	1.601454	0.6051063	3.664593
57060	-2398.1	-2588.338	190.2385	1.758883	0.6051063	3.246593
57066	-2399.375	-2589.235	189.8603	1.608765	0.4587493	3.69119
57072	-2393.224	-2582.207	188.9831	1.608765	0.6600734	4.017362
57078	-2410.853	-2600.427	189.5745	1.550039	0.4703935	3.87799
57084	-2408.96	-2598.229	189.2692	1.556197	0.6580631	3.885255
57090	-2393.255	-2582.56	189.3052	1.440569	0.7184709	3.885255
57096	-2405.758	-2590.771	185.0128	1.38026	0.7184709	6.303563
57102	-2390.775	-2575.357	184.5821	1.231948	0.3832484	6.902008
57108	-2387.344	-2572.73	185.3855	1.400726	0.4577669	6.300842
57114	-2396.758	-2582.324	185.5656	1.156025	0.4955184	6.300842
57120	-2400.399	-2585.923	185.5245	1.197201	0.4955184	6.300842
57126	-2381.801	-2565.979	184.1779	1.193705	0.4977203	7.028718
57132	-2390.361	-2574.671	184.3107	1.053872	0.5019232	7.028718
57138	-2396.369	-2583.566	187.198	1.588628	0.3684626	5.298366
57144	-2393.638	-2582.32	188.682	1.588628	0.8542923	4.064044
57150	-2397.563	-2585.727	188.1635	1.559632	0.6274182	4.53489
57156	-2387.665	-2576.043	188.3775	1.559632	0.6274182	4.414451
57162	-2386.351	-2576.897	190.5462	1.554972	0.4944313	3.286601
57168	-2400.693	-2590.545	189.8522	1.734021	0.8785401	3.286601
57174	-2399.431	-2590.015	190.5833	1.711444	0.5197614	3.147432
57180	-2400.744	-2591.294	190.5503	1.799914	0.5976512	3.043218
57186	-2388.268	-2579.243	190.9746	1.714964	0.3950223	3.043218
57192	-2400.516	-2590.123	189.6061	2.028153	1.060962	3.147432
57198	-2377.731	-2568.148	190.4172	1.797508	0.5711874	3.147432
57204	-2391.484	-2581.713	190.2291	1.598076	0.5711874	3.376265
57210	-2382.345	-2571.773	189.4282	1.720989	0.5711874	3.770485
57216	-2401.295	-2590.581	189.2852	1.720989	0.4416755	3.974816
57222	-2405.213	-2595.031	189.8185	1.720989	0.5565673	3.557331
57228	-2395.859	-2585.987	190.128	1.672481	0.5565673	3.404971
57234	-2386.895	-2575.417	188.5219	1.63021	0.8299263	4.147268
57240	-2379.931	-2568.686	188.7554	1.63021	0.6442059	4.147268
57246	-2381.325	-2570.094	188.7696	1.63021	0.6339883	4.147268
57252	-2389.329	-2580.128	190.7991	2.046146	0.7172672	2.643814
57258	-2378.194	-2569.081	190.8874	1.957833	0.7172672	2.643814
57264	-2379.298	-2570.186	190.8874	1.957833	0.7172672	2.643814
57270	-2387.619	-2578.305	190.6858	1.761271	0.649392	2.941157
57276	-2381.162	-2571.796	190.6339	1.761271	0.649392	2.972344
57282	-2396.585	-2587.777	191.1928	1.930855	0.649392	2.526969
57288	-2393.811	-2584.955	191.1433	1.864055	0.8217471	2.464027
57294	-2390.3	-2582.054	191.754	2.059315	0.6474076	2.088118
57300	-2374.523	-2565.795	191.2726	2.059315	0.5797641	2.458965
57306	-2391.733	-2583.22	191.4866	1.893331	0.6042594	2.40612
57312	-2390.764	-2582.154	191.3902	1.751828	0.6042594	2.555091
57318	-2390.712	-2582.073	191.3614	1.816045	0.5801734	2.555091
57324	-2382.196	-2573.68	191.4832	1.819321	0.5801734	2.477005
57330	-2383.572	-2574.541	190.9688	1.851183	0.7324261	2.64751
57336	-2384.672	-2575.652	190.98	1.851183	0.8182665	2.576469
57342	-2376.42	-2567.311	190.8912	1.759159	0.8182665	2.688071
57348	-2364.383	-2553.582	189.1988	1.759159	0.8182665	3.693086
57354	-2390.928	-2580.245	189.3177	1.618396	0.8182665	3.705709
57360	-2386.302	-2575.78	189.4778	1.618396	0.6886816	3.705709
57366	-2387.133	-2575.782	188.6494	1.636147	0.51345	4.31487
57372	-2386.263	-2576.095	189.8326	1.629825	0.51345	3.641622
57378	-2387.109	-2576.604	189.4953	1.629021	0.4356447	3.913416
57384	-2382.79	-2573.241	190.4518	1.782861	0.4042179	3.302725
57390	-2387.362	-2578.31	190.9474	1.781924	0.4468566	2.961451
57396	-2391.452	-2580.427	188.9755	1.563172	0.4341823	4.248663
57402	-2404.749	-2591.045	186.2963	1.406601	0.6215089	5.660001
57408	-2398.93	-2583.796	184.8665	1.406601	0.6695683	6.40345
57414	-2393.75	-2578.553	184.8031	1.315999	0.7914436	6.40345
57420	-2396.309	-2581.829	185.5204	1.426498	0.4883927	6.184884
57426	-2402.867	-2588.24	185.3723	1.337805	0.6441341	6.184884
57432	-2395.5	-2582.205	186.7056	1.5143	0.4203494	5.554824
57438	-2410.104	-2592.739	182.6348	1.265921	0.4203494	7.889889
57444	-2425.588	-2612.468	186.8806	1.416215	0.4815079	5.45275
57450	-2405.271	-2593.469	188.1983	1.51816	0.4815079	4.664881
57456	-2408.703	-2594.87	186.1669	1.419428	0.4815079	5.84252
57462	-2392.284	-2578.115	185.8314	1.345215	0.4484949	6.097454
57468	-2389.382	-2576.485	187.1036	1.35829	0.5666533	5.286557
57474	-2387.494	-2573.525	186.0302	1.308892	0.5666533	5.903077
57480	-2380.361	-2564.895	184.5345	1.206158	0.3656243	6.960668
57486	-2400.6	-2585.385	184.7854	1.208997	0.6027796	6.604852
57492	-2395.506	-2582.03	186.5245	1.308707	0.8553989	5.426716
57498	-2401.025	-2587.621	186.5959	1.437249	0.5853033	5.507424
57504	-2396.666	-2583.352	186.6866	1.346551	0.5853033	5.507424
57510	-2399.323	-2584.353	185.0303	1.308076	0.6671991	6.369777
57516	-2392.666	-2580.014	187.3483	1.713464	0.6671991	4.87427
57522	-2396.29	-2583.019	186.7288	1.374083	0.6567052	5.413243
57528	-2404.319	-2590.07	185.7511	1.158721	0.3253097	6.375033
57534	-2405.858	-2592.492	186.6339	1.247552	0.4282944	5.732426
57540	-2400.732	-2586.225	185.4938	1.322041	0.4631957	6.279597
57546	-2407.425	-2594.67	187.245	1.286768	0.3773494	5.428988
57552	-2407.463	-2592.262	184.7983	1.307082	0.9655672	6.306636
57558	-2400.526	-2584.559	184.0329	1.16489	0.7446711	6.932242
57564	-2384.608	-2572.437	187.8285	1.384427	0.3174804	5.122836
57570	-2395.399	-2582.632	187.233	1.426381	0.5079022	5.2285
57576	-2383.506	-2571.501	187.9951	1.416937	0.5079022	4.810526
57582	-2374.744	-2561.839	187.0955	1.461893	0.5079022	5.284858
57588	-2377.042	-2562.272	185.2298	1.165399	0.5079022	6.466844
57594	-2384.093	-2569.505	185.4122	1.273703	0.5079022	6.309176
57600	-2392.003	-2579.012	187.0089	1.375431	0.5077169	5.380485
57606	-2396.917	-2583.334	186.4172	1.33123	0.5077169	5.729915
57612	-2393.652	-2582.905	189.2527	1.555014	0.3569652	4.18124
57618	-2399.385	-2586.848	187.4629	1.708312	0.4832489	4.967478
57624	-2393.789	-2582.837	189.048	1.683502	0.4832489	4.090176
57630	-2389.78	-2578.822	189.0425	1.561176	0.5629658	4.090176
57636	-2393.478	-2578.321	184.8436	1.43512	0.5629658	6.482944
57642	-2393.607	-2577.086	183.4798	1.172108	0.4833634	7.428232
57648	-2389.514	-2574.037	184.5232	1.204006	0.4833634	6.850037
57654	-2396.805	-2579.797	182.9921	1.204006	0.4147912	7.737638
57660	-2391.007	-2577.048	186.041	1.204006	0.402477	6.106525
57666	-2396.369	-2582.306	185.9374	1.410505	0.3512136	6.106525
57672	-2395.924	-2584.467	188.5433	1.479742	0.4689459	4.504933
57678	-2392.978	-2577.452	184.4747	1.140231	0.3012302	7.103898
57684	-2393.88	-2579.449	185.5683	1.449235	0.3055961	6.340727
57690	-2407.493	-2592.987	185.4938	1.278486	0.4247306	6.340727
57696	-2396.067	-2581.488	185.4216	1.278486	0.3716279	6.435659
57702	-2409.639	-2594.667	185.028	1.473388	0.3716279	6.543287
57708	-2384.717	-2572.51	187.7922	1.433359	0.4450249	4.974277
57714	-2395.518	-2581.153	185.635	1.39662	0.5285636	6.103041
57720	-2390.971	-2579.148	188.1767	1.645041	0.2932875	4.815398
57726	-2380.914	-2568.992	188.0781	1.635928	0.3613084	4.791759
57732	-2393.104	-2582.591	189.487	1.65125	0.3613084	3.987802
57738	-2390.687	-2580.004	189.3174	1.585503	0.6352323	3.858803
57744	-2390.047	-2579.586	189.539	1.704014	0.5164923	3.765578
57750	-2385.278	-2573.822	188.5433	1.565086	0.5896975	4.348399
57756	-2378.001	-2566.002	188.001	1.630226	0.667517	4.55552
57762	-2386.951	-2575.223	188.2722	1.540615	0.3287195	4.775292
57768	-2388.536	-2572.669	184.133	1.262967	0.5903609	6.937716
57774	-2385.991	-2572.206	186.2147	1.337607	0.4721388	5.869847
57780	-2387.334	-2575.077	187.7432	1.38293	0.4533062	5.021343
57786	-2394.993	-2581.1	186.1071	1.268914	0.366044	6.074502
57792	-2414.914	-2595.212	180.2978	1.255489	0.5012061	9.062009
57798	-2414.587	-2595.037	180.4503	0.9495661	0.6003516	9.062009
57804	-2406.228	-2588.543	182.3151	1.114996	0.3952326	8.166313
57810	-2409.946	-2594.365	184.4196	1.223606	0.3721398	7.006007
57816	-2403.123	-2588.577	185.4542	1.380526	0.5443222	6.19669
57822	-2395.723	-2577.174	181.4515	1.217062	0.5443222	8.433929
57828	-2393.761	-2577.474	183.7122	1.095701	0.5443222	7.29148
57834	-2420.806	-2602.244	181.4384	1.20403	0.5443222	8.447796
57840	-2419.218	-2601.793	182.5752	1.441107	0.5632436	7.699974
57846	-2400.929	-2588.85	187.9207	1.576946	0.8092367	4.530732
57852	-2413.924	-2598.365	184.4415	1.348507	0.5271301	6.777395
57858	-2402.804	-2588.908	186.1047	1.348507	0.4126193	5.982529
57864	-2396.686	-2581.407	184.7211	1.269574	0.4925714	6.699448
57870	-2398.372	-2582.471	184.0991	1.207688	0.4925714	7.068183
57876	-2377.599	-2561.777	184.1778	1.129026	0.4925714	7.068183
57882	-2383.278	-2566.371	183.0926	1.253562	0.4762147	7.598515
57888	-2387.373	-2571.365	183.9914	1.149437	0.3158812	7.340537
57894	-2395.529	-2579.247	183.7181	1.158434	0.3542622	7.437625
57900	-2407.662	-2588.797	181.1346	0.9479938	0.5416371	8.747214
57906	-2398.15	-2583.373	185.2228	1.437719	0.4857483	6.342928
57912	-2401.684	-2588.5	186.8159	1.477007	0.6778802	5.292703
57918	-2403.816	-2590.89	187.0737	1.53887	0.3916089	5.368891
57924	-2408.171	-2594.365	186.1945	1.416871	0.4861055	5.824557
57930	-2397.108	-2583.881	186.7726	1.51028	0.5454268	5.403244
57936	-2388.557	-2574.573	186.016	1.498863	0.4017737	5.960171
57942	-2387.157	-2573.134	185.9777	1.561346	0.3893234	5.960171
57948	-2399.319	-2587.069	187.7506	1.469101	0.5803167	4.854764
57954	-2396.498	-2582.719	186.2211	1.30467	0.5803167	5.789827
57960	-2403.358	-2588.902	185.544	1.297638	0.3559024	6.376382
57966	-2391.611	-2573.832	182.2202	1.070601	0.5697888	8.08197
57972	-2395.098	-2580.321	185.2236	1.431011	0.6447296	6.214639
57978	-2391.212	-2577.008	185.7957	1.337118	0.3590788	6.214639
57984	-2387.57	-2572.607	185.037	1.181454	0.5503805	6.526006
57990	-2387.639	-2572.679	185.0403	1.178222	0.5503805	6.526006
57996	-2391.572	-2572.155	180.5824	1.466627	0.192527	9.158005
58002	-2383.401	-2569.028	185.6266	1.387727	0.270383	6.388162
58008	-2384.241	-2566.192	181.9506	1.529791	0.5383986	8.006614
58014	-2394.315	-2577.362	183.0478	1.271782	0.4282602	7.658257
58020	-2388.156	-2570.997	182.8416	1.276821	0.4564539	7.738657
58026	-2381.409	-2564.342	182.9334	1.261019	0.4147055	7.738657
58032	-2389.631	-2578.918	189.2871	1.684998	0.5087946	3.928468
58038	-2400.049	-2586.302	186.2533	1.31894	0.594741	5.75275
58044	-2393.22	-2582.35	189.1304	1.535365	0.594741	4.027751
58050	-2387.167	-2575.763	188.5956	1.535365	0.5545932	4.365477
58056	-2397.434	-2586.23	188.7959	1.535365	0.4527545	4.347149
58062	-2389.413	-2577.637	188.2238	1.541676	0.6304417	4.508722
58068	-2389.506	-2577.34	187.8337	1.57702	0.922397	4.508722
58074	-2398.819	-2587.043	188.2245	1.534633	0.8533423	4.354894
58080	-2389.493	-2576.209	186.7154	1.553767	0.8980986	5.159965
58086	-2391.592	-2574.854	183.2623	1.324575	0.6233058	7.347164
58092	-2413.262	-2597.557	184.2946	1.125844	0.588952	6.925655
58098	-2415.914	-2598.878	182.964	1.185055	0.4387082	7.739227
58104	-2415.66	-2597.093	181.4328	1.085274	0.4387082	8.607931
58110	-2412.853	-2596.959	184.1063	1.194903	0.4387082	7.121571
58116	-2429.455	-2613.908	184.4526	1.30541	0.8843559	6.541673
58122	-2408.451	-2590.817	182.3664	1.134775	0.5948937	7.949909
58128	-2425.301	-2610.514	185.2129	1.452426	0.5533624	6.281151
58134	-2413.743	-2594.07	180.3267	1.119679	0.483672	9.134089
58140	-2392.755	-2573.695	180.9395	1.078838	0.4337813	8.877654
58146	-2393.389	-2578.668	185.2783	1.227109	0.220996	6.734358
58152	-2387.984	-2571.778	183.7937	1.57746	0.1469221	7.469966
58158	-2397.928	-2582.857	184.9295	1.775324	0.4464123	6.355957
58164	-2388.755	-2575.46	186.7045	1.472212	0.4464123	5.552417
58170	-2389.715	-2576.156	186.4418	1.472285	0.6108646	5.552417
58176	-2397.834	-2586.322	188.4878	1.664951	0.7216777	4.221186
58182	-2400.959	-2590.949	189.9892	1.779771	0.7216777	3.288172
58188	-2408.802	-2596.754	187.9522	1.98935	1.341063	3.990065
58194	-2403.692	-2592.359	188.6674	1.955434	1.409085	3.566622
58200	-2393.718	-2582.837	189.1187	2.066596	1.229	3.323118
58206	-2402.355	-2590.736	188.3806	1.938753	1.313656	3.785981
58212	-2400.96	-2590.738	189.7782	1.541247	0.4776155	3.75876
58218	-2393.229	-2582.843	189.6137	1.547789	0.5139215	3.814947
58224	-2401.856	-2589.691	187.8353	1.479634	0.8090376	4.633401
58230	-2392.069	-2575.666	183.5972	1.146601	0.4380665	7.421467
58236	-2401.58	-2589.568	187.9878	1.380252	0.5650368	4.784826
58242	-2393.03	-2581.26	188.2303	1.392792	0.4860381	4.712856
58248	-2385.523	-2573.458	187.9355	1.365897	0.4598042	4.917534
58254	-2391.902	-2579.416	187.5133	1.412018	0.4284009	5.157582
58260	-2396.825	-2584.472	187.647	1.193173	0.4764339	5.157582
58266	-2394.659	-2578.116	183.4568	1.055233	0.3535866	7.633599
58272	-2387.965	-2573.895	185.9293	1.334281	0.5241972	5.980403
58278	-2388.239	-2574.317	186.0777	1.323548	0.5241972	5.905244
58284	-2394.308	-2582.264	187.956	1.333581	0.3787998	5.008314
58290	-2394.176	-2582.138	187.9616	1.326256	0.3796676	5.008314
58296	-2390.382	-2579.126	188.7441	1.504589	0.85456	4.076356
58302	-2391.96	-2581.232	189.2712	1.50223	0.472908	4.076356
58308	-2396.396	-2585.699	189.3029	1.50223	0.5512966	3.985377
58314	-2394.96	-2582.557	187.5968	1.479704	0.524897	4.982061
58320	-2386.677	-2574.628	187.9514	1.478883	0.524897	4.785006
58326	-2386.789	-2568.548	181.7591	1.044145	0.4729545	8.42435
58332	-2382.443	-2562.776	180.3324	1.058725	0.2409363	9.432613
58338	-2392.737	-2573.596	180.8592	0.860004	0.5197199	8.958235
58344	-2391.2	-2576.428	185.2282	1.148213	0.5417937	6.447667
58350	-2393.294	-2577.562	184.2679	1.226241	0.330977	7.1328
58356	-2385.33	-2568.694	183.3637	1.087544	0.3471323	7.673359
58362	-2384.487	-2567.557	183.0701	1.242036	0.3111749	7.789962
58368	-2386.525	-2569.002	182.4766	1.139463	0.5008482	7.96648
58374	-2395.004	-2578.679	183.6758	1.098844	0.5008482	7.346725
58380	-2385.815	-2571.182	185.3668	1.251252	0.5008482	6.352285
58386	-2385.635	-2573.451	187.8157	1.416627	0.2469352	5.206933
58392	-2407.553	-2593.191	185.6375	1.248271	0.2692529	6.459376
58398	-2401.311	-2586.417	185.1061	1.231007	0.553195	6.459376
58404	-2392.626	-2581.604	188.9785	1.406037	0.3542754	4.423874
58410	-2389.127	-2572.859	183.7323	1.148694	0.3783024	7.40888
58416	-2393.909	-2577.458	183.5493	1.158428	0.3783024	7.501741
58422	-2384.471	-2569.508	185.0371	1.15872	0.4243206	6.653409
58428	-2391.757	-2580.813	189.0557	1.507721	0.4243206	4.244919
58434	-2389.203	-2576.868	187.6654	1.348281	0.5701976	4.977867
58440	-2388.882	-2575.601	186.7185	1.458451	0.5701976	5.440685
58446	-2378.522	-2568.365	189.8423	1.705014	0.4730215	3.631492
58452	-2409.166	-2592.113	182.947	0.950322	0.3771193	7.936276
58458	-2398.621	-2584.361	185.7395	1.197341	0.4321958	6.243887
58464	-2397.943	-2585.491	187.5479	1.459502	0.6377408	4.926989
58470	-2390.161	-2575.286	185.1246	1.324473	0.5893987	6.369122
58476	-2388.398	-2575.509	187.1112	1.517383	0.6527208	5.125882
58482	-2391.859	-2578.843	186.9832	1.54546	0.7286736	5.125882
58488	-2387.622	-2575.977	188.3548	1.571858	0.7286736	4.344145
58494	-2381.413	-2570.016	188.6028	1.513558	0.5893911	4.344145
58500	-2381.782	-2570.953	189.1704	1.527145	0.5893911	4.014037
58506	-2381.645	-2569.154	187.5091	1.519279	0.7173154	4.856211
58512	-2396.22	-2583.698	187.4779	1.528199	0.7173154	4.86864
58518	-2382.032	-2569.044	187.012	1.313946	0.6396042	5.3032
58524	-2396.716	-2583.269	186.5527	1.504944	0.8549906	5.3032
58530	-2383.921	-2568.755	184.8338	1.221724	0.7994006	6.432821
58536	-2390.617	-2578.876	188.2586	1.313866	0.6329412	4.615146
58542	-2394.867	-2582.577	187.7098	1.289059	0.6329412	4.935504
58548	-2397.31	-2584.82	187.5096	1.351945	0.5618196	5.069429
58554	-2411.01	-2598.9	187.8899	1.400518	0.2372419	5.189111
58560	-2401.494	-2586.366	184.8715	1.140267	0.7621486	6.480777
58566	-2396.392	-2582.62	186.2281	1.225246	0.4369171	5.957887
58572	-2382.295	-2567.379	185.0836	1.155871	0.4369171	6.617311
58578	-2387.113	-2572.403	185.2908	1.151917	0.606693	6.358905
58584	-2398.182	-2582.976	184.7944	1.280842	0.5846516	6.575488
58590	-2389.525	-2572.299	182.7738	1.100676	0.5846516	7.75861
58596	-2392.934	-2574.364	181.4299	1.060591	0.4685676	8.59449
58602	-2378.262	-2562.192	183.9298	1.00892	0.3107962	7.455126
58608	-2389.833	-2573.292	183.4583	1.126314	0.493556	7.455126
58614	-2389.606	-2573.008	183.402	1.04072	0.493556	7.531118
58620	-2397.678	-2580.682	183.0043	1.209938	0.493556	7.65343
58626	-2395.799	-2581.252	185.4527	1.231105	0.493556	6.323161
58632	-2394.668	-2580.001	185.3327	1.039973	0.7062762	6.323161
58638	-2397.326	-2583.304	185.978	1.415774	0.4820961	5.947171
58644	-2379.713	-2565.309	185.5959	1.204147	0.4820961	6.270527
58650	-2371.774	-2558.684	186.9101	1.208412	0.4970012	5.53654
58656	-2389.901	-2575.387	185.486	1.300682	0.4970012	6.264205
58662	-2386.538	-2572.079	185.5412	1.245412	0.4970012	6.264205
58668	-2396.098	-2584.178	188.0796	1.557732	0.4196384	4.770674
58674	-2401.43	-2588.886	187.4559	1.479955	0.5893758	5.005244
58680	-2404.804	-2593.37	188.5659	1.479955	0.5201041	4.44407
58686	-2405.894	-2594.985	189.091	1.479955	0.6631232	4.026923
58692	-2389.559	-2578.399	188.8402	1.46085	0.6631232	4.180627
58698	-2393.513	-2582.353	188.8402	1.46085	0.6631232	4.180627
58704	-2392.394	-2580.636	188.2422	1.530789	0.4618346	4.652214
58710	-2396.607	-2584.134	187.5261	1.436625	0.4645008	5.101095
58716	-2400.838	-2588.006	187.1678	1.384071	0.5230194	5.274372
58722	-2412.465	-2599.01	186.5449	1.267607	0.717395	5.528997
58728	-2405.048	-2592.206	187.1583	1.311789	0.3128662	5.538468
58734	-2403.677	-2591.203	187.5268	1.243743	0.3595674	5.317324
58740	-2400.166	-2587.57	187.4039	1.237116	0.4258496	5.317324
58746	-2413.037	-2598.592	185.5553	1.300289	0.5798597	6.155918
58752	-2395.104	-2582.51	187.4061	1.212762	0.4197198	5.335816
58758	-2401.091	-2587.74	186.6492	1.212762	0.4197198	5.751814
58764	-2400.136	-2581.801	181.665	1.188325	0.4195339	8.448545
58770	-2392.227	-2575.702	183.4751	1.042081	0.4195339	7.561162
58776	-2380.567	-2564.033	183.4663	1.080438	0.4038697	7.561162
58782	-2381.167	-2565.724	184.5577	1.330195	0.3251792	6.927686
58788	-2402.317	-2587.539	185.2219	1.3627	0.5607471	6.318858
58794	-2402.043	-2586.061	184.0178	1.150589	0.4775036	7.156325
58800	-2401.747	-2584.42	182.6723	1.031434	0.3956837	8.020009
58806	-2407.158	-2588.902	181.7443	1.033353	0.5598054	8.363223
58812	-2403.891	-2590.788	186.8973	1.281962	0.5598054	5.448097
58818	-2396.923	-2582.411	185.4877	1.158244	0.5105287	6.328555
58824	-2408.034	-2590.162	182.1289	1.332514	0.5105287	8.04052
58830	-2401.776	-2588.796	187.0202	1.43477	0.5654504	5.291354
58836	-2391.317	-2576.932	185.6153	1.449617	0.422409	6.184056
58842	-2405.674	-2590.797	185.1231	1.237155	0.3801246	6.610394
58848	-2413.423	-2598.605	185.1823	1.178016	0.3801246	6.610394
58854	-2401.184	-2583.717	182.5332	1.028002	0.35448	8.140214
58860	-2397.54	-2581.866	184.3259	1.078052	0.3061201	7.211233
58866	-2397.228	-2586.597	189.3684	1.491641	0.4586066	4.041082
58872	-2399.3	-2587.126	187.8263	1.491641	0.5361809	4.837683
58878	-2392.359	-2581.815	189.4559	1.491641	0.5733297	3.884626
58884	-2391.706	-2581.162	189.4559	1.491641	0.5733297	3.884626
58890	-2403.352	-2588.704	185.3523	1.602867	0.8374083	5.919376
58896	-2418.482	-2604.72	186.2385	1.411114	0.3713103	5.919376
58806	-2443.927	-2627.299	183.3726	1.314388	0.6140404	7.300548
58812	-2416.794	-2603.324	186.5299	1.382	0.3323711	5.820748
58818	-2433.34	-2618.467	185.127	0.9796823	0.3454593	6.786001
58824	-2421.052	-2602.817	181.7647	0.9826795	0.4700763	8.45668
58830	-2410.964	-2595.732	184.7679	1.176022	0.5013873	6.716823
58836	-2421.896	-2609.122	187.2268	1.24545	0.4219001	5.414449
58842	-2407.274	-2591.215	183.9408	1.08346	0.3631687	7.34849
58848	-2407.749	-2591.978	184.2292	1.08346	0.4448108	7.109464
58854	-2415.979	-2602.358	186.3798	1.176739	0.4795974	5.86057
58860	-2397.516	-2581.515	183.9991	1.266479	0.4795974	7.102109
58866	-2400.303	-2586.244	185.9411	1.366218	0.5749456	5.913657
58872	-2395.118	-2580.516	185.3985	1.253395	0.3367576	6.501307
58878	-2403.563	-2588.63	185.0666	1.326236	0.4156388	6.555622
58884	-2416.904	-2601.977	185.0727	1.429111	0.3602705	6.555622
58890	-2394.71	-2578.19	183.4795	1.081783	0.3602705	7.599791
58896	-2386.491	-2572.259	185.7676	1.210924	0.5114826	6.146889
58902	-2394.425	-2579.053	184.6283	1.25973	0.5467685	6.707748
58908	-2390.458	-2574.319	183.8617	1.25973	0.2563145	7.427841
58914	-2394.577	-2577.465	182.8872	1.24869	0.3710299	7.815486
58920	-2402.427	-2585.494	183.0676	1.154523	0.4443978	7.694688
58926	-2392.778	-2575.889	183.111	1.207548	0.3928193	7.694688
58932	-2400.853	-2582.257	181.4031	1.173356	0.3244854	8.697984
58938	-2393.135	-2574.577	181.4413	1.08108	0.4273925	8.616587
58944	-2393.189	-2575.888	182.699	1.152996	0.4692007	7.869102
58950	-2405.01	-2588.131	183.1212	1.111182	0.282021	7.869102
58956	-2398.767	-2585.076	186.309	1.304719	0.4664707	5.841655
58962	-2398.323	-2583.33	185.007	1.110181	0.3546091	6.769925
58968	-2396.822	-2583.587	186.7654	1.245902	0.3888786	5.702356
58974	-2389.452	-2576.274	186.8218	1.245902	0.3780747	5.683182
58980	-2387.799	-2573.932	186.1329	1.205436	0.2511278	6.238852
58986	-2396.478	-2582.353	185.8746	1.279374	0.4894292	6.071237
58992	-2391.785	-2578.937	187.1515	1.373959	0.4754659	5.33242
58998	-2388.721	-2572.681	183.9597	1.264122	0.5627772	7.052617
59004	-2411.617	-2597.046	185.4296	1.264122	0.5627772	6.257892
59010	-2398.721	-2584.101	185.3799	1.317191	0.5606126	6.257892
59016	-2401.398	-2581.773	180.3755	1.202615	0.4459476	9.099135
59022	-2386.959	-2570.827	183.8686	1.026246	0.5323927	7.254852
59028	-2384.169	-2568.899	184.7299	1.313655	0.2984611	6.87652
59034	-2406.759	-2594.259	187.5004	1.666524	0.1994408	5.316682
59040	-2405.804	-2588.704	182.8999	1.1471	0.3637587	7.870886
59046	-2388.898	-2572.013	183.1153	1.017133	0.32372	7.870886
59052	-2399.222	-2581.965	182.7439	1.223061	0.404117	7.870886
59058	-2393.188	-2579.152	185.9638	1.359063	0.404117	6.062413
59064	-2395.888	-2583.011	187.1225	1.356531	0.3151308	5.53075
59070	-2407.728	-2593.033	185.3055	1.326559	0.6115585	6.252248
59076	-2412.189	-2597.41	185.2204	1.325262	0.752597	6.19739
59082	-2395.539	-2580.663	185.1243	1.367375	0.5956957	6.341014
59088	-2399.399	-2584.088	184.6889	1.324141	0.5956957	6.600341
59094	-2392.987	-2582.073	189.0862	1.489569	0.4401726	4.221508
59100	-2381.769	-2568.807	187.0377	1.473621	0.5746088	5.252599
59106	-2383.159	-2567.146	183.9864	1.299302	0.4522272	7.116876
59112	-2387.144	-2573.806	186.6627	1.232734	0.4764278	5.678034
59118	-2386.528	-2571.308	184.7798	1.192655	0.3864499	6.813148
59124	-2393.118	-2578.311	185.1925	1.164027	0.4222551	6.568583
59130	-2390.155	-2576.198	186.0428	1.345875	0.7896099	5.712707
59136	-2395.841	-2584.191	188.3504	1.557722	0.515209	4.526045
59142	-2405.05	-2586.807	181.7569	1.345875	0.4105904	8.324849
59148	-2409.907	-2594.856	184.9484	1.341491	0.3936934	6.633995
59154	-2396.034	-2583.107	187.0732	1.619297	0.4185408	5.296404
59160	-2388.8	-2578.956	190.156	1.654872	0.6330937	3.333117
59166	-2388.497	-2579.002	190.5051	1.742678	0.3913087	3.309717
59172	-2391.691	-2581.914	190.2227	1.679033	0.597308	3.309717
59178	-2404.022	-2592.354	188.3316	1.69193	0.5434564	4.435845
59184	-2391.233	-2580.409	189.1766	1.69193	0.6687883	3.852135
59190	-2387.434	-2576.065	188.6307	1.628667	0.8604725	4.06652
59196	-2386.564	-2576.088	189.5238	1.600076	0.5022468	3.84755
59202	-2380.34	-2569.603	189.2627	1.524243	0.6873587	3.88477
59208	-2386.115	-2574.432	188.3164	1.496269	0.3306096	4.7731
59214	-2387.063	-2575.412	188.3493	1.633712	0.6472347	4.372964
59220	-2399.24	-2588.419	189.1788	1.737999	0.5832645	3.893747
59226	-2385.756	-2575.123	189.3672	1.640362	0.5243463	3.893747
59232	-2382.54	-2570.713	188.173	1.460264	0.5243463	4.671989
59238	-2379.022	-2565.266	186.2443	1.363098	0.3738424	5.939633
59244	-2392.313	-2581.141	188.8288	1.501466	0.3738424	4.431779
59250	-2394.702	-2582.742	188.0398	1.585362	0.6631671	4.562239
59256	-2402.683	-2589.57	186.8873	1.484187	0.4239893	5.467749
59262	-2387.295	-2575.393	188.0975	1.400073	0.5216456	4.750288
59268	-2386.74	-2573.834	187.094	1.31667	0.6419636	5.254615
59274	-2384.223	-2571.227	187.0036	1.525304	0.7507738	5.110464
59280	-2388.468	-2577.923	189.4543	1.709712	0.7003636	3.657596
59286	-2396.002	-2585.902	189.9001	1.61153	0.4487747	3.676762
59292	-2382.991	-2572.351	189.3594	1.497741	0.4815951	4.02011
59298	-2395.879	-2585.111	189.2318	1.681327	0.4494035	4.02011
59304	-2393.632	-2581.671	188.0394	1.365715	0.3398668	4.988923
59310	-2385.166	-2568.125	182.9592	1.330715	0.6707467	7.471345
59316	-2389.142	-2573.618	184.4759	1.455099	0.4883733	6.735495
59322	-2393.588	-2581.447	187.8588	1.455099	0.5243671	4.850396
59328	-2388.696	-2573.414	184.7177	1.161191	0.514803	6.740072
59334	-2390.516	-2574.844	184.3287	1.313471	0.742423	6.693984
59340	-2400.242	-2584.38	184.1378	1.252597	0.4115764	7.100596
59346	-2397.302	-2581.099	183.7967	1.377564	0.5355542	7.101964
59352	-2386.62	-2572.448	185.8278	1.38356	0.3422145	6.191246
59358	-2374.609	-2561.549	186.9399	1.374652	0.2824725	5.662977
59364	-2378.495	-2563.369	184.8743	1.245772	0.4546462	6.66471
59370	-2384.673	-2568.16	183.4868	1.147647	0.3797269	7.539453
59376	-2388.16	-2570.386	182.2261	1.338179	0.2521416	8.265197
59382	-2403.678	-2585.392	181.7143	1.338069	0.3987069	8.363743
59388	-2404.76	-2587.112	182.3526	1.149712	0.5520517	7.983606
59394	-2406.565	-2591.059	184.4934	1.41185	0.3127712	6.933335
59400	-2408.186	-2592.179	183.9932	0.9963127	0.5582119	7.182397
59406	-2396.32	-2581.949	185.6291	1.202893	0.3675581	6.368587
59412	-2382.744	-2568.215	185.4711	1.094681	0.5144608	6.368587
59418	-2386.928	-2574.166	187.2375	1.259755	0.6009662	5.238882
59424	-2386.882	-2571.822	184.9401	1.274861	0.2686314	6.822984
59430	-2384.34	-2569.12	184.7799	1.064584	0.4618425	6.806729
59436	-2389.207	-2574.277	185.0696	1.289057	0.3172792	6.68314
59442	-2388.38	-2572.686	184.3061	1.461205	0.499444	6.81389
59448	-2387.411	-2568.645	181.2342	1.221141	0.5140514	8.572707
59454	-2389.399	-2572.722	183.3228	1.132532	0.5140514	7.506321
59460	-2376.899	-2565.302	188.4031	1.334789	0.3374486	4.806512
59466	-2373.347	-2556.385	183.0379	1.172869	0.3906849	7.75456
59472	-2376.771	-2557.411	180.6403	1.24015	0.5241664	8.868996
59478	-2394.876	-2575.878	181.0014	0.8790512	0.5241664	8.868996
59484	-2383.97	-2566.954	182.9842	1.13573	0.3668204	7.828561
59490	-2394.91	-2579.146	184.2367	1.283573	0.3371165	7.111558
59496	-2389.944	-2573.543	183.5989	1.209522	0.3371165	7.493658
59502	-2387.761	-2570.802	183.0409	1.345744	0.5732324	7.493658
59508	-2385.681	-2570.607	184.926	1.345744	0.5257015	6.518146
59514	-2392.968	-2577.255	184.2879	1.504976	0.3650014	6.933262
59520	-2390.488	-2576.56	186.0717	1.44306	0.3638039	6.001323
59526	-2386.833	-2572.408	185.5756	1.281489	0.644676	6.104511
59532	-2390.418	-2575.941	185.5224	1.36685	0.5326895	6.176998
59538	-2383.157	-2571.165	188.0076	1.281678	0.5326895	4.856737
59544	-2388.156	-2572.707	184.551	1.231722	0.4486359	6.852645
59550	-2380.149	-2564.835	184.686	1.330909	0.3721486	6.804558
59556	-2386.7	-2571.413	184.713	1.26714	0.3906408	6.804558
59562	-2390.48	-2574.232	183.7528	1.233275	0.3667318	7.365098
59568	-2381.416	-2568.126	186.7104	1.212824	0.2865349	5.871862
59574	-2377.932	-2559.812	181.8799	1.108705	0.5207219	8.283582
59580	-2385.813	-2568.479	182.6655	1.355388	0.6165664	7.655527
59586	-2398.994	-2581.671	182.6765	1.276075	0.4562174	7.827502
59592	-2385.534	-2569.022	183.4876	1.272215	0.9478741	7.043811
59598	-2378.867	-2564.842	185.9749	1.530979	0.3605268	6.009893
59604	-2368.568	-2554.517	185.9486	1.403105	0.5226695	5.933651
59610	-2379.623	-2562.692	183.0693	1.144478	0.3743148	7.770335
59616	-2384.236	-2570.196	185.9592	1.246164	0.3226151	6.217745
59622	-2375.557	-2557.797	182.2393	1.16155	0.4502088	8.127467
59628	-2389.162	-2572.418	183.2556	1.249974	0.5674373	7.434592
59634	-2390.091	-2575.434	185.3421	1.431587	0.713765	6.099844
59640	-2396.441	-2584.168	187.7274	1.60276	0.5786497	4.794574
59646	-2393.861	-2580.404	186.5426	1.434152	0.5442391	5.572658
59652	-2387.606	-2573.155	185.549	1.288872	0.4880537	6.244484
59658	-2400.342	-2586.909	186.5674	1.318299	0.5127412	5.650192
59664	-2393.126	-2580.186	187.0607	1.464145	0.5316222	5.281716
59670	-2384.72	-2570.017	185.2971	1.351733	0.4119994	6.420653
59676	-2373.11	-2560.125	187.0148	1.429091	0.5147884	5.341328
59682	-2377.447	-2563.009	185.5621	1.282324	0.4613374	6.265794
59688	-2393.562	-2579.617	186.0545	1.318648	0.4372249	6.001345
59694	-2395.066	-2581.025	185.9593	1.312454	0.2775938	6.238749
59700	-2395.619	-2583.522	187.9028	1.406749	0.4154472	4.957759
59706	-2393.58	-2579.735	186.1553	1.423754	0.4154472	5.910939
59712	-2395.415	-2581.926	186.5112	1.599365	0.363125	5.676292
59718	-2382.135	-2569.244	187.1082	1.440181	0.4010891	5.394152
59724	-2384.509	-2571.33	186.8208	1.40764	0.4555684	5.515087
59730	-2399.392	-2589.394	190.0021	1.665536	0.5031819	3.532146
59736	-2394.795	-2581.481	186.6858	1.573425	0.9573298	5.130754
59742	-2400.447	-2588.426	187.9792	1.480007	1.062385	4.402014
59748	-2392.549	-2578.403	185.8547	1.266292	0.4299878	6.145926
59754	-2388.377	-2575.801	187.4246	1.477134	0.3458065	5.260829
59760	-2401.562	-2587.424	185.8619	1.369197	0.5165969	6.00478
59766	-2396.834	-2585.007	188.1732	1.625622	0.4596109	4.639903
59772	-2397.706	-2584.454	186.7479	1.397411	0.4115947	5.604806
59778	-2405.277	-2588.45	183.1731	1.27815	0.6548624	7.396424
59784	-2394.794	-2577.029	182.235	1.218222	0.6548624	7.930259
59790	-2381.634	-2568.657	187.0234	1.409517	0.2776224	5.604524
59796	-2392.141	-2574.029	181.8881	1.378014	0.8352642	7.910081
59802	-2389.315	-2573.577	184.2616	1.397178	0.6873616	6.723114
59808	-2399.234	-2585.672	186.4379	1.532397	0.4270102	5.685082
59814	-2388.225	-2578.026	189.8011	1.565314	0.4043282	3.807902
59820	-2397.15	-2584.103	186.9533	1.447962	0.4139635	5.461713
59826	-2381.553	-2568.717	187.1647	1.355462	0.3539744	5.461713
59832	-2385.801	-2569.34	183.5392	1.430803	0.3887948	7.349976
59838	-2395.432	-2581.328	185.8955	1.298579	0.4293641	6.106807
59844	-2406.368	-2590.929	184.5619	1.398059	0.4702963	6.736504
59850	-2388.864	-2573.343	184.479	1.41028	0.4944599	6.752515
59856	-2389.307	-2573.705	184.3981	1.347182	0.4291475	6.891865
59862	-2377.359	-2561.94	184.581	1.21407	0.402631	6.891865
59868	-2395.665	-2577.128	181.4625	0.994165	0.2921946	8.800733
59874	-2391.955	-2573.085	181.1292	1.051544	0.4243843	8.800733
59880	-2399.915	-2584.884	184.9685	0.9950015	0.4357733	6.767603
59886	-2410.243	-2595.873	185.6305	1.216709	0.4357733	6.28908
59892	-2393.659	-2579.094	185.4348	1.257158	0.4554291	6.354265
59898	-2409.664	-2595.184	185.5205	1.433358	0.4744264	6.194025
59904	-2408.688	-2594.503	185.8153	1.417379	0.3439503	6.17766
59910	-2407.022	-2587.737	180.7157	1.171523	0.4727315	8.910629
59916	-2397.602	-2582.776	185.1743	1.262443	0.6066239	6.362212
59922	-2404.658	-2590.656	185.9984	1.430636	0.6990668	5.752349
59928	-2402.542	-2584.791	182.2491	1.069129	0.542538	8.089641
59934	-2400.289	-2577.986	177.6971	0.9913301	0.4113762	10.65464
59940	-2406.226	-2584.298	178.0729	1.036215	0.6568601	10.22818
59946	-2389.697	-2572.593	182.8961	1.331325	0.5969837	7.560098
59952	-2398.132	-2582.779	184.647	1.441378	0.3574921	6.782232
59958	-2411.277	-2594.806	183.5289	1.270051	0.2746102	7.575868
59964	-2394.295	-2578.647	184.3521	1.221004	0.543778	6.880256
59970	-2407.19	-2589.098	181.908	1.133167	0.4526372	8.316699
59976	-2394.445	-2576.341	181.8958	1.145319	0.4526372	8.316699
59982	-2399.657	-2583.726	184.0686	1.247556	0.3671649	7.187382
59988	-2387.185	-2573.764	186.5794	1.343726	0.4190722	5.718992
59994	-2395.321	-2580.649	185.3281	1.306019	0.4813646	6.361268
60000	-2401.341	-2584.752	183.4115	1.142546	0.4173148	7.543624
60006	-2408.303	-2591.883	183.5803	1.034219	0.3858773	7.543624
60012	-2400.683	-2585.232	184.549	1.684466	0.2985022	6.774036
60018	-2407.796	-2597.744	189.9481	1.572647	0.564211	3.561498
60024	-2396.908	-2587.319	190.4105	1.549284	0.551105	3.316319
60030	-2402.994	-2591.057	188.063	1.590311	0.6111573	4.58707
60036	-2408.151	-2597.667	189.5155	1.436119	0.6971818	3.7827
60042	-2408.608	-2595.379	186.7709	1.436119	0.502689	5.482677
60048	-2401.17	-2586.693	185.5226	1.473703	0.7361719	5.962965
60054	-2391.799	-2577.872	186.0725	1.250067	0.4362607	6.029925
60060	-2396.341	-2582.054	185.7139	1.237008	0.2792926	6.410683
60066	-2410.35	-2597.736	187.3867	1.463437	0.3281737	5.310325
60072	-2402.663	-2589.686	187.0224	1.324506	0.304156	5.617067
60078	-2406.702	-2590.107	183.4051	1.046661	0.4305331	7.585248
60084	-2411.755	-2594.473	182.7186	1.064057	0.6506389	7.757441
60090	-2410.266	-2590.051	179.7858	0.9320311	0.5772824	9.440508
60096	-2399.251	-2582.708	183.4563	1.002208	0.4958608	7.520629
60102	-2398.876	-2581.699	182.8231	1.006071	0.4958608	7.857184
60108	-2406.663	-2590.646	183.9831	1.062961	0.3965872	7.301014
60114	-2394.214	-2578.789	184.5754	0.9756288	0.3965872	7.029591
60120	-2392.787	-2576.612	183.8256	0.9837586	0.3835703	7.441686
60126	-2387.882	-2573.701	185.8187	1.01144	0.4850281	6.25146
60132	-2395.026	-2578.738	183.7113	1.063335	0.5531562	7.301945
60138	-2401.691	-2585.918	184.2265	1.216193	0.5502607	6.945107
60144	-2395.114	-2581.975	186.8612	1.49651	0.4988005	5.403263
60150	-2402.721	-2590.937	188.2155	1.321476	0.5443483	4.708175
60156	-2409.737	-2591.993	182.256	1.152351	0.6384318	7.966264
60162	-2398.043	-2583.821	185.7776	1.265465	0.5426851	6.084685
60168	-2388.714	-2573.211	184.4965	1.200087	0.355973	6.995158
60174	-2402.617	-2582.735	180.1178	0.8971874	0.4816123	9.363975
60180	-2388.469	-2569.124	180.6548	0.8591186	0.4061971	9.1719
60186	-2389.351	-2570.439	181.0871	0.9294313	0.3535602	8.961564
60192	-2402.915	-2585.792	182.8769	1.182801	0.3434865	7.886767
60198	-2389.474	-2570.147	180.6729	0.9741602	0.3991466	9.108624
60204	-2379.504	-2565.674	186.1703	1.248868	0.6284741	5.810008
60210	-2386.544	-2572.604	186.0604	1.429476	0.5796677	5.810008
60216	-2385.232	-2570.816	185.5842	1.406739	0.3837499	6.264589
60222	-2405.351	-2590.413	185.0621	1.44118	0.4443815	6.467211
60228	-2391.018	-2576.71	185.6921	1.101869	0.5073072	6.251006
60234	-2382.282	-2569.358	187.0765	1.193074	0.3965275	5.552428
60240	-2385.108	-2571.51	186.4018	1.293903	0.3366028	5.933859
60246	-2387.853	-2571.685	183.8318	1.28219	0.4904791	7.173742
60252	-2399.446	-2580.403	180.9565	1.226042	0.4904791	8.738111
60258	-2385.084	-2569.514	184.43	1.209293	0.5085845	6.874827
60264	-2387.845	-2576.084	188.2388	1.542897	0.5120321	4.599901
60270	-2393.743	-2581.918	188.1755	1.509849	0.7788009	4.445414
60276	-2400.889	-2589.619	188.73	1.574926	0.3744432	4.445414
60282	-2408.287	-2591.75	183.4623	1.096562	0.6008415	7.379495
60288	-2405.94	-2589.385	183.4446	1.131119	0.6261373	7.351047
60294	-2410.969	-2599.02	188.0518	1.319929	0.7335066	4.652914
60300	-2400.253	-2588.206	187.9522	1.21124	0.3313833	5.133187
60306	-2389.573	-2575.647	186.0744	1.329923	0.3313833	6.098952
60312	-2394.675	-2579.964	185.2893	1.243251	0.3313833	6.57219
60318	-2394.577	-2580.286	185.7086	1.196994	0.4606665	6.23319
60324	-2393.799	-2582.804	189.0042	1.541966	0.4065513	4.273586
60330	-2417.202	-2605.474	188.2724	1.405575	0.6229294	4.563811
60336	-2417.139	-2603.6	186.4606	1.387444	0.6229294	5.579245
60342	-2396.996	-2583.458	186.4621	1.336916	0.6582504	5.579245
60348	-2419.66	-2607.587	187.9267	1.307217	0.5410944	4.880215
60354	-2394.036	-2577.908	183.8721	1.141781	0.6647444	7.086994
60360	-2415.438	-2602.534	187.0959	1.497376	0.9398193	4.955448
60366	-2398.135	-2585.522	187.3871	1.497376	0.6908646	4.955448
60372	-2413.768	-2602.064	188.2958	1.521404	0.3975388	4.693594
60378	-2408.621	-2593.498	184.8768	1.332146	0.3975388	6.673738
60384	-2412.29	-2597.715	185.4252	1.37696	0.5500984	6.209523
60390	-2400.848	-2588.763	187.915	1.394715	0.4827041	4.890943
60396	-2404.613	-2590.388	185.7747	1.416686	0.3243136	6.223326
60402	-2387.488	-2568.201	180.7131	1.141215	0.5279078	8.879693
60408	-2391.964	-2577.3	185.3359	1.393244	0.4573567	6.332218
60414	-2392.399	-2579.303	186.9039	1.334008	0.4961688	5.471638
60420	-2397.402	-2583.66	186.2584	1.335981	0.5014723	5.819819
60426	-2395.23	-2579.975	184.7453	1.270569	0.4210817	6.753888
60432	-2398.946	-2583.559	184.6127	1.190265	0.3479153	6.946949
60438	-2409.55	-2593.99	184.4398	1.269593	0.6497538	6.723105
60444	-2404.351	-2587.395	183.0441	1.254345	0.7372091	7.420589
60450	-2411.585	-2595.425	183.8405	1.217583	0.2872648	7.420589
60456	-2407.307	-2587.573	180.2663	1.028259	0.4535739	9.241875
60462	-2399.998	-2584.501	184.5031	1.129347	0.3217754	7.069335
60468	-2400.081	-2584.893	184.8121	1.124519	0.3036068	6.927747
60474	-2403.168	-2587.899	184.7314	1.237791	0.289715	6.927747
60480	-2392.516	-2577.078	184.562	1.177398	0.3969336	6.927747
60486	-2394.993	-2580.75	185.7568	1.167468	0.3969336	6.286784
60492	-2396.828	-2585.858	189.0298	1.573667	0.3963507	4.252265
60498	-2387.843	-2575.043	187.1999	1.486944	0.5506986	5.175661
60504	-2391.791	-2576.383	184.5917	1.164664	0.5555797	6.771552
60510	-2395.186	-2578.558	183.3725	1.119982	0.4244254	7.569506
60516	-2396.265	-2581.672	185.4073	0.9593357	0.4244254	6.560943
60522	-2402.31	-2587.489	185.1783	1.098888	0.3592133	6.6783
60528	-2402.362	-2588.859	186.4973	1.188272	0.3111359	5.970259
60534	-2405.889	-2590.926	185.0366	1.132895	0.6916455	6.443696
60540	-2395.478	-2580.83	185.352	1.242527	0.4965513	6.368925
60546	-2408.273	-2590.888	182.6147	1.166371	0.5301466	7.853119
60552	-2392.695	-2578.35	185.6551	1.2147	0.3922899	6.321305
60558	-2388.244	-2574.794	186.5502	1.379534	0.4492298	5.685222
60564	-2399.585	-2586.183	186.598	1.393884	0.4152665	5.685222
60570	-2385.795	-2572.453	186.6584	1.483705	0.3931509	5.626008
60576	-2401.487	-2589.189	187.7019	1.370191	0.4264913	5.078191
60582	-2395.133	-2581.921	186.7878	1.166206	0.3947283	5.727504
60588	-2396.126	-2578.207	182.0809	0.9207253	0.5914593	8.218804
60594	-2384.801	-2566.799	181.9984	0.9276488	0.6445666	8.218804
60600	-2398.437	-2583.238	184.8007	1.353532	0.6445666	6.48631
60606	-2394.687	-2578.732	184.0448	1.173444	0.2786914	7.345821
60612	-2390.16	-2573.693	183.5322	1.309034	0.462615	7.345821
60618	-2404.896	-2590.099	185.2039	1.221573	0.5563003	6.408918
60624	-2395.681	-2579.944	184.2626	1.373461	0.3549076	7.028952
60630	-2405.11	-2588.143	183.0332	1.161915	0.5483877	7.6165
60636	-2401.765	-2585.963	184.1975	1.028522	0.2589761	7.368092
60642	-2384.375	-2568.095	183.7198	1.112954	0.2614059	7.57548
60648	-2398.671	-2582.465	183.7943	1.227338	0.4434113	7.267204
60654	-2411.87	-2592.985	181.1149	0.9094204	0.4434113	8.865278
60660	-2395.434	-2578.678	183.2436	1.070252	0.4434113	7.646541
60666	-2383.441	-2566.454	183.0122	1.12138	0.5316112	7.663484
60672	-2391.454	-2575.7	184.2459	1.12138	0.471948	7.054487
60678	-2392.124	-2574.965	182.8409	0.9645392	0.4851042	7.87947
60684	-2399.251	-2583.284	184.0328	1.161113	0.4396413	7.178329
60690	-2418.476	-2604.631	186.1548	1.262321	0.5614509	5.864756
60696	-2418.744	-2605.456	186.7117	1.471965	0.5939294	5.417576
60702	-2402.507	-2587.274	184.767	1.184187	0.3704225	6.841909
60708	-2395.892	-2580.092	184.1998	1.095092	0.3704225	7.195236
60714	-2394.555	-2578.541	183.9857	1.280621	0.4285196	7.150292
60720	-2402.504	-2588.286	185.7823	1.314402	0.4990485	6.093693
60726	-2407.14	-2593.77	186.6294	1.51365	0.4990485	5.521155
60732	-2401.301	-2588.118	186.8166	1.421493	0.4990485	5.468883
60738	-2408.151	-2593.348	185.1978	1.613244	0.5926163	6.169874
60744	-2418.314	-2604.776	186.4612	1.844513	0.2201691	5.756958
60750	-2409.147	-2595.459	186.3127	1.936844	0.2406093	5.756958
60756	-2417.927	-2606.309	188.3813	1.786629	0.2922107	4.623207
60762	-2406.333	-2588.698	182.3648	1.050733	0.4254531	8.143555
60768	-2406.483	-2587.261	180.7778	1.092807	0.4969111	8.89775
60774	-2409.444	-2595.863	186.4196	1.59251	0.4143478	5.675056
60780	-2411.087	-2597.654	186.5666	1.483975	0.3942481	5.675056
60786	-2416.905	-2603.659	186.7545	1.469049	0.3118645	5.675056
60792	-2391.469	-2574.31	182.8412	1.111582	0.3728799	7.911253
60798	-2391.578	-2575.089	183.5106	1.278932	0.3510878	7.487833
60804	-2405.591	-2589.391	183.8001	1.169723	0.3510878	7.391164
60810	-2412.167	-2599.41	187.2422	1.437137	0.3033932	5.435282
60816	-2398.86	-2586.111	187.2512	1.518492	0.3423105	5.337814
60822	-2390.242	-2576.417	186.175	1.373914	0.3715328	5.974122
60828	-2393.452	-2579.276	185.824	1.292814	0.3715328	6.209486
60834	-2401.311	-2586.836	185.5247	1.158615	0.3452786	6.474383
60840	-2406.958	-2589.051	182.0934	1.04858	0.4353699	8.279532
60846	-2400.645	-2583.009	182.3636	1.025751	0.3131935	8.279532
60852	-2395.346	-2578.038	182.6921	1.188746	0.3131935	8.017728
60858	-2377.049	-2565.551	188.502	1.602158	0.3510749	4.585291
60864	-2392.524	-2583.137	190.6126	1.753786	0.5113095	3.112934
60870	-2393.977	-2583.411	189.4339	1.834156	0.5113095	3.755986
60876	-2407.469	-2600.068	192.5988	2.078969	0.3269504	1.878222
60882	-2396.324	-2582.933	186.6085	1.478111	0.4120869	5.636548
60888	-2386.855	-2573.857	187.0028	1.474709	0.3315909	5.511504
60894	-2391.772	-2576.038	184.266	1.258261	0.3621338	7.081049
60900	-2395.058	-2578.698	183.6404	1.159409	0.4681177	7.362923
60906	-2406.529	-2589.271	182.7422	1.129186	0.4015051	7.924573
60912	-2413.278	-2596.983	183.705	1.162934	0.4007494	7.39226
60918	-2408.813	-2596.426	187.6128	1.417648	0.4007494	5.128165
60924	-2391.098	-2577.102	186.0037	1.333312	0.6141124	5.866068
60930	-2390.133	-2573.719	183.5859	1.298064	0.4978811	7.290705
60936	-2375.674	-2559.961	184.2866	1.211053	0.3315462	7.130231
60942	-2387.229	-2570.038	182.8088	1.210565	0.4115676	7.835351
60948	-2397.189	-2582.341	185.1519	1.288519	0.4873288	6.460832
60954	-2391.525	-2577.337	185.8113	1.247733	0.5363626	6.081397
60960	-2394.47	-2574.134	179.6638	1.026041	0.4799977	9.537058
60966	-2400.514	-2582.399	181.8849	0.9884483	0.5172734	8.347832
60972	-2399.047	-2581.073	182.0253	1.118752	0.509215	8.210762
60978	-2393.626	-2572.975	179.3485	1.025301	0.4391603	9.741463
60984	-2386.035	-2568.735	182.6998	1.244967	0.5932714	7.714256
60990	-2392.549	-2578.918	186.3694	1.378498	0.4915256	5.744882
60996	-2392.401	-2579.847	187.4464	1.430206	0.3926987	5.221971
61002	-2403.385	-2590.14	186.7555	1.650021	0.3824486	5.492895
61008	-2399.496	-2586.325	186.8291	1.383944	0.4774448	5.502672
61014	-2409.08	-2595.495	186.4146	1.416902	0.4082958	5.780281
61020	-2423.914	-2609.15	185.2359	1.686956	0.3231896	6.370475
61026	-2405.481	-2593.011	187.5295	1.525261	0.6082397	4.923856
61032	-2416.913	-2605.073	188.16	1.458348	0.5642072	4.645567
61002	-2461.044	-2652.755	191.7115	1.838344	0.623126	2.280978
61008	-2438.732	-2630.414	191.682	1.867865	0.623126	2.280978
61014	-2423.399	-2614.085	190.686	1.81511	0.623126	2.930649
61020	-2426.711	-2617.18	190.4694	1.815712	0.9285176	2.836536
61026	-2424.254	-2613.677	189.4232	1.637195	0.8995086	3.580946
61032	-2424.029	-2610.545	186.5153	1.505989	0.7648121	5.381458
61038	-2415.23	-2603.877	188.6469	1.599055	0.584585	4.274895
61044	-2425.747	-2610.727	184.9808	1.286327	0.4535461	6.586269
61050	-2402.452	-2589.389	186.9364	1.505554	0.4767497	5.377277
61056	-2416.167	-2605.691	189.5237	1.525253	0.4767497	3.915107
61062	-2402.296	-2590.616	188.3205	1.350683	0.4767497	4.694798
61068	-2395.85	-2585.719	189.8689	1.702631	0.8600666	3.307308
61074	-2415.088	-2604.957	189.8689	1.702631	0.8600666	3.307308
61080	-2434.661	-2616.005	181.3441	1.026269	0.555923	8.582784
61086	-2427.699	-2608.005	180.3053	1.04427	0.555923	9.123723
61092	-2421.2	-2601.339	180.1386	1.351219	0.4697059	9.123723
61098	-2418.534	-2603.152	184.6178	1.513326	0.5653641	6.560877
61104	-2400.312	-2587.546	187.2344	1.405731	0.435406	5.308179
61110	-2412.802	-2600.519	187.7163	1.491897	0.5429933	4.892858
61116	-2396.861	-2584.678	187.8161	1.455633	0.5033834	4.892858
61122	-2394.329	-2580.112	185.7825	1.34574	0.5033834	6.072596
61128	-2390.543	-2573.986	183.4429	1.312673	0.505311	7.35302
61134	-2400.583	-2586.164	185.5813	1.321058	0.6404896	6.08302
61140	-2400.098	-2587.809	187.7117	1.636553	0.6404896	4.73475
61146	-2389.041	-2576.949	187.9085	1.439805	0.6404896	4.73475
61152	-2391.706	-2579.786	188.0802	1.390802	0.556335	4.73475
61158	-2395.668	-2582.35	186.6824	1.390802	0.556335	5.509402
61164	-2384.899	-2571.337	186.4372	1.226876	0.556335	5.733922
61170	-2386.316	-2572.947	186.631	1.226876	0.4397516	5.733922
61176	-2391.498	-2579.445	187.947	1.465077	0.4397516	4.875781
61182	-2386.971	-2574.831	187.8599	1.446693	0.5007895	4.875781
61188	-2400.477	-2588.678	188.2011	1.440942	0.7642842	4.479739
61194	-2398.099	-2583.934	185.8346	1.536521	0.8070905	5.710973
61200	-2386.437	-2572.936	186.4992	1.452171	0.4029374	5.72026
61206	-2380.281	-2567.653	187.3726	1.452171	0.4029374	5.239665
61212	-2393.542	-2579.839	186.2977	1.547063	0.7644375	5.478954
61218	-2390.672	-2575.532	184.8601	1.385135	0.3474598	6.708875
61224	-2395.055	-2580.733	185.678	1.492484	0.6948286	5.896772
61230	-2391.668	-2577.795	186.1277	1.38495	0.4264054	5.936033
61236	-2400.535	-2587.79	187.2549	1.34733	0.5692406	5.206828
61242	-2389.625	-2574.989	185.3638	1.325806	0.5651208	6.258197
61248	-2383.153	-2568.187	185.0342	1.296018	0.8400102	6.258197
61254	-2395.051	-2581.053	186.0012	1.398342	0.4046891	6.019985
61260	-2414.974	-2602.455	187.4808	1.573332	0.3738763	5.144371
61266	-2412.375	-2600.9	188.5255	1.696536	0.4872621	4.375183
61272	-2398.044	-2588.772	190.7284	1.696536	0.2653147	3.369375
61278	-2397.561	-2585.471	187.9101	1.638902	0.6116277	4.645208
61284	-2389.16	-2577.644	188.4839	1.624647	0.3201926	4.620406
61290	-2405.331	-2593.763	188.4315	1.676997	0.3201926	4.620406
61296	-2403.81	-2590.949	187.1391	1.609314	0.4945912	5.191401
61302	-2403.19	-2591.604	188.4143	1.557179	0.4945912	4.509445
61308	-2403.1	-2590.42	187.3197	1.445878	0.3020548	5.389516
61314	-2405.909	-2593.114	187.2048	1.589367	0.3552479	5.309261
61320	-2394.649	-2584.219	189.57	1.690059	0.5793639	3.699406
61326	-2388.455	-2578.147	189.6916	1.56853	0.5793639	3.699406
61332	-2386.456	-2572.737	186.281	1.320748	0.54444	5.778104
61338	-2398.91	-2586.911	188.0006	1.43918	0.4815039	4.819539
61344	-2396.226	-2583.66	187.4342	1.545539	0.8109795	4.819539
61350	-2405.868	-2595.409	189.5411	1.697369	0.4705519	3.812337
61356	-2392.693	-2582.824	190.1313	1.647649	0.5807315	3.396214
61362	-2400.128	-2589.031	188.9026	1.705194	0.4463782	4.196961
61368	-2406.705	-2597.529	190.8243	1.933836	0.703106	2.708576
61374	-2417.565	-2608.323	190.7586	1.915548	0.7700944	2.708576
61380	-2413.66	-2604.984	191.3238	1.915548	0.798612	2.334596
61386	-2407.112	-2598.436	191.3238	1.915548	0.798612	2.334596
61392	-2408.87	-2600.13	191.2599	1.915548	0.798612	2.375178
61398	-2403.2	-2594.212	191.0119	1.843808	0.798612	2.575505
61404	-2401.342	-2592.758	191.4157	1.926571	0.4373826	2.598034
61410	-2416.222	-2607.277	191.0547	1.926571	0.4373826	2.819421
61416	-2415.699	-2606.472	190.7729	1.959568	0.5901354	2.819421
61422	-2403.329	-2591.472	188.1428	1.398845	0.3339386	4.920142
61428	-2402.843	-2587.53	184.6868	1.220602	0.6030485	6.651712
61434	-2403.243	-2587.752	184.5089	1.297163	0.6030485	6.706451
61440	-2405.205	-2587.549	182.3436	1.2835	0.4172019	8.038982
61446	-2398.188	-2583.62	185.4316	1.232797	0.4285219	6.395515
61452	-2393.123	-2576.825	183.7023	1.232797	0.4285219	7.32823
61458	-2385.698	-2569.389	183.6917	1.145401	0.307635	7.513413
61464	-2402.952	-2586.697	183.7445	1.129576	0.3227164	7.475393
61470	-2395.963	-2581.552	185.5885	1.427711	0.4444695	6.188675
61476	-2389.36	-2575.51	186.1494	1.187143	0.2888872	6.188675
61482	-2397.381	-2582.926	185.5453	1.17675	0.5602129	6.24463
61488	-2395.001	-2580.991	185.9904	1.214305	0.3011556	6.24463
61494	-2407.775	-2593.472	185.697	1.15344	0.4804387	6.24463
61500	-2408.186	-2593.877	185.6912	1.15931	0.4804387	6.24463
61506	-2406.678	-2592.311	185.6334	1.251619	0.4604375	6.24463
61512	-2406.958	-2589.108	182.15	1.045306	0.395671	8.290846
61518	-2387.571	-2569.831	182.2596	1.068793	0.3309975	8.290846
61524	-2398.866	-2581.724	182.8577	1.094049	0.2802209	8.021155
61530	-2399.227	-2581.74	182.5123	1.233665	0.385056	8.008601
61536	-2389.397	-2573.139	183.7425	1.251128	0.320408	7.414048
61542	-2421.406	-2605.698	184.2913	1.269413	0.5298576	6.898747
61548	-2404.453	-2588.417	183.9644	1.265369	0.4024295	7.196295
61554	-2423.667	-2607.316	183.6486	1.100123	0.7117204	7.196295
61560	-2410.935	-2594.738	183.8032	1.033852	0.5272108	7.290256
61566	-2422.593	-2606.785	184.192	1.033852	0.3197514	7.290256
61572	-2405.878	-2589.784	183.906	1.097395	0.4252755	7.294777
61578	-2403.228	-2587.453	184.225	0.9735623	0.3282833	7.294777
61584	-2403.413	-2587.431	184.0179	0.9607108	0.4388415	7.294777
61590	-2410.26	-2589.314	179.0542	0.9246037	0.5147966	9.881453
61596	-2397.69	-2576.284	178.594	0.9769444	0.3292527	10.27898
61602	-2391.585	-2578.682	187.0966	1.372951	0.3292527	5.51871
61608	-2402.074	-2589.377	187.3033	1.381404	0.2999675	5.436753
61614	-2394.074	-2582.938	188.8643	1.341189	0.2999675	4.59188
61620	-2402.431	-2589.749	187.3181	1.486468	0.3709485	5.28564
61626	-2406.933	-2593.125	186.1926	1.297734	0.4692737	5.906449
61632	-2407.184	-2591.271	184.0869	1.122711	0.5136436	7.101809
61638	-2404.101	-2587.444	183.3428	1.073896	0.3643572	7.672652
61644	-2420.737	-2603.961	183.2238	1.061193	0.4324186	7.672652
61650	-2412.303	-2595.285	182.9825	1.137444	0.5294085	7.672652
61656	-2410.435	-2592.937	182.5021	1.022159	0.5294085	7.990809
61662	-2399.86	-2586.776	186.9157	1.258397	0.467795	5.533211
61668	-2408.917	-2595.723	186.8065	1.294079	0.4818296	5.560368
61674	-2382.861	-2570.147	187.2862	1.354167	0.4818296	5.262979
61680	-2394.724	-2579.956	185.2312	1.22069	0.4818296	6.4597
61686	-2403.62	-2589.817	186.1978	1.231324	0.5824257	5.840969
61692	-2407.624	-2593.825	186.2007	1.228445	0.5824257	5.840969
61698	-2414.286	-2600.546	186.2599	1.190821	0.5488767	5.856977
61704	-2421.448	-2609.946	188.4981	1.566504	0.9013821	4.151783
61710	-2411.09	-2597.936	186.8467	1.273193	0.3716748	5.661598
61716	-2399.888	-2583.02	183.1317	1.273193	0.7060478	7.384789
61722	-2399.555	-2581.369	181.8139	1.16105	0.3300246	8.479953
61728	-2391.662	-2573.205	181.543	1.187775	0.4545201	8.479953
61734	-2400.598	-2582.304	181.7062	1.024517	0.4545201	8.479953
61740	-2411.551	-2592.8	181.2486	1.25778	0.4009615	8.651476
61746	-2416.701	-2598.264	181.5631	0.9433542	0.4009615	8.651476
61752	-2397.103	-2578.725	181.6227	1.02494	0.4009615	8.576499
61758	-2398.59	-2580.138	181.5481	1.014253	0.4470087	8.576499
61764	-2411.205	-2592.829	181.6239	1.015735	0.4051475	8.576499
61770	-2399.802	-2589.67	189.8674	1.606319	0.7420134	3.446493
61776	-2404.18	-2594.257	190.0769	1.606319	0.3392704	3.701269
61782	-2408.59	-2593.394	184.8037	1.240611	0.3308355	6.836656
61788	-2397.877	-2582.262	184.3849	1.370363	0.3332845	6.98955
61794	-2401.372	-2585.899	184.5267	1.310985	0.2968283	6.98955
61800	-2400.823	-2586.274	185.4503	1.30479	0.479032	6.29777
61806	-2407.764	-2596.405	188.6412	1.469266	0.4996163	4.426489
61812	-2411.741	-2599.146	187.4052	1.296326	0.4332535	5.276396
61818	-2406.818	-2593.956	187.1375	1.311319	0.746437	5.15777
61824	-2405.202	-2592.952	187.7499	1.398327	0.3182033	5.15777
61830	-2401.184	-2587.831	186.6466	1.453327	0.3819625	5.661242
61836	-2411.111	-2597.81	186.6986	1.272959	0.4502876	5.661242
61842	-2396.336	-2580.705	184.3693	1.377789	0.4126978	6.907409
61848	-2396.893	-2580.373	183.4806	1.205311	0.4011816	7.489399
61854	-2394.722	-2575.492	180.77	1.106398	0.2932333	9.106695
61860	-2415.532	-2601.487	185.9557	1.451903	0.4081883	6.01199
61866	-2415.398	-2602.993	187.5951	1.647601	0.4081883	5.002497
61872	-2408.125	-2590.995	182.8703	1.12711	0.4395262	7.819484
61878	-2396.697	-2579.478	182.7814	0.9095157	0.3985849	8.023877
61884	-2401.204	-2583.794	182.5898	1.205444	0.3469824	8.023877
61890	-2402.348	-2585.235	182.8867	0.9633194	0.3966378	7.940977
61896	-2395.636	-2580.942	185.3057	1.157805	0.3966378	6.536955
61902	-2394.693	-2583.41	188.7178	1.358115	0.2736853	4.699808
61908	-2401.378	-2589.133	187.7544	1.463374	0.2736853	5.177249
61914	-2387.221	-2575.895	188.6736	1.64262	0.4323362	4.376403
61920	-2389.252	-2575.271	186.0194	1.439449	0.4025533	5.989923
61926	-2399.181	-2582.557	183.3758	1.210791	0.5185249	7.432114
61932	-2387.519	-2572.029	184.5103	1.295423	0.2806834	7.027502
61938	-2402.631	-2586.865	184.2338	1.249489	0.4347205	7.027502
61944	-2400.132	-2585.284	185.1524	1.324498	0.3368312	6.595918
61950	-2394.978	-2580.286	185.3083	1.171649	0.3354386	6.595918
61956	-2388.775	-2572.46	183.6858	1.140988	0.3354386	7.485752
61962	-2389.127	-2578.131	189.004	1.615301	0.8547319	3.864243
61968	-2404.777	-2592.741	187.9635	1.634551	0.4125962	4.799989
61974	-2394.807	-2581.18	186.3728	1.5678	0.3524773	5.781535
61980	-2402.89	-2586.791	183.9002	1.344634	0.3972641	7.193566
61986	-2399.076	-2585.255	186.1781	1.727672	0.6101603	5.557512
61992	-2411.532	-2599.06	187.5282	1.499871	0.6967519	4.871225
61998	-2399.439	-2585.37	185.9303	1.630596	1.586329	5.223148
62004	-2399.402	-2588.866	189.4641	1.630596	0.34019	4.038092
62010	-2388.619	-2574.192	185.5733	1.173427	0.523309	6.262567
62016	-2397.938	-2587.39	189.4518	1.416339	0.4207038	4.075587
62022	-2400.647	-2588.758	188.1106	1.416339	0.4023777	4.850518
62028	-2388.932	-2576.842	187.9104	1.261798	0.367587	5.08599
62034	-2387.172	-2574.864	187.6918	1.285314	0.4719232	5.08599
62040	-2388.432	-2575.95	187.5179	1.1587	0.4569097	5.266754
62046	-2406.641	-2588.512	181.8707	0.9933599	0.4569097	8.406856
62052	-2391.026	-2572.746	181.7202	1.143847	0.4569097	8.406856
62058	-2390.485	-2572.545	182.0603	0.9557669	0.3760077	8.406856
62064	-2398.14	-2580.709	182.5695	1.222318	0.3198823	8.057161
62070	-2402.55	-2585.158	182.6075	0.9376284	0.4433413	8.057161
62076	-2396.454	-2578.789	182.3347	1.210402	0.4433413	8.057161
62082	-2399.106	-2581.423	182.3172	1.28976	0.4098234	8.057161
62088	-2393.553	-2579.142	185.5884	1.501112	0.4573868	6.13632
62094	-2416.902	-2600.869	183.9674	1.529355	0.3583859	7.099987
62100	-2406.788	-2590.822	184.0342	1.314349	0.4347418	7.099987
62106	-2405.311	-2589.624	184.3133	1.150378	0.4347418	7.038039
62112	-2407.077	-2591.282	184.205	1.258613	0.4347418	7.038039
62118	-2407.924	-2592.387	184.4625	1.176598	0.4347418	6.943536
62124	-2407.978	-2594.084	186.1062	1.395513	0.6223729	5.76957
62130	-2394.104	-2583.334	189.2295	1.425616	0.5296974	4.090288
62136	-2399.517	-2588.481	188.9643	1.498644	0.3442775	4.391539
62142	-2408.415	-2597.645	189.2299	1.390773	0.5706274	4.07389
62148	-2420.039	-2609.207	189.1676	1.453019	0.5706274	4.07389
62154	-2419.321	-2608.212	188.8915	1.348706	0.4903995	4.361975
62160	-2405.067	-2590.002	184.9345	1.303186	0.4903995	6.56787
62166	-2398.403	-2583.737	185.3336	1.176655	0.3818185	6.527418
62172	-2408.902	-2589.856	180.9538	1.184074	0.4336616	8.814449
62178	-2397.734	-2578.256	180.5223	1.014793	0.5371331	9.039946
62184	-2401.735	-2589.714	187.9791	1.267144	0.5242638	4.88819
62190	-2404.984	-2581.751	176.767	1.304278	0.3638545	11.02721
62196	-2417.629	-2603.385	185.7559	1.327454	0.4595573	6.137552
62202	-2397.105	-2582.92	185.8147	1.268705	0.4595573	6.137552
62208	-2392.912	-2577.514	184.6022	1.095419	0.5077341	6.844154
62214	-2399.652	-2581.463	181.8106	1.095419	0.5994132	8.263519
62220	-2394.058	-2579.274	185.2155	1.086845	0.3411357	6.685291
62226	-2384.159	-2569.31	185.1514	1.293701	0.2786805	6.685291
62232	-2392.485	-2581.441	188.9557	1.60349	0.3644339	4.313349
62238	-2396.403	-2585.748	189.3457	1.339619	0.4843002	4.115466
62244	-2404.291	-2592.497	188.2064	1.261122	0.6320148	4.674653
62250	-2390.685	-2578.747	188.0611	1.374009	0.6554519	4.674653
62256	-2386.607	-2574.464	187.8564	1.342337	0.8459611	4.674653
62262	-2384.894	-2573.263	188.3693	1.321745	0.4862484	4.674653
62268	-2401.962	-2590.704	188.7423	1.312957	0.4319868	4.523761
62274	-2405.012	-2593.7	188.688	1.367209	0.4319868	4.523761
62280	-2381.342	-2568.23	186.8876	1.268166	0.5431576	5.475167
62286	-2400.828	-2588.167	187.3389	1.424994	0.4564383	5.218985
62292	-2409.251	-2595.95	186.6992	1.571449	0.8023155	5.218985
62298	-2403.074	-2590.747	187.6724	1.675735	0.8023155	4.619198
62304	-2394.914	-2577.424	182.5093	1.109842	0.499147	7.966336
62310	-2403.746	-2586.367	182.621	1.149133	0.4135774	7.966336
62316	-2391.454	-2574.944	183.4897	1.121021	0.4633097	7.468733
62322	-2396.933	-2581.693	184.7604	1.121021	0.3953561	6.852831
62328	-2388.507	-2573.19	184.683	1.08793	0.4550933	6.852831
62334	-2400.145	-2586.092	185.9462	1.210743	0.4806342	6.077688
62340	-2407.896	-2591.799	183.9025	1.238802	0.4255375	7.220427
62346	-2416.923	-2601.742	184.8196	1.143666	0.6253	6.604294
62352	-2408.703	-2593.469	184.7667	1.196511	0.6253	6.604294
62358	-2415.575	-2598.495	182.9197	1.20216	0.3697804	7.824333
62364	-2397.216	-2582.095	184.8782	1.630456	0.3487229	6.565002
62370	-2416.418	-2602.609	186.1915	1.8019	0.1013003	6.149733
62376	-2414.199	-2600.079	185.8794	1.452566	0.2977426	6.179768
62382	-2404.583	-2591.2	186.6169	1.623265	0.2624955	5.730888
62388	-2401.787	-2589.681	187.8939	1.421664	0.3409176	5.037421
62394	-2407.453	-2592.292	184.8395	1.295423	0.4982779	6.616333
62400	-2404.255	-2589.106	184.851	1.283947	0.4982779	6.616333
62406	-2396.671	-2582.642	185.9716	1.471227	0.4982779	5.90557
62412	-2406.619	-2594.173	187.5539	1.530311	0.4982779	5.001857
62418	-2387.218	-2573.578	186.3597	1.49627	0.427178	5.74754
62424	-2412.984	-2600.578	187.5942	1.245694	0.3252663	5.319517
62430	-2414.877	-2597.819	182.9422	1.204565	0.182785	8.060374
62436	-2392.833	-2576.186	183.3537	1.265509	0.2480479	7.708187
62442	-2389.559	-2572.531	182.9721	1.059962	0.5430186	7.708187
62448	-2393.104	-2575.581	182.4768	1.059962	0.4329275	8.071663
62454	-2401.801	-2588.779	186.978	1.404886	0.2618302	5.653579
62460	-2394.006	-2582.753	188.7469	1.525095	0.658106	4.200962
62466	-2392.96	-2581.644	188.684	1.571437	0.2613846	4.616553
62472	-2384.663	-2573.119	188.4562	1.571437	0.2613846	4.74407
62478	-2391.123	-2578.963	187.8401	1.655354	0.5299461	4.74407
62484	-2399.853	-2588.667	188.814	1.4694	0.2853496	4.567595
62490	-2396.732	-2585.495	188.7629	1.520493	0.2853496	4.567595
62496	-2404.502	-2589.208	184.7059	1.144724	0.5111086	6.758613
62502	-2404.864	-2589.573	184.7095	1.250064	0.4564488	6.749732
62508	-2411.966	-2596.692	184.7261	1.367085	0.3847823	6.749732
62514	-2417.044	-2599.619	182.5755	1.057564	0.4368337	8.01651
62520	-2411.867	-2595.136	183.2684	1.145184	0.4077878	7.628407
62526	-2400.718	-2587.332	186.614	1.232158	0.3915991	5.789863
62532	-2397.827	-2585.411	187.5842	1.432242	0.5150286	5.024213
62538	-2405.137	-2592.798	187.6617	1.354809	0.5150286	5.024213
62544	-2411.36	-2599.644	188.2839	1.460047	0.7155175	4.456676
62550	-2400.262	-2588.159	187.8973	1.376631	0.4348907	4.957565
62556	-2390.57	-2574.777	184.2063	1.109105	0.6967231	6.901801
62562	-2392.724	-2577.09	184.3664	1.278289	0.4754785	6.901801
62568	-2398.293	-2582.921	184.6276	1.312092	0.3234723	6.901801
62574	-2406.916	-2591.452	184.5358	1.376973	0.3234723	6.916313
62580	-2423.66	-2610.707	187.047	1.503846	0.7438824	5.103002
62586	-2404.369	-2592.25	187.8811	1.396909	0.3046343	5.103002
62592	-2400.857	-2587.786	186.9294	1.375779	0.3046343	5.639376
62598	-2420.259	-2602.487	182.2281	1.753185	0.5244717	7.750964
62604	-2411.826	-2597.359	185.5331	1.412032	0.419032	6.252635
62610	-2410.1	-2591.18	181.0809	1.108493	0.3706703	8.851326
62616	-2402.094	-2586.846	184.7523	1.170308	0.8330528	6.483656
62622	-2402.784	-2589.917	187.1336	1.537876	0.599264	5.143868
62628	-2397.532	-2585.079	187.5467	1.537876	0.6423075	4.880499
62634	-2386.942	-2574.318	187.3763	1.422089	0.8639142	4.886974
62640	-2384.794	-2572.918	188.1249	1.542003	0.8639142	4.400261
62646	-2386.899	-2575.336	188.4369	1.667134	0.8790973	4.143181
62652	-2401.93	-2590.597	188.6677	1.537088	0.6407341	4.252613
62658	-2389.965	-2578.17	188.2054	1.522757	0.8298427	4.387457
62664	-2403.705	-2590.35	186.645	1.526574	0.8100651	5.268736
62670	-2400.653	-2588.216	187.5631	1.379115	0.7470172	4.883386
62676	-2390.918	-2576.389	185.4709	1.486153	0.9683926	5.840989
62682	-2402.239	-2587.184	184.9456	1.517	1.238486	5.973642
62688	-2397.368	-2583.36	185.9923	1.295619	0.5167331	5.973642
62694	-2401.106	-2586.744	185.6374	1.280414	0.5167331	6.175333
62700	-2400.169	-2588.973	188.8044	1.561113	0.5434617	4.242529
62706	-2387.694	-2576.284	188.5905	1.583232	0.5434617	4.351074
62712	-2406.237	-2594.673	188.4355	1.495817	0.6993131	4.362785
62718	-2405.088	-2594.381	189.293	1.713129	0.7845785	3.688192
62724	-2400.483	-2590.039	189.5561	1.803909	0.5788559	3.642027
62730	-2393.957	-2581.687	187.7301	1.886541	0.7312813	4.517052
62736	-2408.521	-2596.29	187.7694	1.756974	0.4499881	4.801795
62742	-2393.147	-2580.002	186.8547	1.873246	0.4663919	5.229217
62748	-2397.848	-2586.42	188.5712	1.605413	0.4327069	4.454724
62754	-2399.489	-2586.432	186.9429	1.719723	0.3039977	5.443736
62760	-2399.86	-2586.582	186.7219	1.48038	0.5500197	5.443736
62766	-2401.363	-2589.516	188.1524	1.325445	0.4577073	4.821246
62772	-2404.891	-2591.724	186.8328	1.36145	0.4149127	5.574528
62778	-2395.293	-2582.12	186.8269	1.399196	0.3981914	5.574528
62784	-2412.439	-2598.144	185.7053	1.483536	0.3981914	6.141624
62790	-2401.996	-2588.066	186.0697	1.551704	0.3981914	5.905767
62796	-2402.234	-2588.179	185.9453	1.236124	0.3458242	6.203331
62802	-2418.544	-2604.54	185.9957	1.236124	0.3226396	6.203331
62808	-2412.153	-2600.274	188.1212	1.768921	0.4056689	4.64406
62814	-2404.96	-2588.423	183.4628	1.249897	0.4100849	7.465915
62820	-2397.855	-2581.514	183.6593	1.204099	0.335656	7.465915
62826	-2386.964	-2572.606	185.6425	1.37748	0.3991614	6.232424
62832	-2397.583	-2582.885	185.3019	1.32924	0.4538847	6.38873
62838	-2401.357	-2586.69	185.3329	1.29822	0.4538847	6.38873
62844	-2395.084	-2579.938	184.8538	1.343596	0.3785856	6.700127
62850	-2399.074	-2585.089	186.0155	1.568129	0.2173538	6.155478
62856	-2391.158	-2573.995	182.837	1.218068	0.5600498	7.681819
62862	-2390.234	-2574.105	183.8705	1.04773	0.5392424	7.236498
62868	-2398.428	-2584.093	185.6652	1.346106	0.3921378	6.244577
62874	-2390.626	-2577.106	186.4801	1.309297	0.3898691	5.822773
62880	-2385.798	-2570.539	184.7407	1.176513	0.3898691	6.839304
62886	-2392.293	-2575.946	183.653	1.079636	0.3898691	7.476131
62892	-2398.583	-2581.041	182.4582	1.311163	0.4678874	7.914423
62898	-2390.877	-2574.046	183.1691	1.075851	0.4678874	7.660335
62904	-2387.285	-2571.78	184.4955	1.121835	0.5362037	6.862817
62910	-2404.085	-2585.924	181.8388	1.026274	0.5362037	8.336153
62916	-2392.622	-2578.63	186.0075	1.276113	0.3298759	6.16649
62922	-2391.015	-2573.238	182.223	1.061627	0.3298759	8.315447
62928	-2385.379	-2565.443	180.0638	1.233277	0.6056511	9.112366
62934	-2387.343	-2567.628	180.285	1.06626	0.6056511	9.083692
62940	-2392.204	-2572.83	180.6265	1.164463	0.3511235	9.083692
62946	-2375.903	-2557.656	181.7532	1.028145	0.4822896	8.42751
62952	-2389.628	-2571.212	181.5834	1.193085	0.5975773	8.333835
62958	-2379.738	-2567.471	187.7333	1.293084	0.4158359	5.114537
62964	-2380.26	-2563.304	183.0442	1.187772	0.4158359	7.717408
62970	-2378.687	-2563.819	185.1316	1.236905	0.5704048	6.428153
62976	-2381.764	-2564.128	182.3636	1.186787	0.4768063	8.023078
62982	-2388.938	-2571.319	182.3805	1.16986	0.4768063	8.023078
62988	-2396.119	-2578.334	182.215	1.15869	0.4437854	8.148048
62994	-2407.207	-2592.324	185.117	1.15869	0.7238442	6.363603
63000	-2402.37	-2585.317	182.9469	1.066193	0.7109518	7.591313
63006	-2387.414	-2571.963	184.5488	1.165446	0.4167771	6.920972
63012	-2387.114	-2571.192	184.0777	1.31884	0.4929869	7.019539
63018	-2399.507	-2583.308	183.8006	1.591813	0.4465204	7.064916
63024	-2400.309	-2586.651	186.342	1.279035	0.3973804	5.906828
63030	-2410.965	-2594.34	183.3754	1.279035	0.3243393	7.591105
63036	-2398.234	-2581.745	183.5114	1.143042	0.3243393	7.591105
63042	-2407.879	-2591.651	183.7719	1.241941	0.338085	7.382409
63048	-2389.534	-2573.073	183.5392	1.324632	0.4125471	7.382409
63054	-2394.584	-2578.367	183.7832	1.080628	0.4125471	7.382409
63060	-2390.225	-2573.92	183.6952	1.16863	0.4125471	7.382409
63066	-2388.101	-2571.994	183.8926	1.266742	0.4125471	7.223802
63072	-2389.274	-2578.053	188.7791	1.798538	0.6432481	4.038639
63078	-2387.316	-2576.529	189.2136	1.649309	0.3714019	4.133046
63084	-2382.913	-2571.377	188.4647	1.69949	0.8412876	4.133046
63090	-2383.148	-2572.685	189.5374	1.63983	0.4388893	3.879699
63096	-2377.388	-2565.149	187.7603	1.425997	0.4539417	4.987246
63102	-2388.972	-2575.878	186.9062	1.638185	0.9319674	4.987246
63108	-2378.054	-2563.67	185.6161	1.501738	0.4985449	6.082625
63114	-2389.408	-2576.098	186.6903	1.432543	0.4000867	5.629226
63120	-2372.103	-2559.724	187.6208	1.432543	0.4000867	5.116197
63126	-2392.834	-2581.835	189.0008	1.507377	0.3260196	4.388321
63132	-2387.136	-2576.174	189.0383	1.654691	0.4122431	4.18424
63138	-2395.415	-2584.395	188.98	1.528032	0.5183947	4.18424
63144	-2394.183	-2578.446	184.2629	1.297234	0.5947272	6.845777
63150	-2386.634	-2568.255	181.6213	1.031852	0.4648747	8.511547
63156	-2381.935	-2566.362	184.4266	1.071692	0.4371867	7.017009
63162	-2380.433	-2566.918	186.4844	1.47237	0.3923868	5.728437
63168	-2388.758	-2576.891	188.1329	1.47237	0.6613101	4.574811
63174	-2383.957	-2572.085	188.1284	1.55326	0.6066251	4.574811
63180	-2381.34	-2567.718	186.3772	1.382182	0.6066251	5.640711
63186	-2378.944	-2562.5	183.5559	1.257295	0.6066251	7.238486
63192	-2377.634	-2564.399	186.7651	1.637203	0.6066251	5.286825
63198	-2368.829	-2557.957	189.1281	1.651995	0.6066251	3.952476
63204	-2393.198	-2580.066	186.8676	1.59965	0.6066251	5.250971
63210	-2381.169	-2567.056	185.8871	1.445919	0.3472302	6.11921
63216	-2383.061	-2568.449	185.3879	1.634421	0.7354555	5.949271
63222	-2395.508	-2586.027	190.5189	2.071697	0.2904937	3.235401
63228	-2391.418	-2577.981	186.5623	2.071697	0.9463634	4.929013
63234	-2393.385	-2582.169	188.7841	1.825017	0.9354024	3.819691
63240	-2378.204	-2565.916	187.7128	1.657295	0.638664	4.723994
63246	-2382.229	-2570.036	187.8072	1.68273	0.638664	4.656882
63252	-2375.57	-2563.323	187.7534	1.543825	0.5955223	4.799008
63258	-2385.11	-2570.704	185.5935	1.394489	0.4110939	6.237417
63264	-2400.493	-2587.07	186.5766	1.435187	0.5716189	5.530393
63270	-2391.541	-2579.531	187.9904	1.437147	0.5716189	4.74602
63276	-2378.317	-2562.479	184.1625	1.356053	0.4711705	6.973729
63282	-2388.979	-2572.934	183.9546	1.106473	0.4711705	7.21981
63288	-2395.268	-2580.058	184.7896	1.335624	0.2007079	6.971106
63294	-2391.018	-2574.974	183.9558	1.295892	0.2007079	7.440451
63300	-2397.162	-2578.285	181.1229	1.377917	0.2934938	8.775661
63306	-2389.366	-2571.255	181.889	1.232837	0.2909676	8.449211
63312	-2392.438	-2572.645	180.2071	1.00773	0.4313317	9.305198
63318	-2380.738	-2564.997	184.2589	1.182719	0.3646155	7.122748
63324	-2373.309	-2555.041	181.7315	1.104378	0.5662172	8.327075
63330	-2381.537	-2564.08	182.5426	1.104378	0.4922649	7.957611
63336	-2389.992	-2574.938	184.9458	1.279101	0.4302763	6.63177
63342	-2382.006	-2567.016	185.0093	1.279101	0.4302763	6.59741
63348	-2381.427	-2564.398	182.9708	1.074483	0.3938314	7.839659
63354	-2392.641	-2576.772	184.1309	1.304343	0.5132774	6.980674
63360	-2400.713	-2585.565	184.8515	1.231331	0.4641882	6.675797
63366	-2397.618	-2579.345	181.7271	1.132692	0.4641882	8.40233
63372	-2392.653	-2575.146	182.4933	1.148873	0.4375232	8.010986
63378	-2389.352	-2570.859	181.5067	1.170578	0.4442196	8.518113
63384	-2393.781	-2570.042	176.2613	0.9544105	0.4442196	11.39434
63390	-2397.414	-2580.528	183.1139	1.085056	0.6516576	7.533964
63396	-2390.107	-2575.008	184.9008	1.299232	0.4240496	6.651444
63402	-2395.067	-2579.004	183.9375	1.365719	1.137468	6.651444
63408	-2395.751	-2581.45	185.6997	1.198022	0.5975192	6.118788
63414	-2381.518	-2567.573	186.0545	1.225432	0.3732817	6.118788
63420	-2394.582	-2580.493	185.911	1.294224	0.4115278	6.118788
63426	-2389.481	-2573.856	184.3749	1.209719	0.393274	7.014968
63432	-2387.835	-2572.63	184.7943	1.159224	0.3427929	6.871697
63438	-2390.654	-2574.657	184.0031	1.244315	0.3427929	7.25167
63444	-2398.223	-2578.765	180.5413	1.311558	0.3884688	9.010766
63450	-2388.104	-2573.626	185.5221	1.326183	0.2939112	6.447305
63456	-2387.54	-2572.702	185.1621	1.343916	0.2939112	6.632565
63462	-2398.869	-2582.472	183.6031	1.303747	0.4994134	7.277059
63468	-2395.355	-2578.306	182.9503	1.202446	0.4334714	7.742315
63474	-2402.213	-2585.425	183.2127	1.063392	0.4334714	7.676386
63480	-2389.833	-2574.508	184.6747	1.236073	0.5566506	6.687261
63486	-2401.924	-2590.063	188.1392	1.58322	0.3004052	4.861419
63492	-2406.296	-2595.143	188.8461	1.816916	0.4315306	4.180863
63498	-2393.297	-2578.377	185.0796	1.537925	0.2737594	6.598578
63504	-2389.83	-2574.922	185.0919	1.186792	0.4305425	6.60242
63510	-2381.906	-2567.159	185.2526	1.22033	0.3331406	6.60242
63516	-2384.18	-2572.177	187.9965	1.312613	0.2793909	5.118923
63522	-2393.684	-2583.888	190.2038	1.729594	0.2793909	3.635709
63528	-2389.28	-2578.557	189.2772	1.742467	0.3191029	4.107195
63534	-2395.631	-2584.944	189.3125	1.683021	0.3299741	4.107195
63540	-2397.434	-2584.761	187.3263	1.436357	0.3187761	5.370083
63546	-2408.843	-2595.789	186.9461	1.526511	0.4665037	5.370083
63552	-2408.969	-2597.209	188.2403	1.526511	0.4665037	4.651146
63558	-2398.421	-2584.121	185.7004	1.332354	0.3758854	6.250411
63564	-2393.986	-2579.687	185.7004	1.332354	0.3758854	6.250411
63570	-2404.89	-2590.591	185.7004	1.332354	0.3758854	6.250411
63576	-2397.452	-2586.594	189.1415	1.796187	0.3768052	4.08426
63582	-2400.667	-2590.437	189.7704	1.844572	0.2541337	3.856048
63588	-2395.131	-2581.76	186.6295	1.606221	0.1945441	5.83631
63594	-2399.151	-2584.908	185.7574	1.39195	0.1547809	6.497385
63600	-2399.5	-2586.516	187.0153	1.283428	0.3975769	5.535264
63606	-2400.936	-2587.723	186.7875	1.284083	0.3629041	5.697941
63612	-2387.962	-2574.958	186.9959	1.427291	0.2580187	5.636808
63618	-2400.122	-2586.371	186.2495	1.38449	0.3314173	5.973722
63624	-2388.113	-2575.555	187.4425	1.212023	0.4092389	5.327023
63630	-2396.555	-2587.438	190.883	1.574138	0.2991376	3.302196
63636	-2373.726	-2559.773	186.0468	1.325908	0.3273753	6.120957
63642	-2380.363	-2563.529	183.1656	1.045238	0.4554188	7.690248
63648	-2397.773	-2582.337	184.5646	1.042017	0.4554188	6.941118
63654	-2396.378	-2582.342	185.9638	1.44277	0.3389117	6.088836
63660	-2385.265	-2569.694	184.4293	1.115196	0.3453494	7.089064
63666	-2392.92	-2577.047	184.1269	1.25994	0.3453494	7.173817
63672	-2411.945	-2596.164	184.2192	1.253986	0.306276	7.173817
63678	-2398.114	-2578.865	180.7511	1.051144	0.3500997	9.078863
63684	-2398.317	-2579.178	180.8608	1.051845	0.2538114	9.13909
63690	-2395.906	-2580.632	184.7259	1.280179	0.4198645	6.760409
63696	-2408.726	-2593.334	184.6088	1.279066	0.4865887	6.760409
63702	-2391.913	-2576.174	184.261	1.239242	0.3838674	7.07033
63708	-2387.011	-2571.234	184.2233	1.248673	0.3983219	7.07033
63714	-2389.013	-2573.25	184.2368	1.139005	0.4501909	7.07033
63720	-2394.107	-2578.461	184.3545	1.236157	0.3400281	7.07033
63726	-2404.963	-2592.573	187.6103	1.352137	0.6542759	4.939357
63732	-2397.319	-2581.37	184.0519	1.158999	0.5216035	7.094209
63738	-2392.167	-2576.207	184.0399	1.031398	0.4024646	7.281382
63744	-2385.613	-2570.73	185.1168	1.217205	0.5270492	6.483246
63750	-2383.175	-2566.277	183.1016	1.29677	0.3252076	7.727052
63756	-2395.957	-2578.46	182.5032	1.29677	0.4217086	7.942292
63762	-2400.207	-2587.474	187.2662	1.475637	0.4217086	5.265875
63768	-2400.813	-2588.883	188.07	1.438282	0.3501901	4.919366
63774	-2398.364	-2586.273	187.9093	1.581435	0.3585894	4.919366
63780	-2384.169	-2572.673	188.5041	1.406063	0.3910033	4.648694
63786	-2390.746	-2579.027	188.2809	1.47235	0.4368898	4.68816
63792	-2368.563	-2558.493	189.9296	1.669339	0.669447	3.428222
63798	-2385.243	-2573.755	188.5119	1.507311	0.669447	4.335458
63804	-2382.302	-2569.925	187.6233	1.469005	0.3549007	5.144776
63810	-2384.686	-2572.247	187.5613	1.531005	0.3549007	5.144776
63816	-2395.318	-2581.198	185.8804	1.28885	0.3637568	6.189595
63822	-2388.23	-2571.795	183.5647	1.265333	0.4028648	7.410404
63828	-2377.458	-2560.179	182.7208	1.158151	0.3703612	7.953374
63834	-2375.699	-2556.662	180.9631	0.9733707	0.3703612	8.985646
63840	-2381.246	-2564.298	183.0524	1.005687	0.4163476	7.809845
63846	-2390.766	-2573.723	182.9577	1.136582	0.3973712	7.809845
63852	-2383.326	-2565.632	182.3068	1.129215	0.59967	7.980908
63858	-2383.933	-2567.703	183.7696	1.187678	0.2947931	7.465029
63864	-2408.63	-2592.108	183.4773	1.557089	0.4792495	7.226699
63870	-2414.601	-2601.557	186.9567	1.778264	0.7971726	4.964922
63876	-2415.087	-2602.471	187.3844	1.734367	0.4572188	5.021554
63882	-2410.908	-2595.319	184.411	1.63318	0.7515244	6.470343
63888	-2415.816	-2604.124	188.3086	1.609197	0.9711487	4.193527
63894	-2401.269	-2586.049	184.7803	1.098827	0.4227788	6.826029
63900	-2397.984	-2581.436	183.4523	1.237797	0.3616371	7.529304
63906	-2419.346	-2600.631	181.2852	1.375	0.7209886	8.306348
63912	-2428.424	-2610.634	182.2095	1.221808	0.2741208	8.306348
63918	-2404.512	-2588.989	184.4777	1.195702	0.3538635	7.010027
63924	-2407.76	-2589.766	182.0066	1.063169	0.4110369	8.341966
63930	-2397.081	-2578.883	181.8023	1.267461	0.4110369	8.341966
63936	-2390.064	-2574.544	184.4803	1.267461	0.3572173	6.966185
63942	-2409.528	-2594.974	185.4455	0.9600135	0.559963	6.416671
63948	-2409.523	-2589.527	180.0047	0.9600135	0.5113338	9.364431
63954	-2403.637	-2584.878	181.2408	0.8932238	0.4323223	8.817777
63960	-2401.073	-2579.255	178.1822	1.003341	0.4323223	10.37325
63966	-2398.795	-2586.814	188.0188	1.410841	0.5710878	4.745307
63972	-2394.525	-2580.407	185.8816	1.365935	0.6490624	5.888207
63978	-2405.756	-2594.105	188.349	1.363081	0.3820325	4.769411
63984	-2400.019	-2586.768	186.749	1.287652	0.3660424	5.713535
63990	-2397.806	-2586.014	188.2083	1.31977	0.4786676	4.772968
63996	-2393.307	-2581.49	188.1827	1.418491	0.4370967	4.772968
64002	-2405.618	-2595.025	189.4074	1.418491	0.6796696	3.868307
64008	-2398.381	-2585.713	187.3324	1.420714	0.7411734	4.99263
64014	-2403.911	-2589.226	185.3156	1.205847	0.4756999	6.427642
64020	-2416.553	-2602.192	185.6394	1.31871	0.3876693	6.278227
64026	-2417.845	-2602.61	184.7652	1.341829	0.3956952	6.730718
64032	-2402.962	-2590.222	187.2599	1.389778	0.5379393	5.20723
64038	-2400.976	-2584.863	183.887	1.417595	0.5379393	7.029831
64044	-2407.519	-2588.649	181.1306	1.17228	0.4197809	8.740542
64050	-2399.224	-2580.79	181.5662	1.143945	0.5407952	8.414727
64056	-2408.396	-2592.516	184.1191	1.347242	0.3565425	7.118407
64062	-2389.525	-2572.861	183.336	1.169106	0.3565425	7.634019
64068	-2414.204	-2596.93	182.7268	1.071258	0.3379917	8.032606
64074	-2396.908	-2579.341	182.4333	1.142492	0.4519221	8.032606
64080	-2405.197	-2587.762	182.5646	1.142492	0.3819779	8.032606
64086	-2409.023	-2591.084	182.0606	1.09864	0.2314542	8.50992
64092	-2404.942	-2589.937	184.9947	1.226656	0.547428	6.526933
64098	-2400.629	-2587.248	186.6193	1.356746	0.5353249	5.580754
64104	-2407.945	-2592.063	184.1175	1.162169	0.5353249	7.04547
64110	-2403.22	-2587.266	184.0461	1.197828	0.5583576	7.04547
64116	-2390.571	-2570.888	180.3163	1.13281	0.3555055	9.259603
64122	-2390.804	-2577.34	186.5355	1.444654	0.2590216	5.877964
64128	-2390.653	-2577.098	186.4445	1.535688	0.2590216	5.877964
64134	-2387.661	-2570.381	182.7199	1.294949	0.2191315	8.072898
64140	-2400.33	-2582.192	181.8617	0.9085959	0.3628845	8.551576
64146	-2405.625	-2588.711	183.0861	1.034596	0.3628845	7.8325
64152	-2416.649	-2601.474	184.8247	1.590713	0.4685187	6.491816
64158	-2387.998	-2576.347	188.3484	1.590713	0.2765107	4.772435
64164	-2396.564	-2582.256	185.692	1.495475	0.3087082	6.244511
64170	-2405.748	-2591.544	185.7963	1.455616	0.2813648	6.244511
64176	-2420.217	-2607.264	187.0472	1.526638	0.282946	5.519979
64182	-2414.31	-2603.224	188.914	2.001193	0.4222793	4.04707
64188	-2410.803	-2596.88	186.0772	1.824372	0.2918131	5.876795
64194	-2411.504	-2593.735	182.2317	1.562196	0.3504314	8.020688
64200	-2388.291	-2574.874	186.5839	1.562196	0.4024135	5.614014
64206	-2384.586	-2569.223	184.6368	1.148703	0.3574172	6.945645
64212	-2387.287	-2571.474	184.1868	1.538449	0.3871976	6.945645
64218	-2374.124	-2559.246	185.122	1.472465	0.6105385	6.273479
64224	-2386.011	-2571.709	185.6975	1.471396	0.293764	6.273479
64230	-2385.155	-2570.239	185.0841	1.335025	0.7417461	6.273479
64236	-2392.719	-2578.511	185.7915	1.487716	0.7353548	5.808962
64242	-2402.031	-2586.016	183.9858	1.263845	0.4999742	7.092309
64248	-2390.989	-2575.753	184.7631	1.243105	0.3943438	6.786589
64254	-2410.305	-2594.92	184.6148	1.289653	0.4490492	6.786589
64260	-2399.742	-2583.456	183.7139	1.262297	0.3637021	7.373696
64266	-2397.324	-2583.368	186.0439	1.550921	0.3072522	6.0246
64272	-2384.828	-2571.099	186.2711	1.392115	0.3072522	5.987273
64278	-2389.549	-2575.773	186.2245	1.728575	0.4280671	5.693421
64284	-2399.155	-2585.686	186.5312	1.241558	0.4280671	5.792168
64290	-2391.359	-2576.743	185.3833	1.241558	0.4280671	6.417402
64296	-2392.507	-2577.855	185.3479	1.355874	0.4280671	6.374557
64302	-2386.278	-2572.387	186.1099	1.307187	0.4172323	5.997496
64308	-2387.65	-2574.416	186.7654	1.38921	0.5615576	5.4602
64314	-2397.296	-2586.62	189.3244	1.677454	0.766395	3.703348
64320	-2405.964	-2595.402	189.4385	1.677454	0.6768135	3.703348
64326	-2415.492	-2601.991	186.499	1.388734	0.3771984	5.782738
64332	-2408.387	-2597.395	189.0084	1.744841	0.3240728	4.25222
64338	-2403.205	-2590.307	187.1023	1.409733	0.3366491	5.486489
64344	-2395.67	-2580.756	185.0854	1.378473	0.3721575	6.563011
64350	-2386.797	-2573.745	186.9483	1.552657	0.3775111	5.445768
64356	-2399.432	-2585.553	186.1212	1.251001	0.2870405	6.171651
64362	-2378.596	-2563.701	185.1045	1.205727	0.3117719	6.716023
64368	-2383.837	-2568.692	184.8554	1.31679	0.428756	6.66177
64374	-2382.742	-2569.048	186.3063	1.315684	0.4084572	5.894682
64380	-2386.886	-2572.757	185.8707	1.370152	0.4360693	6.07464
64386	-2390.747	-2572.319	181.572	1.247787	0.4320022	8.454119
64392	-2383.31	-2567.959	184.6486	1.304963	0.2464917	6.994468
64398	-2391.377	-2575.381	184.0037	1.269118	0.6025475	6.994468
64404	-2383.92	-2568.516	184.596	1.105585	0.3541994	6.994468
64410	-2390.172	-2572.443	182.2705	1.073447	0.3945668	8.212858
64416	-2394.514	-2576.895	182.3813	1.443313	0.2681525	8.104841
64422	-2407.105	-2590.791	183.686	1.443313	0.3022979	7.363378
64428	-2389.739	-2573.498	183.7591	1.149614	0.4076124	7.363378
64434	-2390.723	-2569.599	178.8761	1.03064	0.4076124	10.01831
64440	-2398.426	-2581.312	182.8863	1.348383	0.378755	7.754366
64446	-2398.407	-2583.14	184.7329	1.297941	0.4208986	6.74599
64452	-2392.508	-2579.503	186.9953	1.486006	0.4208986	5.410446
64458	-2398.368	-2584.093	185.7251	1.293042	0.3168552	6.326468
64464	-2399.167	-2582.773	183.606	1.261173	0.3522184	7.444963
64470	-2391.472	-2572.781	181.3081	1.00085	0.4291854	8.728084
64476	-2405.362	-2587.813	182.4508	1.099351	0.3991825	8.098272
64482	-2391.581	-2574.673	183.0916	1.099351	0.4620715	7.69462
64488	-2380.721	-2568.782	188.0602	1.708983	0.4119886	4.705025
64494	-2388.327	-2574.623	186.2961	1.29801	0.4194144	5.898623
64500	-2389.707	-2572.27	182.563	1.144592	0.4097722	8.003538
64506	-2393.621	-2575.628	182.0075	1.032832	0.2675741	8.522808
64512	-2395.331	-2576.938	181.6062	1.273159	0.3368597	8.522808
64518	-2395.776	-2580.596	184.8199	1.211113	0.4370786	6.72987
64524	-2401.199	-2584.193	182.994	1.137756	0.4370786	7.750054
64530	-2388.14	-2570.85	182.7105	1.064942	0.3292255	8.054825
64536	-2387.344	-2571.478	184.1339	1.308638	0.3624443	7.124638
64542	-2391.937	-2576.079	184.1417	1.082042	0.4796066	7.124638
64548	-2398.396	-2582.524	184.1279	1.119803	0.4656492	7.124638
64554	-2399.932	-2582.202	182.2707	1.227417	0.5363058	7.998904
64560	-2407.652	-2594.922	187.2701	1.33621	0.3616088	5.405547
64566	-2390.644	-2572.796	182.1513	1.312614	0.2265891	8.355088
64572	-2397.478	-2579.498	182.0197	1.15516	0.5548375	8.155835
64578	-2396.167	-2581.897	185.7298	1.290162	0.4384508	6.192551
64584	-2393.585	-2580.776	187.191	1.373198	0.4384508	5.346981
64590	-2398.251	-2585.505	187.2538	1.423186	0.3683104	5.359016
64596	-2397.803	-2584.777	186.9747	1.496596	0.3069306	5.545293
64602	-2399.593	-2586.345	186.7516	1.496596	0.4006039	5.559824
64608	-2381.974	-2569.332	187.3584	1.352992	0.4335037	5.270719
64614	-2372.384	-2556.271	183.8867	1.253546	0.4335037	7.213148
64620	-2380.791	-2566.914	186.1234	1.284034	0.4335037	5.986329
64626	-2388.463	-2574.481	186.0183	1.196826	0.5480301	5.986329
64632	-2390.942	-2576.988	186.0465	1.30728	0.5480301	5.910664
64638	-2391.704	-2577.177	185.4725	1.192564	0.5480301	6.285788
64644	-2393.715	-2578.996	185.2815	1.095055	0.4261715	6.553824
64650	-2400.091	-2584.672	184.581	1.263121	0.7893156	6.553824
64656	-2401.34	-2586.02	184.68	1.185986	0.7711277	6.553824
64662	-2395.719	-2580.989	185.2693	1.081737	0.3735373	6.622553
64668	-2400.827	-2583.295	182.4681	0.963977	0.3918224	8.168819
64674	-2397.978	-2580.311	182.3329	0.963977	0.3918224	8.240792
64680	-2390.437	-2577.379	186.9426	1.418199	0.8932653	5.11214
64686	-2380.824	-2568.341	187.5176	1.373781	0.4838476	5.122201
64692	-2383.719	-2572.393	188.6734	1.376481	0.4838476	4.475499
64698	-2372.698	-2561.283	188.5851	1.464728	0.4838476	4.475499
64704	-2382.693	-2568.979	186.2864	1.195002	0.5043433	5.879041
64710	-2388.191	-2574.622	186.4315	1.495308	1.225914	5.175169
64716	-2388.41	-2572.815	184.4049	1.206813	0.42421	6.968746
64722	-2393.146	-2574.236	181.0906	1.091692	0.5161474	8.715846
64728	-2394.241	-2576.07	181.8284	1.124524	0.6070832	8.232624
64734	-2383.177	-2565.599	182.422	0.9847905	0.3454108	8.232624
64740	-2391.299	-2574.229	182.9297	1.032574	0.4138639	7.863492
64746	-2398.382	-2577.584	179.2019	0.8668045	0.5160779	9.832981
64752	-2378.985	-2561.569	182.584	1.143723	0.6498058	7.787371
64758	-2390.665	-2573.146	182.4809	1.139489	0.7314272	7.787371
64764	-2396.881	-2580.577	183.696	1.024408	0.4316577	7.440291
64770	-2386.67	-2574.905	188.235	1.414836	0.4562988	4.726566
64776	-2381.925	-2568.2	186.2746	1.31654	0.4039532	5.916196
64782	-2392.939	-2579.336	186.397	1.31654	0.3433742	5.916196
64788	-2393.147	-2579.192	186.045	1.250469	0.643862	5.865935
64794	-2392.144	-2578.508	186.3638	1.314853	0.4063412	5.865935
64800	-2392.514	-2580.14	187.6256	1.29736	0.3956271	5.193163
64806	-2381.609	-2569.627	188.0176	1.363527	0.3956271	4.938986
64812	-2383.955	-2570.617	186.6623	1.305939	0.3956271	5.718696
64818	-2393.68	-2576.662	182.9818	1.250817	0.3956271	7.737709
64824	-2399.857	-2583.404	183.547	1.22566	0.3483665	7.499924
64830	-2393.265	-2579	185.7349	1.276499	0.4910557	6.147346
64836	-2384.091	-2569.897	185.8058	1.326081	0.4227179	6.147346
64842	-2385.712	-2568.787	183.0743	1.225811	0.3338672	7.769394
64848	-2402.283	-2585.092	182.8094	1.015458	0.4840961	7.870022
64854	-2397.787	-2580.595	182.808	1.149289	0.4100509	7.870022
64860	-2403.481	-2587.706	184.2258	1.268192	0.3244535	7.140569
64866	-2381.9	-2568.916	187.0166	1.279277	0.2841376	5.671029
64872	-2379.943	-2566.493	186.5501	1.279277	0.5240911	5.671029
64878	-2384.573	-2572.092	187.5193	1.279277	0.5240911	5.136962
64884	-2388.853	-2573.704	184.8518	1.283087	0.5035364	6.611669
64890	-2395.087	-2581.863	186.776	1.280061	0.385968	5.68093
64896	-2410.088	-2596.637	186.549	1.355166	0.4682741	5.68093
64902	-2388.834	-2574.669	185.8344	1.34749	0.6516023	5.92215
64908	-2393.268	-2580.718	187.4508	1.401387	0.3239975	5.314319
64914	-2385.635	-2574.851	189.2156	1.508616	0.3239975	4.268766
64920	-2383.731	-2572.335	188.6043	1.508616	0.6876312	4.268766
64926	-2385.88	-2574.136	188.2566	1.511514	0.3565586	4.767008
64932	-2379	-2568.616	189.6163	1.55614	0.4847377	3.836407
64938	-2383.11	-2565.131	182.0216	1.16434	0.3670349	8.326144
64944	-2392.698	-2576.227	183.5293	1.283865	0.46405	7.359546
64950	-2395.092	-2580.504	185.412	1.30236	0.46405	6.333889
64956	-2399.715	-2585.18	185.4649	1.249407	0.46405	6.333889
64962	-2398.144	-2584.099	185.9543	1.400828	0.408066	6.040707
64968	-2404.12	-2591.976	187.8564	1.343196	0.2875609	5.168659
64974	-2408.508	-2592.919	184.4108	1.339372	0.3382932	6.986458
64980	-2401.01	-2584.084	183.074	1.403149	0.3533854	7.652475
64986	-2403.829	-2586.943	183.1144	1.333256	0.3676858	7.652475
64992	-2380.29	-2563.489	183.1991	1.248484	0.3676858	7.652475
64998	-2387.616	-2572.196	184.5798	1.234724	0.3564389	6.931086
65004	-2390.507	-2575.81	185.303	1.334393	0.4602775	6.37923
65010	-2385.961	-2570.88	184.9191	1.256959	0.4328235	6.655653
65016	-2400.448	-2585.493	185.0451	1.230631	0.380556	6.655653
65022	-2396.921	-2582.036	185.1149	1.736167	0.2595886	6.491414
65028	-2399.21	-2586.378	187.1677	1.36892	0.357471	5.448669
65034	-2393.797	-2579.013	185.2157	1.36892	0.4024208	6.46535
65040	-2393.621	-2575.538	181.9178	1.168565	0.6400124	8.13676
65046	-2400.443	-2585.125	184.682	1.249416	0.6400124	6.610343
65052	-2395.97	-2583.985	188.0154	1.410349	0.6551702	4.680114
65058	-2393.285	-2580.309	187.0237	1.400063	0.606974	5.274702
65064	-2396.512	-2583.373	186.8604	1.385707	0.4320695	5.528571
65070	-2397.494	-2585.302	187.8076	1.275412	0.4860101	5.013885
65076	-2391.139	-2576.9	185.761	1.331403	0.6256018	5.990768
65082	-2423.148	-2608.174	185.026	1.317754	0.3621657	6.639016
65088	-2418.427	-2600.593	182.1659	1.374648	0.5783549	7.941892
65094	-2408.118	-2591.899	183.7811	1.122957	0.574055	7.215386
65100	-2409.604	-2593.391	183.7872	1.240786	0.453758	7.25392
65106	-2407.498	-2591.289	183.7902	1.237821	0.453758	7.25392
65112	-2397.666	-2583.476	185.8104	1.118882	0.3679254	6.315394
65118	-2395.43	-2579.7	184.2704	1.400752	0.3247781	7.044922
65124	-2392.939	-2579.182	186.2432	1.400752	0.3739287	5.919577
65130	-2396.199	-2584.758	188.5585	1.516653	0.4767602	4.468037
65136	-2399.904	-2586.05	186.146	1.370401	0.4767602	5.885138
65142	-2397.394	-2583.689	186.2959	1.220596	0.4767602	5.885138
65148	-2416.02	-2600.004	183.9846	1.116197	0.4767602	7.193344
65154	-2425.942	-2609.625	183.683	1.066988	0.4767602	7.381661
65160	-2408.683	-2593.395	184.7123	1.446589	0.6963245	6.446136
65166	-2400.206	-2584.907	184.7009	1.458024	0.6963245	6.446136
65172	-2399.356	-2587.234	187.8779	1.491676	0.6391563	4.723858
65178	-2389.178	-2576.471	187.2928	1.373958	0.4485361	5.280396
65184	-2402.386	-2585.911	183.5249	1.160331	0.4485361	7.442779
65190	-2405.454	-2590.303	184.8486	1.168839	0.644798	6.560263
65196	-2402.299	-2586.034	183.7354	1.174067	0.7671532	7.072589
65202	-2398.717	-2584.436	185.7186	1.30997	0.5612953	6.076922
65208	-2402.011	-2587.364	185.3528	1.305891	0.3415646	6.492001
65214	-2389.363	-2575.311	185.9478	1.261244	0.5093576	6.023233
65220	-2406.837	-2583.139	176.3024	1.073055	0.2998737	11.46452
65226	-2398.31	-2585.197	186.8866	1.161812	0.3394902	5.737603
65232	-2400.07	-2581.061	180.9913	0.9342752	0.400334	8.960022
65238	-2385.39	-2568.659	183.2693	1.174852	0.400334	7.619694
65244	-2392.398	-2576.678	184.2805	1.025631	0.400334	7.157443
65250	-2394.241	-2577.633	183.3915	1.04608	0.49666	7.531112
65256	-2407.917	-2592.88	184.9637	1.213381	0.3405665	6.753641
65262	-2411.442	-2593.296	181.8533	1.128094	0.4665812	8.335478
65268	-2404.807	-2590.723	185.916	1.213327	0.2967614	6.291149
65274	-2389.773	-2569.231	179.4584	0.9886918	0.2825467	9.87462
65280	-2391.807	-2571.235	179.4271	1.009294	0.2869707	9.87462
65286	-2398.762	-2582.518	183.7562	1.161191	0.5301752	7.244599
65292	-2399.227	-2583.247	184.0199	1.232237	0.3043561	7.294942
65298	-2410.014	-2593.466	183.451	1.202061	0.4913085	7.420426
65304	-2412.896	-2598.068	185.1717	1.2504	0.6622151	6.327996
65310	-2407.187	-2590.752	183.565	1.365534	0.6622151	7.133702
65316	-2416.15	-2605.357	189.2067	1.618772	0.2605354	4.296681
65322	-2401.229	-2590.082	188.8526	1.580929	0.2605354	4.517745
65328	-2394.926	-2583.676	188.7495	1.698564	0.2548587	4.517745
65334	-2407.465	-2596.503	189.0382	1.64927	0.2432677	4.400046
65340	-2412.03	-2602.567	190.5364	1.64927	0.3838168	3.354916
65346	-2418.917	-2608.881	189.9636	1.64927	0.5113607	3.55622
65352	-2415.756	-2601.185	185.4296	1.327265	0.4019005	6.372498
65358	-2407.226	-2591.47	184.2442	1.189884	0.4240234	7.064537
65364	-2415.233	-2600.471	185.2382	1.189884	0.3837306	6.569845
65370	-2408.556	-2594.227	185.6705	1.189884	0.3949539	6.323588
65376	-2410.217	-2594.826	184.6092	1.343626	0.7058606	6.551044
65382	-2400.181	-2585.721	185.5403	1.206529	0.257287	6.551044
65388	-2384.043	-2571.892	187.8488	1.356	0.3634335	5.072631
65394	-2383.987	-2569.164	185.1765	1.21027	0.3634335	6.614382
65400	-2387.658	-2571.501	183.8434	1.41776	0.3768949	7.206379
65406	-2393.826	-2575.963	182.1373	1.042644	0.3892668	8.305661
65412	-2396.128	-2577.782	181.6543	0.956497	0.3892668	8.608124
65418	-2397.518	-2580.104	182.5861	1.140433	0.3892668	8.014534
65424	-2396.646	-2581.481	184.8347	1.140433	0.3892668	6.808727
65430	-2413.976	-2597.088	183.1126	1.151711	0.5643904	7.566298
65436	-2408.893	-2592.171	183.2786	1.191703	0.4398021	7.566298
65442	-2414.164	-2600.33	186.1665	1.269182	0.4726821	5.933095
65448	-2420.915	-2606.903	185.9882	1.258741	0.4726821	6.036053
65454	-2406.239	-2592.009	185.7706	1.577275	0.4164115	6.036053
65460	-2391.342	-2575.436	184.0934	1.344184	0.4203735	7.066334
65466	-2398.182	-2582.208	184.0257	1.359478	0.5324309	6.991126
65472	-2403.284	-2588.118	184.8339	1.775763	0.248125	6.638147
65478	-2389.724	-2576.98	187.2558	1.246371	0.248125	5.607538
65484	-2372.562	-2559.114	186.5521	1.331943	0.5857061	5.589038
65490	-2383.253	-2567.536	184.2835	1.331943	0.3692327	7.024162
65496	-2385.974	-2568.878	182.9041	1.140383	0.3760862	7.858819
65502	-2395.95	-2576.7	180.7502	1.164013	0.3268839	9.04607
65508	-2385.034	-2570.516	185.4812	1.165044	0.2928244	6.558135
65514	-2373.183	-2558.712	185.5299	1.325669	0.3900227	6.331433
65520	-2387.325	-2572.66	185.3352	1.670326	1.007692	5.792774
65526	-2386.967	-2575.442	188.4748	1.514867	0.4031185	4.590962
65532	-2387.134	-2575.414	188.28	1.56652	0.6219681	4.4698
65538	-2391.298	-2579.688	188.3903	1.482534	0.6035984	4.4698
65544	-2394.638	-2582.307	187.6692	1.604029	0.5550057	4.846288
65550	-2398.555	-2585.477	186.9219	1.592357	0.5507091	5.271095
65556	-2393.03	-2580.085	187.0548	1.616631	0.5544279	5.181036
65562	-2382.15	-2568.71	186.5604	1.367331	0.3638103	5.775675
65568	-2374.635	-2561.397	186.762	1.288205	0.3638103	5.7086
65574	-2382.593	-2568.14	185.5467	1.286794	0.3681694	6.367093
65580	-2386.137	-2571.14	185.0026	1.428272	0.7298641	6.275171
65586	-2393.683	-2579.814	186.131	1.442968	0.5963478	5.750478
65592	-2384.867	-2574.328	189.4615	1.560613	0.5963478	3.822168
65598	-2392.393	-2578.74	186.3471	1.460687	0.5963478	5.622318
65604	-2391.056	-2575.831	184.7748	1.25723	0.5963478	6.589559
65610	-2405.826	-2589.996	184.17	1.290673	0.5963478	6.898127
65616	-2402.526	-2588.303	185.7763	1.347866	0.7346074	5.894233
65622	-2398.467	-2584.132	185.6647	1.459434	0.7346074	5.894233
65628	-2385.821	-2571.235	185.4137	1.278746	0.3630857	6.449251
65634	-2387.822	-2572.514	184.6923	1.30087	0.3866327	6.801765
65640	-2391.502	-2576.255	184.7537	1.239447	0.3866327	6.801765
65646	-2388.763	-2574.994	186.2311	1.366111	0.5392489	5.785072
65652	-2386.446	-2572.182	185.7364	1.266314	0.3348126	6.313281
65658	-2389.404	-2574.694	185.2896	1.266314	0.4721015	6.412303
65664	-2387.659	-2568.232	180.5733	1.196359	0.2697637	9.193264
65670	-2385.531	-2565.78	180.2484	1.088345	0.4823326	9.193264
65676	-2388.783	-2571.164	182.3809	1.092653	0.3655706	8.174685
65682	-2383.929	-2566.352	182.4236	1.20638	0.5938527	7.881937
65688	-2382.873	-2562.667	179.7941	1.07818	0.4616196	9.457491
65694	-2385.535	-2564.74	179.2053	0.9278726	0.4616196	9.847228
65700	-2395.701	-2574.188	178.4873	1.113663	0.2010697	10.4344
65706	-2399.121	-2583.309	184.1884	1.114365	0.4391062	7.120313
65712	-2396.098	-2580.443	184.3452	1.251657	0.2958742	7.120313
65718	-2389.115	-2571.258	182.1433	1.191849	0.2964949	8.328871
65724	-2405.724	-2590.384	184.6595	1.3545	0.8880389	6.400751
65730	-2387.218	-2568.245	181.0263	1.034725	0.2964949	9.004919
65736	-2385.581	-2566.516	180.9342	1.087172	0.3269589	8.989245
65742	-2390.292	-2575.2	184.908	1.373675	0.1845876	6.913356
65748	-2385.702	-2570.859	185.1562	1.781063	0.1845876	6.559261
65754	-2396.462	-2583.511	187.0487	1.781063	0.2125251	5.481329
65760	-2389.565	-2570.601	181.0362	1.162049	0.3654305	8.852272
65766	-2381.714	-2564.861	183.1473	1.285797	0.449699	7.576739
65772	-2384.063	-2570.984	186.9206	1.280003	0.4570669	5.528926
65778	-2404.566	-2591.487	186.9206	1.280003	0.4570669	5.528926
65784	-2395.652	-2578.05	182.3986	1.068283	0.4570669	8.085823
65790	-2390.209	-2574.659	184.4495	1.34641	0.5178187	6.782252
65796	-2376.985	-2563.539	186.554	1.34641	0.6659032	5.517802
65802	-2397.455	-2584.628	187.1732	1.33829	0.3374767	5.485809
65808	-2387.233	-2574.928	187.695	1.409552	0.5255313	4.965911
65814	-2378.817	-2566.95	188.1326	1.482427	0.4697661	4.732925
65820	-2393.85	-2579.549	185.6989	1.234359	0.5084351	6.174248
65826	-2389.502	-2571.456	181.9533	1.177018	0.4909323	8.234144
65832	-2388.664	-2574.334	185.6702	1.266589	0.3765236	6.301845
65838	-2390.69	-2576.45	185.76	1.433048	0.3560366	6.185338
65844	-2406.711	-2589.013	182.3021	1.455189	0.9201835	7.597468
65850	-2392.84	-2578.388	185.5474	1.676787	0.5639374	5.968108
65856	-2375.16	-2565.869	190.709	1.751838	0.5639374	3.00702
65862	-2379.753	-2570.398	190.6442	1.820328	0.5615461	3.00702
65868	-2375.166	-2565.978	190.8114	1.738123	0.5076895	3.00702
65874	-2377.538	-2566.242	188.7038	1.757687	0.5634362	4.170659
65880	-2374.792	-2564.272	189.4801	1.542421	0.5537818	3.858601
65886	-2382.866	-2570.57	187.7039	1.61796	0.9132672	4.564074
65892	-2383.351	-2572.336	188.9845	1.82442	1.112944	3.603342
65898	-2387.18	-2575.874	188.6939	1.869463	0.9944052	3.81116
65904	-2388.416	-2578.757	190.3413	1.841897	0.5553434	3.180433
65910	-2380.008	-2571.447	191.4385	1.841897	0.4754804	2.594796
65916	-2378.482	-2568.176	189.6933	1.626046	0.6337459	3.619649
65922	-2397.308	-2586.535	189.2274	1.898792	1.259956	3.342421
65928	-2395.175	-2584.056	188.8811	1.584848	0.425731	4.29865
65934	-2391.759	-2580.838	189.0793	1.518941	0.3580938	4.29865
65940	-2402.336	-2590.545	188.2086	1.546301	0.3580938	4.772611
65946	-2392.582	-2579.878	187.2957	1.484497	0.9097494	4.869176
65952	-2376.077	-2564.115	188.0377	1.532417	0.6051848	4.638579
65958	-2375.666	-2562.894	187.2281	1.463442	0.6585995	5.0865
65964	-2392.792	-2577.16	184.3681	1.463442	1.009329	6.431224
65970	-2386.105	-2568.46	182.3545	1.052117	0.4897346	8.088073
65976	-2379.093	-2568.172	189.079	1.436516	0.4138446	4.283165
65982	-2389.346	-2575.483	186.1369	1.357303	0.6295007	5.768183
65988	-2392.646	-2578.676	186.0292	1.18833	0.4303629	6.093005
65994	-2400.083	-2584.918	184.8351	1.349536	0.6288678	6.48171
66000	-2398.858	-2583.767	184.9091	1.414028	0.5357029	6.48171
66006	-2405.475	-2591.744	186.2695	1.284777	0.5021378	5.841187
66012	-2395.993	-2584.636	188.6428	1.788027	0.3917304	4.355032
66018	-2387.411	-2576.879	189.468	1.725976	0.3917304	3.920965
66024	-2398.339	-2586.345	188.0052	1.612405	0.6865667	4.54892
66030	-2424.68	-2610.453	185.773	1.399264	0.5910296	5.974337
66036	-2404.208	-2591.705	187.4975	1.414728	0.3791314	5.217054
66042	-2400.718	-2589.311	188.593	1.670425	0.6821366	4.187542
66048	-2405.783	-2596.555	190.772	1.772127	0.5695083	2.951931
66054	-2393.074	-2575.155	182.0816	1.197946	0.3577245	8.286543
66060	-2399.294	-2585.078	185.7843	1.343122	0.4144461	6.158146
66066	-2393.956	-2579.048	185.0921	1.343122	0.4888391	6.462268
66072	-2402.183	-2586.708	184.5251	1.465606	0.7394578	6.507438
66078	-2394.44	-2577.249	182.8087	1.465606	0.8161086	7.382501
66084	-2386.062	-2571.579	185.5172	1.303656	0.4642732	6.275852
66090	-2398.737	-2585.127	186.3897	1.629103	0.513344	5.576582
66096	-2389.208	-2576.549	187.3406	1.359931	0.74476	5.019402
66102	-2387.85	-2571.523	183.6732	1.137945	0.74476	7.140295
66108	-2396.969	-2579.471	182.502	1.206082	0.8557823	7.661482
66114	-2395.746	-2577.987	182.2414	1.529737	0.7910529	7.667763
66120	-2407.768	-2596.149	188.3809	1.501523	0.5220584	4.534251
66126	-2405.345	-2593.679	188.3338	1.665002	0.4530107	4.534251
66132	-2396.88	-2583.528	186.6478	1.540965	0.5181928	5.478828
66138	-2399.93	-2585.615	185.6851	1.433444	0.6553898	5.953928
66144	-2396.064	-2579.83	183.7666	1.175676	0.5205725	7.239501
66150	-2402.43	-2588.26	185.8304	1.455268	0.5408954	5.953928
66156	-2405.202	-2591.879	186.6772	1.405205	0.3329374	5.726765
66162	-2408.713	-2594.069	185.3555	1.199107	0.5628466	6.333403
66168	-2416.655	-2600.825	184.1699	1.194765	0.4998942	7.030498
66174	-2393.991	-2577.067	183.0762	1.175386	0.4998942	7.627811
66180	-2412.065	-2596.244	184.1797	1.317237	0.4998942	6.959283
66186	-2404.256	-2589.915	185.6597	1.251777	0.5549804	6.145973
66192	-2400.426	-2589.023	188.5975	1.419444	0.5549804	4.42949
66198	-2404.078	-2590.591	186.5129	1.234963	0.5549804	5.689135
66204	-2408.486	-2589.543	181.057	1.156691	0.4800389	8.73092
66210	-2409.078	-2594.071	184.9928	1.218203	0.8310569	6.328462
66216	-2413.899	-2595.875	181.9765	1.196421	0.7183755	8.035077
66222	-2406.773	-2590.404	183.6306	1.050219	0.6598034	7.269612
66228	-2399.907	-2584.189	184.2818	1.265135	0.3824759	7.046706
66234	-2414.66	-2596.603	181.9429	0.9390622	0.3824759	8.471215
66240	-2396.488	-2578.18	181.6924	1.189585	0.3824759	8.471215
66246	-2402.572	-2584.284	181.7121	1.108552	0.2882639	8.612609
66252	-2389.822	-2572.303	182.4812	1.191144	0.3854415	8.047464
66258	-2392.663	-2574.216	181.5536	1.193121	0.2746749	8.669309
66264	-2392.751	-2577.998	185.2476	1.386931	0.2983946	6.55736
66270	-2395.717	-2576.241	180.5235	0.9137778	0.4565805	9.163657
66276	-2405.321	-2587.952	182.6306	1.095455	0.4565805	7.94811
66282	-2410.297	-2600.564	190.2668	1.621509	0.4867537	3.41924
66288	-2412.018	-2600.212	188.1948	1.751298	0.9750541	4.175182
66294	-2408.39	-2596.864	188.4743	1.751298	0.6053634	4.269191
66300	-2400.479	-2591.141	190.6615	1.430201	0.4403212	3.347356
66306	-2409.216	-2597.325	188.1091	1.816538	0.4403212	4.588033
66312	-2391.724	-2573.481	181.7572	1.201204	0.4403212	8.372425
66318	-2389.605	-2571.676	182.0712	0.9609951	0.4007307	8.372425
66324	-2400.664	-2584.728	184.0643	1.242344	0.4007307	7.156715
66330	-2389.24	-2572.294	183.0539	1.117926	0.6911762	7.520114
66336	-2391.36	-2579.382	188.0219	1.576532	0.3727723	4.843196
66342	-2389.86	-2573.182	183.3218	1.099746	0.5960026	7.456859
66348	-2408.892	-2592.479	183.5865	1.351948	0.2539804	7.529063
66354	-2398.846	-2585.924	187.0773	1.17984	0.3538932	5.606392
66360	-2398.211	-2585.871	187.6602	1.290412	0.4508743	5.121093
66366	-2408.481	-2594.263	185.7826	1.286044	0.3238852	6.290518
66372	-2400.322	-2589.3	188.9784	1.346047	0.3738304	4.435081
66378	-2393.243	-2577.881	184.6382	1.346047	0.3857279	6.807564
66384	-2388.46	-2572.972	184.5115	1.19839	0.5424492	6.807564
66390	-2393.372	-2578.104	184.7312	1.253093	0.38266	6.810819
66396	-2411.527	-2596.302	184.7745	1.209774	0.38266	6.810819
66402	-2404.784	-2588.095	183.3114	1.312329	0.4927103	7.434894
66408	-2409.555	-2591.307	181.7522	1.029587	0.4070669	8.499053
66414	-2426.983	-2612.272	185.2892	1.332642	0.5181013	6.33494
66420	-2415.725	-2601.811	186.0858	1.298367	0.5825858	5.865414
66426	-2408.873	-2594.458	185.5844	1.290598	0.5905687	6.13673
66432	-2404.854	-2588.551	183.6975	1.216911	0.365064	7.405333
66438	-2411.114	-2594.597	183.4833	1.216911	0.4305206	7.452208
66444	-2407.005	-2589.737	182.7319	1.106805	0.335206	8.014148
66450	-2402.975	-2586.919	183.9438	1.158144	0.3651608	7.304633
66456	-2397.666	-2584.195	186.529	1.158144	0.3651608	5.905746
66462	-2400.254	-2586.334	186.0802	1.299106	0.4122722	6.023183
66468	-2419.135	-2605.054	185.9189	1.505928	0.5307195	5.88668
66474	-2412.133	-2597.03	184.897	1.301561	0.5165398	6.565753
66480	-2403.956	-2591.163	187.207	1.15344	0.4861902	5.413372
66486	-2422.428	-2607.912	185.4833	1.299406	0.3822019	6.379333
66492	-2405.096	-2592.749	187.6531	1.588362	0.5460224	4.87171
66498	-2402.345	-2589.935	187.5897	1.588362	0.5879438	4.87171
66504	-2401.058	-2588.703	187.645	1.645911	0.5148716	4.87171
66510	-2407.664	-2595.014	187.3491	1.642758	0.6190433	4.950295
66516	-2410.341	-2595.988	185.647	1.642584	0.4691334	6.016106
66522	-2396.27	-2582.241	185.9707	1.373023	0.5303881	5.931271
66528	-2394.563	-2580.598	186.0355	1.451351	0.5303881	5.853066
66534	-2395.114	-2577.393	182.2796	1.274627	0.5303881	7.973997
66540	-2392.53	-2575.222	182.6915	1.132181	0.3785825	7.973997
66546	-2404.817	-2589.401	184.5844	1.183316	0.4448533	6.864365
66552	-2387.72	-2572.78	185.06	1.227814	0.4448533	6.583458
66558	-2401.001	-2586.42	185.418	1.21417	0.5278862	6.320822
66564	-2396.7	-2580.67	183.9699	1.128809	0.4124045	7.256512
66570	-2397.701	-2581.521	183.8204	1.277736	0.2617025	7.432892
66576	-2387.525	-2572.831	185.3065	1.001212	0.3480297	6.674489
66582	-2408.71	-2593.344	184.6332	1.077833	0.7164561	6.674489
66588	-2396.469	-2579.831	183.3617	1.195571	0.4470885	7.51272
66594	-2404.373	-2587.862	183.4893	1.067971	0.4470885	7.51272
66600	-2383.352	-2566.75	183.3972	1.008571	0.5375818	7.51272
66606	-2393.888	-2579.008	185.1201	1.218131	0.5375818	6.471969
66612	-2395.59	-2580.968	185.3785	1.291432	0.5375818	6.292028
66618	-2391.838	-2577.233	185.3952	1.274718	0.5375818	6.292028
66624	-2383.713	-2565.382	181.6692	1.152675	0.505796	8.385151
66630	-2403.189	-2588.383	185.1942	1.316409	0.3120305	6.607424
66636	-2402.452	-2590.179	187.7273	1.548645	0.366298	5.029922
66606	-2429.238	-2608.889	179.6508	0.935188	0.4177581	9.650379
66612	-2428.997	-2611.623	182.6268	1.001237	0.4043565	8.051469
66618	-2420.425	-2603.363	182.9381	1.086888	0.501695	7.74738
66624	-2408.69	-2599.628	190.9381	1.603058	0.6134247	2.914824
66630	-2409.682	-2598.736	189.0544	1.64049	0.6134247	3.995673
66636	-2398.088	-2587.417	189.3283	1.64049	0.5570459	3.886623
66642	-2398.75	-2588.095	189.3458	1.566036	0.5778974	3.901193
66648	-2402.738	-2592.186	189.4479	1.554978	0.6274115	3.807625
66654	-2393.62	-2583.38	189.7605	1.573701	0.6288021	3.615031
66660	-2399.09	-2588.433	189.3433	1.573701	0.5754064	3.900369
66666	-2403.211	-2589.131	185.9198	1.612445	0.5166704	5.840237
66672	-2399.469	-2588.953	189.4845	1.551299	0.3831783	4.02108
66678	-2406.673	-2596.139	189.4653	1.652052	0.4489522	3.903682
66684	-2404.182	-2594.456	190.274	1.910001	0.4530784	3.279595
66690	-2398.373	-2582.886	184.5128	1.360321	0.351284	6.905338
66696	-2403.138	-2586.732	183.5935	1.18146	0.5321904	7.319372
66702	-2411.051	-2594.406	183.3548	1.200457	0.3523706	7.611843
66708	-2409.686	-2597.655	187.9681	1.464917	0.5761389	4.73919
66714	-2403.499	-2589.999	186.5002	1.323011	0.4314655	5.761154
66720	-2414.372	-2599.398	185.0256	1.449114	0.8385696	6.180526
66726	-2389.479	-2578.322	188.8435	1.515943	0.6075428	4.191506
66732	-2391.614	-2580.561	188.9467	1.45268	0.5802818	4.191506
66738	-2398.704	-2587.409	188.7052	1.452362	0.6396869	4.280196
66744	-2394.121	-2582.676	188.555	1.449408	0.655529	4.354459
66750	-2384.197	-2571.793	187.5967	1.449408	0.3945803	5.126096
66756	-2399.441	-2586.521	187.0798	1.45341	0.906095	5.008749
66762	-2412.514	-2597.118	184.6039	1.253614	0.3842389	6.87753
66768	-2398.715	-2583.316	184.6008	1.090793	0.4743906	6.87753
66774	-2396.98	-2579.607	182.627	1.139144	0.3970541	7.985338
66780	-2397.752	-2581.457	183.7051	1.145843	0.2999234	7.515561
66786	-2394.761	-2578.203	183.4421	1.362988	0.3200391	7.515561
66792	-2416.204	-2596.147	179.9432	1.094527	0.4718467	9.360763
66798	-2409.612	-2595.369	185.7573	1.333742	0.4718467	6.121776
66804	-2394.157	-2577.999	183.8417	1.180347	0.4718467	7.240163
66810	-2390.31	-2576.639	186.329	1.309103	0.473488	5.82171
66816	-2400.225	-2583.189	182.9643	1.068133	0.2658469	7.997113
66822	-2384.161	-2573.765	189.6043	1.471805	0.4838119	3.892615
66828	-2404.89	-2594.633	189.7427	1.536542	0.373689	3.892615
66834	-2396.412	-2586.043	189.6311	1.713978	0.5481617	3.67765
66840	-2398.462	-2588.798	190.3356	1.867638	0.3295753	3.410916
66846	-2385.098	-2573.962	188.8632	1.634356	0.5095931	4.198318
66852	-2396.959	-2586.735	189.7761	1.579684	0.3792803	3.842218
66858	-2407.671	-2596.022	188.3508	1.58715	0.3687344	4.658041
66864	-2390.258	-2579.28	189.0222	1.549742	0.4293061	4.234874
66870	-2396.214	-2585.23	189.0164	1.549742	0.3250777	4.356769
66876	-2400.88	-2589.609	188.7292	1.628826	0.4284963	4.356769
66882	-2392.604	-2579.205	186.6019	1.351199	0.5291354	5.598748
66888	-2396.808	-2583.354	186.5459	1.394674	0.3819259	5.748626
66894	-2400.924	-2583.794	182.8701	1.379236	0.3819259	7.743172
66900	-2403.328	-2589.974	186.646	1.462457	0.4772014	5.56039
66906	-2403.307	-2587.706	184.399	1.221546	0.3400303	7.054232
66912	-2415.512	-2599.837	184.3251	1.248052	0.3400303	7.079742
66918	-2409.155	-2598.441	189.286	1.638108	0.569904	3.900991
66924	-2399.247	-2585.107	185.8603	1.489508	0.4205461	6.030796
66930	-2390.384	-2577.728	187.3447	1.366628	0.4824599	5.223178
66936	-2401.031	-2587.46	186.4297	1.294119	0.5389608	5.715951
66942	-2410.514	-2596.863	186.3492	1.450871	0.4918661	5.715951
66948	-2410.598	-2592.719	182.1214	1.105776	0.4591171	8.211627
66954	-2402.04	-2584.147	182.107	1.120141	0.4591171	8.211627
66960	-2403.877	-2592.129	188.2518	1.490256	0.5979769	4.547935
66966	-2415.578	-2605.652	190.0734	1.578363	0.3182375	3.746066
66972	-2406.947	-2596.819	189.8725	1.47557	0.4737163	3.746066
66978	-2409.237	-2594.665	185.4275	1.47557	0.5270699	6.174315
66984	-2397.263	-2583.279	186.0159	1.253225	0.3485834	6.15244
66990	-2393.94	-2577.352	183.4117	1.107777	0.475874	7.506001
66996	-2404.331	-2592.139	187.8084	1.474481	0.5969498	4.80588
67002	-2400.942	-2589.643	188.7007	1.616908	0.5498222	4.2641
67008	-2380.194	-2567.613	187.4192	1.523292	0.5020117	5.077053
67014	-2400.378	-2587.34	186.9624	1.35947	0.5020117	5.420048
67020	-2414.298	-2601.122	186.8239	1.543446	0.5883369	5.320863
67026	-2415.945	-2604.538	188.593	1.768241	0.8471689	4.016897
67032	-2402.288	-2589.018	186.7304	1.352912	0.4609509	5.589603
67038	-2388.956	-2577.264	188.3071	1.32721	0.4609509	4.730682
67044	-2393.348	-2581.85	188.5021	1.452391	0.456585	4.55556
67050	-2400.347	-2587.959	187.6127	1.393415	0.7712049	4.831246
67056	-2397.258	-2585.604	188.3465	1.51315	0.6371484	4.450438
67062	-2404.626	-2592.817	188.192	1.489542	0.5954936	4.583993
67068	-2391.257	-2578.912	187.6549	1.47085	0.478981	4.99679
67074	-2393.564	-2581.23	187.6667	1.486427	0.4630605	4.99679
67080	-2401.539	-2586.355	184.8162	1.484139	0.519506	6.508078
67086	-2406.983	-2590.783	183.8001	1.19423	0.8833365	6.954674
67092	-2387.316	-2573.548	186.2324	1.333017	0.4281323	5.905473
67098	-2388.356	-2574.53	186.1737	1.369617	0.4281323	5.917555
67104	-2400.051	-2586.509	186.4586	1.323052	0.3113185	5.917555
67110	-2396.442	-2581.568	185.1263	1.380371	0.4816004	6.430167
67116	-2390.622	-2577.534	186.9123	1.397893	0.4332597	5.492136
67122	-2387.144	-2573.429	186.2846	1.376842	0.5430518	5.746624
67128	-2385.782	-2570.015	184.2324	1.353118	0.8282448	6.669038
67134	-2385.137	-2569.349	184.2116	1.314616	0.3732316	7.06783
67140	-2398.244	-2585.656	187.412	1.813958	0.4994075	4.921975
67146	-2392.967	-2581.14	188.1731	1.367931	0.5107313	4.735875
67152	-2382.294	-2567.27	184.9756	1.241212	0.5703734	6.510371
67158	-2388.649	-2572.767	184.1182	1.169935	0.4473161	7.120277
67164	-2399.44	-2586.335	186.8949	1.352841	0.4184863	5.541479
67170	-2389.527	-2574.12	184.5932	1.173515	0.4643752	6.846324
67176	-2395.041	-2578.077	183.0363	1.137165	0.4031937	7.761552
67182	-2377.786	-2563.847	186.0614	1.374908	0.510422	5.898254
67188	-2387.773	-2577.051	189.2783	1.612923	0.4288889	4.053795
67194	-2387.786	-2576.63	188.8438	1.450173	0.3998757	4.423335
67200	-2388.696	-2576.095	187.3994	1.465441	0.6937748	4.964207
67206	-2393.634	-2580.451	186.8164	1.311529	0.5699193	5.467911
67212	-2385.388	-2572.141	186.7533	1.499495	0.4932597	5.466071
67218	-2392.377	-2578.866	186.4888	1.370274	0.3448212	5.834954
67224	-2387.057	-2573.603	186.5459	1.433413	0.2912966	5.834954
67230	-2401.24	-2583.851	182.6103	1.160246	0.2665109	8.135809
67236	-2398.127	-2584.884	186.7569	1.351677	0.2364865	5.840138
67242	-2400.112	-2588.57	188.458	1.665696	0.5864304	4.342513
67248	-2390.054	-2578.372	188.3177	1.521459	0.6201238	4.475436
67254	-2385.355	-2574.001	188.6462	1.62915	0.3627748	4.475436
67260	-2381.625	-2570.296	188.6706	1.504455	0.6139597	4.290821
67266	-2388.454	-2577.92	189.4653	1.64478	0.4355315	3.921704
67272	-2388.191	-2575.856	187.665	1.513066	0.4173289	5.028821
67278	-2378.272	-2566.022	187.75	1.56593	0.4339398	4.935176
67284	-2383.74	-2571.534	187.7938	1.522089	0.4339398	4.935176
67290	-2382.588	-2571.478	188.8904	1.589024	0.5744459	4.150976
67296	-2395.984	-2585.217	189.2333	1.566105	0.3874023	4.150976
67302	-2390.095	-2578.259	188.1649	1.566105	0.4714855	4.666368
67308	-2395.154	-2582.441	187.2864	1.636922	0.4714855	5.116217
67314	-2392.105	-2580.814	188.7092	1.603228	0.5807209	4.240492
67320	-2398.6	-2585.715	187.1149	1.375828	0.4667791	5.359817
67326	-2406.658	-2594.247	187.5892	1.504013	0.4421196	5.050674
67332	-2404.747	-2592.378	187.6311	1.585172	0.9047586	4.628488
67338	-2389.465	-2578.06	188.5947	1.585172	0.5278006	4.361526
67344	-2393.162	-2580.494	187.3318	1.444334	0.3224682	5.358138
67350	-2387.365	-2573.221	185.8557	1.561481	0.515375	5.904274
67356	-2388.776	-2574.292	185.5166	1.299796	0.5388298	6.211315
67362	-2393.796	-2579.824	186.0278	1.328264	0.4576675	5.990789
67368	-2392.917	-2578.859	185.9424	1.489266	0.4814626	5.927072
67374	-2395.716	-2582.896	187.1799	1.494952	0.3664469	5.362323
67380	-2399.106	-2584.694	185.5882	1.364169	0.5151223	6.157909
67386	-2389.912	-2575.076	185.1639	1.342763	0.5151223	6.400059
67392	-2403.362	-2591.866	188.5036	1.465334	0.3527804	4.659147
67398	-2397.754	-2583.156	185.4019	1.490846	0.6843866	6.055858
67404	-2391.766	-2580.157	188.3909	1.812995	0.3981383	4.475935
67410	-2402.884	-2593.856	190.9725	1.814175	0.3214784	3.076562
67416	-2409.93	-2601.068	191.1379	1.654047	0.2601087	3.160416
67422	-2404.175	-2593.275	189.1004	1.654047	0.2471918	4.356368
67428	-2409.712	-2594.418	184.7064	1.610527	0.2415645	6.805677
67434	-2381.604	-2567.275	185.6707	1.220673	0.4300723	6.270742
67440	-2392.846	-2576.737	183.8916	1.128551	0.519747	7.198384
67446	-2388.912	-2573.486	184.5743	1.444497	0.2260038	6.989211
67452	-2402.724	-2584.761	182.0366	1.204138	0.4617666	8.201915
67458	-2401.873	-2582.546	180.673	1.081143	0.2430608	9.237857
67464	-2389.06	-2573.846	184.7861	1.071185	0.3993572	6.861671
67470	-2398.715	-2585.446	186.7315	1.531345	0.4441906	5.507285
67476	-2395.597	-2581.258	185.6606	1.319286	0.3754028	6.279641
67482	-2397.443	-2585.618	188.1749	1.437279	0.5258722	4.682417
67488	-2409.679	-2595.874	186.1944	1.401843	0.4979841	5.821961
67494	-2413.266	-2597.786	184.5197	1.178288	0.2213954	7.168776
67500	-2406.088	-2593.963	187.8751	1.643853	0.281503	4.99968
67506	-2397.537	-2585.068	187.5311	1.560635	0.4324013	5.061252
67512	-2394.044	-2579.419	185.3754	1.418586	0.2312797	6.562864
67518	-2398.812	-2582.748	183.9358	1.222731	0.2754852	7.38204
67524	-2402.479	-2587.65	185.1701	1.234263	0.2489779	6.747879
67530	-2395.992	-2582.328	186.336	1.347629	0.3269527	5.951957
67536	-2396.101	-2581.509	185.4081	1.224803	0.5670449	6.287448
67542	-2395.702	-2579.883	184.1804	1.207716	0.4297656	7.083602
67548	-2391.097	-2569.189	178.0919	0.9782317	0.5019629	10.37041
67554	-2402.999	-2587.721	184.7218	1.257867	0.2332461	6.999547
67560	-2383.806	-2565.723	181.9172	1.115319	0.3458963	8.431171
67566	-2388.696	-2572.246	183.5492	1.298393	0.332061	7.478534
67572	-2389.88	-2578.901	189.0211	1.665468	0.4728992	4.12581
67578	-2395.412	-2582.546	187.1336	1.405184	0.4714838	5.32887
67584	-2400.758	-2586.876	186.1184	1.37652	0.5190586	5.858556
67590	-2390.8	-2578.278	187.4786	1.504395	0.352141	5.208495
67596	-2408.462	-2595.638	187.1761	1.302823	0.2771611	5.579886
67602	-2392.459	-2576.033	183.574	1.218885	0.557131	7.288875
67608	-2396.445	-2577.88	181.4359	1.057424	0.5134888	8.553058
67614	-2391.439	-2573.435	181.9961	1.100974	0.3486111	8.39379
67620	-2394.994	-2579.466	184.472	1.167378	0.3962801	6.982339
67626	-2398.545	-2582.887	184.3416	1.238806	0.3962801	7.014083
67632	-2395.821	-2582.141	186.3197	1.322294	0.4250147	5.866806
67638	-2390.328	-2576.404	186.0761	1.368154	0.3553127	6.049362
67644	-2379.904	-2567.001	187.0973	1.318906	0.3890964	5.479774
67650	-2370.219	-2555.923	185.7046	1.381989	0.3890964	6.20688
67656	-2368.015	-2548.686	180.6706	1.164726	0.5679994	8.856825
67662	-2370.759	-2555.629	184.8704	1.164726	0.3217519	6.852443
67668	-2379.941	-2567.025	187.084	1.355955	0.4381314	5.415818
67674	-2385.307	-2572.512	187.2054	1.451388	0.2479455	5.522861
67680	-2397.971	-2582.406	184.4349	1.524337	0.25469	6.979935
67686	-2389.844	-2571.775	181.9316	1.13649	0.4265069	8.327488
67692	-2395.293	-2580.635	185.3419	1.297538	0.4265069	6.411031
67698	-2399.653	-2585.409	185.756	1.243884	0.5431571	6.107789
67704	-2409.158	-2594.501	185.3433	1.218145	0.4365051	6.44341
67710	-2406.186	-2589.667	183.4808	1.107111	0.4365051	7.506553
67716	-2397.952	-2581.5	183.5476	1.067935	0.4214772	7.506553
67722	-2399.631	-2582.979	183.348	1.066037	0.4214772	7.614409
67728	-2393.84	-2575.17	181.3307	1.089653	0.5399134	8.569431
67734	-2402.012	-2586.532	184.52	1.217669	0.4103168	6.914866
67740	-2408.533	-2591.099	182.5657	1.281983	0.3613652	7.979888
67746	-2394.461	-2583.957	189.4964	1.633434	0.4994134	3.846789
67752	-2391.198	-2581.671	190.4729	1.920638	0.5076278	3.100332
67758	-2397.891	-2587.774	189.8829	1.877023	0.5719319	3.415048
67764	-2395.648	-2585.699	190.0504	1.730783	0.7577067	3.254396
67770	-2389.632	-2577.135	187.503	1.331234	0.8269942	4.890285
67776	-2401.24	-2585.278	184.0386	1.116882	0.5464988	7.102891
67782	-2390.85	-2574.82	183.9697	1.194294	0.5288384	7.113216
67788	-2419.35	-2607.014	187.6646	1.225062	0.5468448	5.066614
67794	-2389.481	-2573.657	184.1765	1.119073	0.5349972	7.037202
67800	-2388.129	-2572.405	184.2767	1.192239	0.4326998	7.037202
67806	-2384.883	-2567.017	182.1343	1.011354	0.3890634	8.324104
67812	-2396.889	-2578.658	181.7688	0.8735562	0.3838708	8.597023
67818	-2395.257	-2576.53	181.2724	1.071134	0.5802232	8.57754
67824	-2409.238	-2589.96	180.7225	1.098266	0.5596059	8.871308
67830	-2407.904	-2594.172	186.2689	1.264022	0.4974551	5.857069
67836	-2397.653	-2581.434	183.7808	1.342758	0.5193305	7.143167
67842	-2399.389	-2581.574	182.1846	1.037024	0.5826776	8.108528
67848	-2384.89	-2567.03	182.1398	1.004758	0.5504078	8.175658
67854	-2391.058	-2574.569	183.5109	1.203956	0.4326989	7.442237
67860	-2386.73	-2572.468	185.7388	1.255423	0.3242998	6.330435
67866	-2391.768	-2574.54	182.772	1.229182	0.2696752	8.008667
67872	-2392.665	-2576.77	184.1055	0.9744985	0.2696752	7.431888
67878	-2387.78	-2569.969	182.1896	1.094797	0.3275228	8.318354
67884	-2378.246	-2563.912	185.6662	1.251456	0.6187243	6.091338
67890	-2379.135	-2564.41	185.2742	1.19311	0.5666705	6.377628
67896	-2389.918	-2574.807	184.8891	1.26277	0.6200658	6.506184
67902	-2389.013	-2575.355	186.342	1.162226	0.6295188	5.762661
67908	-2401.911	-2590.114	188.2029	1.372622	0.6573684	4.594467
67914	-2386.415	-2572.804	186.3888	1.384061	0.6202769	5.622583
67920	-2389.837	-2576.94	187.1025	1.490717	0.5426889	5.234359
67926	-2393.201	-2579.887	186.686	1.27794	0.5426889	5.581027
67932	-2410.248	-2594.383	184.1347	1.303015	0.5426889	6.954122
67938	-2397.022	-2579.949	182.927	1.343106	0.3000432	7.826065
67944	-2384.684	-2569.1	184.4165	1.303058	0.3923657	6.943271
67950	-2393.8	-2580.665	186.8656	1.542328	0.4860682	5.387309
67956	-2400.694	-2589.881	189.1863	1.770522	0.3136629	4.149913
67962	-2404.614	-2593.913	189.2994	1.781665	0.6761062	3.724099
67968	-2412.945	-2598.396	185.4507	1.563897	0.6761062	5.995407
67974	-2415.688	-2599.804	184.1161	1.083664	0.4104143	7.204243
67980	-2409.285	-2594.183	184.8979	1.317089	0.5272671	6.547532
67986	-2405.546	-2590.255	184.7087	1.34244	0.637407	6.547532
67992	-2402.801	-2587.823	185.0227	1.197356	0.4215887	6.643087
67998	-2398.883	-2581.979	183.0956	1.286462	0.3107947	7.753013
68004	-2394.555	-2579.3	184.7453	1.316609	0.6378988	6.541331
68010	-2386.413	-2571.507	185.094	1.316501	0.4202924	6.541331
68016	-2407.396	-2593.033	185.6374	1.437422	0.3467648	6.260191
68022	-2390.196	-2576.774	186.5783	1.235748	0.3467648	5.857343
68028	-2400.462	-2585.816	185.3538	1.412339	0.4948299	6.277286
68034	-2387.04	-2569.944	182.9039	1.125209	0.4020791	7.839786
68040	-2383.439	-2568.167	184.7279	1.377773	0.4633717	6.664247
68046	-2396.049	-2578.484	182.4346	1.170405	0.3936811	8.074704
68052	-2382.963	-2564.733	181.7701	1.222822	0.4349732	8.359227
68058	-2393.788	-2577.803	184.015	1.39774	0.5851833	6.932779
68064	-2384.4	-2567.852	183.4514	1.186623	0.5851833	7.349348
68070	-2384.517	-2567.755	183.2379	1.193532	0.4194704	7.607085
68076	-2403.967	-2584.123	180.156	1.225807	0.4992817	9.154406
68082	-2384.396	-2564.936	180.5396	1.115465	0.387624	9.116266
68088	-2388.014	-2575.055	187.0416	1.498615	0.4181605	5.380798
68094	-2386.899	-2572.291	185.3927	1.327131	0.4181605	6.37582
68100	-2401.638	-2584.588	182.9498	1.404143	0.2684985	7.821932
68106	-2388.543	-2570.724	182.1805	0.9750797	0.3598621	8.350139
68112	-2406.791	-2590.607	183.8157	1.220767	0.5269255	7.183398
68118	-2396.347	-2582.207	185.8599	1.405807	0.4622249	6.035715
68124	-2398.388	-2583.563	185.175	1.379184	0.447568	6.436536
68130	-2392.093	-2577.344	185.2502	1.428721	0.447568	6.368869
68136	-2402.043	-2588.749	186.7067	1.624968	0.447568	5.466082
68142	-2389.201	-2576.203	187.002	1.69209	0.524576	5.194404
68148	-2399.206	-2587.409	188.2025	1.50986	0.6244176	4.543308
68154	-2391.746	-2581.578	189.8313	1.720035	0.4237099	3.680138
68160	-2389.624	-2575.247	185.6228	1.384116	0.4826537	6.157533
68166	-2399.942	-2585.493	185.5518	1.533025	0.4826537	6.115103
68172	-2392.571	-2577.969	185.3989	1.301848	0.4133696	6.391102
68178	-2389.358	-2577.637	188.2788	1.377666	0.5827901	4.60852
68184	-2389.681	-2577.494	187.813	1.424947	0.5387325	4.880035
68190	-2404.148	-2590.614	186.4664	1.314993	0.314631	5.913621
68196	-2401.991	-2587.994	186.0027	1.588571	0.3525705	5.972346
68202	-2389.5	-2576.871	187.3709	1.686869	0.3324955	5.19037
68208	-2397.536	-2581.574	184.0381	1.406595	0.242924	7.27317
68214	-2401.085	-2587.548	186.4631	1.343336	0.3916339	5.811565
68220	-2397.275	-2583.619	186.3446	1.484823	0.5335925	5.662727
68226	-2385.324	-2572.193	186.8694	1.378263	0.4426092	5.517164
68232	-2406.714	-2596.85	190.1356	1.618414	0.4177342	3.569049
68238	-2401.007	-2589.764	188.7572	1.747136	0.3767626	4.330245
68244	-2391.523	-2578.659	187.136	1.660337	0.3068919	5.366395
68250	-2401.653	-2588.637	186.9848	1.477109	0.2997078	5.559596
68256	-2403.581	-2591.252	187.6716	1.667183	0.3761691	4.983878
68262	-2402.115	-2587.367	185.2523	1.41892	0.3405222	6.486396
68268	-2396.501	-2584.17	187.6695	1.42384	0.4540964	5.038762
68274	-2397.769	-2584.798	187.0283	1.635232	0.3059745	5.440722
68280	-2403.359	-2588.927	185.5682	1.510766	0.310277	6.301521
68286	-2413.092	-2601.913	188.8212	1.684899	0.5068593	4.196002
68292	-2408.251	-2596.154	187.9028	1.421512	0.4163267	4.948593
68298	-2401.424	-2589.181	187.7566	1.567728	0.4163267	4.948593
68304	-2394.801	-2583.161	188.3602	1.644305	0.5808467	4.414472
68310	-2403.485	-2590.139	186.6537	1.663864	0.5165957	5.409331
68316	-2410.492	-2597.092	186.6	1.420493	0.3777222	5.709416
68322	-2410.684	-2593.921	183.2363	1.259613	0.474845	7.519581
68328	-2404.456	-2587.51	183.0543	1.269434	0.5116786	7.578872
68334	-2392.287	-2577.077	184.7901	1.165959	0.3585791	6.852424
68340	-2394.41	-2576.728	182.3183	1.202442	0.2320112	8.316932
68346	-2397.253	-2579.375	182.1224	0.9802783	0.4054476	8.330139
68352	-2388.846	-2571.836	182.9893	1.15396	0.3648977	7.818216
68358	-2393.425	-2574.34	180.9154	1.027576	0.571971	8.796601
68364	-2407.056	-2592.943	185.8869	1.485602	0.5185971	5.92585
68370	-2397.516	-2583.484	185.968	1.295536	0.4195589	6.078829
68376	-2397.089	-2584.19	187.1011	1.385603	0.4350255	5.39316
68382	-2383.011	-2572.241	189.2302	1.573866	0.6113695	3.934882
68388	-2398.067	-2584.559	186.4914	1.523328	0.3207373	5.778528
68394	-2404.006	-2590.07	186.0645	1.541589	0.2952474	6.033631
68400	-2404.308	-2586.327	182.0185	1.103157	0.5544126	8.184563
68406	-2413.805	-2595.761	181.9569	1.1632	0.5554041	8.184563
68412	-2414.95	-2599.266	184.3165	1.096821	0.5554041	6.95668
68418	-2408.855	-2592.963	184.1074	1.168596	0.6500697	6.95668
68424	-2406.103	-2588.352	182.2489	1.168596	0.5138438	8.06106
68430	-2412.912	-2595.191	182.2791	1.18899	0.6321726	7.939054
68436	-2411.115	-2596.364	185.2491	1.609778	0.5345507	6.191879
68442	-2418.956	-2603.411	184.4553	1.315025	0.7305325	6.632752
68448	-2411.457	-2597.025	185.5675	1.387044	0.7305325	5.989631
68454	-2411.504	-2598.86	187.3559	1.59798	0.3527061	5.223935
68460	-2401.235	-2587.315	186.0802	1.408593	0.2836435	6.112656
68466	-2407.632	-2592.665	185.0335	1.258906	0.3935496	6.632821
68472	-2400.255	-2585.378	185.123	1.167153	0.4119111	6.614941
68478	-2392.496	-2577.328	184.8315	1.212282	0.3511276	6.813469
68484	-2393.688	-2579.378	185.6899	1.225335	0.5994227	6.107733
68490	-2397.913	-2580.831	182.9179	1.01638	0.5192097	7.780608
68496	-2391.885	-2575.51	183.6251	1.225757	0.5885582	7.232388
68502	-2398.966	-2583.01	184.0441	1.100365	0.5403772	7.113927
68508	-2394.83	-2583.059	188.2291	1.330308	0.3376936	4.905721
68514	-2405.362	-2589.667	184.3048	1.149883	0.4301309	7.047392
68520	-2408.318	-2593.33	185.012	1.25521	0.4003917	6.639235
68526	-2399.596	-2587.827	188.2313	1.419463	0.3764312	4.809866
68532	-2418.035	-2603.873	185.8378	1.49073	0.3813749	6.083515
68538	-2410.554	-2596.056	185.5014	1.078214	0.3813749	6.490322
68544	-2398.236	-2580.133	181.8966	1.155915	0.4687069	8.295679
68550	-2414.217	-2599.791	185.574	1.134794	0.4687069	6.332507
68556	-2406.037	-2591.379	185.3419	1.298172	0.4687069	6.369798
68562	-2410.899	-2592.983	182.0848	1.393821	0.4221342	8.113234
68568	-2411.936	-2596.136	184.1995	1.331427	0.6549476	6.815635
68574	-2406.461	-2592.207	185.7466	1.41904	0.7230266	5.879546
68580	-2399.795	-2587.216	187.4209	1.356867	0.4489223	5.218656
68586	-2390.217	-2577.717	187.5003	1.497012	0.6632098	4.913168
68592	-2391.605	-2578.571	186.9665	1.360541	0.5478483	5.376843
68598	-2398.883	-2587.791	188.9079	1.360541	0.5526085	4.289473
68604	-2386.116	-2575.832	189.716	1.53187	0.5526085	3.729862
68610	-2388.217	-2579.792	191.5745	2.005304	0.7456384	2.156866
68616	-2394.889	-2586.558	191.6694	2.005304	0.6450334	2.180792
68622	-2392.678	-2585.022	192.3443	1.987197	0.498971	1.891372
68628	-2398.869	-2590.532	191.6631	2.003649	0.8009254	2.055987
68634	-2394.447	-2586.199	191.7521	1.936417	0.7286592	2.099745
68640	-2385.843	-2576.201	190.358	1.690147	0.9799305	2.947631
68646	-2379.738	-2569.27	189.5325	1.761248	0.9222405	3.430612
68652	-2388.123	-2578.762	190.6393	1.820817	0.7827124	2.829851
68658	-2389.867	-2579.939	190.0717	1.770637	0.7737142	3.206684
68664	-2406.965	-2597.108	190.1434	1.687935	0.7737142	3.213217
68670	-2391.86	-2577.074	185.2135	1.23423	0.4491656	6.492686
68676	-2397.845	-2583.017	185.172	1.451462	0.6125959	6.256113
68682	-2384.657	-2569.925	185.268	1.283589	0.3100467	6.587682
68688	-2399.644	-2583.744	184.0994	1.41375	0.6290471	6.84457
68694	-2384.579	-2570.93	186.3504	1.275192	0.5297207	5.777736
68700	-2381.135	-2567.756	186.6213	1.360557	0.5309751	5.581308
68706	-2390.02	-2576.613	186.593	1.388878	0.5309751	5.581308
68712	-2397.619	-2582.829	185.2101	1.343027	0.4247804	6.45954
68718	-2410.452	-2596.026	185.5739	1.398251	0.4875804	6.171879
68724	-2406.744	-2589.209	182.465	1.031753	0.4875804	8.041909
68730	-2405.943	-2594.193	188.2503	1.327316	0.5168833	4.709809
68736	-2401.482	-2587.379	185.897	1.318764	0.6502225	5.904713
68742	-2404.254	-2589.467	185.2127	1.261281	0.5329581	6.402321
68748	-2387.428	-2575.936	188.5076	1.41442	0.760991	4.324088
68754	-2399.627	-2578.684	179.0565	1.240738	0.5794589	9.660718
68760	-2384.679	-2561.697	177.0184	1.210254	0.2694908	11.05642
68766	-2389.719	-2573.021	183.3024	1.195378	0.3567809	7.637671
68772	-2386.75	-2572.358	185.6078	1.400371	0.3675169	6.272995
68778	-2397.068	-2583.578	186.5104	1.428591	0.3688709	5.763854
68784	-2405.49	-2593.454	187.9642	1.656511	0.3627258	4.84217
68790	-2399.4	-2585.757	186.3567	1.655633	0.4759484	5.614346
68796	-2393.301	-2580.05	186.7492	1.291828	0.4593554	5.614346
68802	-2389.365	-2575.241	185.8764	1.37011	0.4593554	6.048918
68808	-2390.563	-2577.91	187.3466	1.411753	0.4593554	5.219233
68814	-2388.609	-2576.283	187.6739	1.554705	0.5159049	4.905466
68820	-2401.883	-2589.157	187.2738	1.596068	0.472766	5.144621
68826	-2399.348	-2586.083	186.7351	1.414396	0.4224072	5.591388
68832	-2396.471	-2583.996	187.5244	1.451104	0.6301608	4.950645
68838	-2407.65	-2593.805	186.1551	1.252328	0.6301608	5.815146
68844	-2394.234	-2581.652	187.4177	1.530759	0.5547656	5.027197
68850	-2394.882	-2581.722	186.8398	1.366316	0.493243	5.491806
68856	-2389.583	-2576.544	186.9608	1.489944	0.6726967	5.20931
68862	-2380.392	-2568.472	188.0798	1.350994	0.5490905	4.763423
68868	-2385.593	-2573.688	188.0953	1.533798	0.7414656	4.502846
68874	-2389.306	-2576.306	187.0009	1.380739	0.8233426	5.144012
68880	-2407.588	-2593.59	186.0017	1.274387	0.3784331	6.115251
68886	-2394.271	-2581.327	187.0557	1.330168	0.5734614	5.32287
68892	-2384.62	-2573.066	188.4458	1.33122	0.5577122	4.562116
68898	-2401.133	-2589.139	188.0051	1.444975	0.4933674	4.802647
68904	-2386.81	-2572.499	185.6894	1.433587	0.5733469	6.015514
68910	-2396.264	-2581.582	185.3183	1.371071	0.5170099	6.299244
68916	-2376.251	-2561.885	185.6341	1.271486	0.5170099	6.181739
68922	-2382.483	-2568.825	186.3416	1.32391	0.4060991	5.87334
68928	-2395.513	-2578.518	183.0049	1.213127	0.4060991	7.734714
68934	-2405.485	-2591.007	185.5222	1.488278	0.4744274	6.163219
68940	-2397.57	-2583.642	186.0716	1.242969	0.3885899	6.083354
68946	-2399.426	-2584.358	184.9322	1.246161	0.4758017	6.613342
68952	-2410.72	-2601.519	190.7993	2.079915	0.4738411	2.842338
68958	-2403.469	-2593.806	190.3377	1.603718	0.4104771	3.467782
68964	-2396.829	-2585.366	188.5368	1.611112	0.6013331	4.316463
68970	-2391.528	-2577.99	186.4624	1.523224	0.3599952	5.748313
68976	-2395.926	-2582.597	186.6707	1.516314	0.2710006	5.748313
68982	-2402.49	-2588.244	185.7541	1.501733	0.2855319	6.236884
68988	-2403.068	-2586.051	182.9831	1.174186	0.5588329	7.628161
68994	-2401.347	-2581.346	179.9983	1.022433	0.2626815	9.598213
69000	-2412.049	-2599.271	187.2229	1.662848	0.3247729	5.294836
69006	-2412.752	-2599.548	186.796	1.482938	0.6855425	5.294836
69012	-2395.728	-2582.676	186.9481	1.357493	0.4961541	5.434369
69018	-2403.361	-2588.518	185.1577	1.415395	0.6174027	6.279772
69024	-2400.388	-2584.697	184.309	1.43274	0.5335048	6.797995
69030	-2390.533	-2573.448	182.9152	1.088302	0.4163031	7.839071
69036	-2390.378	-2571.26	180.8814	1.094738	0.6876391	8.692697
69042	-2382.965	-2566.534	183.5687	1.001053	0.264379	7.712178
69048	-2386.453	-2567.873	181.4199	0.989888	0.5103364	8.60013
69054	-2392.474	-2574.562	182.0881	0.9747639	0.5103364	8.252969
69060	-2384.283	-2569.64	185.3569	1.112453	0.4336434	6.496107
69066	-2395.946	-2581.226	185.2803	1.258425	0.3967858	6.496107
69072	-2390.059	-2577.517	187.4575	1.261022	0.5037371	5.199544
69078	-2396.841	-2582.016	185.1746	1.184092	0.6451446	6.375064
69084	-2401.297	-2584.684	183.3864	1.08738	0.4940308	7.514053
69090	-2392.731	-2573.722	180.9912	0.9422733	0.4840866	8.875827
69096	-2397.241	-2578.301	181.0601	1.008437	0.4056802	8.878865
69102	-2389.879	-2571.978	182.0985	1.114661	0.5406203	8.147184
69108	-2402.279	-2587.61	185.3318	1.186939	0.5406203	6.371475
69114	-2402.679	-2584.649	181.9695	1.502424	0.5742139	7.981852
69120	-2407.166	-2591.234	184.0683	1.364889	0.4354412	7.053736
69126	-2398.283	-2582.864	184.5813	1.406348	0.6250782	6.591241
69132	-2401.556	-2587.947	186.3912	1.672632	0.3463801	5.721095
69138	-2409.269	-2596.102	186.8329	1.65596	0.449992	5.377135
69144	-2387.428	-2574.371	186.9431	1.612226	0.449992	5.340454
69150	-2398.699	-2586.29	187.5909	1.608668	0.3191647	5.128163
69156	-2400.458	-2586.815	186.3566	1.706909	0.6132422	5.468336
69162	-2404.473	-2588.654	184.1815	1.451986	0.4352826	6.946039
69168	-2397.847	-2582.565	184.7177	1.089711	0.2904917	7.013896
69174	-2400.891	-2583.932	183.0406	1.242692	0.5791742	7.544223
69180	-2404.46	-2590.546	186.0865	1.168195	0.3806787	6.124473
69186	-2398.601	-2585.729	187.1282	1.585382	0.4522893	5.250844
69192	-2421.569	-2607.716	186.1469	2.088115	0.2393035	5.766825
69198	-2418.281	-2604.513	186.232	1.719154	0.5931164	5.546201
69204	-2406.073	-2593.728	187.6555	1.752449	0.5931164	4.739174
69210	-2407.365	-2594.951	187.5853	1.511441	0.5075821	4.986373
69216	-2395.914	-2581.332	185.4179	1.415139	0.381713	6.352551
69222	-2418.146	-2600.86	182.7146	1.236443	0.5542222	7.742203
69228	-2393.25	-2576.142	182.8923	1.280361	0.5387188	7.636582
69234	-2389.45	-2575.591	186.1418	1.385174	0.4072259	5.947868
69240	-2401.726	-2589.591	187.8645	1.868956	0.4227995	4.71371
69246	-2387.954	-2576.487	188.5328	1.973145	0.2615435	4.475562
69252	-2398.563	-2587.265	188.7021	1.842724	0.357866	4.32914
69258	-2395.655	-2584.436	188.7813	1.856961	0.4018372	4.226538
69264	-2386.303	-2572.2	185.8971	1.694973	0.4183364	5.900862
69270	-2380.405	-2570.514	190.1095	1.796447	0.6467669	3.265891
69276	-2384.896	-2575.166	190.2698	1.7959	0.7061715	3.124169
69282	-2408.832	-2599.14	190.3078	1.829131	0.6526653	3.124169
69288	-2404.094	-2594.557	190.4626	1.751047	0.6526653	3.078408
69294	-2409.587	-2597.172	187.5845	1.195473	0.4731896	5.193943
69300	-2414.196	-2602.441	188.2457	1.525509	0.4648193	4.650301
69306	-2410.715	-2595.934	185.2187	1.247589	0.3297747	6.609975
69312	-2418.517	-2602.614	184.0974	1.400561	0.3297747	7.13214
69318	-2403.609	-2590.386	186.7773	1.631419	0.2471478	5.660206
69324	-2409.745	-2599.573	189.8276	1.916698	0.3459924	3.657601
69330	-2394.865	-2584.606	189.7406	1.86341	0.6589711	3.433549
69336	-2397.485	-2583.823	186.3378	1.387361	0.5090277	5.741467
69342	-2409.261	-2593.987	184.7268	1.43436	0.6574105	6.473026
69348	-2398.644	-2584.278	185.6342	1.097912	0.3239278	6.473026
69354	-2402.416	-2587.57	185.1545	1.434945	0.4065326	6.458427
69360	-2401.595	-2586.702	185.1068	1.553	0.2917315	6.552168
69366	-2390.394	-2577.825	187.4305	1.308038	0.4176848	5.271851
69372	-2398.079	-2584.552	186.473	1.262877	0.4135326	5.827187
69378	-2391.854	-2578.393	186.5395	1.281749	0.3698621	5.827187
69384	-2393.807	-2580.685	186.8779	1.448699	0.3925266	5.525355
69390	-2406.81	-2596.168	189.3578	1.453253	0.4863193	4.041857
69396	-2402.031	-2592.114	190.0831	1.576765	0.4977628	3.541874
69402	-2396.402	-2579.514	183.1116	1.167056	0.4430009	7.665788
69408	-2389.326	-2572.131	182.8053	1.119208	0.3764307	7.922513
69414	-2393.193	-2575.87	182.6771	1.098026	0.3048007	8.084276
69420	-2411.145	-2594.897	183.7526	1.094882	0.3110038	7.503743
69426	-2406.489	-2591.742	185.2526	1.120838	0.3110038	6.682861
69432	-2406.378	-2591.08	184.702	1.280238	0.4191578	6.773973
69438	-2402.721	-2586.336	183.6153	1.204566	0.3956118	7.42339
69444	-2395.907	-2578.573	182.6662	1.225729	0.3956118	7.919686
69450	-2394.839	-2579.089	184.2499	1.346428	0.371233	7.032263
69456	-2393.051	-2577.273	184.2228	1.231662	0.4491774	7.028995
69462	-2399.952	-2585.171	185.2192	1.23701	0.4654468	6.472573
69468	-2404.28	-2588.248	183.9675	1.320144	0.4241591	7.143195
69474	-2390.716	-2573.767	183.0503	1.408039	0.2166272	7.840084
69480	-2397.271	-2583.499	186.2285	1.778951	0.1981587	5.955062
69486	-2388.694	-2573.456	184.7619	1.766201	0.1825624	6.783876
69492	-2396.267	-2580.025	183.7584	1.339019	0.4106744	7.258959
69498	-2392.38	-2578.985	186.6049	1.339019	0.4385149	5.687978
69504	-2403.267	-2586.4	183.1335	1.02799	0.5137952	7.663826
69510	-2401.392	-2586.042	184.6493	1.273672	0.438334	6.786955
69516	-2391.086	-2575.034	183.9481	1.244802	0.2709777	7.369591
69522	-2387.461	-2570.456	182.9944	1.244573	0.2709777	7.880074
69528	-2383.204	-2567.745	184.5411	1.366315	0.4533213	6.780847
69534	-2388.45	-2574.408	185.958	1.322892	0.4307809	6.058045
69540	-2385.265	-2571.177	185.9125	1.228677	0.5118085	6.058045
69546	-2396.855	-2577.452	180.5973	1.172872	0.5764662	8.884584
69552	-2390.788	-2573.252	182.4639	1.206645	0.5764662	7.874012
69558	-2387.504	-2570.826	183.3221	1.168752	0.2837713	7.728767
69564	-2384.814	-2571.138	186.3244	1.210446	0.5347551	5.823047
69570	-2390.868	-2575.524	184.6561	1.165188	0.4103335	6.869776
69504	-2449.301	-2636.163	186.8622	1.53399	0.8367048	5.127437
69510	-2434.423	-2624.611	190.1881	1.997684	1.326563	2.673587
69516	-2418.124	-2608.274	190.1498	2.036026	1.326563	2.673587
69522	-2397.264	-2585.122	187.8577	1.501126	0.5147734	4.833916
69528	-2397.058	-2581.943	184.8845	1.436245	0.59961	6.430614
69534	-2389.164	-2577.718	188.5545	1.363634	0.5221477	4.514096
69540	-2412.201	-2603.205	191.0037	2.057809	1.192604	2.192952
69546	-2402.995	-2593.999	191.0037	2.057809	1.192604	2.192952
69552	-2399.928	-2584.612	184.6839	1.138578	0.4222891	6.857063
69558	-2394.69	-2579.372	184.6822	1.209915	0.4222891	6.8195
69564	-2390.649	-2579.379	188.7304	1.657928	1.304682	3.750453
69570	-2388.094	-2575.989	187.8952	1.665958	1.304682	4.2234
69576	-2399.089	-2587.448	188.3592	1.694562	0.4600459	4.496375
69582	-2390.334	-2574.802	184.4681	1.465884	0.4987716	6.724504
69588	-2396.559	-2583.23	186.671	1.466107	0.5549873	5.475389
69594	-2400.892	-2589.127	188.2349	1.63962	0.5675249	4.498928
69600	-2398.167	-2587.861	189.6945	1.537655	0.5027068	3.784816
69606	-2413.48	-2601.525	188.0453	1.597942	0.6449453	4.566047
69612	-2400.107	-2588.211	188.1036	1.451528	0.6449453	4.615497
69618	-2403.993	-2588.304	184.3116	1.174824	0.5602141	6.913338
69624	-2402.694	-2590.222	187.528	1.526066	0.4726576	5.042605
69630	-2401.333	-2586.977	185.6434	1.409662	0.5909639	6.039423
69636	-2388.501	-2574.225	185.7241	1.328947	0.5909639	6.039423
69642	-2419.576	-2606.514	186.9381	1.620543	0.6563968	5.161797
69648	-2411.471	-2598.285	186.8139	1.535527	0.3346667	5.578195
69654	-2404.392	-2590.049	185.6567	1.52941	0.3619228	6.182487
69660	-2399.668	-2585.12	185.4519	1.371814	0.7748015	6.031171
69666	-2398.801	-2583.013	184.2112	1.188895	0.5108981	7.001709
69672	-2405.037	-2588.985	183.9474	1.269025	0.632735	7.001709
69678	-2401.407	-2587.87	186.4627	1.313274	0.5251138	5.699376
69684	-2382.273	-2570.41	188.1366	1.313274	0.5251138	4.773855
69690	-2405.196	-2592.213	187.0173	1.217612	0.6781996	5.324505
69696	-2392.962	-2581.253	188.2905	1.421081	0.7293558	4.464975
69702	-2410.605	-2596.623	186.0187	1.255721	0.7906965	5.774551
69708	-2416.682	-2602.311	185.6288	1.27127	0.645154	6.080724
69714	-2411.618	-2595.889	184.2708	1.340006	0.9656199	6.574675
69720	-2403.798	-2588.363	184.5652	1.655159	0.9656199	6.244144
69726	-2396.589	-2583.979	187.3899	1.606313	1.208597	4.587652
69732	-2405.973	-2595.622	189.649	1.689891	0.9025263	3.416559
69738	-2412.133	-2601.434	189.3013	1.51853	0.342859	4.191248
69744	-2394.777	-2579.745	184.9684	1.353457	0.8614986	6.24954
69750	-2397.493	-2581.127	183.6342	1.262619	0.7100228	7.117883
69756	-2407.972	-2589.812	181.8403	1.299871	0.3634102	8.354477
69762	-2400.009	-2584.518	184.5092	1.367075	0.5245736	6.732991
69768	-2389.632	-2573.665	184.0334	1.231377	0.5520141	7.039486
69774	-2406.256	-2589.097	182.8401	1.100175	0.5828782	7.724816
69780	-2412.645	-2603.525	190.8809	1.782917	0.643691	2.814726
69786	-2408.576	-2599.537	190.9613	1.702574	0.643691	2.814726
69792	-2398.744	-2585.902	187.1583	1.499246	0.5159936	5.222223
69798	-2397.578	-2585.044	187.4666	1.499246	0.6196444	4.964266
69804	-2403.531	-2590.961	187.4302	1.52523	0.6270208	4.964266
69810	-2406.664	-2597.492	190.8283	1.7211	0.6287787	2.896684
69816	-2407.516	-2598.377	190.8608	1.688601	0.6287787	2.896684
69822	-2398.994	-2589.571	190.5777	1.688601	0.5058895	3.177713
69828	-2404.453	-2587.01	182.5572	1.018059	0.4308601	8.053123
69834	-2399.472	-2586.173	186.7006	1.331236	0.5094513	5.572877
69840	-2389.99	-2574.816	184.8263	1.286699	0.5050615	6.622177
69846	-2395.609	-2581.277	185.6671	1.22394	0.4262868	6.274677
69852	-2406.738	-2597.063	190.3257	1.656466	0.8579732	3.065132
69858	-2401.009	-2589.07	188.061	1.656466	1.149661	4.210144
69864	-2391.78	-2582.067	190.2871	1.656466	0.692581	3.207214
69870	-2396.716	-2585.186	188.47	1.672804	0.8980338	4.109378
69876	-2385.079	-2574.875	189.7959	1.693175	0.8160375	3.385299
69882	-2391.925	-2582.208	190.2829	1.79354	0.8160375	3.037439
69888	-2403.919	-2594.098	190.1787	1.79354	0.8160375	3.099646
69894	-2386.419	-2575.819	189.3994	1.79354	0.8160375	3.558328
69900	-2394.553	-2582.746	188.1928	1.728032	0.8160375	4.287606
69906	-2399.58	-2587.687	188.1072	1.905277	0.2589625	4.755979
69912	-2399.977	-2587.315	187.3376	1.443516	0.353665	5.31829
69918	-2412.375	-2598.794	186.4189	1.565757	0.7084235	5.440601
69924	-2388.709	-2578.092	189.3831	1.705511	0.7001631	3.701383
69930	-2390.299	-2580.18	189.8813	1.705511	0.601431	3.490788
69936	-2394.827	-2584.487	189.66	1.705511	0.6333601	3.593121
69942	-2395.078	-2585.538	190.4598	1.80247	0.6333601	3.065346
69948	-2415.428	-2603.718	188.2899	1.720056	0.5504316	4.437353
69954	-2407.715	-2597.502	189.7873	1.800642	0.4185205	3.664539
69960	-2398.915	-2588.643	189.7287	1.654365	0.9749232	3.346093
69966	-2410.648	-2600.376	189.7287	1.654365	0.9749232	3.346093
69972	-2403.22	-2591.218	187.9987	1.558933	0.5055038	4.73138
69978	-2404.973	-2593.121	188.1481	1.449502	0.4815715	4.73138
69984	-2391.476	-2576.968	185.492	1.252983	0.4815715	6.300911
69990	-2386.978	-2572.374	185.3957	1.597599	0.2431746	6.437495
69996	-2404.352	-2589.746	185.3941	1.460463	0.298932	6.437495
70002	-2384.598	-2573.191	188.5931	1.420346	0.5584354	4.428479
70008	-2396.306	-2586.118	189.8119	1.650882	0.7839675	3.422925
70014	-2390.373	-2578.326	187.953	1.960658	0.3574958	4.684577
70020	-2383.528	-2569.765	186.2375	1.491122	0.4227972	5.821651
70026	-2393.627	-2579.19	185.563	1.354657	0.4715675	6.216376
70032	-2392.326	-2577.783	185.457	1.474793	0.4633841	6.216376
70038	-2397.948	-2583.24	185.2924	1.233877	0.37151	6.529957
70044	-2394.169	-2580.113	185.9437	1.199897	0.4548849	6.109227
70050	-2381.235	-2569.651	188.4164	1.616994	0.4298639	4.538248
70056	-2390.316	-2575.973	185.6571	1.434068	0.4978232	6.097784
70062	-2383.196	-2569.4	186.2041	1.248831	0.4700175	5.926178
70068	-2391.122	-2580.883	189.7602	1.560136	0.6994385	3.567576
70074	-2398.913	-2589.466	190.553	1.562648	0.6994385	3.099636
70080	-2390.883	-2579.288	188.4054	1.637264	0.5810019	4.392794
70086	-2394.855	-2580.904	186.0484	1.443843	0.4434045	5.930265
70092	-2410.337	-2595.84	185.5031	1.553232	0.7190241	5.942086
70098	-2420.287	-2606.635	186.3483	1.660856	0.8165839	5.354174
70104	-2403.937	-2589.82	185.8824	1.311937	0.3780895	6.16015
70110	-2399.535	-2584.864	185.3293	1.483012	0.4065634	6.337517
70116	-2397.721	-2582.858	185.1366	1.466678	0.5267278	6.337517
70122	-2398.097	-2585.659	187.5615	2.02943	0.6641674	4.580649
70128	-2395.31	-2578.412	183.1021	1.514542	0.3735151	7.55568
70134	-2391.897	-2575.188	183.2905	1.326122	0.3735151	7.55568
70140	-2397.849	-2584.227	186.3785	1.263615	0.3308958	5.969913
70146	-2414.21	-2598.801	184.5907	1.231875	0.3416713	6.943561
70152	-2400.881	-2587.885	187.0035	1.36455	0.399514	5.495108
70158	-2409.772	-2597.375	187.6037	1.443434	0.3951395	5.12495
70164	-2400.179	-2585.693	185.5144	1.267027	0.3756923	6.387061
70170	-2394.286	-2577.84	183.5539	1.157259	0.4937592	7.387107
70176	-2382.706	-2566.255	183.5487	1.138539	0.5081937	7.387107
70182	-2387.765	-2570.773	183.0079	1.155711	0.4764626	7.695953
70188	-2391.575	-2574.525	182.9499	1.213679	0.4764626	7.695953
70194	-2382.459	-2567.077	184.6181	1.150201	0.4556404	6.8537
70200	-2385.331	-2570.097	184.7663	1.148664	0.3775337	6.8537
70206	-2383.683	-2568.582	184.899	1.259185	0.4325288	6.665625
70212	-2376.266	-2560.85	184.5841	1.320866	0.5924552	6.661354
70218	-2396.984	-2581.928	184.9448	1.219607	0.5173868	6.583497
70224	-2392.064	-2577.505	185.441	1.16908	0.5173868	6.341976
70230	-2391.48	-2576.843	185.3623	1.247717	0.5173868	6.341976
70236	-2392.396	-2579.162	186.7656	1.309053	0.5173868	5.542306
70242	-2384.624	-2570.571	185.9469	1.248976	0.5173868	6.02327
70248	-2376.543	-2563.536	186.9922	1.275098	0.4574482	5.491869
70254	-2380.194	-2566.923	186.7294	1.275098	0.6247017	5.491869
70260	-2376.378	-2563.058	186.6805	1.323976	0.6247017	5.491869
70266	-2384.975	-2571.377	186.4024	1.358629	0.6409314	5.613186
70272	-2384.6	-2571.003	186.4024	1.358629	0.6409314	5.613186
70278	-2382.318	-2569.15	186.8312	1.411955	0.4336854	5.528571
70284	-2382.501	-2569.52	187.0187	1.480063	0.7243543	5.145488
70290	-2378.725	-2566.404	187.6791	1.433829	0.6005271	4.897731
70296	-2389.7	-2578.707	189.0074	1.578458	0.6005271	4.068516
70302	-2383.469	-2572.778	189.3092	1.536814	0.4395057	4.068516
70308	-2388.183	-2577.721	189.5378	1.642022	0.660384	3.679211
70314	-2389.025	-2578.73	189.7044	1.642022	0.6248974	3.611121
70320	-2380.814	-2566.842	186.028	1.44165	0.4396261	5.946351
70326	-2389.72	-2577.345	187.6248	1.44165	0.4396261	5.068015
70332	-2389.051	-2573.266	184.2154	1.241025	0.5380759	6.947967
70338	-2381.199	-2567.402	186.204	1.317142	0.6447111	5.741832
70344	-2383.346	-2566.954	183.6087	1.150408	0.7274326	7.179931
70350	-2385.744	-2568.455	182.7112	1.21166	0.4355691	7.863108
70356	-2376.791	-2564.311	187.5199	1.333188	0.4355691	5.190278
70362	-2390.233	-2578.832	188.5992	1.557828	0.4355691	4.462811
70368	-2386.868	-2576.026	189.1577	1.63332	0.678264	3.889361
70374	-2394.442	-2583.6	189.1577	1.63332	0.678264	3.889361
70380	-2390.644	-2576.592	185.9474	1.505871	0.6230976	5.795521
70386	-2379.881	-2565.172	185.291	1.207999	0.6230976	6.315623
70392	-2397.545	-2579.074	181.5288	0.9386827	0.6397539	8.466227
70398	-2389.873	-2573.417	183.5437	1.014763	0.4649785	7.495224
70404	-2387.309	-2572.934	185.6244	1.267506	0.4237214	6.276824
70410	-2392.773	-2581.451	188.6771	1.475713	0.4237214	4.477435
70416	-2387.753	-2576.114	188.3609	1.475713	0.6193928	4.477435
70422	-2384.353	-2568.156	183.8029	1.362455	0.5621425	7.084596
70428	-2386.673	-2573.717	187.0438	1.380175	0.5895538	5.288606
70434	-2381.75	-2568.269	186.5197	1.506619	0.9075535	5.288606
70440	-2389.088	-2576.667	187.579	1.50327	0.552269	4.954955
70446	-2392.244	-2581.013	188.7699	1.775666	0.4796243	4.199389
70452	-2390.197	-2579.135	188.9379	1.775666	0.3877229	4.199389
70458	-2379.011	-2568.288	189.2766	1.717366	0.3877229	4.039793
70464	-2379.852	-2568.043	188.1908	1.538197	0.4984905	4.641928
70470	-2396.581	-2584.243	187.6616	1.460346	0.4984905	4.980647
70476	-2390.705	-2577.193	186.4871	1.174254	0.57377	5.720927
70482	-2375.705	-2559.775	184.07	1.113668	0.57377	7.065283
70488	-2379.847	-2564.669	184.8214	1.195753	0.6175841	6.581066
70494	-2384.329	-2570.15	185.8217	1.293604	0.4203869	6.158709
70500	-2383.764	-2564.818	181.0537	1.253219	0.5849673	8.593247
70506	-2372.895	-2558.826	185.9313	1.272123	0.3864138	6.146179
70512	-2372.945	-2558.876	185.9313	1.272123	0.3864138	6.146179
70518	-2382.245	-2567.868	185.6234	1.2348	0.5901327	6.146179
70524	-2376.138	-2562.189	186.0516	1.244819	0.5397873	5.949006
70530	-2393.454	-2579.719	186.2646	1.254038	0.410502	5.949006
70536	-2385.621	-2570.871	185.2497	1.52159	0.5576413	6.220013
70542	-2386.805	-2571.366	184.5614	1.020797	0.5576413	6.863803
70548	-2389.57	-2575.54	185.9704	1.374847	0.5576413	5.907235
70554	-2389.479	-2575.558	186.0784	1.266826	0.5576413	5.907235
70560	-2390.811	-2576.948	186.1375	1.421792	0.4297092	5.907235
70566	-2393.056	-2580.013	186.9565	1.582605	0.826829	5.054455
70572	-2391.897	-2579.56	187.6626	1.549412	0.4024536	5.025676
70578	-2393.689	-2576.616	182.9265	1.354685	0.4044143	7.702697
70584	-2394.4	-2580.958	186.5581	1.354685	0.4506606	5.693107
70590	-2397.127	-2583.2	186.0732	1.436229	0.4368756	5.927325
70596	-2401.927	-2589.288	187.3612	1.436229	0.4810051	5.176923
70602	-2399.824	-2586.589	186.7643	1.53745	0.4810051	5.45052
70608	-2402.516	-2587.896	185.38	1.348873	0.6046827	6.205047
70614	-2383.046	-2568.799	185.7531	1.332095	0.6046827	6.010996
70620	-2399.25	-2584.997	185.7466	1.372361	0.581627	6.010996
70626	-2398.07	-2584.773	186.703	1.436126	0.6198229	5.421561
70632	-2385.689	-2572.604	186.915	1.275704	0.5842787	5.421561
70638	-2397.155	-2585.286	188.1313	1.503154	0.6458929	4.570247
70644	-2398.028	-2587.78	189.7522	1.544104	0.4380052	3.812181
70650	-2401.184	-2592.985	191.801	1.881803	0.469301	2.349164
70656	-2405.896	-2595.623	189.727	1.759144	0.8948266	3.335
70662	-2391.464	-2581.184	189.7202	1.787836	0.8748851	3.335
70668	-2401.712	-2590.731	189.0195	1.620422	0.8748851	3.839484
70674	-2398.044	-2587.518	189.4736	1.620422	0.5208339	3.847283
70680	-2404.387	-2593.506	189.1194	1.742848	0.7832153	3.772207
70686	-2402.757	-2587.535	184.7788	1.742848	0.5140448	6.392902
70692	-2407.544	-2595.924	188.3799	1.641033	0.5150663	4.462686
70698	-2398.18	-2586.606	188.4258	1.669199	0.6040992	4.344134
70704	-2397.403	-2585.863	188.4595	1.548354	0.6665031	4.344134
70710	-2394.755	-2585.014	190.2591	1.633482	0.556341	3.351095
70716	-2398.788	-2586.828	188.0405	1.590674	1.145041	4.261441
70722	-2405.668	-2594.453	188.7845	1.634491	0.8214766	4.000702
70728	-2399.337	-2589.91	190.5723	1.681865	0.7525219	2.976494
70734	-2411.591	-2594.47	182.8789	1.004143	0.4472512	7.873128
70740	-2405.927	-2590.959	185.0324	1.388919	0.4203814	6.535381
70746	-2406.298	-2589.908	183.6108	1.372806	0.3969013	7.334191
70752	-2407.067	-2594.483	187.4155	1.348294	0.7472311	4.982524
70758	-2409.383	-2596.475	187.0917	1.360099	0.4328228	5.414587
70764	-2404.261	-2590.89	186.6292	1.320566	0.4233692	5.700025
70770	-2414.661	-2601.903	187.242	1.455743	0.4233692	5.288531
70776	-2415.585	-2601.329	185.7436	1.260857	0.4559326	6.183956
70782	-2408.569	-2593.643	185.0746	1.302391	0.4559326	6.524519
70788	-2402.324	-2588.273	185.9494	1.399536	0.4559326	5.996322
70794	-2405.791	-2591.461	185.67	1.424151	0.5188138	6.077501
70800	-2410.108	-2595.968	185.8603	1.513206	0.7281988	5.762267
70806	-2395.235	-2581.569	186.3338	1.490213	0.4299376	5.762267
70812	-2396.388	-2582.998	186.6101	1.534961	0.3709474	5.648652
70818	-2398.631	-2585.567	186.9361	1.34148	0.3092866	5.648652
70824	-2409.794	-2596.776	186.9817	1.486034	0.3092866	5.544236
70830	-2411.73	-2601.469	189.7383	1.486034	0.535736	3.758668
70836	-2419.705	-2605.457	185.7527	1.515844	0.4301245	6.06547
70842	-2408.305	-2597.4	189.0944	1.497426	0.2924932	4.384412
70848	-2403.91	-2592.552	188.6414	1.604143	0.3791547	4.473513
70854	-2393.215	-2581.69	188.4746	1.73577	0.3970258	4.473513
70860	-2398.03	-2586.129	188.099	1.73577	0.257638	4.857055
70866	-2387.71	-2575.438	187.728	1.553107	0.3094928	5.095092
70872	-2387.791	-2576.28	188.4894	1.5065	0.3704264	4.623603
70878	-2400.413	-2588.443	188.03	1.5065	0.3651439	4.886308
70884	-2392.239	-2578.011	185.7717	1.351404	0.3651439	6.213159
70890	-2408.194	-2595.099	186.9049	1.516632	0.4048829	5.460024
70896	-2421.993	-2608.21	186.2174	1.310591	0.4048829	5.949715
70902	-2411.999	-2598.169	186.1701	1.391986	0.3873086	5.949715
70908	-2408.816	-2595.591	186.7742	1.423277	0.8931614	5.202582
70914	-2410.159	-2596.334	186.1745	1.426463	0.8931614	5.531525
70920	-2405.667	-2592.648	186.9803	1.458167	0.8931614	5.069121
70926	-2396.103	-2582.167	186.0637	1.539002	0.3861477	5.928819
70932	-2406.493	-2592.805	186.3122	1.312591	0.4534717	5.848043
70938	-2413.807	-2598.754	184.947	1.489621	0.4360701	6.511464
70944	-2408.163	-2595.95	187.7867	1.606868	0.4035631	4.923556
70950	-2403.11	-2589.651	186.5413	1.399658	0.4054319	5.723349
70956	-2400.811	-2587.344	186.5331	1.316499	0.4551665	5.723349
70962	-2402.629	-2586.266	183.6372	1.228582	0.4885238	7.308821
70968	-2398.404	-2583.007	184.6033	1.167421	0.51648	6.797023
70974	-2382.1	-2567.504	185.404	1.208944	0.4311898	6.420742
70980	-2389.671	-2575.077	185.4057	1.276134	0.4311898	6.383403
70986	-2400.933	-2589.425	188.4918	1.624026	0.4807505	4.441283
70992	-2402.908	-2590.341	187.4321	1.459749	0.4569952	5.147624
70998	-2404.006	-2589.752	185.7468	1.386245	0.4266054	6.142763
71004	-2402.774	-2588.603	185.8293	1.342423	0.5101559	6.04288
71010	-2389.633	-2572.565	182.9329	1.130373	0.5307896	7.701797
71016	-2387.686	-2575.715	188.0295	1.566047	0.7597639	4.508984
71022	-2392.218	-2580.245	188.0276	1.544535	0.4077171	4.819606
71028	-2385.069	-2570.202	185.1334	1.154586	0.5423801	6.495092
71034	-2388.378	-2571.632	183.2542	1.149147	0.3142887	7.737395
71040	-2398.805	-2582.038	183.2322	1.011575	0.390239	7.737395
71046	-2392.94	-2576.936	183.9957	1.240559	0.4342084	7.160892
71052	-2395.195	-2574.89	179.6949	1.132408	0.3335258	9.612621
71058	-2385.45	-2565.364	179.914	0.9480616	0.317813	9.612621
71064	-2385.23	-2567.118	181.8873	0.9588489	0.425433	8.446565
71070	-2388.492	-2570.646	182.1533	0.9746836	0.2847558	8.453855
71076	-2405.234	-2586.283	181.0481	0.9431874	0.3756793	8.950902
71082	-2403.03	-2583.165	180.1352	0.899386	0.3370134	9.499276
71088	-2401.184	-2581.624	180.4396	1.348596	0.3370134	9.101059
71094	-2404.741	-2590.784	186.0427	1.386907	0.1710895	6.315737
71100	-2388.317	-2574.107	185.7905	1.381074	0.2609413	6.315737
71106	-2398.224	-2586.647	188.4234	1.564961	0.2609413	4.766615
71112	-2402.836	-2589.069	186.2332	1.58126	0.3123292	5.898387
71118	-2406.229	-2593.96	187.7311	1.53493	0.3691297	5.03222
71124	-2418.615	-2605.084	186.4691	1.419218	0.5589481	5.608803
71130	-2406.657	-2590.697	184.04	1.17574	0.5065326	7.104761
71136	-2403.074	-2586.137	183.0627	1.198338	0.3873621	7.731135
71142	-2400.189	-2583.98	183.7909	1.22649	0.3873621	7.326083
71148	-2395.435	-2581.922	186.487	1.218617	0.4714844	5.786659
71154	-2391.627	-2578.508	186.8818	1.433264	0.3653768	5.561552
71160	-2400.512	-2581.548	181.0362	1.156781	0.2544302	8.989899
71166	-2400.305	-2584.813	184.5075	1.416141	0.484368	6.74314
71172	-2401.822	-2586.123	184.3006	1.356204	0.484368	6.887121
71178	-2401.658	-2587.838	186.1805	1.23249	0.7118837	5.75206
71184	-2414.401	-2595.887	181.4861	1.064264	0.5160425	8.520556
71190	-2396.546	-2581.642	185.0952	1.276106	0.6318226	6.378281
71196	-2393.471	-2578.651	185.1799	1.33306	0.6318226	6.301364
71202	-2405.602	-2591.451	185.8487	1.530359	0.2851529	6.170376
71208	-2403.752	-2590.696	186.9443	1.497585	0.2851529	5.58957
71214	-2408.613	-2593.349	184.7362	1.413928	0.4404476	6.662215
71220	-2392.345	-2576.355	184.0106	1.171105	0.4404476	7.184134
71226	-2403.221	-2586.876	183.6551	1.202661	0.6467542	7.184134
71232	-2392.728	-2579.58	186.8528	1.311854	0.3088218	5.711159
71238	-2387.449	-2573.307	185.8577	1.333008	0.5413826	6.005291
71244	-2398.446	-2583.66	185.2139	1.356071	0.434216	6.441055
71250	-2408.8	-2591.857	183.0573	1.108971	0.5139166	7.661153
71256	-2385.605	-2569.072	183.4667	1.068959	0.4439535	7.527319
71262	-2398.698	-2581.612	182.9138	1.230526	0.4922138	7.691996
71268	-2392.015	-2573.436	181.4211	1.05324	0.5005233	8.574382
71274	-2391.875	-2573.266	181.3903	1.084099	0.5005233	8.574382
71280	-2398.199	-2583.166	184.9662	1.363981	0.5379975	6.475935
71286	-2399.088	-2583.397	184.3089	1.310154	0.3785616	7.012056
71292	-2395.575	-2575.134	179.5591	1.099783	0.3252422	9.710979
71298	-2407.697	-2586.692	178.995	0.9565746	0.3252422	10.08347
71304	-2392.682	-2577.685	185.0031	1.221968	0.2329577	6.86776
71310	-2396.201	-2577.682	181.4803	1.005737	0.3285059	8.741214
71316	-2392.947	-2580.401	187.4538	1.435426	0.4117304	5.194782
71322	-2379.471	-2566.633	187.1622	1.347638	0.4117304	5.404241
71328	-2391.014	-2577.954	186.9401	1.390024	0.3379437	5.58493
71334	-2388.721	-2574.246	185.5252	1.311274	0.4009137	6.330307
71340	-2381.479	-2570.156	188.6768	1.589938	0.436314	4.400221
71346	-2377.869	-2565.659	187.7899	1.496633	0.4570787	4.928435
71352	-2383.503	-2571.365	187.8612	1.302612	0.2241937	5.278911
71358	-2371.893	-2557.182	185.2893	1.332563	0.3445229	6.508509
71364	-2383.193	-2563.956	180.763	1.076415	0.3049234	9.111812
71370	-2384.421	-2569.082	184.6604	1.250597	0.3135198	6.929288
71376	-2400.854	-2589.649	188.7949	1.494921	0.4177406	4.406538
71382	-2393.624	-2582.293	188.6688	1.494999	0.4888367	4.406538
71388	-2393.463	-2579.687	186.2246	1.581735	0.4888367	5.7153
71394	-2394.512	-2582.662	188.1496	1.497113	0.4888367	4.697022
71400	-2390.655	-2577.91	187.2546	1.631875	0.4888367	5.120303
71406	-2399.225	-2588.897	189.6723	1.602262	0.4888367	3.773655
71412	-2389.122	-2575.611	186.4891	1.486626	0.4888367	5.622424
71418	-2387.561	-2573.14	185.5791	1.264002	0.2956137	6.447916
71424	-2378.625	-2564.381	185.756	1.387816	0.3333602	6.238348
71430	-2385.068	-2571.435	186.3665	1.387816	0.2440388	6.022528
71436	-2380.561	-2566.289	185.7285	1.446854	0.2712538	6.299613
71442	-2385.706	-2569.053	183.3473	1.230725	0.2712538	7.698522
71448	-2392.926	-2575.584	182.6587	1.167368	0.3570431	7.996173
71454	-2391.33	-2575.601	184.2714	0.9793122	0.4170484	7.170149
71460	-2388.409	-2570.48	182.0713	1.079943	0.6123968	8.122946
71466	-2390.282	-2573.54	183.2576	1.122164	0.4669339	7.5891
71472	-2383.422	-2568.671	185.2498	1.270894	0.5154153	6.392186
71478	-2401.199	-2587.946	186.7466	1.35515	0.5642461	5.487056
71484	-2391.527	-2576.909	185.3823	1.548464	0.5426265	6.145878
71490	-2397.474	-2579.21	181.7359	1.201652	0.5426265	8.292286
71496	-2399.619	-2585.299	185.6808	1.358829	0.5650304	6.067835
71502	-2400.606	-2589.184	188.5778	1.5791	0.1447066	4.866824
71508	-2399.738	-2590.324	190.5858	1.5791	0.4383086	3.306434
71514	-2394.029	-2581.307	187.2784	1.47453	0.3653563	5.32044
71520	-2393.991	-2579.557	185.5665	1.338395	0.3502015	6.348555
71526	-2395.847	-2579.039	183.1927	1.303945	0.3502015	7.645655
71532	-2382.809	-2567.813	185.0034	1.340106	0.3502015	6.65263
71538	-2393.813	-2579.196	185.3829	1.528935	0.402576	6.287629
71544	-2389.034	-2574.246	185.2118	1.360267	0.3690111	6.507906
71550	-2390.627	-2576.026	185.3987	1.360267	0.3690111	6.406608
71556	-2389.263	-2574.206	184.9426	1.457136	0.3776105	6.5918
71562	-2401.285	-2586.652	185.3672	1.408663	0.2732068	6.513641
71568	-2405.251	-2591.366	186.1146	1.371614	0.2876325	6.108807
71574	-2398.249	-2584.203	185.9544	1.387957	0.386767	6.070172
71580	-2396.135	-2582.166	186.0312	1.449611	0.5173814	5.867771
71586	-2392.677	-2578.835	186.1583	1.420157	0.3007143	6.041739
71592	-2388.989	-2573.46	184.4711	1.267008	0.4023259	6.922845
71598	-2395.451	-2578.67	183.2187	1.201273	0.5128942	7.526264
71604	-2409.471	-2593.566	184.0945	1.259716	0.7829352	6.822679
71610	-2403.114	-2592.065	188.9507	1.457615	0.4822535	4.27469
71616	-2405.815	-2594.787	188.972	1.436255	0.4822535	4.27469
71622	-2400.958	-2586.003	185.045	1.364298	0.323654	6.648093
71628	-2399.636	-2583.864	184.2275	1.286502	0.4255027	7.020063
71634	-2411.935	-2595.023	183.0878	1.095266	0.3981061	7.761653
71640	-2413.141	-2595.863	182.7227	1.384102	0.6657931	7.572989
71646	-2390.395	-2573.667	183.2715	1.448405	0.3267216	7.553233
71652	-2397.998	-2585.052	187.0532	1.664053	0.8213571	4.959042
71658	-2387.429	-2575.391	187.9622	1.361739	0.4065983	4.959042
71664	-2388.895	-2577.302	188.407	1.361739	0.4065983	4.710998
71670	-2380.328	-2568.232	187.9047	1.56472	0.4710694	4.812979
71676	-2374.339	-2563.084	188.7453	1.613357	0.2603244	4.560138
71682	-2377.024	-2565.507	188.4824	1.510531	0.6326474	4.378829
71688	-2368.57	-2556.664	188.0938	1.670643	0.6175803	4.519517
71694	-2383.111	-2571.343	188.2323	1.613305	0.9800188	4.229375
71700	-2380.113	-2568.999	188.8861	1.613305	0.4756934	4.229375
71706	-2394.608	-2583.617	189.0083	1.637201	0.4735039	4.148549
71712	-2396.192	-2583.018	186.8253	1.391659	0.4735039	5.50421
71718	-2389.609	-2579.149	189.5401	1.737526	0.6108765	3.662598
71724	-2379.585	-2570.247	190.6621	1.791894	0.6108765	2.969514
71730	-2378.096	-2567.538	189.4411	1.771676	0.6108765	3.700118
71736	-2371.201	-2560.727	189.5255	1.687225	0.6108765	3.700118
71742	-2390.376	-2579.55	189.1737	1.749228	0.7611719	3.752604
71748	-2388.656	-2577.791	189.1353	2.014649	0.5915637	3.752604
71754	-2387.107	-2574.207	187.1004	1.668978	0.785786	4.953339
71760	-2400.25	-2587.675	187.4251	1.612508	0.5837291	4.953339
71766	-2396.98	-2583.877	186.8967	1.511337	0.5837291	5.30214
71772	-2410.584	-2597.691	187.1064	1.301675	0.5837291	5.30214
71778	-2387.003	-2572.324	185.3207	1.17026	0.4208565	6.497216
71784	-2382.742	-2568.829	186.0875	1.204457	0.56129	5.933305
71790	-2385.783	-2572.682	186.8993	1.550845	0.4635704	5.38527
71796	-2403.205	-2590.126	186.9204	1.647354	1.317081	4.776587
71802	-2396.115	-2581.671	185.5557	1.343646	0.479739	6.218716
71808	-2395.296	-2581.078	185.7821	1.347129	0.3572319	6.218716
71814	-2389.586	-2575.766	186.1802	1.277559	0.501578	5.894431
71820	-2391.155	-2577.901	186.746	1.277559	0.5605544	5.533121
71826	-2402.417	-2591.384	188.9667	1.648473	0.3446414	4.305077
71832	-2389.7	-2578.822	189.122	1.755862	0.4855632	4.004431
71838	-2400.493	-2591.069	190.5762	1.642719	0.4408595	3.271877
71844	-2400.353	-2587.275	186.9219	1.784079	1.037446	4.837833
71850	-2376.518	-2563.111	186.5934	1.25539	0.6077996	5.590664
71856	-2383.14	-2569.825	186.6856	1.240007	0.4686985	5.668778
71862	-2384.565	-2570.924	186.3593	1.403437	0.568703	5.669571
71868	-2385.99	-2574.64	188.6499	1.454956	0.568703	4.368115
71874	-2398.963	-2587.566	188.6033	1.509251	0.5636241	4.368115
71880	-2404.396	-2590.131	185.7348	1.557955	0.4224421	6.059975
71886	-2395.799	-2580.422	184.6226	1.326974	0.3732739	6.839679
71892	-2383.45	-2568.058	184.6078	1.179793	0.4594575	6.839679
71898	-2402.801	-2586.26	183.4599	1.179793	0.4594575	7.456864
71904	-2395.687	-2579.594	183.9065	1.159219	0.2568997	7.456864
71910	-2402.244	-2586.595	184.3508	1.350187	0.5345445	6.819078
71916	-2389.926	-2570.438	180.5118	1.158698	0.2575909	9.261991
71922	-2393.929	-2574.291	180.3613	1.082946	0.3556567	9.261991
71928	-2398.86	-2580.074	181.2141	1.11687	0.3894026	8.756463
71934	-2389.285	-2577.125	187.8404	1.420245	0.4890009	4.912316
71940	-2388.593	-2574.774	186.1809	1.362266	0.7074332	5.683898
71946	-2393.045	-2579.856	186.8115	1.214367	0.3986754	5.683898
71952	-2390.835	-2576.93	186.0953	1.423518	0.5686254	5.803224
71958	-2386.11	-2566.072	179.9624	0.8406158	0.2835133	9.685817
71964	-2394.47	-2581.868	187.3981	1.415433	0.2835133	5.387265
71970	-2393.763	-2579.409	185.6455	1.263128	0.4741584	6.218844
71976	-2398.784	-2585.69	186.9062	1.300517	0.4478644	5.53452
71904	-2488.621	-2675.256	186.6355	1.637865	0.8343929	5.196868
71910	-2453.506	-2644.675	191.1698	1.79797	0.6960706	2.584982
71916	-2428.386	-2619.656	191.2703	2.086396	0.899317	2.186129
71922	-2402.388	-2585.472	183.0839	1.008746	0.4459377	7.762404
71928	-2418.771	-2601.716	182.9451	1.131366	0.4550577	7.762404
71934	-2397.187	-2583.199	186.0112	1.269741	0.4550577	6.034228
71940	-2398.02	-2583.027	185.0072	1.121879	0.4635345	6.651413
71946	-2393.54	-2577.204	183.6642	1.011657	0.4914707	7.408088
71952	-2396.952	-2583.418	186.4656	1.11648	0.4914707	5.835682
71958	-2397.641	-2581.433	183.7926	1.161071	0.4523538	7.295149
71964	-2390.56	-2575.058	184.4987	1.046146	0.5658931	6.877157
71970	-2411.916	-2592.595	180.6787	1.133435	0.4008647	9.019523
71976	-2402.16	-2585.016	182.8562	1.004666	0.402804	7.928875
71982	-2410.777	-2590.665	179.888	0.8619227	0.3651591	9.618211
71988	-2393.508	-2575.303	181.7945	1.010183	0.477177	8.419752
71994	-2397.317	-2579.897	182.5803	1.133053	0.477177	7.935795
72000	-2396.748	-2580.608	183.8598	1.066115	0.4630304	7.299989
72006	-2407.128	-2587.305	180.1777	0.9225663	0.4720807	9.327531
72012	-2400.021	-2586.148	186.1278	1.275801	0.3390923	6.090278
72018	-2394.838	-2581.061	186.2231	1.294935	0.3668447	5.996146
72024	-2413.202	-2596.388	183.1867	1.334532	0.3668447	7.614017
72030	-2411.795	-2597.05	185.2553	1.315671	0.563514	6.323951
72036	-2408.618	-2594.264	185.646	1.237308	0.3829296	6.323951
72042	-2395.147	-2581.379	186.232	1.338694	0.3867055	5.945699
72048	-2403.423	-2588.357	184.9344	1.186383	0.3296967	6.796744
72054	-2397.119	-2581.411	184.2921	1.275523	0.2734659	7.165069
72060	-2410.323	-2595.395	185.0722	1.274079	0.3516133	6.649528
72066	-2399.595	-2585.214	185.6195	1.318011	0.4222204	6.253547
72072	-2395.084	-2581.689	186.6051	1.543305	1.004376	5.165693
72078	-2387.556	-2575.488	187.932	1.53015	0.3370301	4.960633
72084	-2405.16	-2589.374	184.2139	1.347765	0.4227789	6.99709
72090	-2402.246	-2590.5	188.254	1.275406	0.4609351	4.789316
72096	-2383.47	-2569.65	186.1804	1.22821	0.4023919	6.017482
72102	-2403.971	-2592.533	188.5615	1.348646	0.3842987	4.656089
72108	-2397.581	-2583.441	185.8595	1.348646	0.3366053	6.199571
72114	-2405.754	-2588.35	182.5958	1.229425	0.6454487	7.738498
72120	-2407.862	-2595.062	187.2002	1.453885	0.4446303	5.291234
72126	-2405.462	-2592.935	187.4721	1.271372	0.4446303	5.241845
72132	-2409.23	-2597.613	188.383	1.582141	0.6505609	4.38047
72138	-2398.231	-2582.251	184.0201	1.09817	0.4933497	7.168901
72144	-2389.346	-2571.112	181.7659	1.086201	0.436654	8.432436
72150	-2396.523	-2582.651	186.1282	1.211006	0.5516151	5.915594
72156	-2405.505	-2591.541	186.0359	1.167478	0.3634064	6.171401
72162	-2407.292	-2594.637	187.345	1.411496	0.7792455	4.964823
72168	-2402.343	-2591.041	188.6988	1.451259	0.4451445	4.457008
72174	-2403.101	-2592.125	189.0232	1.635561	0.6115522	4.017802
72180	-2397.18	-2586.053	188.8738	1.658184	0.692354	4.026958
72186	-2400.93	-2589.952	189.0228	1.494506	0.732921	4.005611
72192	-2403.389	-2592.683	189.2943	1.559003	0.6800856	3.852241
72198	-2401.141	-2589.391	188.2502	1.334726	0.6800856	4.572071
72204	-2393.998	-2581.358	187.3604	1.360988	0.495454	5.20557
72210	-2406.156	-2596.738	190.5822	1.738387	0.6156813	3.045405
72216	-2395.52	-2586.017	190.4966	1.857341	0.5926352	3.045405
72222	-2402.424	-2591.83	189.4063	1.89991	0.4460973	3.798114
72228	-2401.22	-2590.393	189.1724	1.694191	0.3769976	4.124555
72234	-2402.682	-2591.626	188.9436	1.640157	0.4434119	4.21362
72240	-2405.175	-2593.466	188.2908	1.779664	0.4765419	4.47088
72246	-2398.15	-2588.99	190.8395	1.673563	0.4765419	3.060007
72252	-2390.952	-2580.554	189.6011	1.641805	0.4569309	3.823474
72258	-2399.322	-2587.13	187.8082	1.612154	0.6337271	4.699709
72264	-2397.874	-2587.892	190.0183	1.565371	0.5068707	3.577454
72270	-2391.876	-2581.345	189.4685	1.581317	0.6239093	3.783468
72276	-2401.719	-2592.009	190.2896	1.608457	0.472448	3.427754
72282	-2405.983	-2593.639	187.6569	1.608457	0.7092747	4.729697
72288	-2398.042	-2583.052	185.01	1.216812	0.4485297	6.612909
72294	-2401.219	-2587.981	186.7613	1.675996	0.5312235	5.330394
72300	-2388.323	-2576.813	188.4898	1.531019	0.5312235	4.448173
72306	-2401.796	-2591.168	189.3713	1.702155	0.522426	3.857637
72312	-2397.003	-2585.01	188.0069	1.56732	0.5218487	4.707257
72318	-2410.877	-2598.74	187.8627	1.521909	0.6497796	4.707257
72324	-2402.29	-2590.068	187.7783	1.561237	0.6832493	4.707257
72330	-2403.418	-2593.692	190.2742	1.699334	0.4295707	3.428203
72336	-2402.036	-2591.424	189.3884	1.705506	0.4962128	3.870466
72342	-2402.692	-2589.054	186.3621	1.455777	0.6907844	5.544993
72348	-2405.36	-2591.314	185.9541	1.464782	0.8202506	5.676386
72354	-2401.047	-2585.315	184.2682	1.349466	0.4101253	6.979757
72360	-2394.004	-2580.727	186.7235	1.371978	0.3832391	5.662297
72366	-2401.033	-2589.239	188.2056	1.327691	0.4769123	4.771747
72372	-2398.885	-2580.862	181.9772	1.110276	0.5384333	8.215954
72378	-2390.591	-2573.037	182.446	0.9203582	0.5216886	8.081548
72384	-2389.651	-2569.721	180.0703	1.036452	0.4489876	9.345465
72390	-2396.746	-2579.471	182.7249	1.070178	0.4489876	7.918429
72396	-2398.331	-2583.712	185.381	1.307189	0.3900002	6.422247
72402	-2399.958	-2582.84	182.8826	1.165069	0.6397872	7.623694
72408	-2383.989	-2567.107	183.1179	1.119992	0.4993404	7.635615
72414	-2398.982	-2579.015	180.0331	0.9362118	0.4993404	9.372381
72420	-2383.246	-2570.004	186.7578	1.125404	0.4993404	5.663606
72426	-2371.66	-2556.021	184.3613	1.125404	0.4909681	6.972779
72432	-2377.316	-2563.133	185.8167	1.169579	0.4699257	6.180567
72438	-2378.154	-2561.671	183.5167	1.169579	0.5533338	7.349233
72444	-2384.253	-2572.044	187.7905	1.391751	0.5246929	4.923413
72450	-2395.684	-2582.859	187.1749	1.607472	0.4885245	5.178248
72456	-2403.583	-2588.364	184.7811	1.313609	0.4885245	6.646897
72462	-2403.63	-2589.714	186.0834	1.454861	0.3742755	5.976928
72468	-2387.581	-2568.647	181.0662	1.299537	0.4848913	8.645937
72474	-2394.198	-2581.023	186.8254	1.632833	0.3957361	5.449496
72480	-2385.698	-2573.924	188.2267	1.448693	0.3672192	4.806541
72486	-2388.884	-2576.143	187.2588	1.314947	0.4147779	5.36583
72492	-2389.253	-2576.531	187.278	1.449191	0.3892127	5.308266
72498	-2390.475	-2575.706	185.2305	1.342984	0.4851901	6.39068
72504	-2384.426	-2568.135	183.709	1.329122	0.2341752	7.503825
72510	-2409.496	-2592.824	183.3279	1.107973	0.2797953	7.763276
72516	-2404.013	-2583.297	179.2836	0.896672	0.4164398	9.86552
72522	-2410.784	-2600.757	189.9729	1.952303	0.4280376	3.458086
72528	-2413.452	-2601.392	187.94	1.326191	0.5115031	4.88854
72534	-2401.755	-2587.439	185.6838	1.272696	0.7499229	5.975355
72540	-2402.133	-2583.252	181.119	1.207265	0.6536072	8.531102
72546	-2394.71	-2574.914	180.2049	0.9340496	0.6673941	9.150476
72552	-2398.979	-2584.348	185.3689	1.29012	0.41116	6.415997
72558	-2391.308	-2576.198	184.89	1.29012	0.3669619	6.722164
72564	-2390.487	-2572.831	182.3443	1.15293	0.3887159	8.137342
72570	-2402.528	-2587.95	185.4218	1.160919	0.3028566	6.579776
72576	-2389.385	-2573.699	184.3138	1.107119	0.4873787	7.011471
72582	-2409.724	-2595.526	185.8016	1.402262	0.8896702	5.751454
72588	-2403.952	-2589.138	185.1855	1.461181	0.367877	6.468698
72594	-2409.632	-2596.859	187.2274	1.484758	0.4585055	5.245551
72600	-2393.824	-2583.439	189.6144	1.484758	0.4020925	3.96377
72606	-2401.657	-2587.641	185.9838	1.288901	0.536122	5.965062
72612	-2407.205	-2594.289	187.0838	1.531256	0.3282958	5.43981
72618	-2412.665	-2598.441	185.7762	1.584747	0.2515339	6.22602
72624	-2413.29	-2601.37	188.0802	1.661533	0.4756308	4.656353
72630	-2409.961	-2598.488	188.5272	1.504086	0.5143563	4.457497
72636	-2411.071	-2600.184	189.1124	1.634023	0.6970329	3.900785
72642	-2406.642	-2595.696	189.054	1.531484	0.5268864	4.132513
72648	-2410.599	-2599.606	189.0062	1.56329	0.2200557	4.5023
72654	-2423.384	-2610.16	186.7765	1.446732	0.3299304	5.65312
72660	-2409.098	-2595.49	186.3915	1.502875	0.459658	5.694521
72666	-2412.717	-2598.735	186.0175	1.415264	0.5856588	5.836351
72672	-2393.155	-2579.505	186.3503	1.07665	0.2835063	6.146493
72678	-2385.657	-2568.683	183.0257	1.002099	0.4266845	7.815764
72684	-2382.094	-2567.595	185.5017	1.153377	0.4287106	6.400368
72690	-2391.072	-2574.812	183.7401	0.9760006	0.4696536	7.406376
72696	-2385.161	-2569.287	184.1259	1.190346	0.5686339	6.9981
72702	-2392.038	-2576.154	184.1157	1.200598	0.5686339	6.9981
72708	-2395.708	-2585.293	189.5855	1.492688	0.3242673	4.067308
72714	-2397.365	-2585.219	187.8548	1.492688	0.526447	4.829795
72720	-2402.709	-2592.137	189.428	1.566652	0.2596006	4.202204
72726	-2403.244	-2590.697	187.4536	1.383446	0.2873615	5.369222
72732	-2393.45	-2580.534	187.0841	1.364693	0.48128	5.369222
72738	-2407.057	-2593.103	186.0464	1.313874	0.387244	6.059895
72744	-2410.43	-2593.753	183.3236	1.086232	0.5985576	7.461145
72750	-2402.969	-2592.221	189.2521	1.522323	0.6335571	3.933844
72756	-2405.803	-2595.368	189.5646	1.522323	0.4228649	3.948287
72762	-2396.231	-2585.773	189.5421	1.557079	0.4162946	3.948287
72768	-2419.138	-2608.993	189.8551	1.768222	0.7686693	3.339545
72774	-2408.574	-2599.391	190.8175	1.821921	0.4164024	3.048804
72780	-2398.257	-2583.858	185.6005	1.373613	0.4132514	6.242767
72786	-2399.816	-2584.23	184.4139	1.159807	0.567977	6.859906
72792	-2415.108	-2599.754	184.6462	1.16854	0.3501596	6.938094
72798	-2402.481	-2589.104	186.6232	1.445637	0.2821477	5.798004
72804	-2405.977	-2592.355	186.3787	1.435167	0.6440023	5.58184
72810	-2393.007	-2578.076	185.0685	1.314201	0.3181267	6.669146
72816	-2414.031	-2600.153	186.1226	1.509344	0.3181267	5.990888
72822	-2424.24	-2607.308	183.0678	1.458202	0.5243029	7.459585
72828	-2398.015	-2585.378	187.3635	1.507791	0.5408178	5.081971
72834	-2392.81	-2579.014	186.2044	1.428738	0.7162888	5.628295
72840	-2400.979	-2581.419	180.4402	1.413639	1.036544	8.549042
72846	-2390.73	-2572.376	181.6455	1.151348	0.3524193	8.549042
72852	-2389.759	-2571.268	181.5092	1.132183	0.5785297	8.420623
72858	-2399.922	-2582.969	183.0471	1.119086	0.4723821	7.698311
72864	-2403.835	-2585.739	181.9043	0.8939281	0.3881653	8.509751
72870	-2398.355	-2580.019	181.6637	1.0118	0.4540071	8.509751
72876	-2399.877	-2581.156	181.2788	1.086433	0.4902642	8.641382
72882	-2391.588	-2579.832	188.2444	1.300272	0.5785341	4.674707
72888	-2404.12	-2591.223	187.1028	1.538832	0.3931388	5.351259
72894	-2396.528	-2583.661	187.1335	1.449204	0.4589462	5.316642
72900	-2398.538	-2586.224	187.6853	1.586746	0.7809362	4.676105
72906	-2401.569	-2590.738	189.1698	1.633385	0.5960928	3.948031
72912	-2400.693	-2591.373	190.68	1.720553	0.5332559	3.071552
72918	-2377.668	-2568.971	191.3033	1.887201	0.5332559	2.591619
72924	-2394.175	-2585.569	191.3935	1.809951	0.6015129	2.519369
72930	-2390.048	-2581.498	191.45	1.848744	0.5089118	2.548739
72936	-2387.237	-2577.844	190.6076	1.768339	0.751574	2.903828
72942	-2394.631	-2585.685	191.0538	1.773254	0.5494502	2.799244
72948	-2391.571	-2582.165	190.5941	1.661388	0.5494502	3.142908
72954	-2391.899	-2582.189	190.2904	1.781108	0.5053106	3.293482
72960	-2395.67	-2584.554	188.8836	1.513999	0.5497304	4.21884
72966	-2393.105	-2581.925	188.8202	1.577354	0.5497304	4.21884
72972	-2397.857	-2586.824	188.9672	1.577354	0.4682765	4.211013
72978	-2395.303	-2585.63	190.327	1.824477	0.3514773	3.413706
72984	-2392.75	-2583.276	190.5257	1.861747	0.6907762	2.943592
72990	-2384.874	-2575.675	190.8011	1.756402	0.5478791	2.963749
72996	-2384.283	-2574.885	190.6022	1.754368	0.6461171	2.998284
73002	-2375.485	-2566.023	190.5388	1.777984	0.5293345	3.125226
73008	-2377.951	-2568.399	190.4481	1.767969	0.5953977	3.125226
73014	-2387.367	-2578.004	190.6372	1.84548	0.485406	3.069163
73020	-2401.404	-2592.166	190.7624	1.667171	0.5176056	3.069163
73026	-2399.442	-2590.008	190.566	1.758074	0.5306953	3.119594
73032	-2400.202	-2590.691	190.4896	1.689902	0.492154	3.24257
73038	-2385.17	-2575.617	190.4477	1.689902	0.6806706	3.101263
73044	-2388.899	-2578.54	189.6412	1.720301	0.3997549	3.815773
73050	-2389.16	-2578.987	189.8271	1.720301	0.8093914	3.35561
73056	-2386.856	-2575.128	188.2719	1.522897	0.5840261	4.52985
73062	-2388.73	-2577.019	188.2888	1.47428	0.4517318	4.667731
73068	-2390.875	-2577.809	186.9344	1.318503	0.5324849	5.430961
73074	-2376.623	-2565.821	189.1976	1.676771	0.5119813	3.981397
73080	-2389.388	-2576.628	187.2398	1.406162	0.770801	5.031937
73086	-2381.379	-2570.284	188.9048	1.456746	0.3963531	4.389038
73092	-2398.157	-2585.876	187.7191	1.678116	0.4198197	4.904393
73098	-2406.941	-2592.637	185.6963	1.452565	0.4396148	6.121235
73104	-2392.85	-2578.756	185.9063	1.302649	0.4072003	6.121235
73110	-2400.088	-2582.335	182.2476	1.394378	0.6962605	7.799979
73116	-2390.944	-2572.985	182.0401	1.214008	0.5713333	8.100251
73122	-2416.449	-2598.083	181.6336	1.206845	0.4659539	8.410994
73128	-2402.393	-2585.299	182.9063	1.222223	0.4584422	7.731389
73134	-2386.575	-2573.174	186.5997	1.478531	0.5433295	5.5177
73140	-2395.009	-2581.835	186.8258	1.393722	0.476717	5.499751
73146	-2390.344	-2578.25	187.9057	1.408498	0.476717	4.894117
73152	-2384.848	-2570.472	185.6248	1.35367	0.3617346	6.295561
73158	-2390.658	-2577.891	187.2334	1.536257	0.4529193	5.219217
73164	-2406.524	-2593.294	186.7696	1.239304	0.2758524	5.839189
73170	-2390.901	-2579.794	188.8922	1.710424	0.4900054	4.157039
73176	-2395.213	-2585.654	190.4403	1.738345	0.5142372	3.221562
73182	-2402.977	-2586.875	183.8979	1.144201	0.4260533	7.273211
73188	-2401.112	-2583.26	182.1476	1.277836	0.5740636	8.006743
73194	-2390.975	-2575.617	184.6418	1.269193	0.4943824	6.74089
73200	-2387.215	-2570.761	183.5456	1.217414	0.4943824	7.358726
73206	-2384.608	-2569.249	184.6405	1.441916	0.6870103	6.494235
73212	-2384.31	-2567.944	183.6343	1.219397	0.5470967	7.264535
73218	-2397.254	-2580.617	183.3633	1.428379	0.5470967	7.297871
73224	-2383.572	-2570.439	186.8674	1.505864	0.6058683	5.303495
73230	-2389.002	-2576.651	187.6496	1.386188	0.3482085	5.183896
73236	-2381.105	-2570.599	189.4947	1.425139	0.454053	4.011572
73242	-2389.673	-2575.832	186.1587	1.675655	0.5392699	5.655127
73248	-2382.677	-2569.854	187.1771	1.530608	0.4217656	5.284671
73254	-2394.759	-2582.641	187.8823	1.469979	0.4217656	4.927382
73260	-2392.278	-2580.703	188.4256	1.686301	0.4217656	4.50253
73266	-2391.647	-2579.473	187.826	1.541364	0.7788725	4.624084
73272	-2384.384	-2573.592	189.2086	1.778509	0.7788725	3.703186
73278	-2384.511	-2573.008	188.4964	1.703601	0.907198	4.071134
73284	-2393.027	-2581.055	188.0276	1.464344	0.6346157	4.658916
73290	-2405.317	-2593.757	188.44	1.540819	0.3473031	4.658916
73296	-2412.052	-2599.808	187.7555	1.313636	0.3473031	5.166499
73302	-2384.024	-2572.416	188.3917	1.48589	0.4164953	4.63959
73308	-2392.397	-2581.202	188.8045	1.316698	0.4500054	4.468362
73314	-2390.389	-2578.547	188.1583	1.635153	0.3838453	4.721914
73320	-2387.435	-2575.831	188.3957	1.47161	0.4689222	4.592428
73326	-2398.39	-2584.727	186.3373	1.410635	0.5021776	5.735166
73332	-2415.999	-2602.34	186.3406	1.513904	0.7856001	5.459497
73338	-2410.453	-2599.276	188.8233	1.424924	0.6140501	4.249323
73344	-2417.313	-2606.369	189.0559	1.595526	0.5006174	4.119242
73350	-2411.881	-2599.987	188.1062	1.601304	0.5346738	4.621209
73356	-2405.491	-2593.415	187.9237	1.48358	0.5346738	4.789134
73362	-2380.005	-2569.256	189.2506	1.728858	1.007338	3.562957
73368	-2379.201	-2568.883	189.6817	1.693926	0.6225531	3.596098
73374	-2384.609	-2574.709	190.1003	1.724092	0.4731435	3.470135
73380	-2405.105	-2595.244	190.1394	1.810495	0.666169	3.224288
73386	-2408.855	-2598.414	189.5598	1.640902	0.5239168	3.783091
73392	-2403.591	-2591.356	187.7645	1.629396	0.8958284	4.534204
73398	-2399.943	-2587.037	187.0943	1.348297	0.7089067	5.187511
73404	-2402.741	-2591.546	188.8054	1.599195	0.4764239	4.282408
73410	-2401.689	-2589.519	187.8298	1.393525	0.650199	4.797043
73416	-2409.462	-2599.125	189.6635	1.527155	0.3594264	3.960068
73422	-2396.418	-2581.683	185.2648	1.232951	0.4657576	6.449745
73428	-2396.088	-2580.291	184.2028	1.221572	0.429486	7.064374
73434	-2422.111	-2607.933	185.822	1.396963	0.5957231	5.945067
73440	-2395.227	-2579.24	184.0126	1.347898	0.3430646	7.190575
73446	-2392.128	-2576.299	184.1711	1.243716	0.534436	6.973466
73452	-2392.225	-2577.076	184.851	1.404232	0.3792465	6.668136
73458	-2410.421	-2595.372	184.9508	1.397511	0.6284234	6.393349
73464	-2402.296	-2585.709	183.4136	1.137664	0.3572789	7.608502
73470	-2409.527	-2590.138	180.6113	1.193811	0.4919743	8.936796
73476	-2405.012	-2588.126	183.1136	1.210556	0.7470705	7.400254
73482	-2412.057	-2596.226	184.1696	1.290233	0.5472453	6.938417
73488	-2409.441	-2594.65	185.2094	1.193655	0.56786	6.411508
73494	-2396.568	-2577.291	180.723	1.066643	0.416348	9.015873
73500	-2390.312	-2573.446	183.1346	1.132992	0.3547489	7.763022
73506	-2401.523	-2585.995	184.472	1.290632	0.4051332	6.90675
73512	-2391.448	-2575.893	184.4454	1.299132	0.4123462	6.909115
73518	-2400.029	-2584.017	183.9875	1.142817	0.4410308	7.211142
73524	-2393.636	-2577.237	183.6011	1.289137	0.4046565	7.376276
73530	-2388.461	-2572.3	183.839	1.157526	0.3848388	7.339938
73536	-2391.569	-2575.543	183.9737	1.142879	0.2689088	7.41329
73542	-2393.456	-2578.844	185.3883	1.194745	0.3888603	6.480436
73548	-2404.376	-2589.674	185.2974	1.302146	0.3805153	6.480436
73554	-2400.943	-2587.279	186.3358	1.436158	0.3580613	5.867374
73560	-2394.126	-2582.13	188.0039	1.395332	0.2951723	5.047967
73566	-2402.102	-2589.097	186.9954	1.419844	0.2750929	5.6176
73572	-2392.149	-2579.324	187.1743	1.404559	0.4107339	5.367199
73578	-2408.919	-2595.87	186.9514	1.445002	0.5150865	5.367199
73584	-2409.786	-2594.635	184.8488	1.272997	0.439517	6.678431
73590	-2400.866	-2585.689	184.8235	1.278253	0.403312	6.72563
73596	-2391.499	-2578.576	187.0771	1.444493	0.4394067	5.369555
73602	-2410.618	-2595.023	184.4049	1.37018	1.154695	6.387481
73608	-2407.444	-2594.025	186.5816	1.45591	0.5446389	5.538984
73614	-2410.261	-2597.148	186.8873	1.508391	0.5122	5.370181
73620	-2399.601	-2585.549	185.948	1.291387	0.4754171	6.037613
73626	-2391.809	-2580.59	188.7806	1.414629	0.4691903	4.407718
73632	-2393.82	-2582.226	188.4058	1.777176	0.2905117	4.617024
73638	-2402.843	-2589.461	186.6181	1.301123	0.4789504	5.662592
73644	-2400.422	-2582.512	182.09	1.220637	0.4789504	8.148911
73650	-2398.493	-2580.366	181.8738	1.227329	0.4722435	8.266546
73656	-2387.271	-2569.19	181.9192	1.181917	0.4722435	8.266546
73662	-2391.264	-2571.656	180.392	1.020914	0.4722435	9.162115
73668	-2388.693	-2569.169	180.4755	1.117724	0.4722435	9.066687
73674	-2405.295	-2585.131	179.836	1.117725	0.2717857	9.621481
73680	-2396.371	-2579.643	183.2728	1.174913	0.4262017	7.591721
73686	-2410.157	-2587.551	177.3941	1.021888	0.3908127	10.81829
73692	-2403.403	-2586.647	183.2433	1.219979	0.3226867	7.69529
73698	-2398.903	-2584.674	185.7715	1.362609	0.3190707	6.260793
73704	-2389.83	-2575.614	185.7841	1.270125	0.3190707	6.304161
73710	-2393.184	-2578.89	185.7062	1.394411	0.3673311	6.222966
73716	-2394.886	-2580.697	185.8114	1.361118	0.3331887	6.222966
73722	-2382.843	-2566.426	183.5831	1.488212	0.3771656	7.308032
73728	-2385.944	-2573.913	187.9686	1.54411	0.4868197	4.77385
73734	-2395.484	-2583.633	188.1488	1.54411	0.4019302	4.758395
73740	-2404.154	-2587.97	183.8163	1.259993	0.3429504	7.343302
73746	-2399.131	-2582.019	182.888	1.45201	0.2237648	7.892525
73752	-2400.598	-2583.92	183.3214	1.312433	0.206657	7.761731
73758	-2399.944	-2582.798	182.8543	1.159484	0.4849169	7.768359
73764	-2394.053	-2581.282	187.229	1.246116	0.5104147	5.327996
73770	-2404.167	-2589.49	185.3234	1.082309	0.4845852	6.48219
73776	-2397.544	-2581.617	184.0731	1.263746	0.5448633	7.006646
73782	-2390.717	-2576.039	185.3214	1.158449	0.6606302	6.297769
73788	-2406.563	-2593.485	186.9219	1.25286	0.6093946	5.410112
73794	-2407.755	-2595.511	187.7569	1.665133	0.7888729	4.586708
73800	-2407.625	-2590.89	183.2651	1.416368	0.6054744	7.310089
73806	-2403.533	-2592.798	189.2653	1.789407	0.3046386	4.105964
73812	-2407.615	-2593.945	186.3291	1.420698	0.7617044	5.532994
73818	-2398.061	-2581.695	183.6341	1.102219	0.3672514	7.498413
73824	-2402.207	-2583.659	181.4521	1.116939	0.3672514	8.653694
73830	-2408.31	-2589.3	180.9899	0.947741	0.4518412	8.903238
73836	-2408.395	-2590.219	181.8236	1.249859	0.4909904	8.264378
73842	-2390.384	-2573.927	183.5432	1.229302	0.4339699	7.410066
73848	-2403.449	-2586.225	182.7758	1.142032	0.4339699	7.867376
73854	-2387.403	-2572.694	185.2907	1.311794	0.4667468	6.392052
73860	-2397.743	-2581.753	184.0105	1.038989	0.3535497	7.34566
73866	-2383.924	-2567.846	183.9221	1.042532	0.3956773	7.34566
73872	-2398.264	-2581.543	183.279	1.010873	0.3981118	7.704546
73878	-2393.823	-2576.049	182.227	1.002311	0.353408	8.318096
73884	-2391.069	-2572.241	181.172	0.9777446	0.358942	8.885064
73890	-2393.098	-2574.951	181.8527	1.161174	0.3476974	8.439029
73896	-2397.302	-2580.969	183.6668	1.447425	0.3476974	7.317562
73902	-2409.106	-2594.3	185.1939	1.41383	0.4451688	6.409816
73908	-2403.954	-2590.083	186.1292	1.480431	0.4451688	5.864437
73914	-2385.56	-2572.018	186.4573	1.664147	0.6534814	5.405464
73920	-2403.988	-2593.403	189.4148	1.653996	0.4481577	3.932311
73926	-2392.46	-2579.165	186.7047	1.349641	0.4043176	5.662358
73932	-2397.375	-2583.991	186.6158	1.463525	0.3913682	5.662358
73938	-2392.884	-2580.271	187.3865	1.437177	0.2914312	5.371248
73944	-2385.546	-2570.827	185.2812	1.277288	0.467435	6.41524
73950	-2396.412	-2579.628	183.2158	1.216373	0.3970654	7.629511
73956	-2403.83	-2591.624	187.7939	1.446174	0.3609277	5.055951
73962	-2408.261	-2593.605	185.3435	1.349559	0.45243	6.356503
73968	-2416.067	-2603.941	187.8731	1.461389	0.45243	4.906354
73974	-2407.537	-2592.779	185.2418	1.346138	0.3939361	6.472394
73980	-2417.897	-2604.267	186.3693	1.327459	0.413628	5.848479
73986	-2419.094	-2605.51	186.4163	1.45628	0.331793	5.842936
73992	-2411.138	-2598.521	187.3837	1.676194	0.469634	5.042257
73998	-2397.427	-2583.926	186.4993	1.650071	0.7165635	5.344089
74004	-2414.732	-2602.844	188.1115	1.855345	0.6162544	4.406583
74010	-2399.612	-2586.716	187.1033	1.738312	0.6301549	5.025042
74016	-2391.409	-2578.727	187.3184	1.445807	0.4131318	5.262406
74022	-2389.961	-2576.418	186.4573	1.455622	0.7660261	5.440363
74028	-2394.653	-2581.975	187.3221	1.464006	0.5465695	5.124263
74034	-2391.773	-2577.517	185.7442	1.2555	0.4639942	6.178861
74040	-2395.336	-2579.827	184.4904	1.276027	0.5094326	6.805544
74046	-2390.195	-2572.573	182.3775	0.9744715	0.4361372	8.167024
74052	-2388.871	-2574.11	185.2389	1.408274	0.5164211	6.322655
74058	-2380.1	-2567.412	187.3119	1.374657	0.4968373	5.223568
74064	-2391.339	-2578.075	186.7365	1.452814	0.2439342	5.785077
74070	-2390.522	-2570.058	179.5364	1.048669	0.503367	9.571693
74076	-2393.342	-2579.334	185.9925	1.271633	0.6379725	5.8875
74082	-2401.59	-2584.537	182.9468	1.317396	0.907818	7.332925
74088	-2397.515	-2581.684	184.1697	1.259372	0.4057373	7.08573
74094	-2396.963	-2581.172	184.2091	1.23217	0.3994165	7.08573
74100	-2406.697	-2589.063	182.3658	1.139553	0.3482138	8.176971
74106	-2407.734	-2595.219	187.4853	1.241279	0.670295	5.058309
74112	-2392.041	-2575.4	183.3587	1.279737	0.390792	7.525614
74118	-2387.599	-2570.774	183.1751	1.137455	0.3562978	7.737251
74124	-2399.376	-2583.831	184.4552	1.428941	0.4704248	6.777286
74130	-2391.244	-2573.541	182.2972	1.048985	0.501425	8.109906
74136	-2381.972	-2563.147	181.1753	1.078534	0.2989441	8.899788
74142	-2384.782	-2570.513	185.7316	1.24069	0.5503117	6.11679
74148	-2392.327	-2580.601	188.2737	1.372195	0.4512188	4.733826
74154	-2374.353	-2557.214	182.8617	1.176013	0.5684094	7.684315
74160	-2391.916	-2576.51	184.5944	1.152455	0.3021685	7.031714
74166	-2384.624	-2568.489	183.8647	1.142892	0.4079153	7.309981
74172	-2388.889	-2572.147	183.257	1.237517	0.4079153	7.584964
74178	-2400.344	-2583.438	183.0939	1.265607	0.3093306	7.766862
74184	-2388.347	-2575.007	186.6597	1.320148	0.4626817	5.644734
74190	-2389.198	-2572.814	183.616	1.125971	0.419421	7.440832
74196	-2397.397	-2582.728	185.3305	1.308374	0.4970557	6.344414
74202	-2391.673	-2575.076	183.4025	1.38643	0.410196	7.424939
74208	-2396.609	-2582.51	185.9006	1.400603	0.410196	6.067913
74214	-2400.806	-2587.474	186.6685	1.490054	0.4799255	5.530297
74220	-2400.396	-2588.895	188.499	1.633286	0.4799255	4.432833
74226	-2394.124	-2580.787	186.6624	1.580739	0.331654	5.640162
74232	-2392.843	-2579.541	186.6976	1.355065	0.4267218	5.640162
74238	-2389.732	-2579.008	189.2761	1.742007	0.2746868	4.167375
74244	-2388.495	-2577.852	189.3566	1.530208	0.3012302	4.205847
74250	-2394.588	-2582.163	187.5745	1.48564	0.3077506	5.219641
74256	-2397.846	-2586.262	188.4165	1.418909	0.4801028	4.599595
74262	-2391.328	-2577.456	186.1275	1.133138	0.4222958	6.077635
74268	-2388.399	-2574.33	185.9318	1.212739	0.4222958	6.140887
74274	-2400.577	-2586.57	185.9932	1.23551	0.338092	6.186642
74280	-2390.043	-2576.817	186.7737	1.220619	0.3081086	5.805313
74286	-2400.378	-2587.041	186.6627	1.356967	0.3837764	5.703273
74292	-2397.436	-2583.942	186.5065	1.291245	0.5072974	5.703273
74298	-2402.323	-2589.465	187.1416	1.53064	0.5486088	5.185567
74304	-2406.269	-2593.826	187.5563	1.387998	0.6464898	4.955343
74310	-2409.248	-2596.684	187.436	1.508285	0.6464898	4.955343
74316	-2409.366	-2594.242	184.8755	1.427399	0.493643	6.529601
74322	-2393.12	-2581.636	188.5156	1.356125	0.3892453	4.672145
74328	-2384.434	-2573.157	188.7232	1.428419	0.6300055	4.291228
74334	-2383.456	-2571.643	188.1873	1.433085	0.4488739	4.750377
74340	-2385.871	-2573.527	187.6558	1.292084	0.545451	5.035484
74346	-2400.079	-2588.743	188.6637	1.560704	0.5158171	4.34723
74352	-2392.11	-2583.517	191.4071	1.734917	0.3294325	2.852233
74358	-2388.412	-2578.884	190.4728	1.670569	0.3390556	3.43393
74364	-2392.739	-2579.585	186.846	1.318571	0.4341709	5.571225
74370	-2389.257	-2576.056	186.7987	1.330545	0.457126	5.568051
74376	-2405.573	-2591.418	185.8449	1.222287	0.457126	6.148683
74382	-2402.697	-2588.469	185.7725	1.336614	0.4337118	6.148683
74388	-2402.828	-2587.092	184.2637	1.362495	0.4359687	6.949328
74394	-2404.561	-2589.466	184.9047	1.424457	0.4236522	6.581988
74400	-2388.876	-2574.359	185.4828	1.302405	0.3711936	6.389978
74406	-2392.242	-2576.56	184.3174	1.258708	0.5039154	6.913059
74412	-2394.271	-2577.277	183.0059	0.9691103	0.4569815	7.814784
74418	-2401.085	-2586.001	184.9161	1.16464	0.4569815	6.683751
74424	-2390.403	-2576.482	186.079	1.237433	0.3359957	6.141358
74430	-2396.164	-2579.758	183.5944	1.264246	0.5243334	7.281163
74436	-2397.109	-2581.44	184.3312	1.504402	0.5243334	6.755168
74442	-2390.501	-2575.343	184.8426	1.217043	0.2557184	6.924408
74406	-2415.025	-2598.295	183.2695	1.125574	0.4306182	7.615542
74412	-2403.394	-2590.137	186.7434	1.238231	0.5137268	5.596628
74418	-2413.192	-2599.02	185.8278	1.386204	0.3990832	6.126954
74424	-2414.081	-2599.941	185.8605	1.234609	0.4639856	6.126954
74430	-2426.455	-2607.981	181.5266	1.00248	0.410665	8.6296
74436	-2409.591	-2590.145	180.5538	1.00248	0.4540328	9.103086
74442	-2410.948	-2597.925	186.9772	1.305454	0.5146295	5.430334
74448	-2400.858	-2587.734	186.8756	1.305454	0.5800194	5.430334
74454	-2410.229	-2596.498	186.2687	1.326434	0.5971672	5.738222
74460	-2401.693	-2589.355	187.6621	1.430885	0.7970162	4.765516
74466	-2390.907	-2579.211	188.3038	1.41845	0.346409	4.804567
74472	-2383.529	-2570.242	186.713	1.221379	0.346409	5.791962
74478	-2405.96	-2592.213	186.2531	1.218831	0.3735334	6.01393
74484	-2400.062	-2583.724	183.6625	1.174401	0.3576832	7.455079
74490	-2386.204	-2570.533	184.3287	1.152695	0.3985975	7.064989
74496	-2382.788	-2567.067	184.2787	1.202629	0.3985975	7.064989
74502	-2394.901	-2579.246	184.3453	1.202629	0.3651327	7.064989
74508	-2407.502	-2591.603	184.1011	1.257782	0.384978	7.145204
74514	-2396.321	-2581.029	184.708	1.308341	0.4595633	6.716121
74520	-2406.784	-2591.593	184.8093	1.319728	0.4309288	6.682969
74526	-2417.077	-2600.667	183.5897	1.291099	0.5190979	7.27379
74532	-2400.203	-2587.985	187.7815	1.419824	0.5968707	4.85143
74538	-2392.322	-2580.268	187.9458	1.419335	0.4918941	4.85143
74544	-2399.224	-2586.325	187.1008	1.350496	0.5844723	5.277653
74550	-2395.184	-2582.013	186.8295	1.350496	0.4533919	5.543803
74556	-2392.701	-2579.785	187.0842	1.284884	0.5372685	5.362784
74562	-2380.464	-2566.881	186.4169	1.401162	0.5372685	5.665782
74568	-2394.02	-2579.65	185.63	1.227069	0.5372685	6.190577
74574	-2398.388	-2585.923	187.5348	1.501165	0.4379092	5.086657
74580	-2397.047	-2583.832	186.7854	1.528412	0.3209528	5.61433
74586	-2415.482	-2596.477	180.9946	1.606296	0.2862842	8.731707
74592	-2412.712	-2600.911	188.1985	1.528248	0.6191128	4.53946
74598	-2398.053	-2585.64	187.5865	1.572687	0.6191128	4.857043
74604	-2400.003	-2584.908	184.9046	1.101646	0.4453032	6.735221
74610	-2402.78	-2587.645	184.8648	1.137413	0.4475589	6.735221
74616	-2398.174	-2581.235	183.0611	1.040971	0.4587827	7.745234
74622	-2407.49	-2594.428	186.9379	1.3513	0.8563054	5.174412
74628	-2407.978	-2596.584	188.6068	1.543726	0.5888127	4.32534
74634	-2410.079	-2598.034	187.9548	1.711146	0.2147309	5.015648
74640	-2387.433	-2575.187	187.7539	1.55013	0.4297903	4.946016
74646	-2392.07	-2579.813	187.7437	1.788612	0.3442877	4.912917
74652	-2390.641	-2575.095	184.4542	1.218781	0.3739401	6.988045
74658	-2391.983	-2577.577	185.5937	1.279176	0.4633935	6.248391
74664	-2400.38	-2582.026	181.6468	1.279954	0.4996359	8.334776
74670	-2407.571	-2589.182	181.6103	1.260396	0.3271488	8.538679
74676	-2409.505	-2593.89	184.3854	1.617955	0.7541735	6.490684
74682	-2401.882	-2587.213	185.3305	1.362526	0.35673	6.456029
74688	-2390.294	-2575.628	185.334	1.359027	0.35673	6.456029
74694	-2403.389	-2587.057	183.6682	1.173272	0.35673	7.453641
74700	-2399.319	-2584.889	185.5697	1.280547	0.339707	6.390322
74706	-2389.522	-2574.042	184.5198	1.286325	0.4991751	6.793177
74712	-2389.472	-2572.113	182.6415	1.283172	0.3840552	7.914339
74718	-2394.393	-2578.326	183.9328	1.285412	0.5018614	7.107567
74724	-2396.021	-2579.582	183.5614	1.25096	0.434471	7.388215
74730	-2395.133	-2580.037	184.9048	1.231588	0.3343251	6.782843
74736	-2414.258	-2595.839	181.5808	1.135582	0.4961741	8.449652
74742	-2387.329	-2570.562	183.2331	1.038362	0.3301123	7.789082
74748	-2388.94	-2570.219	181.279	1.107656	0.3909733	8.725287
74754	-2377.047	-2562.955	185.9077	1.195223	0.5260622	6.066341
74760	-2380.874	-2568.99	188.1158	1.633229	0.3605699	4.773021
74766	-2384.611	-2573.548	188.9364	1.553025	0.3605699	4.357309
74772	-2392.025	-2581.014	188.9886	1.571912	0.3272194	4.357309
74778	-2382.339	-2570.87	188.5308	1.571912	0.582887	4.357309
74784	-2393.042	-2581.425	188.3826	1.595213	0.6714783	4.357309
74790	-2398.552	-2585.546	186.994	1.660768	0.3683467	5.371263
74796	-2372.725	-2560.932	188.2072	1.416864	0.3683467	4.833869
74802	-2378.894	-2565.184	186.2902	1.332311	0.3588936	5.948058
74808	-2395.429	-2577.784	182.3541	1.017587	0.5090906	8.089577
74814	-2399.055	-2580.978	181.9235	1.057859	0.5090906	8.297462
74820	-2393.048	-2575.845	182.797	1.194902	0.5090906	7.758591
74826	-2393.195	-2581.174	187.9786	1.506861	0.2824478	5.017009
74832	-2381.928	-2567.965	186.0369	1.457152	0.6386257	5.761253
74838	-2380.839	-2571.107	190.2679	1.933404	0.546941	3.17741
74844	-2390.062	-2579.557	189.4952	1.808067	0.546941	3.702935
74850	-2391.487	-2580.142	188.6555	1.699173	0.5072817	4.281435
74856	-2384.071	-2573.171	189.1001	1.739984	0.3842226	4.13143
74862	-2374.627	-2563.829	189.2018	1.638292	0.3842226	4.13143
74868	-2389.704	-2578.891	189.1869	1.653175	0.3842226	4.13143
74874	-2380.196	-2566.355	186.1593	1.371163	0.5550221	5.808188
74880	-2387.143	-2573.68	186.5377	1.309339	0.5550221	5.634742
74886	-2377.625	-2563.874	186.2492	1.344875	0.5930895	5.742082
74892	-2381.472	-2568.194	186.7219	1.299482	0.3483146	5.742082
74898	-2382.291	-2569.013	186.7219	1.299482	0.3483146	5.742082
74904	-2386.03	-2570.787	184.7569	1.191733	0.3129096	6.909798
74910	-2386.15	-2570.626	184.4753	1.245279	0.4244698	6.909798
74916	-2388.059	-2573.139	185.0799	1.273268	0.4090667	6.583793
74922	-2406.135	-2590.937	184.8015	1.292273	0.5621051	6.583793
74928	-2409.855	-2594.664	184.8087	1.285026	0.5621051	6.583793
74934	-2395.938	-2580.922	184.9831	1.500366	0.3442065	6.583793
74940	-2388.968	-2575.836	186.868	1.500366	0.4041758	5.48999
74946	-2391.003	-2577.403	186.3996	1.297514	0.3816391	5.882128
74952	-2394.456	-2580.319	185.8639	1.504431	0.3816391	6.061534
74958	-2391.078	-2576.943	185.8657	1.529196	0.3816391	6.047025
74964	-2403.175	-2591.628	188.4527	1.667938	0.3816391	4.540955
74970	-2395.641	-2577.337	181.6961	0.9354148	0.4583024	8.52913
74976	-2399.85	-2583.061	183.2109	1.252284	0.252113	7.785941
74982	-2397.364	-2581.925	184.561	1.157956	0.2713577	7.086508
74988	-2400.186	-2584.365	184.1789	1.285662	0.3867066	7.086508
74994	-2384.477	-2567.669	183.1923	1.277407	0.3867066	7.620268
75000	-2384.486	-2565.586	181.1001	1.026968	0.5450182	8.720849
75006	-2390.673	-2573.015	182.3424	1.165316	0.307518	8.223426
75012	-2397.424	-2581.847	184.4231	1.226043	0.3233529	7.05845
75018	-2402.294	-2581.783	179.4893	1.185879	0.8464236	9.278967
75024	-2405.997	-2589.067	183.0706	1.208422	0.3185074	7.798805
